사고번호,사고일시,요일,시군구,사고내용,사망자수,중상자수,경상자수,부상신고자수,사고유형,법규위반,노면상태,기상상태,도로형태,가해운전자 차종,가해운전자 성별,가해운전자 연령,가해운전자 상해정도,피해운전자 차종,피해운전자 성별,피해운전자 연령,피해운전자 상해정도
2014010700100334,2014년 1월 7일 18시,화요일,전라남도 영암군 삼호읍,중상사고,0,1,0,0,차대사람 - 기타,안전운전불이행,건조,맑음,단일로 - 기타,승용,남,56세,상해없음,보행자,남,39세,중상
2014010700100439,2014년 1월 7일 22시,화요일,전라남도 무안군 무안읍,사망사고,1,0,0,0,차대사람 - 기타,안전운전불이행,건조,흐림,단일로 - 기타,화물,남,42세,상해없음,보행자,남,52세,사망
2014010800100057,2014년 1월 8일 04시,수요일,전라남도 목포시 상동,중상사고,0,2,3,0,차대차 - 측면직각충돌,신호위반,습기,비,교차로 - 교차로안,승합,남,68세,경상,승용,남,27세,경상
2014010800100082,2014년 1월 8일 07시,수요일,전라남도 목포시 상동,사망사고,1,0,1,0,차대사람 - 기타,안전운전불이행,습기,비,단일로 - 기타,승합,남,53세,상해없음,보행자,남,37세,사망
2014010800100083,2014년 1월 8일 07시,수요일,전라남도 목포시 상동,경상사고,0,0,2,0,차대차 - 측면직각충돌,신호위반,습기,비,교차로 - 교차로안,승용,여,44세,상해없음,승용,남,55세,경상
2014010800100084,2014년 1월 8일 07시,수요일,전라남도 여수시 화치동,경상사고,0,0,1,0,차대차 - 측면직각충돌,교차로운행방법위반,건조,맑음,교차로 - 교차로안,승용,남,61세,상해없음,화물,남,45세,상해없음
2014010800100085,2014년 1월 8일 07시,수요일,전라남도 영암군 삼호읍,경상사고,0,0,1,0,차대차 - 측면직각충돌,중앙선침범,습기,비,단일로 - 기타,승용,남,47세,상해없음,승용,남,51세,경상
2014010800100105,2014년 1월 8일 08시,수요일,전라남도 순천시 조례동,사망사고,1,1,1,0,차대차 - 정면충돌,안전운전불이행,습기,비,교차로 - 교차로안,화물,남,61세,상해없음,승용,남,39세,사망
2014010800100106,2014년 1월 8일 08시,수요일,전라남도 해남군 현산면,중상사고,0,1,2,0,차량단독 - 기타,안전운전불이행,습기,비,단일로 - 기타,승용,남,40세,경상,,,,
2014010800100128,2014년 1월 8일 09시,수요일,전라남도 목포시 석현동,경상사고,0,0,1,0,차대차 - 추돌 - 주정차중,안전운전불이행,습기,비,교차로 - 교차로부근,승합,남,46세,상해없음,화물,남,27세,경상
2014010800100149,2014년 1월 8일 10시,수요일,전라남도 목포시 석현동,경상사고,0,0,1,0,차대차 - 기타,안전운전불이행,건조,기타,기타 - 기타,승용,남,37세,상해없음,승용,남,40세,경상
2014010800100150,2014년 1월 8일 10시,수요일,전라남도 해남군 북평면,경상사고,0,0,1,0,차대차 - 측면직각충돌,신호위반,습기,비,교차로 - 교차로안,건설기계,남,46세,상해없음,농기계,남,66세,경상
2014010800100167,2014년 1월 8일 11시,수요일,전라남도 목포시 용해동,경상사고,0,0,1,0,차대차 - 기타,안전운전불이행,건조,맑음,교차로 - 교차로부근,승용,남,36세,상해없음,승용,여,34세,경상
2014010800100193,2014년 1월 8일 12시,수요일,전라남도 순천시 연향동,중상사고,0,1,0,0,차대차 - 기타,안전운전불이행,습기,비,단일로 - 기타,원동기,남,60세,중상,승합,남,46세,상해없음
2014010800100194,2014년 1월 8일 12시,수요일,전라남도 나주시 영산동,사망사고,1,0,6,0,차대차 - 기타,중앙선침범,습기,비,교차로 - 교차로부근,화물,남,44세,상해없음,화물,남,62세,사망
2014010800100195,2014년 1월 8일 12시,수요일,전라남도 장성군 황룡면,부상신고사고,0,0,0,1,차대차 - 추돌 - 주정차중,안전운전불이행,건조,맑음,교차로 - 교차로부근,승용,여,52세,부상신고,승용,여,39세,상해없음
2014010800100220,2014년 1월 8일 13시,수요일,전라남도 순천시 용당동,중상사고,0,1,0,0,차대차 - 측면직각충돌,신호위반,건조,맑음,교차로 - 교차로안,원동기,남,50세,중상,승용,남,49세,상해없음
2014010800100221,2014년 1월 8일 13시,수요일,전라남도 순천시 가곡동,중상사고,0,1,0,0,차대차 - 기타,안전운전불이행,습기,흐림,교차로 - 교차로안,승용,여,53세,상해없음,원동기,남,58세,중상
2014010800100260,2014년 1월 8일 15시,수요일,전라남도 목포시 상동,경상사고,0,0,1,0,차대사람 - 기타,안전운전불이행,건조,흐림,단일로 - 기타,승용,여,39세,상해없음,보행자,남,13세,경상
2014010800100261,2014년 1월 8일 15시,수요일,전라남도 여수시 문수동,경상사고,0,0,1,0,차대차 - 기타,안전운전불이행,건조,맑음,기타 - 기타,이륜,남,44세,경상,승용,남,37세,상해없음
2014010800100309,2014년 1월 8일 17시,수요일,전라남도 장흥군 장흥읍,사망사고,1,0,0,0,차량단독 - 도로외이탈 - 추락,안전운전불이행,건조,맑음,단일로 - 기타,화물,남,66세,사망,,,,
2014010800100349,2014년 1월 8일 18시,수요일,전라남도 목포시 상동,경상사고,0,0,1,0,차대차 - 기타,안전거리미확보,습기,흐림,미분류 - 미분류,승용,남,68세,상해없음,승용,여,34세,경상
2014010800100350,2014년 1월 8일 18시,수요일,전라남도 화순군 동면,경상사고,0,0,3,0,차대차 - 정면충돌,중앙선침범,건조,맑음,단일로 - 기타,승용,남,58세,상해없음,승합,남,55세,경상
2014010800100351,2014년 1월 8일 18시,수요일,전라남도 영암군 삼호읍,경상사고,0,0,1,0,차대차 - 측면직각충돌,신호위반,건조,맑음,교차로 - 교차로안,승용,남,25세,경상,승용,남,32세,상해없음
2014010800100378,2014년 1월 8일 19시,수요일,전라남도 목포시 동명동,중상사고,0,1,0,0,차대사람 - 횡단중,안전운전불이행,건조,맑음,단일로 - 기타,승용,남,53세,상해없음,보행자,여,70세,중상
2014010800100379,2014년 1월 8일 19시,수요일,전라남도 광양시 광양읍,경상사고,0,0,1,0,차대차 - 추돌 - 주정차중,안전운전불이행,건조,맑음,단일로 - 기타,화물,남,59세,경상,화물,남,45세,상해없음
2014010900100017,2014년 1월 9일 00시,목요일,전라남도 담양군 대덕면,경상사고,0,0,1,0,차대차 - 추돌 - 진행중,안전운전불이행,건조,맑음,단일로 - 기타,승용,남,49세,경상,특수,남,36세,상해없음
2014010900100068,2014년 1월 9일 06시,목요일,전라남도 영암군 삼호읍,경상사고,0,0,5,0,차대차 - 측면직각충돌,안전거리미확보,건조,맑음,단일로 - 기타,승합,남,65세,경상,건설기계,남,30세,경상
2014010900100127,2014년 1월 9일 09시,목요일,전라남도 화순군 화순읍,경상사고,0,0,5,0,차대차 - 추돌 - 주정차중,안전운전불이행,건조,맑음,단일로 - 기타,건설기계,남,40세,상해없음,화물,남,52세,경상
2014010900100152,2014년 1월 9일 10시,목요일,전라남도 목포시 석현동,경상사고,0,0,1,0,차대차 - 추돌 - 진행중,교차로운행방법위반,건조,맑음,교차로 - 교차로안,승용,남,52세,상해없음,승용,남,37세,경상
2014010900100174,2014년 1월 9일 11시,목요일,전라남도 보성군 벌교읍,경상사고,0,0,1,0,차대차 - 측면직각충돌,교차로운행방법위반,건조,맑음,교차로 - 교차로안,건설기계,남,61세,상해없음,승용,남,55세,경상
2014010900100205,2014년 1월 9일 12시,목요일,전라남도 나주시 왕곡면,사망사고,1,1,0,0,차량단독 - 공작물충돌,안전운전불이행,건조,맑음,교차로 - 교차로부근,승용,여,65세,중상,,,,
2014010900100206,2014년 1월 9일 12시,목요일,전라남도 나주시 이창동,중상사고,0,1,2,0,차대차 - 측면직각충돌,신호위반,건조,맑음,교차로 - 교차로안,화물,여,64세,경상,화물,남,51세,경상
2014010900100227,2014년 1월 9일 13시,목요일,전라남도 여수시 여서동,경상사고,0,0,1,0,차대차 - 정면충돌,중앙선침범,건조,맑음,단일로 - 기타,승용,여,42세,상해없음,승용,여,57세,경상
2014010900100255,2014년 1월 9일 14시,목요일,전라남도 순천시 풍덕동,경상사고,0,0,1,0,차대차 - 측면직각충돌,안전운전불이행,건조,맑음,단일로 - 기타,화물,남,45세,상해없음,승용,여,40세,경상
2014010900100316,2014년 1월 9일 16시,목요일,전라남도 순천시 덕암동,경상사고,0,0,3,0,차대차 - 측면직각충돌,직진우회전진행방해,건조,맑음,교차로 - 교차로안,승용,남,63세,경상,승용,남,61세,경상
2014010900100317,2014년 1월 9일 16시,목요일,전라남도 순천시 덕암동,경상사고,0,0,3,0,차대차 - 측면직각충돌,직진우회전진행방해,건조,맑음,교차로 - 교차로안,승용,여,55세,경상,승용,남,36세,상해없음
2014010900100378,2014년 1월 9일 18시,목요일,전라남도 나주시 남평읍,경상사고,0,0,6,0,차대차 - 추돌 - 주정차중,안전운전불이행,건조,맑음,단일로 - 기타,승용,남,46세,경상,승용,여,45세,경상
2014010900100433,2014년 1월 9일 20시,목요일,전라남도 신안군 신의면,중상사고,0,1,0,0,차대사람 - 길가장자리구역통행중,안전운전불이행,건조,맑음,단일로 - 기타,화물,남,63세,상해없음,보행자,남,53세,중상
2014010900100455,2014년 1월 9일 21시,목요일,전라남도 목포시 상동,중상사고,0,1,1,0,차대차 - 측면직각충돌,신호위반,건조,맑음,교차로 - 교차로안,승용,여,64세,상해없음,승용,남,32세,상해없음
2014010900100456,2014년 1월 9일 21시,목요일,전라남도 순천시 해룡면,경상사고,0,0,1,0,차대차 - 측면직각충돌,안전운전불이행,건조,맑음,단일로 - 기타,승용,남,47세,상해없음,승용,남,31세,경상
2014011000100093,2014년 1월 10일 08시,금요일,전라남도 순천시 월등면,중상사고,0,1,0,0,차량단독 - 공작물충돌,안전운전불이행,건조,맑음,단일로 - 기타,승용,여,52세,중상,,,,
2014011000100094,2014년 1월 10일 08시,금요일,전라남도 광양시 옥룡면,경상사고,0,0,1,0,차량단독 - 도로외이탈 - 추락,안전운전불이행,건조,맑음,단일로 - 기타,화물,남,26세,경상,,,,
2014011000100117,2014년 1월 10일 09시,금요일,전라남도 신안군 압해읍,경상사고,0,0,2,0,차대차 - 기타,중앙선침범,적설,맑음,단일로 - 기타,승용,남,35세,경상,건설기계,남,51세,경상
2014011000100118,2014년 1월 10일 09시,금요일,전라남도 목포시 연산동,경상사고,0,0,2,0,차대차 - 기타,중앙선침범,건조,맑음,단일로 - 기타,승용,여,52세,기타불명,승합,남,55세,경상
2014011000100119,2014년 1월 10일 09시,금요일,전라남도 순천시 덕암동,경상사고,0,0,1,0,차대차 - 측면직각충돌,교차로운행방법위반,건조,맑음,교차로 - 교차로안,승용,남,57세,상해없음,승용,여,49세,경상
2014011000100120,2014년 1월 10일 09시,금요일,전라남도 장성군 북하면,경상사고,0,0,1,0,차대차 - 기타,교차로운행방법위반,건조,맑음,교차로 - 교차로안,승용,여,67세,상해없음,승용,남,52세,경상
2014011000100144,2014년 1월 10일 10시,금요일,전라남도 고흥군 도덕면,중상사고,0,1,1,0,차대차 - 추돌 - 진행중,안전운전불이행,건조,맑음,단일로 - 기타,화물,남,44세,상해없음,승용,남,69세,경상
2014011000100164,2014년 1월 10일 11시,금요일,전라남도 영암군 영암읍,중상사고,0,1,0,0,차대사람 - 차도통행중,안전운전불이행,건조,맑음,단일로 - 기타,승합,남,48세,상해없음,보행자,남,85세,중상
2014011000100165,2014년 1월 10일 11시,금요일,전라남도 광양시 도이동,경상사고,0,0,1,0,차대차 - 측면직각충돌,교차로운행방법위반,건조,맑음,교차로 - 교차로안,화물,남,52세,상해없음,화물,남,34세,경상
2014011000100182,2014년 1월 10일 12시,금요일,전라남도 목포시 죽교동,경상사고,0,0,1,0,차대차 - 기타,안전운전불이행,건조,맑음,단일로 - 기타,이륜,남,53세,경상,승용,남,59세,상해없음
2014011000100183,2014년 1월 10일 12시,금요일,전라남도 여수시 돌산읍,경상사고,0,0,1,0,차대차 - 추돌 - 진행중,안전거리미확보,건조,맑음,교차로 - 교차로부근,이륜,남,52세,상해없음,승용,여,45세,경상
2014011000100184,2014년 1월 10일 12시,금요일,전라남도 나주시 성북동,중상사고,0,1,0,0,차대차 - 기타,안전운전불이행,건조,맑음,단일로 - 기타,화물,남,68세,상해없음,원동기,남,44세,중상
2014011000100185,2014년 1월 10일 12시,금요일,전라남도 영암군 덕진면,경상사고,0,0,2,0,차대차 - 추돌 - 주정차중,안전운전불이행,건조,맑음,교차로 - 교차로부근,승용,남,61세,상해없음,화물,남,78세,경상
2014011000100204,2014년 1월 10일 13시,금요일,전라남도 영암군 삼호읍,경상사고,0,0,2,0,차대차 - 기타,안전운전불이행,건조,맑음,교차로 - 교차로안,승용,남,49세,상해없음,승용,여,50세,경상
2014011000100205,2014년 1월 10일 13시,금요일,전라남도 완도군 보길면,부상신고사고,0,0,0,1,차대사람 - 횡단중,보행자보호의무위반,건조,맑음,교차로 - 교차로안,화물,남,35세,상해없음,보행자,남,6세,부상신고
2014011000100206,2014년 1월 10일 13시,금요일,전라남도 진도군 군내면,중상사고,0,1,0,0,차대사람 - 기타,안전운전불이행,기타,기타,기타 - 기타,승합,남,52세,상해없음,보행자,여,65세,중상
2014011000100207,2014년 1월 10일 13시,금요일,전라남도 광양시 중동,경상사고,0,0,1,0,차대차 - 추돌 - 진행중,안전거리미확보,건조,맑음,단일로 - 기타,승용,여,44세,상해없음,승용,여,32세,경상
2014011000100228,2014년 1월 10일 14시,금요일,전라남도 영암군 삼호읍,경상사고,0,0,1,0,차대사람 - 차도통행중,안전운전불이행,건조,맑음,단일로 - 기타,승용,남,57세,상해없음,보행자,남,38세,경상
2014011000100229,2014년 1월 10일 14시,금요일,전라남도 완도군 신지면,중상사고,0,1,0,0,차대차 - 추돌 - 진행중,안전운전불이행,건조,맑음,단일로 - 기타,화물,남,62세,상해없음,이륜,남,73세,중상
2014011000100252,2014년 1월 10일 15시,금요일,전라남도 순천시 동외동,중상사고,0,1,0,0,차대사람 - 보도통행중,보행자보호의무위반,건조,맑음,단일로 - 기타,승용,여,43세,상해없음,보행자,남,75세,중상
2014011000100253,2014년 1월 10일 15시,금요일,전라남도 영광군 영광읍,중상사고,0,1,0,0,차대차 - 측면직각충돌,교차로운행방법위반,건조,맑음,교차로 - 교차로안,승용,남,41세,상해없음,이륜,남,69세,중상
2014011000100298,2014년 1월 10일 17시,금요일,전라남도 순천시 조례동,중상사고,0,1,0,0,차대사람 - 횡단중,보행자보호의무위반,건조,맑음,단일로 - 횡단보도상,승용,여,55세,상해없음,보행자,남,8세,중상
2014011000100299,2014년 1월 10일 17시,금요일,전라남도 해남군 화원면,중상사고,0,1,0,0,차대차 - 추돌 - 주정차중,안전운전불이행,건조,맑음,단일로 - 기타,승용,남,51세,상해없음,승용,남,33세,중상
2014011000100300,2014년 1월 10일 17시,금요일,전라남도 해남군 북평면,경상사고,0,0,1,0,차대차 - 기타,기타,건조,맑음,단일로 - 기타,화물,남,32세,상해없음,화물,남,43세,경상
2014011000100340,2014년 1월 10일 18시,금요일,전라남도 목포시 연산동,사망사고,1,0,0,0,차대사람 - 횡단중,안전운전불이행,건조,맑음,단일로 - 기타,승용,남,22세,상해없음,보행자,남,77세,사망
2014011000100341,2014년 1월 10일 18시,금요일,전라남도 장흥군 장흥읍,경상사고,0,0,2,0,차대차 - 기타,안전운전불이행,건조,맑음,교차로 - 교차로안,승용,남,31세,상해없음,승용,남,39세,경상
2014011000100342,2014년 1월 10일 18시,금요일,전라남도 장성군 장성읍,경상사고,0,0,1,0,차대차 - 측면직각충돌,교차로운행방법위반,건조,맑음,교차로 - 교차로안,승용,남,67세,경상,승용,남,28세,상해없음
2014011000100381,2014년 1월 10일 19시,금요일,전라남도 목포시 산정동,경상사고,0,0,1,0,차대사람 - 기타,안전운전불이행,건조,맑음,단일로 - 기타,승용,남,50세,상해없음,보행자,남,51세,경상
2014011000100417,2014년 1월 10일 20시,금요일,전라남도 목포시 대양동,경상사고,0,0,2,0,차대차 - 기타,중앙선침범,건조,맑음,단일로 - 기타,승용,남,57세,상해없음,승용,남,59세,경상
2014011000100418,2014년 1월 10일 20시,금요일,전라남도 여수시 미평동,중상사고,0,1,0,0,차대차 - 기타,중앙선침범,건조,맑음,단일로 - 기타,승용,남,27세,상해없음,이륜,남,35세,중상
2014011000100449,2014년 1월 10일 21시,금요일,전라남도 곡성군 오곡면,중상사고,0,2,0,0,차대차 - 추돌 - 주정차중,안전운전불이행,건조,맑음,교차로 - 교차로부근,승용,남,53세,중상,승합,남,56세,기타불명
2014011100100015,2014년 1월 11일 00시,토요일,전라남도 함평군 엄다면,경상사고,0,0,1,0,차량단독 - 공작물충돌,안전운전불이행,건조,맑음,단일로 - 기타,승용,여,38세,경상,,,,
2014011100100032,2014년 1월 11일 01시,토요일,전라남도 목포시 옥암동,경상사고,0,0,1,0,차대차 - 기타,안전운전불이행,건조,맑음,단일로 - 기타,승용,남,40세,상해없음,승용,여,36세,경상
2014011100100033,2014년 1월 11일 01시,토요일,전라남도 순천시 황전면,경상사고,0,0,2,0,차대차 - 기타,안전운전불이행,건조,맑음,기타 - 기타,승용,여,49세,상해없음,승용,남,38세,경상
2014011100100071,2014년 1월 11일 03시,토요일,전라남도 목포시 상동,경상사고,0,0,2,0,차대차 - 기타,직진우회전진행방해,건조,맑음,교차로 - 교차로안,승용,남,26세,경상,승용,남,48세,경상
2014011100100072,2014년 1월 11일 03시,토요일,전라남도 여수시 학동,경상사고,0,0,1,0,차대차 - 추돌 - 진행중,안전운전불이행,건조,맑음,단일로 - 기타,화물,남,31세,상해없음,화물,남,52세,경상
2014011100100084,2014년 1월 11일 04시,토요일,전라남도 광양시 중동,경상사고,0,0,3,0,차대차 - 측면직각충돌,신호위반,건조,맑음,교차로 - 교차로안,승용,여,53세,경상,승합,남,59세,경상
2014011100100121,2014년 1월 11일 06시,토요일,전라남도 광양시 광양읍,중상사고,0,2,3,0,차대차 - 정면충돌,중앙선침범,건조,맑음,단일로 - 기타,승용,남,59세,중상,화물,남,55세,경상
2014011100100180,2014년 1월 11일 09시,토요일,전라남도 보성군 조성면,사망사고,1,0,0,0,차대차 - 측면직각충돌,기타,건조,맑음,교차로 - 교차로안,화물,여,53세,상해없음,이륜,여,62세,사망
2014011100100202,2014년 1월 11일 10시,토요일,전라남도 나주시 노안면,사망사고,1,0,0,0,차량단독 - 공작물충돌,안전운전불이행,건조,맑음,단일로 - 기타,승용,남,40세,사망,,,,
2014011100100222,2014년 1월 11일 11시,토요일,전라남도 순천시 조례동,중상사고,0,1,1,0,차대차 - 측면직각충돌,안전운전불이행,건조,맑음,교차로 - 교차로안,승용,여,68세,상해없음,건설기계,남,57세,상해없음
2014011100100223,2014년 1월 11일 11시,토요일,전라남도 구례군 구례읍,경상사고,0,0,1,0,차대차 - 측면직각충돌,직진우회전진행방해,건조,맑음,교차로 - 교차로안,승용,여,54세,상해없음,승용,남,39세,경상
2014011100100246,2014년 1월 11일 12시,토요일,전라남도 여수시 웅천동,중상사고,0,1,0,0,차대사람 - 기타,안전운전불이행,건조,맑음,교차로 - 교차로부근,승용,여,40세,상해없음,보행자,남,81세,중상
2014011100100247,2014년 1월 11일 12시,토요일,전라남도 여수시 신기동,중상사고,0,1,0,0,차대차 - 기타,안전운전불이행,건조,맑음,단일로 - 횡단보도상,승용,남,44세,상해없음,자전거,남,12세,중상
2014011100100248,2014년 1월 11일 12시,토요일,전라남도 영광군 영광읍,경상사고,0,0,1,0,차대사람 - 기타,안전운전불이행,건조,맑음,단일로 - 기타,원동기,남,74세,상해없음,보행자,남,57세,경상
2014011100100273,2014년 1월 11일 13시,토요일,전라남도 광양시 중동,경상사고,0,0,1,0,차대사람 - 기타,안전운전불이행,건조,맑음,교차로 - 교차로부근,화물,남,59세,상해없음,보행자,남,8세,경상
2014011100100293,2014년 1월 11일 14시,토요일,전라남도 여수시 신기동,경상사고,0,0,2,0,차대차 - 추돌 - 진행중,안전거리미확보,건조,맑음,단일로 - 기타,화물,남,46세,상해없음,승용,남,31세,경상
2014011100100294,2014년 1월 11일 14시,토요일,전라남도 순천시 연향동,경상사고,0,0,1,0,차대사람 - 보도통행중,보행자보호의무위반,건조,맑음,단일로 - 횡단보도상,승용,남,30세,상해없음,보행자,남,3세,경상
2014011100100394,2014년 1월 11일 18시,토요일,전라남도 고흥군 도화면,중상사고,0,2,0,0,차대차 - 추돌 - 진행중,안전운전불이행,건조,맑음,단일로 - 기타,승용,남,63세,상해없음,농기계,남,71세,중상
2014011100100438,2014년 1월 11일 20시,토요일,전라남도 목포시 산정동,중상사고,0,1,0,0,차대사람 - 횡단중,안전운전불이행,건조,흐림,교차로 - 교차로부근,승용,남,34세,상해없음,보행자,남,45세,중상
2014011100100439,2014년 1월 11일 20시,토요일,전라남도 보성군 벌교읍,중상사고,0,1,0,0,차대차 - 정면충돌,중앙선침범,건조,맑음,단일로 - 기타,이륜,남,56세,중상,승합,남,53세,상해없음
2014011200100046,2014년 1월 12일 02시,일요일,전라남도 광양시 황금동,중상사고,0,1,0,0,차량단독 - 공작물충돌,안전운전불이행,건조,맑음,단일로 - 기타,승용,남,34세,중상,,,,
2014011200100068,2014년 1월 12일 03시,일요일,전라남도 광양시 광양읍,경상사고,0,0,1,0,차량단독 - 공작물충돌,안전운전불이행,건조,맑음,단일로 - 기타,승용,여,41세,경상,,,,
2014011200100097,2014년 1월 12일 06시,일요일,전라남도 목포시 상동,중상사고,0,1,0,0,차대사람 - 횡단중,보행자보호의무위반,건조,기타,단일로 - 횡단보도상,승용,남,36세,상해없음,보행자,여,72세,중상
2014011200100136,2014년 1월 12일 10시,일요일,전라남도 영암군 삼호읍,경상사고,0,0,1,0,차대사람 - 기타,안전운전불이행,기타,맑음,기타 - 기타,화물,남,59세,상해없음,보행자,남,56세,경상
2014011200100153,2014년 1월 12일 11시,일요일,전라남도 목포시 산정동,경상사고,0,0,2,0,차대차 - 측면직각충돌,차로위반,건조,맑음,단일로 - 기타,승용,남,32세,경상,화물,남,31세,경상
2014011200100253,2014년 1월 12일 17시,일요일,전라남도 강진군 성전면,경상사고,0,0,3,0,차대차 - 추돌 - 진행중,안전거리미확보,건조,맑음,교차로 - 교차로부근,화물,남,64세,상해없음,화물,여,45세,경상
2014011200100287,2014년 1월 12일 18시,일요일,전라남도 목포시 상동,중상사고,0,1,2,0,차대차 - 측면직각충돌,교차로운행방법위반,건조,맑음,교차로 - 교차로안,승용,여,55세,경상,승용,남,24세,중상
2014011200100312,2014년 1월 12일 19시,일요일,전라남도 목포시 용당동,중상사고,0,1,2,0,차대차 - 측면직각충돌,안전운전불이행,건조,맑음,교차로 - 교차로안,승용,남,47세,경상,이륜,남,18세,경상
2014011200100313,2014년 1월 12일 19시,일요일,전라남도 순천시 연향동,경상사고,0,0,3,0,차대차 - 측면직각충돌,신호위반,건조,맑음,교차로 - 교차로안,승용,여,46세,경상,승용,여,48세,경상
2014011200100331,2014년 1월 12일 20시,일요일,전라남도 여수시 덕충동,경상사고,0,0,1,0,차대차 - 기타,신호위반,건조,맑음,교차로 - 교차로안,승용,남,26세,상해없음,자전거,남,41세,경상
2014011200100332,2014년 1월 12일 20시,일요일,전라남도 화순군 화순읍,경상사고,0,0,3,0,차대차 - 측면직각충돌,안전운전불이행,건조,맑음,단일로 - 기타,승용,남,43세,상해없음,화물,남,43세,경상
2014011200100371,2014년 1월 12일 22시,일요일,전라남도 순천시 서면,경상사고,0,0,1,0,차대차 - 기타,신호위반,건조,맑음,교차로 - 교차로안,승용,남,61세,상해없음,원동기,남,19세,경상
2014011300100057,2014년 1월 13일 06시,월요일,전라남도 순천시 별량면,중상사고,0,1,0,0,차대사람 - 횡단중,안전운전불이행,건조,맑음,단일로 - 기타,승합,남,47세,상해없음,보행자,남,76세,중상
2014011300100068,2014년 1월 13일 07시,월요일,전라남도 장흥군 용산면,경상사고,0,0,1,0,차대차 - 측면직각충돌,불법유턴,습기,안개,단일로 - 기타,화물,남,53세,상해없음,화물,남,69세,상해없음
2014011300100069,2014년 1월 13일 07시,월요일,전라남도 장흥군 용산면,경상사고,0,0,1,1,차대차 - 추돌 - 주정차중,안전운전불이행,습기,안개,단일로 - 기타,승용,남,77세,부상신고,화물,남,69세,상해없음
2014011300100095,2014년 1월 13일 08시,월요일,전라남도 목포시 대성동,경상사고,0,0,1,0,차대사람 - 기타,안전운전불이행,건조,맑음,단일로 - 기타,승용,여,58세,상해없음,보행자,남,48세,경상
2014011300100096,2014년 1월 13일 08시,월요일,전라남도 진도군 군내면,사망사고,2,0,0,0,차대사람 - 차도통행중,안전운전불이행,건조,맑음,단일로 - 기타,화물,남,44세,상해없음,보행자,여,67세,사망
2014011300100121,2014년 1월 13일 09시,월요일,전라남도 나주시 남평읍,경상사고,0,0,1,0,차대차 - 기타,교차로운행방법위반,건조,맑음,교차로 - 교차로안,건설기계,남,55세,상해없음,승용,여,47세,경상
2014011300100122,2014년 1월 13일 09시,월요일,전라남도 무안군 무안읍,중상사고,0,1,0,1,차대차 - 측면직각충돌,안전운전불이행,건조,맑음,교차로 - 교차로안,승용,남,58세,부상신고,이륜,남,72세,중상
2014011300100144,2014년 1월 13일 10시,월요일,전라남도 목포시 남교동,경상사고,0,0,1,0,차대사람 - 횡단중,안전운전불이행,건조,맑음,교차로 - 교차로안,승용,여,60세,상해없음,보행자,여,81세,경상
2014011300100145,2014년 1월 13일 10시,월요일,전라남도 순천시 대룡동,경상사고,0,0,1,0,차대차 - 기타,안전거리미확보,건조,맑음,교차로 - 교차로부근,승용,여,64세,상해없음,승용,남,59세,경상
2014011300100146,2014년 1월 13일 10시,월요일,전라남도 보성군 벌교읍,경상사고,0,0,1,0,차대차 - 추돌 - 진행중,안전운전불이행,건조,맑음,단일로 - 기타,승용,남,62세,상해없음,자전거,남,71세,경상
2014011300100147,2014년 1월 13일 10시,월요일,전라남도 강진군 강진읍,경상사고,0,0,1,2,차대차 - 측면직각충돌,직진우회전진행방해,건조,맑음,교차로 - 교차로안,화물,남,60세,부상신고,승용,남,25세,경상
2014011300100148,2014년 1월 13일 10시,월요일,전라남도 진도군 진도읍,중상사고,0,1,0,0,차대차 - 기타,안전운전불이행,건조,맑음,단일로 - 기타,승용,남,73세,상해없음,이륜,남,75세,중상
2014011300100169,2014년 1월 13일 11시,월요일,전라남도 여수시 학동,경상사고,0,0,1,0,차대차 - 추돌 - 주정차중,안전운전불이행,건조,맑음,단일로 - 기타,승용,남,57세,상해없음,승용,남,54세,경상
2014011300100170,2014년 1월 13일 11시,월요일,전라남도 해남군 해남읍,중상사고,0,1,0,0,차대사람 - 차도통행중,안전운전불이행,건조,맑음,단일로 - 기타,화물,남,73세,상해없음,보행자,여,66세,중상
2014011300100171,2014년 1월 13일 11시,월요일,전라남도 해남군 산이면,중상사고,0,1,2,0,차대차 - 추돌 - 진행중,기타,건조,맑음,교차로 - 교차로안,승용,남,71세,상해없음,승용,여,49세,경상
2014011300100201,2014년 1월 13일 12시,월요일,전라남도 강진군 군동면,경상사고,0,0,2,0,차대차 - 기타,안전운전불이행,건조,맑음,단일로 - 기타,승용,여,26세,상해없음,승용,여,54세,경상
2014011300100224,2014년 1월 13일 13시,월요일,전라남도 영광군 백수읍,중상사고,0,1,0,0,차대사람 - 횡단중,안전운전불이행,건조,맑음,단일로 - 기타,화물,남,44세,상해없음,보행자,남,48세,중상
2014011300100225,2014년 1월 13일 13시,월요일,전라남도 화순군 화순읍,경상사고,0,0,3,0,차대차 - 측면직각충돌,안전운전불이행,건조,맑음,단일로 - 기타,화물,남,61세,경상,승용,남,46세,경상
2014011300100226,2014년 1월 13일 13시,월요일,전라남도 광양시 광양읍,경상사고,0,0,2,0,차대차 - 측면직각충돌,교차로운행방법위반,건조,맑음,교차로 - 교차로안,승합,여,43세,상해없음,이륜,남,85세,경상