사고번호,사고일시,요일,시군구,사고내용,사망자수,중상자수,경상자수,부상신고자수,사고유형,법규위반,노면상태,기상상태,도로형태,가해운전자 차종,가해운전자 성별,가해운전자 연령,가해운전자 상해정도,피해운전자 차종,피해운전자 성별,피해운전자 연령,피해운전자 상해정도
2014011300100252,2014년 1월 13일 14시,월요일,전라남도 순천시 송광면,중상사고,0,1,0,0,차량단독 - 전도전복,안전운전불이행,건조,맑음,단일로 - 기타,특수,남,53세,중상,,,,
2014011300100253,2014년 1월 13일 14시,월요일,전라남도 나주시 금천면,경상사고,0,0,5,0,차대차 - 측면직각충돌,중앙선침범,건조,맑음,단일로 - 기타,건설기계,남,48세,상해없음,승합,남,62세,경상
2014011300100254,2014년 1월 13일 14시,월요일,전라남도 보성군 보성읍,경상사고,0,0,2,0,차대차 - 측면직각충돌,안전운전불이행,건조,맑음,교차로 - 교차로안,승용,남,66세,경상,건설기계,남,51세,경상
2014011300100275,2014년 1월 13일 15시,월요일,전라남도 목포시 산정동,중상사고,0,1,0,0,차대사람 - 횡단중,안전운전불이행,건조,맑음,단일로 - 기타,화물,남,67세,상해없음,보행자,여,79세,중상
2014011300100276,2014년 1월 13일 15시,월요일,전라남도 담양군 고서면,중상사고,0,1,0,0,차대사람 - 차도통행중,안전운전불이행,건조,맑음,교차로 - 교차로부근,승용,여,44세,상해없음,보행자,남,45세,중상
2014011300100301,2014년 1월 13일 16시,월요일,전라남도 목포시 상동,중상사고,0,1,1,0,차대차 - 측면직각충돌,직진우회전진행방해,건조,맑음,교차로 - 교차로안,원동기,남,62세,중상,화물,남,55세,경상
2014011300100302,2014년 1월 13일 16시,월요일,전라남도 여수시 안산동,경상사고,0,0,1,0,차대차 - 측면직각충돌,중앙선침범,건조,맑음,교차로 - 교차로부근,승용,남,74세,상해없음,승용,남,50세,경상
2014011300100303,2014년 1월 13일 16시,월요일,전라남도 순천시 연향동,경상사고,0,0,1,0,차대차 - 추돌 - 주정차중,안전운전불이행,건조,맑음,단일로 - 기타,승용,남,54세,상해없음,승용,여,36세,경상
2014011300100304,2014년 1월 13일 16시,월요일,전라남도 장성군 남면,경상사고,0,0,1,0,차대차 - 기타,안전운전불이행,건조,맑음,단일로 - 기타,화물,여,49세,상해없음,원동기,남,81세,경상
2014011300100326,2014년 1월 13일 17시,월요일,전라남도 목포시 상동,중상사고,0,1,1,0,차대차 - 측면직각충돌,교차로운행방법위반,건조,맑음,교차로 - 교차로안,승용,여,31세,경상,승용,여,59세,중상
2014011300100327,2014년 1월 13일 17시,월요일,전라남도 함평군 손불면,사망사고,1,0,0,0,차량단독 - 공작물충돌,안전운전불이행,건조,맑음,단일로 - 기타,이륜,여,48세,사망,,,,
2014011300100351,2014년 1월 13일 18시,월요일,전라남도 고흥군 고흥읍,부상신고사고,0,0,0,1,차대차 - 기타,직진우회전진행방해,건조,맑음,교차로 - 교차로안,이륜,남,69세,부상신고,화물,남,32세,상해없음
2014011300100352,2014년 1월 13일 18시,월요일,전라남도 영암군 삼호읍,경상사고,0,0,1,0,차대차 - 측면직각충돌,직진우회전진행방해,건조,맑음,교차로 - 교차로안,승용,남,29세,상해없음,승용,남,29세,경상
2014011300100390,2014년 1월 13일 19시,월요일,전라남도 장성군 황룡면,경상사고,0,0,1,0,차대차 - 기타,신호위반,건조,맑음,교차로 - 교차로안,승합,남,55세,상해없음,화물,남,40세,경상
2014011400100013,2014년 1월 14일 00시,화요일,전라남도 순천시 조례동,중상사고,0,1,0,0,차대사람 - 횡단중,보행자보호의무위반,건조,맑음,교차로 - 교차로부근,승용,남,24세,상해없음,보행자,여,53세,중상
2014011400100022,2014년 1월 14일 01시,화요일,전라남도 순천시 용당동,중상사고,0,1,0,0,차대사람 - 횡단중,안전운전불이행,건조,맑음,교차로 - 교차로부근,승용,남,40세,상해없음,보행자,남,46세,중상
2014011400100044,2014년 1월 14일 05시,화요일,전라남도 목포시 산정동,경상사고,0,0,2,0,차대차 - 측면직각충돌,기타,건조,맑음,교차로 - 교차로안,승용,남,45세,경상,화물,남,43세,경상
2014011400100096,2014년 1월 14일 08시,화요일,전라남도 광양시 광양읍,중상사고,0,1,0,0,차대차 - 기타,신호위반,건조,맑음,교차로 - 교차로부근,승합,남,47세,상해없음,자전거,여,62세,중상
2014011400100122,2014년 1월 14일 09시,화요일,전라남도 곡성군 옥과면,경상사고,0,0,2,0,차대차 - 추돌 - 진행중,교차로운행방법위반,건조,맑음,교차로 - 교차로안,승용,여,61세,경상,승용,남,56세,경상
2014011400100143,2014년 1월 14일 10시,화요일,전라남도 해남군 산이면,중상사고,0,1,0,0,차대차 - 기타,안전운전불이행,건조,맑음,단일로 - 기타,화물,남,39세,상해없음,이륜,남,66세,중상
2014011400100193,2014년 1월 14일 12시,화요일,전라남도 강진군 강진읍,중상사고,0,2,0,0,차량단독 - 기타,안전운전불이행,건조,맑음,단일로 - 기타,이륜,남,81세,중상,,,,
2014011400100212,2014년 1월 14일 13시,화요일,전라남도 여수시 충무동,경상사고,0,0,1,0,차대차 - 측면직각충돌,차로위반,건조,맑음,단일로 - 기타,승합,남,54세,상해없음,승용,남,31세,경상
2014011400100236,2014년 1월 14일 14시,화요일,전라남도 광양시 중동,경상사고,0,0,1,0,차대차 - 측면직각충돌,교차로운행방법위반,건조,맑음,교차로 - 교차로안,승용,남,30세,경상,승용,여,52세,상해없음
2014011400100260,2014년 1월 14일 15시,화요일,전라남도 여수시 돌산읍,경상사고,0,0,1,0,차대차 - 정면충돌,안전운전불이행,건조,맑음,단일로 - 기타,승용,남,22세,상해없음,건설기계,남,54세,경상
2014011400100288,2014년 1월 14일 16시,화요일,전라남도 강진군 강진읍,경상사고,0,0,1,0,차대차 - 측면직각충돌,직진우회전진행방해,건조,맑음,교차로 - 교차로안,승용,여,37세,상해없음,화물,남,55세,상해없음
2014011400100320,2014년 1월 14일 17시,화요일,전라남도 순천시 해룡면,중상사고,0,1,0,0,차대차 - 기타,신호위반,건조,맑음,교차로 - 교차로안,화물,남,39세,상해없음,승용,남,32세,중상
2014011400100354,2014년 1월 14일 18시,화요일,전라남도 영암군 삼호읍,경상사고,0,0,4,0,차대차 - 기타,직진우회전진행방해,건조,맑음,교차로 - 교차로안,승용,남,62세,경상,승용,남,28세,경상
2014011400100383,2014년 1월 14일 19시,화요일,전라남도 보성군 득량면,경상사고,0,0,1,0,차대차 - 추돌 - 주정차중,안전운전불이행,건조,맑음,교차로 - 교차로부근,승용,남,52세,상해없음,화물,남,42세,경상
2014011400100384,2014년 1월 14일 19시,화요일,전라남도 영암군 신북면,경상사고,0,0,3,0,차대차 - 기타,중앙선침범,건조,맑음,교차로 - 교차로부근,화물,남,44세,상해없음,승용,남,31세,경상
2014011400100484,2014년 1월 14일 23시,화요일,전라남도 순천시 조례동,경상사고,0,0,3,0,차대차 - 측면직각충돌,안전운전불이행,건조,맑음,교차로 - 교차로부근,승용,남,24세,상해없음,승용,여,22세,경상
2014011400100485,2014년 1월 14일 23시,화요일,전라남도 나주시 삼영동,경상사고,0,0,4,0,차대차 - 측면직각충돌,직진우회전진행방해,건조,맑음,교차로 - 교차로안,승용,남,55세,경상,화물,남,50세,경상
2014011500100009,2014년 1월 15일 00시,수요일,전라남도 순천시 영동,부상신고사고,0,0,0,1,차대차 - 측면직각충돌,안전운전불이행,건조,맑음,교차로 - 교차로안,원동기,남,30세,부상신고,화물,남,30세,상해없음
2014011500100039,2014년 1월 15일 03시,수요일,전라남도 순천시 연향동,경상사고,0,0,2,0,차대차 - 측면직각충돌,신호위반,건조,맑음,교차로 - 교차로안,승용,남,19세,상해없음,승용,남,69세,경상
2014011500100087,2014년 1월 15일 07시,수요일,전라남도 무안군 일로읍,중상사고,0,1,1,0,차대차 - 측면직각충돌,신호위반,건조,맑음,교차로 - 교차로안,승용,남,74세,중상,승용,남,35세,경상
2014011500100164,2014년 1월 15일 10시,수요일,전라남도 여수시 화치동,중상사고,0,1,0,0,차대차 - 측면직각충돌,차로위반,건조,맑음,단일로 - 기타,화물,남,36세,상해없음,화물,남,33세,중상
2014011500100165,2014년 1월 15일 10시,수요일,전라남도 영암군 삼호읍,중상사고,0,2,0,0,차대차 - 측면직각충돌,직진우회전진행방해,건조,맑음,교차로 - 교차로안,화물,남,37세,중상,승용,남,69세,중상
2014011500100189,2014년 1월 15일 11시,수요일,전라남도 여수시 중흥동,중상사고,0,1,0,0,차대차 - 추돌 - 진행중,안전거리미확보,건조,맑음,교차로 - 교차로안,화물,남,62세,상해없음,승용,남,34세,중상
2014011500100232,2014년 1월 15일 13시,수요일,전라남도 무안군 무안읍,부상신고사고,0,0,0,6,차대차 - 측면직각충돌,직진우회전진행방해,건조,맑음,교차로 - 교차로안,승용,남,19세,상해없음,승합,여,45세,부상신고
2014011500100279,2014년 1월 15일 15시,수요일,전라남도 나주시 대호동,경상사고,0,0,1,0,차대차 - 추돌 - 주정차중,안전운전불이행,건조,맑음,단일로 - 기타,화물,남,55세,상해없음,화물,남,55세,경상
2014011500100280,2014년 1월 15일 15시,수요일,전라남도 함평군 손불면,경상사고,0,0,2,0,차대차 - 측면직각충돌,안전운전불이행,건조,맑음,교차로 - 교차로부근,화물,여,49세,경상,승용,여,58세,경상
2014011500100298,2014년 1월 15일 16시,수요일,전라남도 장흥군 장흥읍,경상사고,0,0,1,0,차대차 - 측면직각충돌,안전거리미확보,건조,맑음,단일로 - 기타,승용,남,75세,상해없음,승용,남,32세,경상
2014011500100299,2014년 1월 15일 16시,수요일,전라남도 고흥군 도덕면,경상사고,0,0,2,0,차대차 - 기타,교차로운행방법위반,건조,맑음,교차로 - 교차로안,화물,여,56세,상해없음,승용,여,38세,경상
2014011500100331,2014년 1월 15일 17시,수요일,전라남도 순천시 해룡면,경상사고,0,0,2,0,차대차 - 기타,안전운전불이행,건조,맑음,교차로 - 교차로부근,화물,남,64세,상해없음,화물,남,50세,경상
2014011500100332,2014년 1월 15일 17시,수요일,전라남도 보성군 보성읍,중상사고,0,1,0,0,차대사람 - 횡단중,안전운전불이행,건조,맑음,교차로 - 교차로부근,화물,남,50세,상해없음,보행자,여,67세,중상
2014011500100333,2014년 1월 15일 17시,수요일,전라남도 영암군 삼호읍,중상사고,0,1,7,0,차대차 - 측면직각충돌,안전거리미확보,건조,맑음,단일로 - 기타,승합,남,48세,상해없음,승용,남,22세,중상
2014011500100334,2014년 1월 15일 17시,수요일,전라남도 무안군 해제면,부상신고사고,0,0,0,1,차량단독 - 전도전복,안전운전불이행,건조,맑음,단일로 - 기타,이륜,남,65세,부상신고,,,,
2014011500100375,2014년 1월 15일 18시,수요일,전라남도 여수시 웅천동,경상사고,0,0,1,0,차대차 - 추돌 - 진행중,안전거리미확보,건조,맑음,단일로 - 기타,승용,남,50세,상해없음,승용,남,30세,경상
2014011500100376,2014년 1월 15일 18시,수요일,전라남도 순천시 조곡동,경상사고,0,0,2,0,차대차 - 기타,안전거리미확보,건조,맑음,단일로 - 기타,승용,남,76세,상해없음,승용,남,39세,경상
2014011500100377,2014년 1월 15일 18시,수요일,전라남도 광양시 금호동,경상사고,0,0,1,0,차대차 - 추돌 - 진행중,안전운전불이행,건조,맑음,단일로 - 교량,이륜,남,36세,경상,승합,남,59세,상해없음
2014011500100378,2014년 1월 15일 18시,수요일,전라남도 광양시 광양읍,중상사고,0,1,1,0,차대차 - 정면충돌,안전운전불이행,건조,맑음,교차로 - 교차로안,승용,남,26세,경상,화물,남,47세,중상
2014011500100411,2014년 1월 15일 19시,수요일,전라남도 여수시 봉강동,중상사고,0,1,1,0,차대차 - 기타,중앙선침범,건조,맑음,단일로 - 기타,승용,남,35세,기타불명,승용,남,41세,경상
2014011500100412,2014년 1월 15일 19시,수요일,전라남도 순천시 장천동,경상사고,0,0,1,0,차대차 - 기타,신호위반,건조,맑음,교차로 - 교차로안,승합,남,63세,상해없음,승용,남,31세,경상
2014011500100413,2014년 1월 15일 19시,수요일,전라남도 함평군 손불면,경상사고,0,0,2,1,차대차 - 추돌 - 진행중,안전운전불이행,건조,맑음,단일로 - 기타,화물,남,54세,부상신고,승용,남,42세,경상
2014011500100447,2014년 1월 15일 20시,수요일,전라남도 보성군 벌교읍,경상사고,0,0,1,0,차대차 - 기타,교차로운행방법위반,건조,맑음,교차로 - 교차로안,이륜,남,66세,상해없음,자전거,남,60세,경상
2014011500100448,2014년 1월 15일 20시,수요일,전라남도 함평군 학교면,중상사고,0,1,0,0,차대차 - 측면직각충돌,불법유턴,건조,맑음,교차로 - 교차로부근,화물,남,45세,상해없음,승용,남,53세,중상
2014011500100449,2014년 1월 15일 20시,수요일,전라남도 진도군 의신면,중상사고,0,3,0,0,차량단독 - 공작물충돌,안전운전불이행,건조,맑음,단일로 - 기타,승용,남,39세,중상,,,,
2014011500100450,2014년 1월 15일 20시,수요일,전라남도 구례군 마산면,사망사고,1,0,0,0,차량단독 - 기타,안전운전불이행,건조,맑음,단일로 - 기타,화물,남,49세,사망,,,,
2014011500100481,2014년 1월 15일 21시,수요일,전라남도 영암군 삼호읍,중상사고,0,3,3,0,차대차 - 측면직각충돌,신호위반,건조,맑음,교차로 - 교차로안,승용,남,67세,상해없음,승용,남,24세,중상
2014011600100014,2014년 1월 16일 00시,목요일,전라남도 광양시 금호동,경상사고,0,0,2,0,차대사람 - 기타,안전운전불이행,건조,맑음,단일로 - 기타,승용,남,47세,상해없음,보행자,남,26세,경상
2014011600100073,2014년 1월 16일 06시,목요일,전라남도 목포시 동명동,경상사고,0,0,1,0,차량단독 - 공작물충돌,안전운전불이행,건조,맑음,단일로 - 기타,승용,남,28세,경상,,,,
2014011600100141,2014년 1월 16일 09시,목요일,전라남도 영광군 영광읍,부상신고사고,0,0,0,1,차대차 - 측면직각충돌,직진우회전진행방해,건조,맑음,교차로 - 교차로안,이륜,여,42세,부상신고,승용,남,55세,상해없음
2014011600100158,2014년 1월 16일 10시,목요일,전라남도 해남군 해남읍,경상사고,0,0,1,0,차대사람 - 기타,안전운전불이행,건조,맑음,단일로 - 기타,화물,남,71세,상해없음,보행자,남,12세,경상
2014011600100159,2014년 1월 16일 10시,목요일,전라남도 화순군 화순읍,중상사고,0,2,0,1,차대차 - 정면충돌,중앙선침범,건조,맑음,단일로 - 기타,화물,남,73세,부상신고,승합,여,50세,중상
2014011600100246,2014년 1월 16일 14시,목요일,전라남도 순천시 저전동,경상사고,0,0,1,0,차량단독 - 기타,안전운전불이행,건조,맑음,단일로 - 기타,원동기,여,56세,경상,,,,
2014011600100247,2014년 1월 16일 14시,목요일,전라남도 순천시 조례동,경상사고,0,0,1,0,차대차 - 측면직각충돌,중앙선침범,건조,맑음,교차로 - 교차로부근,승용,여,52세,상해없음,승용,남,38세,경상
2014011600100248,2014년 1월 16일 14시,목요일,전라남도 장흥군 장흥읍,경상사고,0,0,2,0,차대차 - 측면직각충돌,안전운전불이행,건조,맑음,단일로 - 기타,승용,남,52세,상해없음,승용,남,58세,경상
2014011600100249,2014년 1월 16일 14시,목요일,전라남도 고흥군 포두면,경상사고,0,0,2,0,차대차 - 기타,안전거리미확보,건조,맑음,단일로 - 기타,승용,여,31세,경상,승용,남,64세,경상
2014011600100274,2014년 1월 16일 15시,목요일,전라남도 함평군 함평읍,중상사고,0,1,0,0,차대차 - 추돌 - 주정차중,안전운전불이행,건조,맑음,단일로 - 기타,화물,남,48세,중상,화물,남,51세,기타불명
2014011600100275,2014년 1월 16일 15시,목요일,전라남도 함평군 엄다면,경상사고,0,0,1,0,차량단독 - 기타,안전운전불이행,건조,맑음,단일로 - 기타,승용,여,53세,경상,,,,
2014011600100296,2014년 1월 16일 16시,목요일,전라남도 순천시 왕지동,경상사고,0,0,2,0,차대차 - 측면직각충돌,중앙선침범,건조,맑음,단일로 - 기타,승용,남,68세,상해없음,승용,여,36세,경상
2014011600100297,2014년 1월 16일 16시,목요일,전라남도 장성군 장성읍,부상신고사고,0,0,0,1,차대차 - 기타,안전운전불이행,건조,맑음,교차로 - 교차로안,승용,여,47세,상해없음,승용,여,58세,부상신고
2014011600100298,2014년 1월 16일 16시,목요일,전라남도 무안군 무안읍,경상사고,0,0,1,0,차대차 - 측면직각충돌,안전운전불이행,건조,맑음,교차로 - 교차로부근,화물,여,66세,상해없음,이륜,남,76세,경상
2014011600100320,2014년 1월 16일 17시,목요일,전라남도 나주시 송월동,경상사고,0,0,1,0,차대사람 - 횡단중,안전운전불이행,건조,맑음,단일로 - 기타,화물,남,71세,상해없음,보행자,남,46세,경상
2014011600100321,2014년 1월 16일 17시,목요일,전라남도 화순군 화순읍,경상사고,0,0,3,0,차대차 - 추돌 - 주정차중,안전거리미확보,건조,맑음,단일로 - 기타,승합,남,38세,상해없음,화물,남,63세,경상
2014011600100350,2014년 1월 16일 18시,목요일,전라남도 목포시 상동,중상사고,0,1,1,0,차대차 - 기타,기타,건조,기타,단일로 - 기타,승합,여,53세,경상,승용,남,66세,중상
2014011600100351,2014년 1월 16일 18시,목요일,전라남도 순천시 조례동,경상사고,0,0,4,0,차대차 - 측면직각충돌,직진우회전진행방해,건조,맑음,교차로 - 교차로안,승용,남,48세,경상,화물,남,22세,경상
2014011600100352,2014년 1월 16일 18시,목요일,전라남도 고흥군 도양읍,경상사고,0,0,1,0,차량단독 - 기타,안전운전불이행,건조,맑음,단일로 - 기타,승용,여,49세,경상,,,,
2014011600100353,2014년 1월 16일 18시,목요일,전라남도 나주시 문평면,경상사고,0,0,3,0,차대차 - 추돌 - 진행중,차로위반,건조,맑음,단일로 - 기타,화물,남,31세,상해없음,승용,남,22세,경상
2014011600100400,2014년 1월 16일 19시,목요일,전라남도 순천시 조례동,경상사고,0,0,1,0,차대사람 - 기타,안전운전불이행,건조,맑음,단일로 - 기타,승용,여,57세,상해없음,보행자,남,47세,경상
2014011600100401,2014년 1월 16일 19시,목요일,전라남도 해남군 화원면,부상신고사고,0,0,0,1,차량단독 - 전도전복,안전운전불이행,결빙,눈,단일로 - 기타,화물,남,30세,부상신고,,,,
2014011600100427,2014년 1월 16일 20시,목요일,전라남도 목포시 용해동,경상사고,0,0,1,0,차대차 - 기타,안전운전불이행,건조,기타,단일로 - 기타,원동기,남,23세,상해없음,승용,남,29세,경상
2014011600100454,2014년 1월 16일 21시,목요일,전라남도 여수시 문수동,경상사고,0,0,1,0,차대차 - 추돌 - 주정차중,안전운전불이행,건조,맑음,교차로 - 교차로부근,승용,남,23세,상해없음,승용,여,47세,경상
2014011600100506,2014년 1월 16일 23시,목요일,전라남도 여수시 광무동,사망사고,1,0,0,0,차량단독 - 공작물충돌,안전운전불이행,건조,맑음,단일로 - 기타,승용,남,33세,사망,,,,
2014011700100016,2014년 1월 17일 00시,금요일,전라남도 담양군 담양읍,경상사고,0,0,1,0,차량단독 - 기타,안전운전불이행,건조,흐림,단일로 - 기타,원동기,남,42세,경상,,,,
2014011700100017,2014년 1월 17일 00시,금요일,전라남도 광양시 광양읍,부상신고사고,0,0,0,1,차량단독 - 공작물충돌,안전운전불이행,건조,맑음,단일로 - 기타,승용,남,28세,부상신고,,,,
2014011700100035,2014년 1월 17일 01시,금요일,전라남도 해남군 산이면,부상신고사고,0,0,0,1,차량단독 - 기타,안전운전불이행,건조,맑음,단일로 - 기타,승용,남,41세,부상신고,,,,
2014011700100069,2014년 1월 17일 05시,금요일,전라남도 여수시 봉산동,부상신고사고,0,0,0,1,차대사람 - 기타,안전운전불이행,건조,맑음,기타 - 기타,승용,남,62세,상해없음,보행자,남,39세,부상신고
2014011700100070,2014년 1월 17일 05시,금요일,전라남도 순천시 조례동,중상사고,0,2,3,0,차대차 - 추돌 - 진행중,안전운전불이행,건조,맑음,교차로 - 교차로부근,승용,남,27세,중상,승합,남,46세,상해없음
2014011700100080,2014년 1월 17일 06시,금요일,전라남도 영암군 시종면,사망사고,1,0,0,0,차대사람 - 기타,안전운전불이행,건조,맑음,단일로 - 기타,화물,남,51세,상해없음,보행자,여,80세,사망
2014011700100121,2014년 1월 17일 08시,금요일,전라남도 여수시 율촌면,중상사고,0,1,0,0,차대차 - 측면직각충돌,안전운전불이행,건조,맑음,단일로 - 횡단보도상,화물,남,42세,상해없음,승용,남,31세,중상
2014011700100122,2014년 1월 17일 08시,금요일,전라남도 여수시 교동,중상사고,0,1,0,0,차대차 - 기타,신호위반,건조,맑음,교차로 - 교차로안,승용,남,57세,상해없음,승용,남,61세,중상
2014011700100146,2014년 1월 17일 09시,금요일,전라남도 영광군 영광읍,경상사고,0,0,1,0,차대차 - 기타,중앙선침범,건조,맑음,단일로 - 기타,승용,남,67세,상해없음,승용,여,62세,경상
2014011700100167,2014년 1월 17일 10시,금요일,전라남도 여수시 안산동,경상사고,0,0,1,0,차대차 - 측면직각충돌,교차로운행방법위반,건조,맑음,교차로 - 교차로안,승용,여,48세,상해없음,승용,여,34세,경상
2014011700100168,2014년 1월 17일 10시,금요일,전라남도 장흥군 대덕읍,경상사고,0,0,1,0,차대차 - 측면직각충돌,안전운전불이행,건조,맑음,교차로 - 교차로안,자전거,남,70세,경상,승용,여,32세,상해없음
2014011700100169,2014년 1월 17일 10시,금요일,전라남도 담양군 담양읍,중상사고,0,1,5,0,차대차 - 추돌 - 주정차중,안전운전불이행,건조,맑음,단일로 - 기타,화물,남,44세,중상,화물,여,18세,경상
2014011700100191,2014년 1월 17일 11시,금요일,전라남도 진도군 진도읍,경상사고,0,0,1,0,차대사람 - 기타,안전운전불이행,기타,맑음,단일로 - 기타,승용,남,63세,상해없음,보행자,여,45세,경상
2014011700100211,2014년 1월 17일 12시,금요일,전라남도 나주시 세지면,경상사고,0,0,2,0,차대차 - 추돌 - 주정차중,안전거리미확보,건조,맑음,단일로 - 기타,승용,여,42세,경상,승용,여,33세,경상
2014011700100212,2014년 1월 17일 12시,금요일,전라남도 진도군 군내면,중상사고,0,1,0,0,차대차 - 기타,안전운전불이행,기타,기타,단일로 - 기타,승용,남,67세,상해없음,이륜,남,70세,중상
2014011700100289,2014년 1월 17일 15시,금요일,전라남도 함평군 손불면,부상신고사고,0,0,0,1,차량단독 - 공작물충돌,안전운전불이행,건조,맑음,단일로 - 기타,화물,남,59세,부상신고,,,,
2014011700100311,2014년 1월 17일 16시,금요일,전라남도 영암군 신북면,경상사고,0,0,1,0,차대차 - 기타,안전운전불이행,건조,맑음,단일로 - 기타,승용,남,72세,상해없음,승용,남,36세,경상
2014011700100312,2014년 1월 17일 16시,금요일,전라남도 영암군 삼호읍,경상사고,0,0,2,0,차대차 - 측면직각충돌,교차로운행방법위반,건조,맑음,교차로 - 교차로안,승용,남,23세,경상,승용,남,46세,상해없음
2014011700100337,2014년 1월 17일 17시,금요일,전라남도 영암군 삼호읍,경상사고,0,0,2,0,차대차 - 기타,신호위반,건조,맑음,교차로 - 교차로안,화물,남,31세,상해없음,승용,남,26세,경상
2014011700100381,2014년 1월 17일 18시,금요일,전라남도 여수시 국동,경상사고,0,0,1,0,차대사람 - 기타,안전운전불이행,건조,맑음,교차로 - 교차로안,승용,여,32세,기타불명,보행자,남,16세,경상
2014011700100382,2014년 1월 17일 18시,금요일,전라남도 영암군 신북면,경상사고,0,0,5,0,차대차 - 추돌 - 주정차중,안전운전불이행,건조,맑음,단일로 - 기타,화물,남,54세,경상,승용,여,57세,경상
2014011700100383,2014년 1월 17일 18시,금요일,전라남도 광양시 광양읍,경상사고,0,0,1,0,차대차 - 측면직각충돌,안전운전불이행,건조,맑음,단일로 - 횡단보도부근,이륜,남,62세,경상,승용,남,46세,상해없음
2014011700100455,2014년 1월 17일 20시,금요일,전라남도 목포시 죽교동,경상사고,0,0,1,0,차대차 - 기타,안전운전불이행,건조,맑음,단일로 - 기타,승용,남,40세,상해없음,승용,남,41세,상해없음
2014011700100529,2014년 1월 17일 22시,금요일,전라남도 목포시 상동,부상신고사고,0,0,0,3,차대차 - 기타,안전운전불이행,건조,맑음,단일로 - 기타,승용,남,48세,상해없음,승용,여,26세,상해없음
2014011700100530,2014년 1월 17일 22시,금요일,전라남도 장성군 장성읍,중상사고,0,1,5,0,차대차 - 추돌 - 진행중,안전운전불이행,건조,맑음,단일로 - 기타,승용,여,18세,경상,화물,남,45세,경상
2014011800100030,2014년 1월 18일 00시,토요일,전라남도 무안군 삼향읍,중상사고,0,1,0,0,차대사람 - 차도통행중,안전운전불이행,건조,흐림,단일로 - 기타,승용,남,39세,상해없음,보행자,남,32세,중상
2014011800100070,2014년 1월 18일 02시,토요일,전라남도 장성군 황룡면,경상사고,0,0,1,2,차대차 - 기타,안전운전불이행,건조,맑음,교차로 - 교차로부근,화물,남,43세,상해없음,승용,남,52세,경상
2014011800100080,2014년 1월 18일 03시,토요일,전라남도 순천시 연향동,경상사고,0,0,5,0,차대차 - 측면직각충돌,교차로운행방법위반,건조,맑음,교차로 - 교차로안,승용,남,39세,상해없음,승용,남,36세,경상
2014011800100113,2014년 1월 18일 07시,토요일,전라남도 영암군 삼호읍,경상사고,0,0,3,0,차대차 - 측면직각충돌,안전운전불이행,결빙,흐림,단일로 - 기타,화물,남,56세,상해없음,승용,남,26세,경상
2014011800100155,2014년 1월 18일 09시,토요일,전라남도 나주시 남평읍,경상사고,0,0,1,0,차대차 - 정면충돌,안전운전불이행,결빙,눈,단일로 - 기타,건설기계,남,36세,상해없음,건설기계,남,52세,경상
2014011800100176,2014년 1월 18일 10시,토요일,전라남도 여수시 교동,경상사고,0,0,1,0,차대사람 - 기타,안전운전불이행,건조,맑음,교차로 - 교차로부근,화물,남,37세,상해없음,보행자,여,66세,경상
2014011800100196,2014년 1월 18일 11시,토요일,전라남도 목포시 대성동,경상사고,0,0,2,0,차대차 - 측면직각충돌,안전운전불이행,건조,맑음,단일로 - 기타,승용,남,60세,상해없음,승용,남,50세,경상
2014011800100197,2014년 1월 18일 11시,토요일,전라남도 나주시 삼도동,경상사고,0,0,2,0,차대차 - 기타,안전운전불이행,건조,맑음,단일로 - 기타,화물,남,22세,상해없음,승합,남,60세,상해없음
2014011800100228,2014년 1월 18일 12시,토요일,전라남도 해남군 해남읍,경상사고,0,0,1,0,차대사람 - 보도통행중,안전운전불이행,건조,맑음,단일로 - 기타,승용,남,39세,상해없음,보행자,남,21세,경상
2014011800100297,2014년 1월 18일 15시,토요일,전라남도 여수시 미평동,경상사고,0,0,2,0,차대차 - 추돌 - 주정차중,안전운전불이행,건조,맑음,단일로 - 기타,화물,남,50세,상해없음,승용,남,21세,경상
2014011800100298,2014년 1월 18일 15시,토요일,전라남도 보성군 회천면,경상사고,0,0,1,0,차대차 - 측면직각충돌,직진우회전진행방해,건조,맑음,교차로 - 교차로안,화물,남,51세,상해없음,승용,남,65세,상해없음
2014011800100389,2014년 1월 18일 18시,토요일,전라남도 완도군 완도읍,중상사고,0,1,0,0,차대차 - 측면직각충돌,교차로운행방법위반,건조,맑음,교차로 - 교차로부근,화물,남,68세,상해없음,자전거,남,21세,중상
2014011800100419,2014년 1월 18일 19시,토요일,전라남도 여수시 학동,경상사고,0,0,1,0,차대차 - 측면직각충돌,중앙선침범,건조,맑음,단일로 - 기타,승용,남,51세,상해없음,이륜,남,18세,경상
2014011800100420,2014년 1월 18일 19시,토요일,전라남도 여수시 학동,중상사고,0,1,2,0,차대차 - 기타,안전운전불이행,건조,맑음,기타 - 기타,이륜,남,16세,중상,승용,남,33세,경상
2014011800100443,2014년 1월 18일 20시,토요일,전라남도 고흥군 봉래면,중상사고,0,1,2,0,차대차 - 정면충돌,중앙선침범,건조,맑음,단일로 - 기타,화물,남,19세,경상,승용,남,54세,경상
2014011800100461,2014년 1월 18일 21시,토요일,전라남도 강진군 강진읍,중상사고,0,2,1,0,차대차 - 기타,안전운전불이행,건조,맑음,교차로 - 교차로안,승용,남,59세,상해없음,승용,여,55세,중상