사고번호,사고일시,요일,시군구,사고내용,사망자수,중상자수,경상자수,부상신고자수,사고유형,법규위반,노면상태,기상상태,도로형태,가해운전자 차종,가해운전자 성별,가해운전자 연령,가해운전자 상해정도,피해운전자 차종,피해운전자 성별,피해운전자 연령,피해운전자 상해정도
2014011800100462,2014년 1월 18일 21시,토요일,전라남도 순천시 별량면,경상사고,0,0,1,0,차대차 - 측면직각충돌,기타,건조,맑음,단일로 - 기타,화물,남,44세,상해없음,화물,남,35세,경상
2014011800100503,2014년 1월 18일 23시,토요일,전라남도 순천시 연향동,경상사고,0,0,3,0,차대차 - 추돌 - 주정차중,안전운전불이행,건조,맑음,교차로 - 교차로부근,승용,여,50세,상해없음,승용,남,35세,경상
2014011900100015,2014년 1월 19일 00시,일요일,전라남도 목포시 옥암동,경상사고,0,0,2,0,차대차 - 추돌 - 진행중,안전운전불이행,건조,맑음,단일로 - 기타,승용,남,38세,상해없음,승용,남,27세,경상
2014011900100016,2014년 1월 19일 00시,일요일,전라남도 무안군 삼향읍,경상사고,0,0,1,0,차대차 - 추돌 - 주정차중,안전운전불이행,건조,맑음,교차로 - 교차로부근,승용,여,41세,경상,승용,남,57세,기타불명
2014011900100037,2014년 1월 19일 01시,일요일,전라남도 화순군 동면,경상사고,0,0,1,0,차량단독 - 공작물충돌,안전운전불이행,건조,맑음,단일로 - 기타,승용,남,52세,경상,,,,
2014011900100128,2014년 1월 19일 09시,일요일,전라남도 여수시 신기동,경상사고,0,0,1,0,차대사람 - 보도통행중,안전운전불이행,건조,맑음,단일로 - 기타,승용,남,29세,상해없음,보행자,남,9세,경상
2014011900100129,2014년 1월 19일 09시,일요일,전라남도 장흥군 장흥읍,중상사고,0,1,0,0,차대사람 - 기타,안전운전불이행,건조,맑음,기타 - 기타,승용,남,63세,상해없음,보행자,여,69세,중상
2014011900100154,2014년 1월 19일 10시,일요일,전라남도 여수시 학동,경상사고,0,0,1,0,차대차 - 기타,안전운전불이행,건조,맑음,교차로 - 교차로부근,승용,남,45세,상해없음,승합,남,48세,경상
2014011900100155,2014년 1월 19일 10시,일요일,전라남도 고흥군 도양읍,중상사고,0,1,4,0,차대차 - 측면직각충돌,신호위반,건조,맑음,교차로 - 교차로안,화물,남,64세,경상,승용,남,65세,중상
2014011900100156,2014년 1월 19일 10시,일요일,전라남도 보성군 벌교읍,경상사고,0,0,1,0,차대차 - 정면충돌,안전운전불이행,건조,맑음,교차로 - 교차로안,이륜,남,16세,경상,승용,남,41세,상해없음
2014011900100219,2014년 1월 19일 13시,일요일,전라남도 함평군 해보면,중상사고,0,1,2,0,차대차 - 측면직각충돌,직진우회전진행방해,건조,맑음,교차로 - 교차로안,자전거,남,71세,경상,이륜,남,67세,중상
2014011900100240,2014년 1월 19일 14시,일요일,전라남도 순천시 가곡동,중상사고,0,1,0,0,차대사람 - 횡단중,안전운전불이행,건조,맑음,단일로 - 횡단보도부근,승용,여,46세,상해없음,보행자,여,79세,중상
2014011900100261,2014년 1월 19일 15시,일요일,전라남도 순천시 해룡면,경상사고,0,0,1,0,차대차 - 기타,안전운전불이행,건조,맑음,교차로 - 교차로부근,승용,남,56세,상해없음,승용,여,39세,상해없음
2014011900100303,2014년 1월 19일 17시,일요일,전라남도 목포시 대성동,중상사고,0,1,0,0,차대차 - 측면직각충돌,안전운전불이행,건조,흐림,단일로 - 기타,이륜,남,23세,중상,화물,남,51세,상해없음
2014011900100304,2014년 1월 19일 17시,일요일,전라남도 고흥군 대서면,경상사고,0,0,3,0,차대차 - 측면직각충돌,교차로운행방법위반,건조,맑음,교차로 - 교차로안,승용,남,49세,경상,승용,여,64세,경상
2014011900100335,2014년 1월 19일 18시,일요일,전라남도 목포시 상동,중상사고,0,1,0,0,차대차 - 측면직각충돌,안전운전불이행,습기,흐림,교차로 - 교차로부근,승용,여,39세,상해없음,이륜,남,16세,중상
2014011900100440,2014년 1월 19일 23시,일요일,전라남도 화순군 화순읍,경상사고,0,0,1,0,차대사람 - 기타,안전운전불이행,건조,맑음,기타 - 기타,화물,남,41세,상해없음,보행자,남,40세,경상
2014012000100035,2014년 1월 20일 03시,월요일,전라남도 목포시 죽교동,중상사고,0,1,0,0,차대사람 - 기타,안전운전불이행,습기,흐림,단일로 - 기타,승용,남,29세,상해없음,보행자,남,76세,중상
2014012000100051,2014년 1월 20일 04시,월요일,전라남도 영암군 삼호읍,경상사고,0,0,1,0,차대차 - 기타,차로위반,건조,맑음,단일로 - 기타,화물,남,46세,상해없음,승용,남,44세,경상
2014012000100077,2014년 1월 20일 06시,월요일,전라남도 목포시 산정동,사망사고,1,0,0,0,차대사람 - 차도통행중,안전운전불이행,습기,비,교차로 - 교차로안,승용,남,60세,상해없음,보행자,남,73세,사망
2014012000100078,2014년 1월 20일 06시,월요일,전라남도 광양시 광양읍,경상사고,0,0,6,0,차대차 - 추돌 - 진행중,안전거리미확보,습기,비,단일로 - 기타,특수,남,39세,상해없음,화물,남,63세,경상
2014012000100095,2014년 1월 20일 07시,월요일,전라남도 순천시 서면,중상사고,0,1,2,0,차대차 - 정면충돌,안전운전불이행,결빙,맑음,단일로 - 기타,승용,남,34세,경상,승용,남,52세,경상
2014012000100096,2014년 1월 20일 07시,월요일,전라남도 나주시 산포면,경상사고,0,0,7,0,차대차 - 기타,안전거리미확보,결빙,흐림,교차로 - 교차로부근,승용,남,37세,상해없음,승용,남,36세,상해없음
2014012000100097,2014년 1월 20일 07시,월요일,전라남도 보성군 노동면,경상사고,0,0,6,0,차대차 - 정면충돌,중앙선침범,결빙,흐림,단일로 - 기타,승용,남,44세,경상,승합,남,52세,경상
2014012000100098,2014년 1월 20일 07시,월요일,전라남도 함평군 신광면,중상사고,0,1,0,0,차대차 - 정면충돌,안전운전불이행,결빙,흐림,단일로 - 기타,승합,남,52세,상해없음,승용,남,54세,기타불명
2014012000100099,2014년 1월 20일 07시,월요일,전라남도 영암군 신북면,경상사고,0,0,1,0,차대차 - 기타,안전운전불이행,건조,맑음,단일로 - 기타,승용,여,58세,상해없음,승용,남,43세,경상
2014012000100100,2014년 1월 20일 07시,월요일,전라남도 담양군 남면,중상사고,0,2,0,0,차대사람 - 기타,안전운전불이행,결빙,흐림,단일로 - 기타,화물,남,54세,상해없음,보행자,남,66세,중상
2014012000100101,2014년 1월 20일 07시,월요일,전라남도 광양시 진상면,중상사고,0,3,1,0,차대차 - 정면충돌,중앙선침범,결빙,눈,단일로 - 기타,승용,여,48세,중상,승용,남,42세,경상
2014012000100149,2014년 1월 20일 08시,월요일,전라남도 나주시 동강면,중상사고,0,1,0,0,차대차 - 기타,안전운전불이행,결빙,흐림,단일로 - 기타,특수,남,34세,상해없음,화물,남,48세,상해없음
2014012000100150,2014년 1월 20일 08시,월요일,전라남도 화순군 이양면,중상사고,0,2,2,1,차대차 - 기타,안전운전불이행,결빙,흐림,단일로 - 기타,승합,남,70세,중상,승합,남,30세,부상신고
2014012000100190,2014년 1월 20일 09시,월요일,전라남도 순천시 남내동,경상사고,0,0,1,0,차대차 - 측면직각충돌,차로위반,건조,맑음,단일로 - 기타,화물,남,47세,상해없음,승용,여,51세,경상
2014012000100191,2014년 1월 20일 09시,월요일,전라남도 순천시 주암면,중상사고,0,1,3,0,차대차 - 기타,안전운전불이행,습기,흐림,단일로 - 기타,승용,남,55세,상해없음,승용,남,45세,경상
2014012000100192,2014년 1월 20일 09시,월요일,전라남도 영암군 영암읍,중상사고,0,1,0,0,차대사람 - 기타,안전운전불이행,건조,맑음,단일로 - 기타,승용,남,60세,상해없음,보행자,여,72세,중상
2014012000100231,2014년 1월 20일 10시,월요일,전라남도 화순군 능주면,중상사고,0,1,0,0,차대사람 - 횡단중,안전운전불이행,건조,맑음,기타 - 기타,승용,여,41세,상해없음,보행자,여,76세,중상
2014012000100232,2014년 1월 20일 10시,월요일,전라남도 곡성군 곡성읍,경상사고,0,0,2,0,차대차 - 기타,중앙선침범,결빙,눈,단일로 - 기타,건설기계,남,31세,상해없음,승용,여,47세,경상
2014012000100269,2014년 1월 20일 11시,월요일,전라남도 함평군 대동면,중상사고,0,1,6,0,차대차 - 측면직각충돌,중앙선침범,결빙,맑음,단일로 - 기타,화물,남,67세,중상,승합,남,45세,경상
2014012000100304,2014년 1월 20일 12시,월요일,전라남도 나주시 다시면,중상사고,0,1,0,0,차대차 - 기타,안전운전불이행,습기,맑음,단일로 - 기타,승용,남,40세,상해없음,자전거,여,74세,중상
2014012000100333,2014년 1월 20일 13시,월요일,전라남도 목포시 옥암동,경상사고,0,0,1,0,차대차 - 기타,차로위반,건조,맑음,단일로 - 기타,건설기계,남,39세,상해없음,승용,남,64세,경상
2014012000100334,2014년 1월 20일 13시,월요일,전라남도 광양시 마동,경상사고,0,0,2,0,차대차 - 추돌 - 진행중,안전거리미확보,건조,맑음,단일로 - 기타,승용,남,22세,경상,승용,남,50세,경상
2014012000100366,2014년 1월 20일 14시,월요일,전라남도 영암군 학산면,중상사고,0,1,0,0,차대차 - 측면직각충돌,직진우회전진행방해,건조,흐림,교차로 - 교차로안,승용,남,72세,상해없음,원동기,남,76세,중상
2014012000100367,2014년 1월 20일 14시,월요일,전라남도 장성군 황룡면,경상사고,0,0,1,0,차대차 - 추돌 - 진행중,안전운전불이행,건조,맑음,단일로 - 기타,화물,남,68세,상해없음,승용,남,75세,경상
2014012000100384,2014년 1월 20일 15시,월요일,전라남도 목포시 용당동,중상사고,0,1,0,0,차대사람 - 횡단중,보행자보호의무위반,건조,맑음,단일로 - 횡단보도상,승합,남,56세,상해없음,보행자,여,75세,중상
2014012000100424,2014년 1월 20일 16시,월요일,전라남도 목포시 산정동,경상사고,0,0,2,0,차대차 - 측면직각충돌,직진우회전진행방해,건조,맑음,교차로 - 교차로안,화물,남,47세,상해없음,승용,여,41세,경상
2014012000100425,2014년 1월 20일 16시,월요일,전라남도 고흥군 과역면,중상사고,0,1,0,0,차량단독 - 공작물충돌,안전운전불이행,건조,맑음,단일로 - 기타,화물,남,36세,중상,,,,
2014012000100452,2014년 1월 20일 17시,월요일,전라남도 보성군 벌교읍,중상사고,0,1,0,0,차대차 - 기타,안전운전불이행,건조,맑음,단일로 - 기타,이륜,여,71세,중상,승합,남,51세,상해없음
2014012000100497,2014년 1월 20일 18시,월요일,전라남도 순천시 남내동,중상사고,0,2,0,0,차대차 - 기타,직진우회전진행방해,건조,맑음,교차로 - 교차로안,승용,여,56세,상해없음,이륜,남,20세,중상
2014012000100548,2014년 1월 20일 19시,월요일,전라남도 순천시 연향동,중상사고,0,1,0,0,차대사람 - 횡단중,보행자보호의무위반,건조,맑음,단일로 - 횡단보도상,승용,남,29세,상해없음,보행자,여,58세,중상
2014012000100584,2014년 1월 20일 20시,월요일,전라남도 영암군 삼호읍,경상사고,0,0,1,0,차대차 - 추돌 - 주정차중,안전운전불이행,습기,비,교차로 - 교차로부근,화물,남,61세,상해없음,승용,남,55세,경상
2014012000100620,2014년 1월 20일 21시,월요일,전라남도 순천시 조례동,경상사고,0,0,1,0,차대차 - 측면직각충돌,안전운전불이행,건조,맑음,교차로 - 교차로안,승용,남,33세,상해없음,이륜,남,19세,경상
2014012000100621,2014년 1월 20일 21시,월요일,전라남도 순천시 왕지동,중상사고,0,1,2,0,차대차 - 측면직각충돌,교차로운행방법위반,습기,비,교차로 - 교차로안,승용,남,31세,경상,화물,남,39세,경상
2014012000100622,2014년 1월 20일 21시,월요일,전라남도 광양시 광양읍,경상사고,0,0,2,0,차대차 - 추돌 - 주정차중,안전운전불이행,적설,눈,단일로 - 기타,승용,남,50세,상해없음,승용,여,59세,상해없음
2014012100100020,2014년 1월 21일 01시,화요일,전라남도 목포시 죽교동,중상사고,0,2,0,0,차대차 - 기타,중앙선침범,건조,맑음,단일로 - 기타,화물,여,47세,상해없음,승용,남,23세,중상
2014012100100065,2014년 1월 21일 06시,화요일,전라남도 순천시 조례동,중상사고,0,1,0,0,차대차 - 기타,안전운전불이행,건조,맑음,교차로 - 교차로부근,승용,남,64세,상해없음,자전거,남,71세,중상
2014012100100080,2014년 1월 21일 07시,화요일,전라남도 함평군 학교면,경상사고,0,0,2,0,차대차 - 정면충돌,중앙선침범,결빙,눈,단일로 - 기타,승용,남,61세,상해없음,승용,남,40세,경상
2014012100100081,2014년 1월 21일 07시,화요일,전라남도 영암군 삼호읍,경상사고,0,0,2,0,차대차 - 측면직각충돌,기타,적설,눈,교차로 - 교차로안,승용,남,75세,경상,승용,여,38세,경상
2014012100100082,2014년 1월 21일 07시,화요일,전라남도 영암군 군서면,경상사고,0,0,1,0,차대차 - 측면직각충돌,안전운전불이행,적설,흐림,단일로 - 기타,화물,남,48세,상해없음,승용,여,39세,경상
2014012100100116,2014년 1월 21일 08시,화요일,전라남도 화순군 화순읍,경상사고,0,0,1,0,차대차 - 추돌 - 주정차중,안전운전불이행,결빙,눈,교차로 - 교차로부근,화물,남,49세,상해없음,승용,여,39세,경상
2014012100100154,2014년 1월 21일 09시,화요일,전라남도 장흥군 장흥읍,경상사고,0,0,1,0,차대차 - 정면충돌,안전운전불이행,건조,맑음,단일로 - 기타,화물,남,49세,상해없음,화물,남,41세,상해없음
2014012100100186,2014년 1월 21일 10시,화요일,전라남도 무안군 무안읍,경상사고,0,0,1,0,차대차 - 기타,안전운전불이행,적설,눈,단일로 - 기타,승용,여,39세,경상,승용,남,64세,상해없음
2014012100100210,2014년 1월 21일 11시,화요일,전라남도 여수시 중흥동,경상사고,0,0,3,0,차대차 - 측면직각충돌,신호위반,기타,흐림,교차로 - 교차로안,화물,남,39세,상해없음,승용,남,47세,경상
2014012100100226,2014년 1월 21일 12시,화요일,전라남도 순천시 조곡동,경상사고,0,0,3,0,차대차 - 측면직각충돌,안전운전불이행,결빙,맑음,교차로 - 교차로부근,승용,여,37세,상해없음,승용,여,45세,경상
2014012100100227,2014년 1월 21일 12시,화요일,전라남도 영광군 묘량면,중상사고,0,3,0,0,차량단독 - 도로외이탈 - 추락,안전운전불이행,건조,맑음,단일로 - 기타,승용,남,31세,중상,,,,
2014012100100249,2014년 1월 21일 13시,화요일,전라남도 순천시 동외동,경상사고,0,0,3,0,차대차 - 측면직각충돌,안전운전불이행,결빙,눈,교차로 - 교차로부근,화물,남,64세,상해없음,승용,여,56세,경상
2014012100100250,2014년 1월 21일 13시,화요일,전라남도 순천시 연향동,경상사고,0,0,2,0,차대차 - 측면직각충돌,안전거리미확보,건조,맑음,교차로 - 교차로안,승용,여,43세,경상,승용,남,45세,경상
2014012100100251,2014년 1월 21일 13시,화요일,전라남도 해남군 삼산면,경상사고,0,0,1,0,차대차 - 기타,안전운전불이행,습기,눈,단일로 - 기타,화물,남,42세,상해없음,화물,남,45세,경상
2014012100100273,2014년 1월 21일 14시,화요일,전라남도 광양시 광영동,경상사고,0,0,3,0,차대차 - 측면직각충돌,안전거리미확보,건조,맑음,교차로 - 교차로부근,승용,여,36세,경상,승용,남,49세,경상
2014012100100307,2014년 1월 21일 15시,화요일,전라남도 해남군 현산면,중상사고,0,1,2,1,차대차 - 기타,안전운전불이행,결빙,눈,단일로 - 터널,승용,남,38세,부상신고,화물,남,67세,경상
2014012100100308,2014년 1월 21일 15시,화요일,전라남도 해남군 송지면,경상사고,0,0,1,0,차대사람 - 기타,안전운전불이행,습기,눈,기타 - 기타,화물,남,43세,상해없음,보행자,남,62세,경상
2014012100100336,2014년 1월 21일 16시,화요일,전라남도 목포시 산정동,경상사고,0,0,1,0,차대차 - 측면직각충돌,직진우회전진행방해,습기,흐림,교차로 - 교차로안,승합,남,30세,상해없음,이륜,남,54세,경상
2014012100100337,2014년 1월 21일 16시,화요일,전라남도 여수시 서교동,중상사고,0,1,0,0,차대사람 - 횡단중,안전운전불이행,기타,맑음,단일로 - 횡단보도상,승용,남,64세,상해없음,보행자,여,62세,중상
2014012100100357,2014년 1월 21일 17시,화요일,전라남도 보성군 보성읍,경상사고,0,0,1,0,차대차 - 측면직각충돌,안전운전불이행,건조,맑음,교차로 - 교차로안,승용,여,60세,경상,화물,남,53세,상해없음
2014012100100358,2014년 1월 21일 17시,화요일,전라남도 담양군 금성면,경상사고,0,0,1,1,차대차 - 정면충돌,직진우회전진행방해,건조,맑음,교차로 - 교차로안,승용,남,60세,부상신고,승용,여,41세,경상
2014012100100396,2014년 1월 21일 18시,화요일,전라남도 담양군 담양읍,경상사고,0,0,3,0,차대차 - 추돌 - 주정차중,안전운전불이행,건조,맑음,단일로 - 기타,화물,남,53세,상해없음,승용,남,40세,경상
2014012100100437,2014년 1월 21일 19시,화요일,전라남도 목포시 상동,경상사고,0,0,1,0,차대사람 - 횡단중,보행자보호의무위반,건조,맑음,단일로 - 횡단보도상,기타불명,기타불명,기타불명,기타불명,보행자,남,23세,경상
2014012100100438,2014년 1월 21일 19시,화요일,전라남도 여수시 신기동,경상사고,0,0,1,0,차대사람 - 횡단중,안전운전불이행,건조,맑음,단일로 - 기타,승용,남,71세,상해없음,보행자,여,15세,경상
2014012200100013,2014년 1월 22일 00시,수요일,전라남도 순천시 조례동,경상사고,0,0,1,0,차대차 - 측면직각충돌,안전운전불이행,건조,맑음,단일로 - 기타,승용,남,26세,상해없음,승용,남,28세,경상
2014012200100014,2014년 1월 22일 00시,수요일,전라남도 광양시 광양읍,경상사고,0,0,2,0,차대차 - 측면직각충돌,직진우회전진행방해,건조,맑음,교차로 - 교차로안,승용,남,46세,경상,승용,남,54세,경상
2014012200100058,2014년 1월 22일 06시,수요일,전라남도 목포시 동명동,경상사고,0,0,1,0,차대차 - 정면충돌,신호위반,건조,맑음,교차로 - 교차로안,승용,남,23세,상해없음,승용,남,48세,상해없음
2014012200100059,2014년 1월 22일 06시,수요일,전라남도 광양시 광영동,경상사고,0,0,1,1,차대차 - 측면직각충돌,안전운전불이행,건조,맑음,교차로 - 교차로부근,승용,남,33세,부상신고,화물,남,43세,경상
2014012200100107,2014년 1월 22일 08시,수요일,전라남도 영광군 영광읍,경상사고,0,0,1,0,차대사람 - 기타,안전운전불이행,건조,맑음,교차로 - 교차로안,승용,여,59세,상해없음,보행자,여,18세,경상
2014012200100144,2014년 1월 22일 09시,수요일,전라남도 여수시 신기동,경상사고,0,0,1,0,차대차 - 기타,안전운전불이행,건조,맑음,교차로 - 교차로부근,화물,남,54세,상해없음,승용,여,41세,경상
2014012200100174,2014년 1월 22일 10시,수요일,전라남도 순천시 연향동,경상사고,0,0,1,0,차대차 - 기타,신호위반,건조,맑음,교차로 - 교차로안,이륜,남,75세,경상,승합,남,33세,상해없음
2014012200100227,2014년 1월 22일 12시,수요일,전라남도 순천시 저전동,부상신고사고,0,0,0,1,차대차 - 기타,직진우회전진행방해,건조,맑음,교차로 - 교차로안,승용,여,55세,상해없음,자전거,남,12세,부상신고
2014012200100249,2014년 1월 22일 13시,수요일,전라남도 영암군 덕진면,경상사고,0,0,4,0,차대차 - 추돌 - 주정차중,안전운전불이행,건조,맑음,교차로 - 교차로부근,화물,남,62세,상해없음,승용,남,62세,경상
2014012200100308,2014년 1월 22일 15시,수요일,전라남도 해남군 현산면,경상사고,0,0,1,0,차대사람 - 기타,안전운전불이행,건조,맑음,단일로 - 기타,승용,여,51세,상해없음,보행자,남,8세,경상
2014012200100309,2014년 1월 22일 15시,수요일,전라남도 해남군 해남읍,경상사고,0,0,1,0,차대차 - 추돌 - 진행중,안전거리미확보,건조,맑음,단일로 - 기타,승용,남,71세,상해없음,승용,남,36세,경상
2014012200100344,2014년 1월 22일 16시,수요일,전라남도 보성군 득량면,경상사고,0,0,2,0,차대차 - 측면직각충돌,안전거리미확보,건조,맑음,교차로 - 교차로안,승용,여,53세,상해없음,승용,남,53세,경상
2014012200100401,2014년 1월 22일 18시,수요일,전라남도 여수시 봉산동,경상사고,0,0,1,0,차대차 - 측면직각충돌,안전운전불이행,건조,맑음,교차로 - 교차로안,승용,여,33세,상해없음,이륜,남,59세,경상
2014012200100402,2014년 1월 22일 18시,수요일,전라남도 나주시 왕곡면,중상사고,0,1,1,0,차대차 - 추돌 - 진행중,안전운전불이행,건조,맑음,단일로 - 기타,승용,남,52세,경상,화물,남,50세,상해없음
2014012200100403,2014년 1월 22일 18시,수요일,전라남도 영암군 덕진면,경상사고,0,0,1,0,차대차 - 추돌 - 진행중,안전운전불이행,건조,맑음,단일로 - 기타,승용,남,40세,경상,화물,남,36세,상해없음
2014012200100485,2014년 1월 22일 20시,수요일,전라남도 여수시 충무동,경상사고,0,0,3,0,차대차 - 기타,안전운전불이행,건조,맑음,단일로 - 기타,승용,여,29세,상해없음,승용,남,35세,경상
2014012200100512,2014년 1월 22일 21시,수요일,전라남도 함평군 해보면,경상사고,0,0,1,0,차량단독 - 전도전복,안전운전불이행,건조,흐림,단일로 - 터널,승용,남,29세,상해없음,,,,
2014012200100513,2014년 1월 22일 21시,수요일,전라남도 광양시 광영동,경상사고,0,0,1,0,차대차 - 측면직각충돌,교차로운행방법위반,건조,맑음,교차로 - 교차로부근,승용,남,51세,상해없음,화물,남,45세,경상
2014012200100554,2014년 1월 22일 22시,수요일,전라남도 영암군 삼호읍,경상사고,0,0,2,0,차대차 - 측면직각충돌,중앙선침범,건조,맑음,단일로 - 기타,화물,남,69세,상해없음,승용,여,42세,경상
2014012300100113,2014년 1월 23일 07시,목요일,전라남도 완도군 군외면,경상사고,0,0,1,0,차량단독 - 기타,안전운전불이행,결빙,맑음,단일로 - 기타,화물,남,40세,경상,,,,
2014012300100139,2014년 1월 23일 08시,목요일,전라남도 여수시 남면,중상사고,0,1,0,0,차량단독 - 전도전복,안전운전불이행,결빙,맑음,단일로 - 기타,화물,남,31세,중상,,,,
2014012300100140,2014년 1월 23일 08시,목요일,전라남도 무안군 무안읍,중상사고,0,1,0,0,차대차 - 기타,직진우회전진행방해,건조,맑음,교차로 - 교차로안,원동기,남,49세,중상,승합,남,25세,상해없음
2014012300100177,2014년 1월 23일 09시,목요일,전라남도 장성군 장성읍,경상사고,0,0,1,0,차대차 - 기타,안전운전불이행,건조,맑음,단일로 - 기타,화물,남,54세,상해없음,화물,남,51세,경상
2014012300100178,2014년 1월 23일 09시,목요일,전라남도 무안군 일로읍,중상사고,0,1,1,0,차대차 - 측면직각충돌,직진우회전진행방해,건조,맑음,교차로 - 교차로안,화물,남,63세,경상,승용,여,63세,중상
2014012300100202,2014년 1월 23일 10시,목요일,전라남도 목포시 상동,경상사고,0,0,2,0,차대차 - 기타,안전운전불이행,건조,맑음,단일로 - 기타,화물,남,34세,경상,화물,남,35세,경상
2014012300100203,2014년 1월 23일 10시,목요일,전라남도 여수시 돌산읍,경상사고,0,0,2,0,차대차 - 기타,안전운전불이행,건조,맑음,단일로 - 기타,화물,남,75세,상해없음,화물,여,61세,경상
2014012300100204,2014년 1월 23일 10시,목요일,전라남도 해남군 산이면,경상사고,0,0,1,0,차대차 - 측면직각충돌,신호위반,건조,맑음,교차로 - 교차로안,건설기계,남,46세,상해없음,건설기계,남,44세,경상
2014012300100205,2014년 1월 23일 10시,목요일,전라남도 영광군 영광읍,중상사고,0,1,0,0,차대차 - 기타,안전운전불이행,건조,맑음,교차로 - 교차로안,이륜,남,80세,중상,화물,남,18세,상해없음
2014012300100206,2014년 1월 23일 10시,목요일,전라남도 광양시 옥곡면,경상사고,0,0,2,0,차대차 - 추돌 - 주정차중,안전운전불이행,건조,맑음,교차로 - 교차로부근,화물,남,44세,상해없음,승용,여,30세,경상
2014012300100307,2014년 1월 23일 14시,목요일,전라남도 순천시 장천동,경상사고,0,0,1,0,차대차 - 측면직각충돌,안전운전불이행,건조,맑음,교차로 - 교차로부근,승용,남,19세,상해없음,자전거,남,73세,경상
2014012300100308,2014년 1월 23일 14시,목요일,전라남도 영광군 법성면,중상사고,0,1,0,0,차대차 - 기타,안전운전불이행,건조,맑음,교차로 - 교차로안,승용,여,40세,상해없음,이륜,남,77세,중상
2014012300100334,2014년 1월 23일 15시,목요일,전라남도 영광군 영광읍,중상사고,0,1,0,0,차대차 - 기타,안전운전불이행,건조,맑음,단일로 - 기타,화물,남,81세,상해없음,원동기,남,76세,중상
2014012300100335,2014년 1월 23일 15시,목요일,전라남도 화순군 화순읍,중상사고,0,1,0,0,차대사람 - 기타,안전운전불이행,건조,맑음,단일로 - 횡단보도상,승용,남,44세,상해없음,보행자,여,69세,중상
2014012300100396,2014년 1월 23일 17시,목요일,전라남도 장흥군 장흥읍,경상사고,0,0,1,0,차대차 - 측면직각충돌,교차로운행방법위반,건조,맑음,교차로 - 교차로안,승용,여,39세,상해없음,승용,남,61세,경상
2014012300100432,2014년 1월 23일 18시,목요일,전라남도 목포시 대안동,중상사고,0,1,0,0,차대사람 - 기타,신호위반,건조,맑음,교차로 - 교차로안,승용,남,63세,상해없음,보행자,여,21세,중상
2014012300100433,2014년 1월 23일 18시,목요일,전라남도 순천시 연향동,경상사고,0,0,1,0,차대차 - 추돌 - 주정차중,안전거리미확보,건조,맑음,단일로 - 기타,화물,남,38세,상해없음,승용,여,41세,상해없음
2014012300100477,2014년 1월 23일 19시,목요일,전라남도 신안군 장산면,경상사고,0,0,1,0,차대사람 - 길가장자리구역통행중,안전운전불이행,건조,맑음,단일로 - 기타,화물,남,54세,상해없음,보행자,남,27세,경상
2014012300100478,2014년 1월 23일 19시,목요일,전라남도 나주시 남평읍,경상사고,0,0,2,0,차대차 - 기타,안전거리미확보,습기,기타,단일로 - 기타,화물,남,64세,상해없음,승용,남,37세,경상
2014012300100512,2014년 1월 23일 20시,목요일,전라남도 화순군 춘양면,사망사고,1,0,0,1,차량단독 - 전도전복,안전운전불이행,건조,맑음,단일로 - 기타,승용,남,60세,사망,,,,
2014012300100550,2014년 1월 23일 21시,목요일,전라남도 목포시 산정동,경상사고,0,0,1,0,차대사람 - 길가장자리구역통행중,안전운전불이행,건조,맑음,단일로 - 기타,승용,남,33세,상해없음,보행자,남,18세,경상
2014012300100587,2014년 1월 23일 22시,목요일,전라남도 순천시 조례동,중상사고,0,1,3,1,차대차 - 추돌 - 주정차중,안전운전불이행,건조,맑음,교차로 - 교차로부근,승용,남,16세,부상신고,승용,남,27세,중상
2014012300100588,2014년 1월 23일 22시,목요일,전라남도 무안군 삼향읍,중상사고,0,1,0,0,차대차 - 측면직각충돌,신호위반,건조,맑음,교차로 - 교차로안,이륜,남,20세,중상,승용,남,34세,상해없음
2014012400100042,2014년 1월 24일 01시,금요일,전라남도 여수시 화장동,경상사고,0,0,2,0,차대차 - 기타,교차로운행방법위반,건조,맑음,교차로 - 교차로안,승용,남,22세,상해없음,승용,여,30세,경상
2014012400100080,2014년 1월 24일 04시,금요일,전라남도 순천시 조례동,중상사고,0,1,1,0,차대차 - 측면직각충돌,안전운전불이행,건조,맑음,교차로 - 교차로안,원동기,남,19세,중상,승합,여,40세,경상
2014012400100121,2014년 1월 24일 07시,금요일,전라남도 목포시 동명동,경상사고,0,0,1,0,차대차 - 기타,안전운전불이행,건조,기타,단일로 - 기타,화물,남,33세,상해없음,화물,남,42세,경상
2014012400100122,2014년 1월 24일 07시,금요일,전라남도 강진군 도암면,중상사고,0,1,0,0,차대차 - 추돌 - 진행중,안전운전불이행,건조,맑음,단일로 - 기타,승용,남,53세,중상,건설기계,남,32세,상해없음
2014012400100123,2014년 1월 24일 07시,금요일,전라남도 담양군 담양읍,경상사고,0,0,1,0,차량단독 - 기타,안전운전불이행,건조,맑음,교차로 - 교차로부근,승합,남,57세,상해없음,,,,
2014012400100148,2014년 1월 24일 08시,금요일,전라남도 여수시 덕충동,중상사고,0,1,0,0,차대차 - 측면직각충돌,신호위반,건조,맑음,교차로 - 교차로안,승용,남,60세,상해없음,승용,여,31세,중상