사고번호,사고일시,요일,시군구,사고내용,사망자수,중상자수,경상자수,부상신고자수,사고유형,법규위반,노면상태,기상상태,도로형태,가해운전자 차종,가해운전자 성별,가해운전자 연령,가해운전자 상해정도,피해운전자 차종,피해운전자 성별,피해운전자 연령,피해운전자 상해정도
2014012400100149,2014년 1월 24일 08시,금요일,전라남도 순천시 남정동,경상사고,0,0,1,0,차대차 - 추돌 - 주정차중,안전운전불이행,건조,맑음,단일로 - 기타,화물,여,45세,상해없음,승용,남,33세,경상
2014012400100207,2014년 1월 24일 10시,금요일,전라남도 고흥군 고흥읍,경상사고,0,0,2,0,차대차 - 측면직각충돌,직진우회전진행방해,건조,맑음,교차로 - 교차로안,화물,남,62세,상해없음,승용,남,34세,경상
2014012400100227,2014년 1월 24일 11시,금요일,전라남도 보성군 미력면,중상사고,0,1,0,0,차대차 - 기타,안전운전불이행,건조,맑음,단일로 - 기타,화물,남,58세,상해없음,자전거,남,80세,중상
2014012400100247,2014년 1월 24일 12시,금요일,전라남도 장성군 북하면,중상사고,0,4,0,0,차대차 - 기타,중앙선침범,건조,맑음,교차로 - 교차로부근,승용,남,53세,중상,승용,남,63세,중상
2014012400100270,2014년 1월 24일 13시,금요일,전라남도 여수시 주삼동,경상사고,0,0,1,0,차대차 - 측면직각충돌,차로위반,건조,맑음,단일로 - 횡단보도부근,승용,남,38세,상해없음,승용,남,47세,경상
2014012400100291,2014년 1월 24일 14시,금요일,전라남도 목포시 옥암동,경상사고,0,0,1,0,차대차 - 추돌 - 진행중,안전운전불이행,건조,맑음,단일로 - 기타,승용,남,76세,경상,승용,남,65세,상해없음
2014012400100292,2014년 1월 24일 14시,금요일,전라남도 나주시 송월동,경상사고,0,0,1,0,차대사람 - 기타,안전운전불이행,건조,맑음,교차로 - 교차로부근,원동기,남,39세,상해없음,보행자,남,7세,경상
2014012400100293,2014년 1월 24일 14시,금요일,전라남도 강진군 군동면,경상사고,0,0,2,0,차대차 - 측면직각충돌,직진우회전진행방해,건조,맑음,교차로 - 교차로안,승용,남,24세,상해없음,승용,남,38세,경상
2014012400100317,2014년 1월 24일 15시,금요일,전라남도 나주시 금천면,중상사고,0,1,1,0,차대차 - 기타,신호위반,건조,맑음,교차로 - 교차로안,승용,남,51세,경상,승용,남,60세,중상
2014012400100350,2014년 1월 24일 16시,금요일,전라남도 강진군 칠량면,중상사고,0,1,0,0,차대차 - 추돌 - 진행중,과속,건조,맑음,단일로 - 기타,화물,남,35세,상해없음,화물,남,65세,중상
2014012400100351,2014년 1월 24일 16시,금요일,전라남도 광양시 중동,경상사고,0,0,1,0,차대사람 - 횡단중,보행자보호의무위반,건조,맑음,단일로 - 횡단보도상,기타불명,기타불명,기타불명,기타불명,보행자,여,11세,경상
2014012400100382,2014년 1월 24일 17시,금요일,전라남도 나주시 영산동,경상사고,0,0,2,0,차대차 - 측면직각충돌,교차로운행방법위반,건조,맑음,교차로 - 교차로안,화물,남,50세,경상,승용,남,62세,경상
2014012400100425,2014년 1월 24일 18시,금요일,전라남도 여수시 중흥동,중상사고,0,2,0,0,차대차 - 기타,교차로운행방법위반,건조,맑음,교차로 - 교차로안,화물,남,40세,상해없음,승용,남,51세,중상
2014012400100426,2014년 1월 24일 18시,금요일,전라남도 여수시 광무동,중상사고,0,1,0,0,차대사람 - 횡단중,안전운전불이행,건조,맑음,단일로 - 기타,승용,남,40세,상해없음,보행자,여,75세,중상
2014012400100427,2014년 1월 24일 18시,금요일,전라남도 고흥군 과역면,중상사고,0,1,2,0,차대차 - 추돌 - 주정차중,안전운전불이행,건조,맑음,단일로 - 기타,승용,남,40세,경상,화물,남,55세,경상
2014012400100428,2014년 1월 24일 18시,금요일,전라남도 진도군 지산면,중상사고,0,1,0,0,차대사람 - 차도통행중,안전운전불이행,건조,맑음,교차로 - 교차로부근,화물,남,73세,상해없음,보행자,남,34세,중상
2014012400100495,2014년 1월 24일 19시,금요일,전라남도 목포시 용당동,경상사고,0,0,3,0,차대차 - 정면충돌,중앙선침범,건조,맑음,교차로 - 교차로부근,승용,남,62세,상해없음,승용,여,35세,경상
2014012400100496,2014년 1월 24일 19시,금요일,전라남도 나주시 금천면,경상사고,0,0,2,0,차대차 - 측면직각충돌,신호위반,건조,맑음,교차로 - 교차로안,승용,여,30세,경상,승용,남,34세,경상
2014012400100539,2014년 1월 24일 20시,금요일,전라남도 순천시 가곡동,경상사고,0,0,1,0,차대차 - 측면직각충돌,신호위반,건조,맑음,교차로 - 교차로안,원동기,남,21세,경상,승용,남,32세,상해없음
2014012400100581,2014년 1월 24일 21시,금요일,전라남도 여수시 학동,경상사고,0,0,1,0,차대차 - 추돌 - 진행중,차로위반,건조,맑음,교차로 - 교차로안,승용,남,51세,상해없음,이륜,남,17세,경상
2014012400100582,2014년 1월 24일 21시,금요일,전라남도 영암군 삼호읍,경상사고,0,0,1,0,차대차 - 측면직각충돌,안전운전불이행,건조,맑음,교차로 - 교차로부근,승합,남,17세,상해없음,승용,남,41세,경상
2014012400100620,2014년 1월 24일 22시,금요일,전라남도 목포시 용당동,경상사고,0,0,1,0,차대사람 - 횡단중,보행자보호의무위반,건조,맑음,교차로 - 교차로부근,승용,남,40세,상해없음,보행자,남,61세,경상
2014012400100621,2014년 1월 24일 22시,금요일,전라남도 순천시 남정동,경상사고,0,0,2,0,차대차 - 기타,안전운전불이행,건조,맑음,단일로 - 기타,승합,남,45세,상해없음,승용,여,32세,경상
2014012400100622,2014년 1월 24일 22시,금요일,전라남도 순천시 동외동,경상사고,0,0,1,0,차대차 - 기타,안전운전불이행,건조,맑음,교차로 - 교차로안,승용,여,52세,상해없음,이륜,남,22세,경상
2014012400100623,2014년 1월 24일 22시,금요일,전라남도 순천시 덕월동,경상사고,0,0,1,0,차대사람 - 횡단중,안전운전불이행,건조,맑음,교차로 - 교차로부근,승용,여,41세,상해없음,보행자,남,41세,경상
2014012400100667,2014년 1월 24일 23시,금요일,전라남도 순천시 조례동,중상사고,0,1,0,0,차대사람 - 기타,보행자보호의무위반,건조,맑음,단일로 - 횡단보도상,승용,여,42세,상해없음,보행자,남,51세,중상
2014012400100668,2014년 1월 24일 23시,금요일,전라남도 나주시 산정동,중상사고,0,1,0,0,차량단독 - 공작물충돌,안전운전불이행,건조,맑음,단일로 - 기타,화물,남,22세,중상,,,,
2014012500100115,2014년 1월 25일 05시,토요일,전라남도 여수시 화양면,경상사고,0,0,1,1,차량단독 - 공작물충돌,안전운전불이행,건조,맑음,단일로 - 기타,승용,남,24세,부상신고,,,,
2014012500100135,2014년 1월 25일 06시,토요일,전라남도 여수시 선원동,경상사고,0,0,1,0,차대차 - 기타,신호위반,건조,맑음,교차로 - 교차로안,화물,남,41세,상해없음,승용,남,51세,경상
2014012500100207,2014년 1월 25일 09시,토요일,전라남도 구례군 구례읍,중상사고,0,1,0,0,차대사람 - 기타,안전운전불이행,건조,맑음,기타 - 기타,승용,남,73세,상해없음,보행자,남,51세,중상
2014012500100228,2014년 1월 25일 10시,토요일,전라남도 신안군 암태면,중상사고,0,1,0,0,차대사람 - 횡단중,안전운전불이행,건조,맑음,교차로 - 교차로부근,화물,남,50세,상해없음,보행자,여,75세,중상
2014012500100229,2014년 1월 25일 10시,토요일,전라남도 순천시 덕월동,경상사고,0,0,2,0,차대차 - 측면직각충돌,안전운전불이행,건조,맑음,교차로 - 교차로부근,승용,여,30세,상해없음,승합,남,56세,경상
2014012500100246,2014년 1월 25일 11시,토요일,전라남도 목포시 옥암동,경상사고,0,0,1,0,차대차 - 기타,안전운전불이행,건조,맑음,교차로 - 교차로부근,승용,남,24세,상해없음,승용,남,51세,상해없음
2014012500100247,2014년 1월 25일 11시,토요일,전라남도 여수시 화장동,중상사고,0,1,0,0,차대차 - 측면직각충돌,신호위반,건조,맑음,교차로 - 교차로안,승합,남,56세,상해없음,이륜,남,19세,중상
2014012500100270,2014년 1월 25일 12시,토요일,전라남도 담양군 담양읍,중상사고,0,1,0,0,차대차 - 측면직각충돌,안전운전불이행,건조,맑음,교차로 - 교차로안,원동기,남,78세,중상,승용,남,29세,상해없음
2014012500100302,2014년 1월 25일 13시,토요일,전라남도 영광군 영광읍,중상사고,0,1,0,0,차대차 - 측면직각충돌,안전운전불이행,건조,맑음,교차로 - 교차로안,화물,남,66세,상해없음,이륜,남,83세,중상
2014012500100303,2014년 1월 25일 13시,토요일,전라남도 구례군 구례읍,경상사고,0,0,1,0,차량단독 - 공작물충돌,안전운전불이행,습기,비,단일로 - 기타,화물,남,38세,상해없음,,,,
2014012500100329,2014년 1월 25일 14시,토요일,전라남도 여수시 돌산읍,경상사고,0,0,2,0,차대차 - 측면직각충돌,안전거리미확보,건조,맑음,교차로 - 교차로부근,화물,남,61세,상해없음,승용,여,52세,경상
2014012500100330,2014년 1월 25일 14시,토요일,전라남도 나주시 금천면,사망사고,1,0,0,0,차량단독 - 공작물충돌,안전운전불이행,습기,흐림,단일로 - 기타,승용,남,59세,사망,,,,
2014012500100331,2014년 1월 25일 14시,토요일,전라남도 나주시 송월동,중상사고,0,1,0,0,차대사람 - 기타,기타,건조,맑음,단일로 - 기타,화물,남,45세,상해없음,보행자,남,4세,중상
2014012500100332,2014년 1월 25일 14시,토요일,전라남도 강진군 강진읍,경상사고,0,0,1,0,차대사람 - 횡단중,안전운전불이행,건조,맑음,단일로 - 횡단보도상,승용,남,48세,기타불명,보행자,남,8세,경상
2014012500100356,2014년 1월 25일 15시,토요일,전라남도 여수시 신기동,경상사고,0,0,2,0,차대차 - 측면직각충돌,안전운전불이행,건조,맑음,단일로 - 기타,승용,남,34세,상해없음,승용,남,29세,경상
2014012500100380,2014년 1월 25일 16시,토요일,전라남도 여수시 남산동,경상사고,0,0,1,0,차대차 - 정면충돌,안전거리미확보,습기,흐림,단일로 - 기타,원동기,남,57세,경상,승용,남,67세,상해없음
2014012500100408,2014년 1월 25일 17시,토요일,전라남도 나주시 금천면,경상사고,0,0,2,0,차대차 - 추돌 - 진행중,안전운전불이행,건조,맑음,단일로 - 기타,승용,남,51세,상해없음,승용,남,43세,경상
2014012500100409,2014년 1월 25일 17시,토요일,전라남도 무안군 현경면,경상사고,0,0,1,1,차대차 - 측면직각충돌,직진우회전진행방해,건조,맑음,교차로 - 교차로안,화물,남,68세,부상신고,건설기계,남,52세,경상
2014012500100446,2014년 1월 25일 18시,토요일,전라남도 광양시 성황동,경상사고,0,0,3,0,차대차 - 추돌 - 진행중,신호위반,건조,맑음,교차로 - 교차로안,승용,남,52세,경상,승용,남,51세,경상
2014012500100479,2014년 1월 25일 19시,토요일,전라남도 목포시 옥암동,경상사고,0,0,1,0,차대차 - 기타,안전운전불이행,건조,맑음,기타 - 기타,이륜,남,20세,경상,승용,남,60세,상해없음
2014012500100480,2014년 1월 25일 19시,토요일,전라남도 광양시 금호동,경상사고,0,0,1,0,차대차 - 추돌 - 진행중,안전운전불이행,기타,기타,미분류 - 미분류,승용,남,48세,경상,건설기계,남,53세,상해없음
2014012500100538,2014년 1월 25일 21시,토요일,전라남도 목포시 죽교동,경상사고,0,0,1,0,차대차 - 기타,안전운전불이행,건조,맑음,단일로 - 기타,승용,남,40세,상해없음,승용,남,34세,상해없음
2014012500100539,2014년 1월 25일 21시,토요일,전라남도 여수시 봉산동,경상사고,0,0,1,0,차대차 - 측면직각충돌,안전운전불이행,건조,맑음,교차로 - 교차로안,승용,남,52세,상해없음,승용,남,45세,경상
2014012500100540,2014년 1월 25일 21시,토요일,전라남도 나주시 남평읍,중상사고,0,1,1,0,차대차 - 측면직각충돌,신호위반,건조,맑음,교차로 - 교차로안,승용,여,43세,중상,승용,남,41세,경상
2014012600100011,2014년 1월 26일 00시,일요일,전라남도 진도군 의신면,중상사고,0,1,0,0,차량단독 - 도로외이탈 - 기타,안전운전불이행,건조,맑음,단일로 - 기타,승용,여,33세,상해없음,,,,
2014012600100034,2014년 1월 26일 02시,일요일,전라남도 목포시 옥암동,경상사고,0,0,1,0,차대차 - 측면직각충돌,신호위반,건조,맑음,교차로 - 교차로안,승용,남,24세,상해없음,승용,남,52세,상해없음
2014012600100051,2014년 1월 26일 04시,일요일,전라남도 여수시 여서동,경상사고,0,0,1,0,차대사람 - 길가장자리구역통행중,안전운전불이행,건조,맑음,교차로 - 교차로안,승합,남,50세,상해없음,보행자,여,19세,경상
2014012600100065,2014년 1월 26일 05시,일요일,전라남도 담양군 고서면,중상사고,0,1,0,0,차량단독 - 전도전복,안전운전불이행,건조,흐림,단일로 - 기타,승용,여,23세,중상,,,,
2014012600100109,2014년 1월 26일 08시,일요일,전라남도 무안군 현경면,경상사고,0,0,2,0,차대차 - 기타,중앙선침범,건조,맑음,단일로 - 기타,승용,남,37세,상해없음,화물,남,24세,경상
2014012600100129,2014년 1월 26일 09시,일요일,전라남도 목포시 북교동,중상사고,0,2,0,0,차대차 - 측면직각충돌,교차로운행방법위반,건조,맑음,교차로 - 교차로안,승용,남,34세,상해없음,이륜,남,76세,중상
2014012600100151,2014년 1월 26일 10시,일요일,전라남도 목포시 죽교동,경상사고,0,0,1,0,차대차 - 측면직각충돌,교차로운행방법위반,건조,맑음,교차로 - 교차로안,승용,남,80세,상해없음,승용,여,36세,경상
2014012600100184,2014년 1월 26일 12시,일요일,전라남도 영암군 학산면,중상사고,0,1,2,0,차대차 - 추돌 - 진행중,안전운전불이행,건조,맑음,교차로 - 교차로부근,승합,남,46세,상해없음,승용,여,33세,경상
2014012600100211,2014년 1월 26일 13시,일요일,전라남도 광양시 광양읍,중상사고,0,1,0,0,차대차 - 추돌 - 주정차중,안전운전불이행,건조,맑음,단일로 - 기타,원동기,여,60세,중상,승용,여,49세,기타불명
2014012600100306,2014년 1월 26일 17시,일요일,전라남도 여수시 학동,경상사고,0,0,1,0,차대차 - 측면직각충돌,안전운전불이행,건조,맑음,단일로 - 기타,승용,여,53세,상해없음,승용,여,32세,기타불명
2014012600100307,2014년 1월 26일 17시,일요일,전라남도 무안군 청계면,사망사고,1,1,3,0,차대차 - 추돌 - 주정차중,안전운전불이행,건조,맑음,교차로 - 교차로부근,화물,남,56세,사망,승용,남,57세,경상
2014012600100400,2014년 1월 26일 21시,일요일,전라남도 목포시 대성동,경상사고,0,0,1,1,차대차 - 기타,중앙선침범,건조,맑음,단일로 - 기타,승용,남,58세,부상신고,승용,여,58세,경상
2014012600100401,2014년 1월 26일 21시,일요일,전라남도 순천시 덕암동,중상사고,0,1,0,0,차대차 - 측면직각충돌,안전운전불이행,건조,맑음,단일로 - 기타,승용,남,23세,상해없음,승용,남,54세,중상
2014012600100429,2014년 1월 26일 23시,일요일,전라남도 영광군 묘량면,경상사고,0,0,1,0,차량단독 - 전도전복,안전운전불이행,결빙,맑음,단일로 - 기타,승용,여,34세,상해없음,,,,
2014012700100050,2014년 1월 27일 05시,월요일,전라남도 목포시 연산동,경상사고,0,0,1,0,차대차 - 추돌 - 주정차중,안전거리미확보,건조,맑음,교차로 - 교차로부근,승용,여,35세,상해없음,승용,여,55세,경상
2014012700100083,2014년 1월 27일 07시,월요일,전라남도 광양시 금호동,경상사고,0,0,2,0,차대차 - 측면직각충돌,신호위반,건조,맑음,교차로 - 교차로안,승용,남,37세,상해없음,승용,남,26세,경상
2014012700100108,2014년 1월 27일 08시,월요일,전라남도 순천시 조례동,중상사고,0,1,0,0,차대사람 - 기타,안전운전불이행,건조,맑음,기타 - 기타,승용,여,33세,상해없음,보행자,여,74세,중상
2014012700100109,2014년 1월 27일 08시,월요일,전라남도 구례군 구례읍,경상사고,0,0,2,0,차대차 - 추돌 - 진행중,안전운전불이행,건조,맑음,교차로 - 교차로부근,화물,남,48세,상해없음,승용,남,25세,경상
2014012700100134,2014년 1월 27일 09시,월요일,전라남도 나주시 죽림동,경상사고,0,0,2,0,차대차 - 측면직각충돌,교차로운행방법위반,건조,맑음,교차로 - 교차로안,승합,남,59세,경상,승용,여,57세,경상
2014012700100168,2014년 1월 27일 10시,월요일,전라남도 순천시 해룡면,경상사고,0,0,1,0,차대차 - 기타,안전운전불이행,건조,맑음,교차로 - 교차로안,화물,남,30세,경상,건설기계,남,47세,상해없음
2014012700100217,2014년 1월 27일 12시,월요일,전라남도 순천시 상사면,중상사고,0,1,0,0,차대차 - 기타,직진우회전진행방해,건조,맑음,교차로 - 교차로안,승용,남,52세,상해없음,자전거,남,76세,중상
2014012700100218,2014년 1월 27일 12시,월요일,전라남도 영암군 영암읍,중상사고,0,1,0,0,차대차 - 측면직각충돌,신호위반,건조,맑음,교차로 - 교차로안,승용,남,31세,상해없음,원동기,남,80세,중상
2014012700100219,2014년 1월 27일 12시,월요일,전라남도 광양시 광영동,경상사고,0,0,1,0,차대차 - 측면직각충돌,직진우회전진행방해,건조,맑음,교차로 - 교차로안,승용,남,39세,상해없음,승용,남,44세,경상
2014012700100220,2014년 1월 27일 12시,월요일,전라남도 광양시 광양읍,경상사고,0,0,1,0,차대차 - 추돌 - 진행중,안전거리미확보,건조,맑음,교차로 - 교차로부근,승합,남,58세,상해없음,승용,남,36세,경상
2014012700100281,2014년 1월 27일 14시,월요일,전라남도 순천시 해룡면,경상사고,0,0,1,0,차대사람 - 기타,안전운전불이행,건조,맑음,기타 - 기타,건설기계,남,46세,상해없음,보행자,여,74세,경상
2014012700100282,2014년 1월 27일 14시,월요일,전라남도 해남군 문내면,중상사고,0,1,0,0,차대차 - 기타,안전운전불이행,건조,맑음,단일로 - 기타,원동기,남,68세,중상,승용,남,58세,상해없음
2014012700100283,2014년 1월 27일 14시,월요일,전라남도 곡성군 옥과면,중상사고,0,1,0,0,차대사람 - 기타,보행자보호의무위반,건조,맑음,단일로 - 기타,건설기계,남,41세,상해없음,보행자,남,12세,중상
2014012700100284,2014년 1월 27일 14시,월요일,전라남도 무안군 무안읍,경상사고,0,0,1,0,차대차 - 추돌 - 진행중,안전운전불이행,건조,맑음,단일로 - 기타,승용,남,54세,상해없음,승용,여,48세,경상
2014012700100317,2014년 1월 27일 15시,월요일,전라남도 순천시 조례동,중상사고,0,1,0,0,차대사람 - 횡단중,안전운전불이행,건조,맑음,교차로 - 교차로부근,승용,남,54세,상해없음,보행자,여,71세,중상
2014012700100350,2014년 1월 27일 16시,월요일,전라남도 신안군 압해읍,중상사고,0,1,2,0,차대차 - 측면직각충돌,교차로운행방법위반,건조,맑음,교차로 - 교차로안,화물,남,55세,경상,승용,남,62세,중상
2014012700100351,2014년 1월 27일 16시,월요일,전라남도 순천시 장천동,중상사고,0,1,0,0,차대차 - 측면직각충돌,신호위반,건조,맑음,단일로 - 횡단보도상,승용,여,41세,상해없음,자전거,남,71세,중상
2014012700100352,2014년 1월 27일 16시,월요일,전라남도 영암군 삼호읍,경상사고,0,0,2,0,차대차 - 측면직각충돌,직진우회전진행방해,건조,맑음,교차로 - 교차로안,승용,여,25세,경상,승용,남,44세,경상
2014012700100353,2014년 1월 27일 16시,월요일,전라남도 영암군 삼호읍,중상사고,0,1,5,0,차대차 - 측면직각충돌,직진우회전진행방해,건조,맑음,교차로 - 교차로안,승용,남,61세,경상,화물,남,51세,경상
2014012700100354,2014년 1월 27일 16시,월요일,전라남도 장성군 삼계면,경상사고,0,0,1,0,차대차 - 기타,안전운전불이행,건조,맑음,단일로 - 기타,화물,남,66세,상해없음,원동기,남,21세,경상
2014012700100375,2014년 1월 27일 17시,월요일,전라남도 순천시 조례동,중상사고,0,1,0,0,차대차 - 기타,안전운전불이행,건조,맑음,교차로 - 교차로안,승합,남,52세,상해없음,원동기,남,17세,중상
2014012700100410,2014년 1월 27일 18시,월요일,전라남도 나주시 송월동,경상사고,0,0,3,0,차대차 - 추돌 - 진행중,안전운전불이행,건조,맑음,교차로 - 교차로부근,화물,남,63세,경상,승용,여,40세,경상
2014012700100444,2014년 1월 27일 19시,월요일,전라남도 진도군 의신면,경상사고,0,0,1,0,차대차 - 기타,중앙선침범,건조,맑음,단일로 - 기타,자전거,여,21세,경상,화물,남,48세,상해없음
2014012700100468,2014년 1월 27일 20시,월요일,전라남도 목포시 옥암동,경상사고,0,0,2,0,차대차 - 측면직각충돌,교차로운행방법위반,건조,맑음,단일로 - 기타,승용,남,49세,상해없음,승용,여,58세,경상
2014012700100469,2014년 1월 27일 20시,월요일,전라남도 여수시 신기동,경상사고,0,0,1,0,차대사람 - 횡단중,보행자보호의무위반,건조,맑음,단일로 - 횡단보도상,승용,남,26세,상해없음,보행자,여,36세,경상
2014012700100470,2014년 1월 27일 20시,월요일,전라남도 완도군 완도읍,경상사고,0,0,3,0,차대차 - 추돌 - 주정차중,안전운전불이행,건조,맑음,교차로 - 교차로부근,화물,남,60세,상해없음,승용,남,48세,경상
2014012700100510,2014년 1월 27일 21시,월요일,전라남도 여수시 선원동,경상사고,0,0,1,0,차대차 - 추돌 - 주정차중,안전운전불이행,건조,맑음,교차로 - 교차로부근,승용,남,27세,상해없음,승용,남,39세,경상
2014012700100511,2014년 1월 27일 21시,월요일,전라남도 여수시 봉강동,중상사고,0,1,0,0,차대사람 - 횡단중,안전운전불이행,건조,맑음,교차로 - 교차로안,승용,남,61세,상해없음,보행자,남,53세,중상
2014012700100512,2014년 1월 27일 21시,월요일,전라남도 진도군 진도읍,중상사고,0,1,3,0,차대차 - 정면충돌,중앙선침범,건조,맑음,교차로 - 교차로부근,화물,남,45세,중상,승용,남,34세,경상
2014012700100544,2014년 1월 27일 22시,월요일,전라남도 고흥군 두원면,사망사고,1,0,0,0,차대차 - 정면충돌,안전운전불이행,건조,맑음,단일로 - 기타,화물,남,46세,상해없음,이륜,여,52세,사망
2014012700100567,2014년 1월 27일 23시,월요일,전라남도 순천시 왕지동,경상사고,0,0,3,0,차대차 - 기타,안전운전불이행,건조,맑음,교차로 - 교차로부근,승용,남,28세,상해없음,승용,여,48세,경상
2014012800100025,2014년 1월 28일 01시,화요일,전라남도 목포시 옥암동,중상사고,0,1,0,0,차대사람 - 기타,안전운전불이행,건조,맑음,단일로 - 기타,승용,여,46세,상해없음,보행자,남,40세,중상
2014012800100080,2014년 1월 28일 05시,화요일,전라남도 목포시 용당동,중상사고,0,1,0,0,차대사람 - 기타,안전운전불이행,건조,맑음,단일로 - 기타,승용,남,27세,상해없음,보행자,여,72세,중상
2014012800100207,2014년 1월 28일 08시,화요일,전라남도 여수시 학동,중상사고,0,1,2,0,차대차 - 측면직각충돌,안전운전불이행,건조,맑음,단일로 - 기타,승용,여,54세,상해없음,승합,남,51세,상해없음
2014012800100208,2014년 1월 28일 08시,화요일,전라남도 광양시 광양읍,경상사고,0,0,1,0,차대차 - 측면직각충돌,직진우회전진행방해,건조,맑음,교차로 - 교차로안,승합,남,68세,상해없음,승용,여,46세,경상
2014012800100273,2014년 1월 28일 10시,화요일,전라남도 순천시 연향동,중상사고,0,1,0,0,차대사람 - 보도통행중,기타,건조,맑음,단일로 - 기타,화물,남,43세,상해없음,보행자,남,72세,중상
2014012800100302,2014년 1월 28일 11시,화요일,전라남도 목포시 석현동,경상사고,0,0,1,0,차대차 - 추돌 - 진행중,안전거리미확보,건조,맑음,교차로 - 교차로안,승용,여,40세,상해없음,승용,남,35세,경상
2014012800100334,2014년 1월 28일 12시,화요일,전라남도 나주시 금성동,경상사고,0,0,1,0,차대차 - 추돌 - 주정차중,안전운전불이행,건조,맑음,교차로 - 교차로부근,승용,남,56세,경상,승용,남,37세,상해없음
2014012800100367,2014년 1월 28일 13시,화요일,전라남도 장흥군 장동면,경상사고,0,0,2,0,차대차 - 추돌 - 진행중,안전운전불이행,건조,맑음,단일로 - 기타,화물,남,60세,상해없음,승합,남,45세,경상
2014012800100368,2014년 1월 28일 13시,화요일,전라남도 무안군 무안읍,경상사고,0,0,1,0,차대차 - 측면직각충돌,안전운전불이행,건조,맑음,교차로 - 교차로안,이륜,남,71세,경상,승용,남,59세,상해없음
2014012800100406,2014년 1월 28일 14시,화요일,전라남도 여수시 신기동,중상사고,0,1,0,0,차대사람 - 횡단중,보행자보호의무위반,건조,맑음,단일로 - 횡단보도상,승용,여,45세,상해없음,보행자,남,62세,중상
2014012800100441,2014년 1월 28일 15시,화요일,전라남도 강진군 강진읍,경상사고,0,0,1,1,차대차 - 측면직각충돌,직진우회전진행방해,건조,맑음,교차로 - 교차로안,승용,남,26세,부상신고,화물,남,46세,경상
2014012800100480,2014년 1월 28일 16시,화요일,전라남도 여수시 문수동,경상사고,0,0,3,0,차대차 - 측면직각충돌,교차로운행방법위반,건조,맑음,교차로 - 교차로안,승용,남,45세,상해없음,승용,여,47세,상해없음
2014012800100481,2014년 1월 28일 16시,화요일,전라남도 곡성군 곡성읍,중상사고,0,1,0,0,차량단독 - 기타,안전운전불이행,건조,맑음,교차로 - 교차로부근,원동기,남,72세,중상,,,,
2014012800100515,2014년 1월 28일 17시,화요일,전라남도 목포시 옥암동,경상사고,0,0,4,0,차대차 - 추돌 - 진행중,안전운전불이행,건조,맑음,단일로 - 기타,승용,남,83세,경상,화물,남,50세,경상
2014012800100516,2014년 1월 28일 17시,화요일,전라남도 영광군 영광읍,경상사고,0,0,1,1,차대차 - 측면직각충돌,안전운전불이행,건조,맑음,교차로 - 교차로안,승용,여,47세,부상신고,승용,남,53세,경상
2014012800100517,2014년 1월 28일 17시,화요일,전라남도 진도군 임회면,경상사고,0,0,2,0,차대차 - 기타,중앙선침범,건조,맑음,단일로 - 기타,승용,남,65세,상해없음,승합,여,48세,경상
2014012800100559,2014년 1월 28일 18시,화요일,전라남도 순천시 조곡동,경상사고,0,0,3,0,차대차 - 기타,안전운전불이행,건조,맑음,교차로 - 교차로안,승용,남,48세,상해없음,화물,여,49세,경상
2014012800100595,2014년 1월 28일 19시,화요일,전라남도 여수시 학동,경상사고,0,0,1,0,차대차 - 추돌 - 주정차중,안전운전불이행,건조,맑음,교차로 - 교차로부근,승용,남,40세,상해없음,승용,남,44세,상해없음
2014012800100626,2014년 1월 28일 20시,화요일,전라남도 목포시 용해동,경상사고,0,0,2,0,차대차 - 측면직각충돌,신호위반,건조,맑음,교차로 - 교차로안,승용,남,59세,상해없음,승용,남,57세,경상
2014012800100678,2014년 1월 28일 22시,화요일,전라남도 여수시 학동,부상신고사고,0,0,0,1,차대사람 - 기타,안전운전불이행,건조,맑음,미분류 - 미분류,기타불명,기타불명,기타불명,기타불명,보행자,남,24세,부상신고
2014012800100679,2014년 1월 28일 22시,화요일,전라남도 영암군 삼호읍,경상사고,0,0,1,0,차대차 - 정면충돌,중앙선침범,건조,흐림,단일로 - 기타,승용,남,49세,상해없음,승용,남,46세,경상
2014012800100713,2014년 1월 28일 23시,화요일,전라남도 목포시 옥암동,경상사고,0,0,1,1,차대사람 - 기타,안전운전불이행,건조,맑음,교차로 - 교차로안,원동기,남,17세,상해없음,보행자,남,47세,경상
2014012800100714,2014년 1월 28일 23시,화요일,전라남도 목포시 상동,경상사고,0,0,1,0,차대사람 - 길가장자리구역통행중,안전운전불이행,건조,맑음,단일로 - 기타,기타불명,기타불명,기타불명,기타불명,보행자,남,55세,경상
2014012800100715,2014년 1월 28일 23시,화요일,전라남도 나주시 이창동,경상사고,0,0,1,0,차대사람 - 기타,안전운전불이행,건조,맑음,단일로 - 기타,승용,남,30세,상해없음,보행자,남,39세,경상
2014012800100716,2014년 1월 28일 23시,화요일,전라남도 광양시 중동,경상사고,0,0,1,0,차대사람 - 횡단중,안전운전불이행,건조,맑음,교차로 - 교차로안,승용,남,31세,상해없음,보행자,남,60세,경상
2014012900100023,2014년 1월 29일 00시,수요일,전라남도 목포시 상동,중상사고,0,1,2,0,차대차 - 측면직각충돌,직진우회전진행방해,건조,맑음,교차로 - 교차로안,승용,남,37세,상해없음,승합,남,46세,중상