사고번호,사고일시,요일,시군구,사고내용,사망자수,중상자수,경상자수,부상신고자수,사고유형,법규위반,노면상태,기상상태,도로형태,가해운전자 차종,가해운전자 성별,가해운전자 연령,가해운전자 상해정도,피해운전자 차종,피해운전자 성별,피해운전자 연령,피해운전자 상해정도
2014020900100085,2014년 2월 9일 05시,일요일,전라남도 순천시 조곡동,경상사고,0,0,1,0,차대차 - 기타,안전운전불이행,건조,맑음,교차로 - 교차로안,승용,남,27세,상해없음,승용,남,50세,경상
2014020900100107,2014년 2월 9일 08시,일요일,전라남도 여수시 돌산읍,경상사고,0,0,1,0,차대차 - 기타,안전운전불이행,건조,맑음,단일로 - 기타,승용,남,67세,상해없음,자전거,남,67세,경상
2014020900100117,2014년 2월 9일 09시,일요일,전라남도 광양시 광양읍,경상사고,0,0,4,0,차대차 - 추돌 - 주정차중,안전운전불이행,건조,맑음,교차로 - 교차로부근,승용,남,46세,경상,승용,여,39세,경상
2014020900100169,2014년 2월 9일 13시,일요일,전라남도 목포시 용해동,중상사고,0,1,0,0,차대사람 - 기타,안전운전불이행,건조,맑음,단일로 - 기타,승용,남,63세,상해없음,보행자,남,6세,중상
2014020900100192,2014년 2월 9일 14시,일요일,전라남도 여수시 오림동,경상사고,0,0,1,0,차대차 - 추돌 - 진행중,안전운전불이행,건조,맑음,교차로 - 교차로부근,승용,남,33세,상해없음,승용,남,40세,경상
2014020900100193,2014년 2월 9일 14시,일요일,전라남도 나주시 산포면,부상신고사고,0,0,0,1,차대차 - 기타,직진우회전진행방해,건조,맑음,교차로 - 교차로안,승용,남,57세,부상신고,건설기계,남,51세,상해없음
2014020900100213,2014년 2월 9일 15시,일요일,전라남도 신안군 자은면,중상사고,0,2,0,0,차대차 - 기타,중앙선침범,건조,맑음,기타 - 기타,승용,남,52세,상해없음,화물,남,58세,중상
2014020900100214,2014년 2월 9일 15시,일요일,전라남도 장흥군 장흥읍,경상사고,0,0,1,0,차대차 - 측면직각충돌,교차로운행방법위반,건조,맑음,교차로 - 교차로안,승용,여,29세,상해없음,승용,남,41세,상해없음
2014020900100215,2014년 2월 9일 15시,일요일,전라남도 고흥군 도양읍,중상사고,0,1,3,2,차대차 - 측면직각충돌,교차로운행방법위반,건조,맑음,교차로 - 교차로안,승합,여,40세,부상신고,승용,여,41세,경상
2014020900100290,2014년 2월 9일 18시,일요일,전라남도 목포시 산정동,경상사고,0,0,1,0,차대차 - 기타,신호위반,건조,맑음,교차로 - 교차로안,승용,남,62세,상해없음,승용,여,25세,경상
2014020900100291,2014년 2월 9일 18시,일요일,전라남도 장성군 삼서면,경상사고,0,0,1,0,차대차 - 추돌 - 진행중,안전운전불이행,건조,맑음,단일로 - 기타,승용,남,52세,상해없음,승용,남,25세,경상
2014020900100315,2014년 2월 9일 19시,일요일,전라남도 여수시 둔덕동,경상사고,0,0,1,0,차대차 - 추돌 - 주정차중,안전운전불이행,건조,맑음,교차로 - 교차로부근,승용,남,51세,상해없음,승용,남,49세,경상
2014020900100341,2014년 2월 9일 20시,일요일,전라남도 순천시 덕월동,경상사고,0,0,1,0,차대사람 - 차도통행중,안전운전불이행,건조,맑음,교차로 - 교차로안,승용,남,52세,상해없음,보행자,여,47세,경상
2014020900100385,2014년 2월 9일 22시,일요일,전라남도 나주시 금천면,중상사고,0,1,1,0,차량단독 - 공작물충돌,안전운전불이행,건조,맑음,단일로 - 기타,승용,남,29세,경상,,,,
2014021000100091,2014년 2월 10일 07시,월요일,전라남도 영암군 신북면,경상사고,0,0,1,0,차대차 - 추돌 - 진행중,안전거리미확보,결빙,맑음,단일로 - 기타,승용,남,37세,상해없음,화물,여,54세,경상
2014021000100138,2014년 2월 10일 08시,월요일,전라남도 나주시 공산면,중상사고,0,1,0,0,차대차 - 기타,중앙선침범,건조,맑음,단일로 - 기타,승용,남,55세,상해없음,원동기,남,50세,중상
2014021000100167,2014년 2월 10일 09시,월요일,전라남도 여수시 율촌면,경상사고,0,0,1,0,차대차 - 추돌 - 주정차중,안전운전불이행,건조,맑음,단일로 - 기타,화물,남,54세,상해없음,화물,남,50세,경상
2014021000100168,2014년 2월 10일 09시,월요일,전라남도 고흥군 도화면,중상사고,0,1,0,0,차대차 - 기타,기타,습기,비,교차로 - 교차로안,화물,남,64세,상해없음,화물,남,51세,중상
2014021000100169,2014년 2월 10일 09시,월요일,전라남도 보성군 벌교읍,중상사고,0,1,0,0,차대차 - 측면직각충돌,신호위반,건조,맑음,교차로 - 교차로안,화물,남,52세,상해없음,이륜,남,37세,중상
2014021000100203,2014년 2월 10일 10시,월요일,전라남도 목포시 상동,부상신고사고,0,0,0,1,차대사람 - 기타,안전운전불이행,건조,맑음,단일로 - 기타,승용,남,34세,상해없음,보행자,남,61세,부상신고
2014021000100204,2014년 2월 10일 10시,월요일,전라남도 고흥군 점암면,중상사고,0,1,0,0,차대차 - 기타,안전거리미확보,습기,비,교차로 - 교차로부근,화물,남,65세,상해없음,농기계,남,73세,중상
2014021000100249,2014년 2월 10일 12시,월요일,전라남도 신안군 비금면,중상사고,0,1,0,0,차대차 - 기타,안전운전불이행,건조,맑음,단일로 - 기타,화물,남,46세,상해없음,원동기,남,81세,중상
2014021000100250,2014년 2월 10일 12시,월요일,전라남도 목포시 상동,경상사고,0,0,1,0,차대차 - 측면직각충돌,신호위반,건조,맑음,교차로 - 교차로안,승용,남,66세,상해없음,승용,여,42세,경상
2014021000100277,2014년 2월 10일 13시,월요일,전라남도 해남군 해남읍,중상사고,0,1,0,0,차대차 - 추돌 - 진행중,안전운전불이행,건조,흐림,단일로 - 기타,화물,남,41세,상해없음,이륜,남,72세,중상
2014021000100305,2014년 2월 10일 14시,월요일,전라남도 영암군 삼호읍,중상사고,0,1,2,0,차대차 - 기타,안전운전불이행,건조,맑음,교차로 - 교차로부근,승용,여,56세,중상,승용,남,18세,경상
2014021000100335,2014년 2월 10일 15시,월요일,전라남도 광양시 광영동,중상사고,0,1,0,2,차대차 - 측면직각충돌,직진우회전진행방해,건조,맑음,교차로 - 교차로안,승용,여,49세,부상신고,승용,여,42세,중상
2014021000100392,2014년 2월 10일 17시,월요일,전라남도 영광군 영광읍,경상사고,0,0,1,0,차대사람 - 기타,안전운전불이행,건조,맑음,단일로 - 횡단보도부근,승용,남,22세,상해없음,보행자,여,53세,경상
2014021000100393,2014년 2월 10일 17시,월요일,전라남도 광양시 중동,중상사고,0,1,0,0,차대사람 - 기타,안전운전불이행,건조,맑음,기타 - 기타,화물,남,38세,상해없음,보행자,남,6세,중상
2014021000100431,2014년 2월 10일 18시,월요일,전라남도 여수시 동산동,중상사고,0,1,0,0,차대차 - 측면직각충돌,교차로운행방법위반,기타,맑음,교차로 - 교차로안,화물,남,50세,상해없음,이륜,남,56세,중상
2014021000100432,2014년 2월 10일 18시,월요일,전라남도 보성군 득량면,중상사고,0,1,1,0,차대차 - 측면직각충돌,신호위반,건조,맑음,교차로 - 교차로안,화물,남,66세,경상,승용,남,37세,중상
2014021000100433,2014년 2월 10일 18시,월요일,전라남도 담양군 고서면,경상사고,0,0,2,0,차대차 - 측면직각충돌,신호위반,건조,맑음,교차로 - 교차로안,화물,남,48세,상해없음,승용,남,31세,경상
2014021000100473,2014년 2월 10일 19시,월요일,전라남도 장흥군 용산면,경상사고,0,0,1,0,차대사람 - 기타,안전운전불이행,건조,맑음,단일로 - 기타,승용,남,73세,상해없음,보행자,남,78세,경상
2014021000100474,2014년 2월 10일 19시,월요일,전라남도 장성군 장성읍,중상사고,0,3,2,0,차량단독 - 공작물충돌,안전운전불이행,건조,맑음,단일로 - 기타,승용,남,38세,경상,,,,
2014021000100534,2014년 2월 10일 21시,월요일,전라남도 강진군 성전면,중상사고,0,2,0,0,차대차 - 측면직각충돌,신호위반,건조,맑음,교차로 - 교차로안,승용,남,50세,중상,화물,남,52세,중상
2014021000100558,2014년 2월 10일 22시,월요일,전라남도 순천시 용당동,경상사고,0,0,1,0,차대차 - 기타,안전운전불이행,건조,맑음,기타 - 기타,승용,남,60세,상해없음,자전거,남,13세,경상
2014021100100025,2014년 2월 11일 01시,화요일,전라남도 여수시 상암동,사망사고,1,1,0,0,차량단독 - 공작물충돌,안전운전불이행,기타,흐림,단일로 - 기타,승용,남,31세,사망,,,,
2014021100100051,2014년 2월 11일 04시,화요일,전라남도 목포시 산정동,경상사고,0,0,6,0,차대차 - 기타,교차로운행방법위반,건조,기타,교차로 - 교차로안,화물,남,20세,경상,승용,남,48세,경상
2014021100100111,2014년 2월 11일 08시,화요일,전라남도 광양시 광양읍,중상사고,0,2,2,0,차대차 - 측면직각충돌,신호위반,건조,맑음,교차로 - 교차로안,화물,남,46세,경상,승용,남,47세,중상
2014021100100136,2014년 2월 11일 09시,화요일,전라남도 영암군 학산면,중상사고,0,1,0,0,차대차 - 측면직각충돌,안전운전불이행,건조,맑음,단일로 - 기타,화물,남,46세,상해없음,이륜,남,79세,중상
2014021100100159,2014년 2월 11일 10시,화요일,전라남도 여수시 학동,경상사고,0,0,1,0,차대차 - 기타,안전운전불이행,건조,맑음,단일로 - 기타,화물,남,68세,상해없음,승용,남,65세,경상
2014021100100160,2014년 2월 11일 10시,화요일,전라남도 여수시 안산동,경상사고,0,0,2,0,차대차 - 측면직각충돌,안전운전불이행,건조,맑음,교차로 - 교차로안,승용,여,41세,경상,승용,여,64세,경상
2014021100100161,2014년 2월 11일 10시,화요일,전라남도 영암군 도포면,경상사고,0,0,1,0,차대차 - 추돌 - 주정차중,중앙선침범,건조,맑음,단일로 - 기타,승용,남,75세,상해없음,승용,남,32세,경상
2014021100100186,2014년 2월 11일 11시,화요일,전라남도 순천시 해룡면,중상사고,0,3,0,0,차량단독 - 공작물충돌,안전운전불이행,건조,맑음,교차로 - 교차로부근,승용,남,34세,중상,,,,
2014021100100187,2014년 2월 11일 11시,화요일,전라남도 나주시 산포면,사망사고,1,1,0,0,차대차 - 측면직각충돌,교차로운행방법위반,건조,맑음,교차로 - 교차로안,건설기계,남,46세,상해없음,화물,남,53세,중상
2014021100100222,2014년 2월 11일 12시,화요일,전라남도 담양군 담양읍,중상사고,0,1,1,0,차대차 - 측면직각충돌,안전거리미확보,건조,맑음,단일로 - 기타,원동기,남,66세,중상,화물,남,31세,상해없음
2014021100100242,2014년 2월 11일 13시,화요일,전라남도 여수시 신기동,경상사고,0,0,1,0,차대차 - 추돌 - 진행중,안전운전불이행,건조,맑음,단일로 - 기타,승용,여,54세,상해없음,이륜,남,64세,경상
2014021100100243,2014년 2월 11일 13시,화요일,전라남도 순천시 조례동,경상사고,0,0,3,0,차대차 - 기타,신호위반,건조,맑음,교차로 - 교차로안,승용,여,53세,상해없음,승용,여,27세,경상
2014021100100244,2014년 2월 11일 13시,화요일,전라남도 나주시 중앙동,경상사고,0,0,1,0,차대차 - 기타,안전운전불이행,건조,맑음,교차로 - 교차로안,승합,남,58세,상해없음,승용,여,38세,경상
2014021100100245,2014년 2월 11일 13시,화요일,전라남도 광양시 광양읍,중상사고,0,1,0,0,차대차 - 측면직각충돌,안전운전불이행,건조,맑음,교차로 - 교차로안,이륜,남,67세,중상,승용,남,53세,상해없음
2014021100100274,2014년 2월 11일 14시,화요일,전라남도 보성군 득량면,중상사고,0,1,0,0,차대차 - 측면직각충돌,안전운전불이행,건조,맑음,단일로 - 기타,승합,남,72세,상해없음,자전거,남,66세,중상
2014021100100275,2014년 2월 11일 14시,화요일,전라남도 영광군 영광읍,경상사고,0,0,6,0,차대차 - 측면직각충돌,교차로운행방법위반,건조,맑음,교차로 - 교차로안,승용,여,56세,경상,승용,남,65세,경상
2014021100100276,2014년 2월 11일 14시,화요일,전라남도 함평군 학교면,중상사고,0,1,0,0,차대차 - 측면직각충돌,안전운전불이행,건조,맑음,교차로 - 교차로안,승용,여,40세,상해없음,이륜,남,75세,중상
2014021100100295,2014년 2월 11일 15시,화요일,전라남도 목포시 상동,경상사고,0,0,1,0,차대차 - 측면직각충돌,안전운전불이행,건조,맑음,단일로 - 기타,이륜,남,19세,상해없음,이륜,남,19세,상해없음
2014021100100383,2014년 2월 11일 18시,화요일,전라남도 광양시 광양읍,경상사고,0,0,2,0,차대차 - 추돌 - 진행중,안전거리미확보,건조,맑음,단일로 - 기타,화물,남,53세,상해없음,승용,남,46세,경상
2014021100100384,2014년 2월 11일 18시,화요일,전라남도 광양시 중동,경상사고,0,0,1,0,차대차 - 측면직각충돌,직진우회전진행방해,건조,맑음,교차로 - 교차로안,승용,남,69세,상해없음,승용,남,23세,경상
2014021100100404,2014년 2월 11일 19시,화요일,전라남도 강진군 성전면,사망사고,1,0,2,0,차대차 - 측면직각충돌,신호위반,건조,맑음,교차로 - 교차로안,화물,남,68세,사망,승용,남,46세,경상
2014021100100437,2014년 2월 11일 20시,화요일,전라남도 여수시 미평동,경상사고,0,0,1,0,차대차 - 측면직각충돌,안전운전불이행,건조,맑음,교차로 - 교차로안,승용,남,34세,상해없음,승용,남,54세,경상
2014021100100438,2014년 2월 11일 20시,화요일,전라남도 해남군 현산면,사망사고,1,0,0,0,차대사람 - 기타,안전운전불이행,건조,맑음,단일로 - 기타,승용,남,44세,상해없음,보행자,남,57세,사망
2014021100100439,2014년 2월 11일 20시,화요일,전라남도 영광군 영광읍,경상사고,0,0,2,0,차대차 - 측면직각충돌,신호위반,건조,맑음,교차로 - 교차로안,승용,여,53세,상해없음,승용,여,37세,경상
2014021200100008,2014년 2월 12일 00시,수요일,전라남도 해남군 해남읍,중상사고,0,1,1,0,차대차 - 측면직각충돌,교차로운행방법위반,건조,맑음,단일로 - 기타,승용,남,43세,상해없음,승용,여,32세,경상
2014021200100026,2014년 2월 12일 01시,수요일,전라남도 완도군 보길면,경상사고,0,0,1,0,차량단독 - 전도전복,안전운전불이행,건조,맑음,단일로 - 기타,화물,남,41세,경상,,,,
2014021200100037,2014년 2월 12일 02시,수요일,전라남도 여수시 학동,경상사고,0,0,1,0,차대사람 - 기타,안전운전불이행,건조,맑음,단일로 - 기타,기타불명,기타불명,기타불명,기타불명,보행자,남,27세,경상
2014021200100057,2014년 2월 12일 05시,수요일,전라남도 여수시 신덕동,경상사고,0,0,1,0,차량단독 - 공작물충돌,안전운전불이행,건조,기타,단일로 - 기타,화물,남,43세,경상,,,,
2014021200100079,2014년 2월 12일 06시,수요일,전라남도 담양군 수북면,중상사고,0,1,2,0,차대차 - 측면직각충돌,교차로운행방법위반,건조,맑음,교차로 - 교차로부근,화물,남,53세,상해없음,화물,남,42세,경상
2014021200100120,2014년 2월 12일 08시,수요일,전라남도 영암군 학산면,중상사고,0,1,0,0,차대사람 - 기타,안전운전불이행,건조,맑음,단일로 - 기타,화물,남,40세,상해없음,보행자,여,72세,중상
2014021200100146,2014년 2월 12일 09시,수요일,전라남도 순천시 매곡동,중상사고,0,1,1,0,차대차 - 측면직각충돌,교차로운행방법위반,건조,맑음,교차로 - 교차로안,승용,남,58세,중상,화물,남,43세,경상
2014021200100165,2014년 2월 12일 10시,수요일,전라남도 나주시 석현동,경상사고,0,0,1,0,차대차 - 측면직각충돌,신호위반,건조,맑음,교차로 - 교차로안,승용,남,55세,상해없음,승용,남,31세,경상
2014021200100166,2014년 2월 12일 10시,수요일,전라남도 담양군 수북면,중상사고,0,1,1,0,차대차 - 기타,안전운전불이행,건조,맑음,교차로 - 교차로안,원동기,남,81세,경상,원동기,남,55세,중상
2014021200100191,2014년 2월 12일 11시,수요일,전라남도 여수시 미평동,경상사고,0,0,1,0,차량단독 - 기타,안전운전불이행,건조,맑음,교차로 - 교차로안,기타불명,기타불명,기타불명,기타불명,,,,
2014021200100216,2014년 2월 12일 12시,수요일,전라남도 순천시 주암면,사망사고,1,1,0,0,차대차 - 정면충돌,중앙선침범,건조,맑음,단일로 - 기타,화물,남,26세,중상,화물,남,76세,사망
2014021200100217,2014년 2월 12일 12시,수요일,전라남도 광양시 광양읍,경상사고,0,0,1,0,차대사람 - 기타,안전운전불이행,건조,맑음,단일로 - 기타,승용,남,50세,상해없음,보행자,남,17세,경상
2014021200100218,2014년 2월 12일 12시,수요일,전라남도 구례군 산동면,사망사고,1,0,0,0,차대사람 - 차도통행중,안전운전불이행,건조,맑음,단일로 - 기타,승합,남,43세,상해없음,보행자,여,85세,사망
2014021200100241,2014년 2월 12일 13시,수요일,전라남도 순천시 홍내동,중상사고,0,2,0,0,차량단독 - 기타,안전운전불이행,기타,맑음,단일로 - 기타,원동기,남,70세,중상,,,,
2014021200100242,2014년 2월 12일 13시,수요일,전라남도 나주시 부덕동,경상사고,0,0,1,0,차량단독 - 기타,안전운전불이행,건조,맑음,단일로 - 기타,승합,남,39세,상해없음,,,,
2014021200100243,2014년 2월 12일 13시,수요일,전라남도 장흥군 안양면,경상사고,0,0,1,0,차대차 - 측면직각충돌,안전운전불이행,건조,맑음,단일로 - 기타,화물,남,68세,상해없음,승용,남,54세,상해없음
2014021200100244,2014년 2월 12일 13시,수요일,전라남도 해남군 해남읍,중상사고,0,1,2,0,차대차 - 기타,안전운전불이행,건조,맑음,단일로 - 기타,승용,여,60세,경상,승용,여,35세,경상
2014021200100271,2014년 2월 12일 14시,수요일,전라남도 목포시 옥암동,경상사고,0,0,1,0,차대차 - 측면직각충돌,안전운전불이행,건조,맑음,단일로 - 기타,승용,여,44세,상해없음,승합,남,57세,상해없음
2014021200100272,2014년 2월 12일 14시,수요일,전라남도 여수시 소라면,사망사고,1,0,0,0,차대차 - 기타,안전거리미확보,건조,맑음,단일로 - 기타,이륜,남,76세,사망,승용,남,29세,상해없음
2014021200100273,2014년 2월 12일 14시,수요일,전라남도 나주시 동강면,경상사고,0,0,1,0,차대차 - 기타,교차로운행방법위반,건조,맑음,교차로 - 교차로안,승합,남,23세,상해없음,농기계,남,76세,경상
2014021200100274,2014년 2월 12일 14시,수요일,전라남도 영암군 삼호읍,경상사고,0,0,2,0,차대차 - 측면직각충돌,직진우회전진행방해,건조,맑음,교차로 - 교차로안,승용,여,49세,경상,화물,여,54세,경상
2014021200100326,2014년 2월 12일 16시,수요일,전라남도 화순군 화순읍,경상사고,0,0,5,0,차대차 - 측면직각충돌,교차로운행방법위반,건조,맑음,교차로 - 교차로안,승용,남,67세,경상,승용,여,50세,경상
2014021200100327,2014년 2월 12일 16시,수요일,전라남도 곡성군 옥과면,경상사고,0,0,1,0,차대차 - 기타,안전운전불이행,건조,맑음,교차로 - 교차로안,원동기,남,70세,상해없음,원동기,남,39세,상해없음
2014021200100351,2014년 2월 12일 17시,수요일,전라남도 순천시 상사면,경상사고,0,0,1,0,차대차 - 추돌 - 진행중,안전운전불이행,건조,맑음,단일로 - 기타,승용,남,36세,기타불명,화물,남,56세,경상
2014021200100394,2014년 2월 12일 18시,수요일,전라남도 해남군 북일면,중상사고,0,1,1,0,차대차 - 기타,안전운전불이행,건조,맑음,단일로 - 기타,농기계,여,47세,중상,화물,남,59세,경상
2014021200100395,2014년 2월 12일 18시,수요일,전라남도 해남군 산이면,경상사고,0,0,3,0,차대차 - 기타,신호위반,건조,맑음,교차로 - 교차로안,승용,여,45세,경상,승용,남,49세,경상
2014021200100396,2014년 2월 12일 18시,수요일,전라남도 곡성군 곡성읍,경상사고,0,0,1,1,차대차 - 기타,안전거리미확보,건조,맑음,단일로 - 기타,승용,여,44세,부상신고,승용,남,38세,경상
2014021300100093,2014년 2월 13일 07시,목요일,전라남도 목포시 산정동,경상사고,0,0,1,0,차대사람 - 기타,안전운전불이행,건조,맑음,단일로 - 기타,화물,남,42세,상해없음,보행자,여,25세,경상
2014021300100094,2014년 2월 13일 07시,목요일,전라남도 여수시 국동,경상사고,0,0,1,0,차대사람 - 기타,보행자보호의무위반,건조,맑음,교차로 - 교차로부근,승용,남,41세,상해없음,보행자,여,62세,경상
2014021300100132,2014년 2월 13일 08시,목요일,전라남도 순천시 용당동,경상사고,0,0,1,0,차대차 - 추돌 - 주정차중,안전운전불이행,건조,맑음,단일로 - 기타,승합,남,58세,상해없음,승용,남,56세,경상
2014021300100133,2014년 2월 13일 08시,목요일,전라남도 담양군 담양읍,경상사고,0,0,2,0,차대차 - 기타,직진우회전진행방해,건조,맑음,교차로 - 교차로안,승용,여,50세,경상,승용,여,38세,경상
2014021300100196,2014년 2월 13일 10시,목요일,전라남도 순천시 조곡동,경상사고,0,0,4,2,차대차 - 추돌 - 주정차중,안전거리미확보,건조,맑음,단일로 - 터널,승용,남,31세,상해없음,승용,여,44세,부상신고
2014021300100304,2014년 2월 13일 15시,목요일,전라남도 목포시 동명동,경상사고,0,0,2,0,차대차 - 기타,안전운전불이행,건조,맑음,기타 - 기타,승용,여,34세,상해없음,화물,남,29세,경상
2014021300100305,2014년 2월 13일 15시,목요일,전라남도 여수시 돌산읍,경상사고,0,0,1,0,차대사람 - 횡단중,안전운전불이행,건조,맑음,교차로 - 교차로부근,승용,남,36세,상해없음,보행자,여,64세,경상
2014021300100306,2014년 2월 13일 15시,목요일,전라남도 고흥군 포두면,경상사고,0,0,3,0,차대차 - 기타,중앙선침범,건조,맑음,단일로 - 기타,승용,여,30세,상해없음,승합,남,59세,상해없음
2014021300100327,2014년 2월 13일 16시,목요일,전라남도 광양시 중동,중상사고,0,1,1,0,차대차 - 기타,안전운전불이행,건조,맑음,단일로 - 기타,승용,남,58세,상해없음,승용,여,58세,경상
2014021300100355,2014년 2월 13일 17시,목요일,전라남도 신안군 팔금면,중상사고,0,1,0,0,차대차 - 기타,직진우회전진행방해,건조,맑음,교차로 - 교차로안,승용,남,55세,상해없음,승용,남,68세,중상
2014021300100356,2014년 2월 13일 17시,목요일,전라남도 해남군 북평면,경상사고,0,0,2,0,차대차 - 측면직각충돌,신호위반,건조,맑음,교차로 - 교차로안,승용,남,62세,상해없음,화물,남,27세,경상
2014021300100488,2014년 2월 13일 21시,목요일,전라남도 보성군 벌교읍,경상사고,0,0,2,0,차대차 - 추돌 - 진행중,안전거리미확보,건조,맑음,단일로 - 교량,승용,남,40세,경상,승용,남,41세,상해없음
2014021300100520,2014년 2월 13일 22시,목요일,전라남도 여수시 신기동,경상사고,0,0,3,0,차대차 - 추돌 - 주정차중,안전운전불이행,건조,맑음,단일로 - 기타,승용,남,39세,상해없음,승용,남,45세,상해없음
2014021400100060,2014년 2월 14일 04시,금요일,전라남도 순천시 연향동,사망사고,1,0,0,0,차량단독 - 공작물충돌,안전운전불이행,건조,맑음,단일로 - 기타,승용,남,55세,사망,,,,
2014021400100086,2014년 2월 14일 06시,금요일,전라남도 영암군 삼호읍,경상사고,0,0,1,0,차대차 - 측면직각충돌,신호위반,건조,맑음,교차로 - 교차로안,승용,남,50세,상해없음,승용,남,31세,경상
2014021400100124,2014년 2월 14일 08시,금요일,전라남도 목포시 대성동,경상사고,0,0,1,0,차대차 - 기타,신호위반,건조,맑음,교차로 - 교차로안,승용,남,43세,상해없음,승합,남,35세,경상
2014021400100125,2014년 2월 14일 08시,금요일,전라남도 순천시 서면,경상사고,0,0,2,0,차대차 - 측면직각충돌,불법유턴,건조,맑음,단일로 - 기타,승합,여,46세,상해없음,승용,남,67세,경상
2014021400100145,2014년 2월 14일 09시,금요일,전라남도 영광군 영광읍,경상사고,0,0,1,0,차대차 - 기타,직진우회전진행방해,건조,맑음,교차로 - 교차로안,승용,여,48세,상해없음,승용,남,53세,경상
2014021400100164,2014년 2월 14일 10시,금요일,전라남도 순천시 덕암동,경상사고,0,0,1,0,차대사람 - 기타,기타,건조,맑음,단일로 - 기타,승합,남,54세,상해없음,보행자,여,61세,경상
2014021400100165,2014년 2월 14일 10시,금요일,전라남도 무안군 무안읍,경상사고,0,0,1,0,차대차 - 기타,직진우회전진행방해,건조,맑음,교차로 - 교차로안,승용,여,32세,상해없음,원동기,남,74세,경상
2014021400100193,2014년 2월 14일 11시,금요일,전라남도 순천시 연향동,경상사고,0,0,1,0,차대사람 - 차도통행중,안전운전불이행,건조,맑음,단일로 - 기타,화물,남,41세,상해없음,보행자,여,24세,경상
2014021400100194,2014년 2월 14일 11시,금요일,전라남도 구례군 구례읍,중상사고,0,1,2,0,차대차 - 기타,교차로운행방법위반,건조,맑음,교차로 - 교차로안,승용,남,24세,경상,승용,남,24세,경상
2014021400100213,2014년 2월 14일 12시,금요일,전라남도 여수시 학동,경상사고,0,0,1,0,차대사람 - 횡단중,신호위반,건조,맑음,교차로 - 교차로부근,승용,남,48세,상해없음,보행자,여,51세,경상
2014021400100214,2014년 2월 14일 12시,금요일,전라남도 여수시 학동,경상사고,0,0,1,0,차대차 - 측면직각충돌,신호위반,건조,맑음,교차로 - 교차로안,승용,남,66세,상해없음,원동기,남,18세,경상
2014021400100237,2014년 2월 14일 13시,금요일,전라남도 순천시 풍덕동,경상사고,0,0,1,0,차대차 - 기타,안전운전불이행,건조,맑음,교차로 - 교차로안,이륜,기타불명,기타불명,기타불명,승용,남,58세,경상
2014021400100238,2014년 2월 14일 13시,금요일,전라남도 영암군 삼호읍,중상사고,0,1,2,0,차대차 - 측면직각충돌,직진우회전진행방해,건조,맑음,교차로 - 교차로안,승용,여,49세,경상,원동기,남,28세,경상
2014021400100269,2014년 2월 14일 14시,금요일,전라남도 담양군 금성면,중상사고,0,1,1,0,차대차 - 측면직각충돌,중앙선침범,건조,맑음,단일로 - 기타,화물,남,55세,상해없음,화물,남,51세,경상
2014021400100294,2014년 2월 14일 15시,금요일,전라남도 여수시 소호동,경상사고,0,0,1,0,차대차 - 측면직각충돌,안전운전불이행,건조,맑음,교차로 - 교차로부근,승용,남,56세,상해없음,승용,여,56세,경상
2014021400100324,2014년 2월 14일 16시,금요일,전라남도 해남군 산이면,중상사고,0,1,0,1,차대차 - 기타,안전운전불이행,건조,맑음,단일로 - 기타,건설기계,남,39세,부상신고,화물,남,58세,중상
2014021400100325,2014년 2월 14일 16시,금요일,전라남도 영광군 영광읍,중상사고,0,1,0,0,차대사람 - 기타,안전운전불이행,건조,맑음,단일로 - 기타,승용,여,45세,상해없음,보행자,여,74세,중상
2014021400100344,2014년 2월 14일 17시,금요일,전라남도 여수시 소라면,경상사고,0,0,1,0,차대차 - 기타,안전운전불이행,건조,맑음,단일로 - 기타,특수,남,30세,상해없음,승용,남,52세,상해없음
2014021400100380,2014년 2월 14일 18시,금요일,전라남도 광양시 중동,경상사고,0,0,1,0,차대차 - 추돌 - 주정차중,안전운전불이행,건조,맑음,교차로 - 교차로안,승용,남,37세,상해없음,승용,여,38세,경상
2014021400100433,2014년 2월 14일 19시,금요일,전라남도 나주시 이창동,경상사고,0,0,1,0,차대차 - 기타,안전거리미확보,건조,맑음,단일로 - 기타,승합,남,57세,상해없음,승용,남,25세,경상
2014021400100434,2014년 2월 14일 19시,금요일,전라남도 영광군 군서면,중상사고,0,1,0,0,차대차 - 기타,안전운전불이행,건조,맑음,단일로 - 기타,승용,남,71세,상해없음,이륜,남,72세,중상
2014021400100435,2014년 2월 14일 19시,금요일,전라남도 영암군 시종면,경상사고,0,0,1,0,차대차 - 추돌 - 주정차중,안전운전불이행,건조,맑음,기타 - 기타,건설기계,남,40세,상해없음,화물,남,64세,경상
2014021400100436,2014년 2월 14일 19시,금요일,전라남도 광양시 마동,중상사고,0,1,0,0,차대차 - 측면직각충돌,교차로운행방법위반,건조,맑음,교차로 - 교차로안,승용,남,35세,상해없음,이륜,남,44세,중상
2014021400100499,2014년 2월 14일 21시,금요일,전라남도 영암군 도포면,경상사고,0,0,1,0,차량단독 - 공작물충돌,안전운전불이행,건조,맑음,단일로 - 기타,승용,남,24세,경상,,,,