사고번호,사고일시,요일,시군구,사고내용,사망자수,중상자수,경상자수,부상신고자수,사고유형,법규위반,노면상태,기상상태,도로형태,가해운전자 차종,가해운전자 성별,가해운전자 연령,가해운전자 상해정도,피해운전자 차종,피해운전자 성별,피해운전자 연령,피해운전자 상해정도
2014021400100572,2014년 2월 14일 23시,금요일,전라남도 보성군 보성읍,경상사고,0,0,1,0,차대차 - 기타,안전운전불이행,건조,맑음,단일로 - 기타,승용,여,33세,경상,승용,남,59세,상해없음
2014021500100016,2014년 2월 15일 00시,토요일,전라남도 목포시 옥암동,경상사고,0,0,3,0,차대차 - 측면직각충돌,교차로운행방법위반,건조,맑음,교차로 - 교차로안,승용,여,33세,경상,승용,남,52세,경상
2014021500100017,2014년 2월 15일 00시,토요일,전라남도 나주시 대기동,경상사고,0,0,1,0,차량단독 - 전도전복,안전운전불이행,건조,맑음,단일로 - 기타,이륜,남,59세,경상,,,,
2014021500100061,2014년 2월 15일 02시,토요일,전라남도 여수시 신월동,중상사고,0,1,0,0,차대차 - 정면충돌,중앙선침범,건조,맑음,단일로 - 기타,승용,남,29세,상해없음,승용,남,53세,중상
2014021500100123,2014년 2월 15일 06시,토요일,전라남도 고흥군 도화면,사망사고,1,0,0,0,차대사람 - 횡단중,과속,건조,맑음,교차로 - 교차로안,승용,남,62세,상해없음,보행자,여,86세,사망
2014021500100139,2014년 2월 15일 07시,토요일,전라남도 장성군 장성읍,중상사고,0,1,0,0,차대차 - 측면직각충돌,교차로운행방법위반,건조,맑음,교차로 - 교차로안,화물,남,50세,상해없음,승용,여,56세,중상
2014021500100162,2014년 2월 15일 08시,토요일,전라남도 장흥군 장흥읍,경상사고,0,0,1,0,차대차 - 측면직각충돌,중앙선침범,건조,맑음,단일로 - 기타,화물,여,58세,상해없음,승용,남,24세,경상
2014021500100191,2014년 2월 15일 09시,토요일,전라남도 목포시 석현동,중상사고,0,1,2,0,차대차 - 기타,안전운전불이행,건조,기타,단일로 - 기타,승용,남,55세,경상,승용,여,36세,경상
2014021500100192,2014년 2월 15일 09시,토요일,전라남도 여수시 돌산읍,중상사고,0,1,0,0,차대차 - 측면직각충돌,기타,건조,맑음,단일로 - 기타,승용,여,65세,상해없음,건설기계,남,52세,상해없음
2014021500100193,2014년 2월 15일 09시,토요일,전라남도 순천시 조례동,중상사고,0,1,0,0,차대차 - 추돌 - 진행중,안전운전불이행,건조,맑음,교차로 - 교차로안,승용,남,45세,상해없음,자전거,여,68세,중상
2014021500100226,2014년 2월 15일 11시,토요일,전라남도 목포시 석현동,중상사고,0,1,3,0,차대차 - 기타,신호위반,건조,맑음,교차로 - 교차로안,승용,여,47세,상해없음,화물,남,31세,경상
2014021500100227,2014년 2월 15일 11시,토요일,전라남도 목포시 상동,중상사고,0,1,1,0,차대차 - 기타,직진우회전진행방해,건조,맑음,교차로 - 교차로안,승용,여,52세,중상,승용,여,50세,경상
2014021500100228,2014년 2월 15일 11시,토요일,전라남도 나주시 남평읍,경상사고,0,0,4,1,차대차 - 추돌 - 진행중,안전운전불이행,건조,맑음,단일로 - 기타,화물,남,60세,상해없음,승용,남,55세,상해없음
2014021500100259,2014년 2월 15일 12시,토요일,전라남도 순천시 송광면,경상사고,0,0,1,0,차량단독 - 기타,안전운전불이행,건조,맑음,단일로 - 기타,승용,남,54세,상해없음,,,,
2014021500100295,2014년 2월 15일 13시,토요일,전라남도 광양시 도이동,경상사고,0,0,1,0,차대차 - 측면직각충돌,신호위반,건조,맑음,교차로 - 교차로안,특수,남,48세,상해없음,승용,남,38세,경상
2014021500100321,2014년 2월 15일 14시,토요일,전라남도 나주시 석현동,경상사고,0,0,1,0,차대차 - 기타,안전운전불이행,건조,맑음,단일로 - 기타,승용,남,49세,상해없음,화물,남,48세,경상
2014021500100381,2014년 2월 15일 16시,토요일,전라남도 완도군 고금면,사망사고,1,1,0,0,차량단독 - 전도전복,안전운전불이행,건조,맑음,단일로 - 기타,승용,여,45세,중상,,,,
2014021500100412,2014년 2월 15일 17시,토요일,전라남도 순천시 조례동,경상사고,0,0,1,0,차대차 - 추돌 - 진행중,안전거리미확보,건조,맑음,단일로 - 기타,승용,남,44세,상해없음,승용,남,63세,경상
2014021500100446,2014년 2월 15일 18시,토요일,전라남도 여수시 신기동,경상사고,0,0,1,0,차대사람 - 횡단중,안전운전불이행,건조,맑음,단일로 - 횡단보도상,승용,남,65세,상해없음,보행자,남,42세,경상
2014021500100447,2014년 2월 15일 18시,토요일,전라남도 해남군 문내면,경상사고,0,0,2,1,차대차 - 기타,신호위반,건조,맑음,교차로 - 교차로안,승용,남,37세,부상신고,화물,남,31세,상해없음
2014021600100040,2014년 2월 16일 01시,일요일,전라남도 광양시 광양읍,경상사고,0,0,2,0,차대차 - 추돌 - 진행중,안전거리미확보,건조,맑음,교차로 - 교차로안,승용,남,31세,상해없음,승용,여,34세,경상
2014021600100142,2014년 2월 16일 08시,일요일,전라남도 나주시 남평읍,경상사고,0,0,2,0,차대차 - 기타,안전운전불이행,건조,맑음,교차로 - 교차로부근,승합,남,72세,상해없음,화물,남,59세,경상
2014021600100158,2014년 2월 16일 09시,일요일,전라남도 영암군 군서면,중상사고,0,1,0,0,차대사람 - 기타,안전운전불이행,건조,맑음,단일로 - 기타,화물,여,57세,상해없음,보행자,남,4세,중상
2014021600100191,2014년 2월 16일 11시,일요일,전라남도 목포시 상동,경상사고,0,0,1,0,차대차 - 기타,교차로운행방법위반,건조,맑음,교차로 - 교차로안,승용,여,44세,상해없음,승용,여,39세,경상
2014021600100233,2014년 2월 16일 13시,일요일,전라남도 목포시 상동,경상사고,0,0,2,0,차대차 - 기타,안전운전불이행,건조,맑음,단일로 - 기타,승용,남,40세,상해없음,승용,남,30세,경상
2014021600100250,2014년 2월 16일 14시,일요일,전라남도 담양군 수북면,중상사고,0,1,4,0,차대차 - 추돌 - 주정차중,안전운전불이행,건조,맑음,교차로 - 교차로안,승용,남,55세,상해없음,승용,남,47세,중상
2014021600100263,2014년 2월 16일 15시,일요일,전라남도 순천시 연향동,경상사고,0,0,1,0,차대사람 - 횡단중,보행자보호의무위반,건조,맑음,단일로 - 기타,기타불명,기타불명,기타불명,기타불명,보행자,여,15세,경상
2014021600100285,2014년 2월 16일 16시,일요일,전라남도 영암군 군서면,경상사고,0,0,1,0,차대사람 - 기타,안전운전불이행,건조,맑음,단일로 - 기타,승합,여,56세,상해없음,보행자,남,49세,경상
2014021600100307,2014년 2월 16일 17시,일요일,전라남도 순천시 풍덕동,경상사고,0,0,1,0,차대사람 - 기타,안전운전불이행,건조,맑음,단일로 - 기타,승용,남,52세,상해없음,보행자,여,53세,경상
2014021600100308,2014년 2월 16일 17시,일요일,전라남도 나주시 문평면,경상사고,0,0,2,0,차대차 - 측면직각충돌,차로위반,건조,맑음,단일로 - 기타,승용,남,43세,상해없음,승용,남,32세,경상
2014021600100338,2014년 2월 16일 18시,일요일,전라남도 영암군 삼호읍,중상사고,0,1,0,0,차대차 - 기타,중앙선침범,건조,맑음,교차로 - 교차로안,승용,남,57세,상해없음,이륜,남,18세,중상
2014021600100339,2014년 2월 16일 18시,일요일,전라남도 광양시 봉강면,중상사고,0,1,1,0,차대차 - 측면직각충돌,중앙선침범,건조,맑음,단일로 - 기타,화물,남,62세,중상,승용,여,36세,경상
2014021600100340,2014년 2월 16일 18시,일요일,전라남도 광양시 광양읍,경상사고,0,0,1,0,차대차 - 기타,안전운전불이행,건조,맑음,단일로 - 기타,승합,남,63세,상해없음,승용,남,30세,경상
2014021600100366,2014년 2월 16일 19시,일요일,전라남도 목포시 산정동,경상사고,0,0,1,0,차대차 - 기타,안전운전불이행,건조,맑음,단일로 - 기타,자전거,남,45세,상해없음,이륜,남,17세,경상
2014021600100367,2014년 2월 16일 19시,일요일,전라남도 곡성군 죽곡면,중상사고,0,1,0,0,차량단독 - 기타,안전운전불이행,건조,맑음,단일로 - 기타,승용,남,46세,상해없음,,,,
2014021600100439,2014년 2월 16일 22시,일요일,전라남도 목포시 산정동,경상사고,0,0,2,0,차대차 - 기타,안전운전불이행,건조,맑음,단일로 - 기타,승용,남,38세,상해없음,승용,남,45세,경상
2014021600100440,2014년 2월 16일 22시,일요일,전라남도 광양시 황금동,중상사고,0,1,3,0,차대차 - 추돌 - 진행중,안전운전불이행,건조,맑음,단일로 - 기타,승용,남,36세,상해없음,승용,여,26세,중상
2014021700100008,2014년 2월 17일 00시,월요일,전라남도 나주시 삼영동,경상사고,0,0,1,0,차대차 - 측면직각충돌,신호위반,건조,기타,교차로 - 교차로안,화물,남,43세,상해없음,승용,남,38세,경상
2014021700100020,2014년 2월 17일 02시,월요일,전라남도 여수시 소호동,사망사고,1,0,1,0,차대사람 - 기타,안전운전불이행,건조,맑음,단일로 - 기타,승용,남,23세,사망,보행자,여,52세,경상
2014021700100046,2014년 2월 17일 06시,월요일,전라남도 영암군 삼호읍,중상사고,0,1,0,0,차대차 - 기타,중앙선침범,습기,비,교차로 - 교차로부근,이륜,남,85세,중상,승용,남,46세,상해없음
2014021700100103,2014년 2월 17일 09시,월요일,전라남도 고흥군 고흥읍,중상사고,0,2,0,0,차대차 - 기타,중앙선침범,건조,맑음,단일로 - 기타,승용,여,67세,중상,화물,남,54세,중상
2014021700100104,2014년 2월 17일 09시,월요일,전라남도 해남군 마산면,부상신고사고,0,0,0,1,차량단독 - 도로외이탈 - 기타,안전운전불이행,습기,흐림,교차로 - 교차로안,승용,남,36세,부상신고,,,,
2014021700100105,2014년 2월 17일 09시,월요일,전라남도 보성군 벌교읍,경상사고,0,0,2,0,차대차 - 측면직각충돌,교차로운행방법위반,건조,맑음,교차로 - 교차로안,승용,여,59세,경상,승용,여,33세,경상
2014021700100106,2014년 2월 17일 09시,월요일,전라남도 광양시 중동,경상사고,0,0,1,0,차대차 - 기타,안전운전불이행,건조,흐림,단일로 - 기타,화물,여,53세,경상,승용,남,54세,기타불명
2014021700100107,2014년 2월 17일 09시,월요일,전라남도 광양시 광양읍,부상신고사고,0,0,0,1,차대차 - 기타,안전운전불이행,건조,맑음,단일로 - 기타,기타불명,기타불명,기타불명,기타불명,자전거,남,12세,부상신고
2014021700100141,2014년 2월 17일 10시,월요일,전라남도 나주시 남평읍,경상사고,0,0,4,0,차대차 - 기타,중앙선침범,건조,맑음,교차로 - 교차로부근,승용,여,44세,경상,승용,남,36세,경상
2014021700100142,2014년 2월 17일 10시,월요일,전라남도 영암군 삼호읍,경상사고,0,0,1,0,차대차 - 측면직각충돌,신호위반,습기,비,교차로 - 교차로안,건설기계,남,52세,상해없음,화물,남,34세,경상
2014021700100204,2014년 2월 17일 13시,월요일,전라남도 영암군 영암읍,중상사고,0,1,1,0,차대차 - 측면직각충돌,직진우회전진행방해,습기,비,교차로 - 교차로안,화물,남,56세,상해없음,화물,남,73세,경상
2014021700100205,2014년 2월 17일 13시,월요일,전라남도 강진군 도암면,사망사고,1,0,0,0,차량단독 - 도로외이탈 - 기타,안전운전불이행,습기,비,단일로 - 기타,승용,남,33세,사망,,,,
2014021700100253,2014년 2월 17일 15시,월요일,전라남도 곡성군 곡성읍,중상사고,0,1,0,0,차대차 - 기타,직진우회전진행방해,건조,맑음,교차로 - 교차로안,승용,여,44세,상해없음,원동기,남,65세,중상
2014021700100254,2014년 2월 17일 15시,월요일,전라남도 광양시 광양읍,중상사고,0,1,0,0,차량단독 - 공작물충돌,안전운전불이행,습기,비,단일로 - 기타,승용,여,44세,중상,,,,
2014021700100280,2014년 2월 17일 16시,월요일,전라남도 목포시 상동,경상사고,0,0,1,0,차대차 - 기타,안전운전불이행,습기,비,단일로 - 기타,승합,남,57세,상해없음,이륜,남,34세,경상
2014021700100304,2014년 2월 17일 17시,월요일,전라남도 목포시 옥암동,경상사고,0,0,1,0,차대차 - 추돌 - 진행중,안전운전불이행,건조,맑음,단일로 - 기타,승용,남,37세,상해없음,승용,여,44세,경상
2014021700100305,2014년 2월 17일 17시,월요일,전라남도 목포시 대양동,중상사고,0,1,1,0,차대차 - 측면직각충돌,안전운전불이행,건조,맑음,단일로 - 기타,건설기계,남,31세,상해없음,승용,남,47세,경상
2014021700100306,2014년 2월 17일 17시,월요일,전라남도 여수시 신기동,경상사고,0,0,1,0,차대사람 - 기타,보행자보호의무위반,습기,비,교차로 - 교차로부근,승용,여,45세,상해없음,보행자,여,12세,경상
2014021700100307,2014년 2월 17일 17시,월요일,전라남도 순천시 해룡면,경상사고,0,0,2,0,차대차 - 추돌 - 진행중,안전운전불이행,습기,비,단일로 - 기타,승용,남,23세,경상,승용,남,39세,경상
2014021700100308,2014년 2월 17일 17시,월요일,전라남도 순천시 덕월동,경상사고,0,0,2,0,차대차 - 기타,안전운전불이행,건조,맑음,단일로 - 기타,승용,여,33세,상해없음,승용,여,49세,경상
2014021700100309,2014년 2월 17일 17시,월요일,전라남도 해남군 해남읍,중상사고,0,1,0,0,차대사람 - 횡단중,안전운전불이행,습기,비,단일로 - 기타,승용,남,72세,상해없음,보행자,여,4세,중상
2014021700100310,2014년 2월 17일 17시,월요일,전라남도 강진군 대구면,경상사고,0,0,1,0,차대차 - 기타,중앙선침범,습기,비,교차로 - 교차로부근,승용,남,67세,상해없음,승용,남,33세,경상
2014021700100348,2014년 2월 17일 18시,월요일,전라남도 목포시 상동,경상사고,0,0,1,0,차대차 - 측면직각충돌,안전운전불이행,건조,맑음,단일로 - 기타,화물,기타불명,기타불명,기타불명,승용,남,53세,상해없음
2014021700100349,2014년 2월 17일 18시,월요일,전라남도 순천시 별량면,사망사고,1,0,0,1,차량단독 - 도로외이탈 - 추락,안전운전불이행,습기,비,단일로 - 기타,승용,남,58세,부상신고,,,,
2014021700100350,2014년 2월 17일 18시,월요일,전라남도 광양시 광양읍,경상사고,0,0,4,0,차대차 - 추돌 - 진행중,교차로운행방법위반,습기,비,교차로 - 교차로안,승용,남,53세,경상,승용,남,26세,경상
2014021700100351,2014년 2월 17일 18시,월요일,전라남도 광양시 진월면,사망사고,1,1,0,0,차량단독 - 공작물충돌,안전운전불이행,습기,비,교차로 - 교차로안,화물,남,64세,사망,,,,
2014021700100352,2014년 2월 17일 18시,월요일,전라남도 광양시 광양읍,경상사고,0,0,1,0,차대차 - 측면직각충돌,직진우회전진행방해,습기,비,교차로 - 교차로안,승용,남,64세,상해없음,화물,남,59세,상해없음
2014021700100387,2014년 2월 17일 19시,월요일,전라남도 순천시 해룡면,경상사고,0,0,2,0,차대차 - 추돌 - 진행중,안전운전불이행,건조,맑음,단일로 - 기타,승용,남,41세,상해없음,승용,여,29세,경상
2014021700100388,2014년 2월 17일 19시,월요일,전라남도 해남군 해남읍,경상사고,0,0,2,0,차대차 - 기타,안전운전불이행,습기,비,단일로 - 기타,승용,남,56세,상해없음,화물,남,31세,경상
2014021700100459,2014년 2월 17일 21시,월요일,전라남도 여수시 신기동,경상사고,0,0,4,0,차대차 - 추돌 - 주정차중,안전운전불이행,습기,비,단일로 - 기타,승용,남,47세,상해없음,승용,남,40세,경상
2014021700100460,2014년 2월 17일 21시,월요일,전라남도 순천시 연향동,중상사고,0,1,0,0,차대사람 - 기타,보행자보호의무위반,습기,비,교차로 - 교차로안,승용,남,55세,상해없음,보행자,여,54세,중상
2014021700100461,2014년 2월 17일 21시,월요일,전라남도 영광군 영광읍,중상사고,0,1,0,0,차대차 - 측면직각충돌,교차로운행방법위반,건조,맑음,교차로 - 교차로안,승용,남,40세,상해없음,원동기,남,29세,중상
2014021700100462,2014년 2월 17일 21시,월요일,전라남도 광양시 광양읍,경상사고,0,0,2,0,차대차 - 추돌 - 진행중,안전운전불이행,습기,흐림,단일로 - 기타,승용,남,47세,상해없음,이륜,남,19세,경상
2014021800100007,2014년 2월 18일 00시,화요일,전라남도 목포시 대양동,경상사고,0,0,1,0,차대차 - 정면충돌,중앙선침범,건조,맑음,단일로 - 기타,승용,남,37세,상해없음,승용,여,60세,경상
2014021800100023,2014년 2월 18일 01시,화요일,전라남도 목포시 상동,경상사고,0,0,2,0,차대차 - 추돌 - 진행중,안전운전불이행,건조,맑음,단일로 - 기타,승용,남,39세,상해없음,승용,여,49세,경상
2014021800100024,2014년 2월 18일 01시,화요일,전라남도 여수시 여서동,경상사고,0,0,1,0,차대차 - 측면직각충돌,교차로운행방법위반,습기,흐림,교차로 - 교차로안,승용,남,44세,상해없음,승용,남,34세,상해없음
2014021800100055,2014년 2월 18일 05시,화요일,전라남도 여수시 신월동,사망사고,3,0,0,0,차량단독 - 공작물충돌,안전운전불이행,건조,맑음,단일로 - 기타,승용,남,25세,사망,,,,
2014021800100096,2014년 2월 18일 08시,화요일,전라남도 목포시 석현동,경상사고,0,0,1,0,차대차 - 정면충돌,중앙선침범,건조,맑음,단일로 - 기타,승용,여,27세,상해없음,승용,남,51세,경상
2014021800100117,2014년 2월 18일 09시,화요일,전라남도 광양시 중동,경상사고,0,0,1,0,차대차 - 기타,안전운전불이행,건조,맑음,단일로 - 기타,승용,여,51세,상해없음,자전거,남,63세,경상
2014021800100142,2014년 2월 18일 10시,화요일,전라남도 목포시 산정동,경상사고,0,0,2,0,차대차 - 측면직각충돌,안전운전불이행,건조,맑음,교차로 - 교차로부근,승용,여,48세,경상,승합,남,52세,경상
2014021800100143,2014년 2월 18일 10시,화요일,전라남도 화순군 청풍면,경상사고,0,0,1,0,차대차 - 정면충돌,중앙선침범,건조,맑음,단일로 - 기타,화물,남,53세,상해없음,화물,남,59세,경상
2014021800100144,2014년 2월 18일 10시,화요일,전라남도 무안군 무안읍,경상사고,0,0,1,0,차대차 - 측면직각충돌,직진우회전진행방해,건조,맑음,교차로 - 교차로안,승용,여,41세,상해없음,승용,남,53세,경상
2014021800100164,2014년 2월 18일 11시,화요일,전라남도 보성군 벌교읍,중상사고,0,2,5,0,차대차 - 측면직각충돌,신호위반,건조,맑음,교차로 - 교차로안,승용,남,73세,경상,승용,남,26세,경상
2014021800100165,2014년 2월 18일 11시,화요일,전라남도 영광군 영광읍,경상사고,0,0,1,0,차대사람 - 기타,보행자보호의무위반,건조,맑음,단일로 - 횡단보도상,화물,남,58세,상해없음,보행자,여,76세,경상
2014021800100202,2014년 2월 18일 13시,화요일,전라남도 해남군 해남읍,중상사고,0,1,0,0,차대사람 - 기타,보행자보호의무위반,건조,맑음,단일로 - 횡단보도상,승용,남,55세,상해없음,보행자,여,80세,중상
2014021800100203,2014년 2월 18일 13시,화요일,전라남도 영암군 삼호읍,경상사고,0,0,1,0,차대차 - 기타,안전거리미확보,건조,맑음,단일로 - 기타,건설기계,남,51세,상해없음,화물,남,59세,경상
2014021800100230,2014년 2월 18일 14시,화요일,전라남도 강진군 강진읍,경상사고,0,0,2,0,차대차 - 측면직각충돌,교차로운행방법위반,건조,맑음,교차로 - 교차로안,화물,남,52세,상해없음,승용,남,23세,경상
2014021800100251,2014년 2월 18일 15시,화요일,전라남도 화순군 화순읍,경상사고,0,0,2,0,차대사람 - 길가장자리구역통행중,안전운전불이행,건조,맑음,미분류 - 미분류,승용,남,65세,상해없음,보행자,여,62세,경상
2014021800100252,2014년 2월 18일 15시,화요일,전라남도 강진군 강진읍,중상사고,0,1,0,0,차대차 - 측면직각충돌,신호위반,건조,맑음,교차로 - 교차로안,자전거,남,44세,중상,승용,남,31세,상해없음
2014021800100253,2014년 2월 18일 15시,화요일,전라남도 광양시 옥곡면,중상사고,0,1,0,0,차대차 - 측면직각충돌,안전운전불이행,건조,맑음,단일로 - 기타,승용,여,54세,중상,승용,남,45세,상해없음
2014021800100269,2014년 2월 18일 16시,화요일,전라남도 목포시 산정동,부상신고사고,0,0,0,1,차대사람 - 길가장자리구역통행중,안전운전불이행,건조,맑음,단일로 - 기타,기타불명,기타불명,기타불명,기타불명,보행자,남,12세,부상신고
2014021800100295,2014년 2월 18일 17시,화요일,전라남도 나주시 송월동,경상사고,0,0,1,0,차대차 - 기타,안전운전불이행,건조,맑음,단일로 - 기타,이륜,남,82세,경상,승용,여,43세,상해없음
2014021800100391,2014년 2월 18일 20시,화요일,전라남도 목포시 상동,경상사고,0,0,1,0,차대사람 - 길가장자리구역통행중,안전운전불이행,건조,맑음,단일로 - 기타,승용,남,45세,상해없음,보행자,여,18세,경상
2014021800100392,2014년 2월 18일 20시,화요일,전라남도 화순군 도곡면,경상사고,0,0,1,0,차대차 - 측면직각충돌,중앙선침범,건조,맑음,단일로 - 기타,기타불명,기타불명,기타불명,기타불명,승용,여,47세,경상
2014021900100028,2014년 2월 19일 02시,수요일,전라남도 무안군 삼향읍,경상사고,0,0,1,0,차량단독 - 공작물충돌,안전운전불이행,건조,맑음,교차로 - 교차로부근,승용,남,46세,경상,,,,
2014021900100065,2014년 2월 19일 06시,수요일,전라남도 여수시 월하동,중상사고,0,1,0,0,차대차 - 측면직각충돌,교차로운행방법위반,기타,기타,교차로 - 교차로안,화물,남,30세,상해없음,이륜,남,27세,중상
2014021900100170,2014년 2월 19일 11시,수요일,전라남도 장흥군 장흥읍,중상사고,0,1,2,0,차대차 - 측면직각충돌,교차로운행방법위반,건조,맑음,교차로 - 교차로안,승용,남,25세,상해없음,화물,여,50세,경상
2014021900100197,2014년 2월 19일 12시,수요일,전라남도 여수시 선원동,경상사고,0,0,3,0,차대차 - 정면충돌,신호위반,건조,맑음,교차로 - 교차로안,화물,남,75세,상해없음,승용,남,21세,경상
2014021900100198,2014년 2월 19일 12시,수요일,전라남도 고흥군 고흥읍,사망사고,1,0,0,0,차대사람 - 보도통행중,기타,건조,맑음,단일로 - 기타,승용,남,76세,상해없음,보행자,여,77세,사망
2014021900100244,2014년 2월 19일 14시,수요일,전라남도 광양시 광영동,중상사고,0,1,0,0,차대차 - 측면직각충돌,교차로운행방법위반,건조,맑음,교차로 - 교차로부근,원동기,남,57세,중상,승용,여,45세,상해없음
2014021900100263,2014년 2월 19일 15시,수요일,전라남도 강진군 강진읍,경상사고,0,0,1,0,차대사람 - 기타,안전운전불이행,건조,맑음,단일로 - 기타,승용,여,55세,상해없음,보행자,남,40세,경상
2014021900100283,2014년 2월 19일 16시,수요일,전라남도 해남군 해남읍,경상사고,0,0,1,1,차대차 - 측면직각충돌,신호위반,건조,맑음,교차로 - 교차로안,승용,여,41세,부상신고,승용,남,72세,경상
2014021900100310,2014년 2월 19일 17시,수요일,전라남도 순천시 조례동,경상사고,0,0,1,0,차대차 - 기타,교차로운행방법위반,건조,맑음,교차로 - 교차로부근,승용,여,47세,상해없음,승용,남,41세,경상
2014021900100343,2014년 2월 19일 18시,수요일,전라남도 목포시 온금동,중상사고,0,2,1,0,차대차 - 기타,안전거리미확보,건조,맑음,단일로 - 기타,승용,여,31세,경상,승용,남,26세,중상
2014021900100344,2014년 2월 19일 18시,수요일,전라남도 여수시 학동,경상사고,0,0,1,0,차대차 - 추돌 - 진행중,안전운전불이행,건조,맑음,단일로 - 기타,화물,남,45세,상해없음,승용,여,55세,경상
2014021900100345,2014년 2월 19일 18시,수요일,전라남도 여수시 문수동,경상사고,0,0,2,0,차대차 - 추돌 - 진행중,안전운전불이행,건조,맑음,교차로 - 교차로부근,승용,여,31세,상해없음,승용,여,49세,경상
2014021900100346,2014년 2월 19일 18시,수요일,전라남도 순천시 덕월동,중상사고,0,1,5,0,차대차 - 추돌 - 진행중,안전거리미확보,건조,맑음,교차로 - 교차로부근,화물,남,59세,상해없음,승용,남,32세,경상
2014021900100389,2014년 2월 19일 19시,수요일,전라남도 목포시 산정동,경상사고,0,0,1,0,차대사람 - 횡단중,안전운전불이행,건조,맑음,단일로 - 횡단보도상,기타불명,기타불명,기타불명,기타불명,보행자,여,18세,경상
2014021900100445,2014년 2월 19일 21시,수요일,전라남도 강진군 강진읍,경상사고,0,0,2,0,차대차 - 정면충돌,중앙선침범,건조,맑음,교차로 - 교차로부근,화물,여,54세,기타불명,승용,여,27세,경상
2014022000100012,2014년 2월 20일 00시,목요일,전라남도 목포시 죽교동,경상사고,0,0,1,0,차대차 - 추돌 - 주정차중,안전운전불이행,건조,맑음,단일로 - 기타,승용,남,54세,경상,승합,남,69세,기타불명
2014022000100071,2014년 2월 20일 05시,목요일,전라남도 목포시 산정동,중상사고,0,1,0,0,차대사람 - 횡단중,안전운전불이행,건조,맑음,교차로 - 교차로부근,승용,남,51세,상해없음,보행자,여,79세,중상
2014022000100108,2014년 2월 20일 07시,목요일,전라남도 광양시 광양읍,중상사고,0,1,3,0,차대차 - 측면직각충돌,안전운전불이행,건조,맑음,교차로 - 교차로안,승합,남,58세,중상,승용,남,40세,경상
2014022000100147,2014년 2월 20일 08시,목요일,전라남도 해남군 해남읍,경상사고,0,0,1,0,차대차 - 기타,중앙선침범,건조,맑음,단일로 - 기타,승용,남,58세,상해없음,승용,여,38세,상해없음
2014022000100168,2014년 2월 20일 09시,목요일,전라남도 구례군 간전면,경상사고,0,0,1,0,차대차 - 기타,안전운전불이행,건조,맑음,단일로 - 기타,승용,여,40세,상해없음,승용,남,43세,경상
2014022000100192,2014년 2월 20일 10시,목요일,전라남도 나주시 금천면,중상사고,0,1,0,0,차대차 - 측면직각충돌,신호위반,건조,맑음,교차로 - 교차로부근,승용,여,53세,상해없음,이륜,남,66세,중상
2014022000100193,2014년 2월 20일 10시,목요일,전라남도 나주시 남평읍,경상사고,0,0,1,0,차대차 - 추돌 - 주정차중,안전운전불이행,건조,맑음,교차로 - 교차로부근,화물,남,58세,상해없음,승용,남,37세,경상
2014022000100194,2014년 2월 20일 10시,목요일,전라남도 강진군 군동면,중상사고,0,5,0,0,차대차 - 기타,교차로운행방법위반,건조,맑음,교차로 - 교차로부근,승합,여,46세,중상,승용,남,79세,중상
2014022000100195,2014년 2월 20일 10시,목요일,전라남도 광양시 중군동,중상사고,0,1,1,0,차대차 - 추돌 - 진행중,안전거리미확보,건조,맑음,교차로 - 교차로부근,승용,남,70세,상해없음,승용,여,42세,경상
2014022000100223,2014년 2월 20일 12시,목요일,전라남도 고흥군 동강면,중상사고,0,1,2,0,차대차 - 측면직각충돌,안전운전불이행,건조,맑음,단일로 - 기타,승용,남,80세,상해없음,승용,남,32세,중상
2014022000100273,2014년 2월 20일 14시,목요일,전라남도 여수시 여서동,경상사고,0,0,3,0,차대차 - 기타,교차로운행방법위반,건조,맑음,교차로 - 교차로안,승용,여,48세,상해없음,승용,여,33세,경상
2014022000100307,2014년 2월 20일 15시,목요일,전라남도 순천시 연향동,중상사고,0,1,0,0,차대사람 - 보도통행중,안전운전불이행,건조,맑음,단일로 - 기타,자전거,남,50세,상해없음,보행자,여,61세,중상
2014022000100308,2014년 2월 20일 15시,목요일,전라남도 영암군 영암읍,중상사고,0,1,0,0,차대차 - 측면직각충돌,직진우회전진행방해,건조,맑음,교차로 - 교차로안,원동기,남,50세,중상,화물,남,73세,상해없음
2014022000100309,2014년 2월 20일 15시,목요일,전라남도 광양시 중동,경상사고,0,0,2,0,차대차 - 측면직각충돌,직진우회전진행방해,건조,맑음,교차로 - 교차로안,승용,여,29세,상해없음,승용,여,40세,경상
2014022000100331,2014년 2월 20일 16시,목요일,전라남도 여수시 봉계동,경상사고,0,0,1,0,차량단독 - 기타,안전운전불이행,건조,맑음,단일로 - 기타,이륜,남,64세,경상,,,,
2014022000100359,2014년 2월 20일 17시,목요일,전라남도 목포시 상동,경상사고,0,0,1,1,차대사람 - 횡단중,보행자보호의무위반,건조,맑음,단일로 - 횡단보도상,이륜,남,30세,부상신고,보행자,남,71세,경상
2014022000100360,2014년 2월 20일 17시,목요일,전라남도 영암군 학산면,중상사고,0,1,0,0,차량단독 - 도로외이탈 - 추락,안전운전불이행,건조,맑음,단일로 - 기타,건설기계,남,64세,중상,,,,