사고번호,사고일시,요일,시군구,사고내용,사망자수,중상자수,경상자수,부상신고자수,사고유형,법규위반,노면상태,기상상태,도로형태,가해운전자 차종,가해운전자 성별,가해운전자 연령,가해운전자 상해정도,피해운전자 차종,피해운전자 성별,피해운전자 연령,피해운전자 상해정도
2014022600100506,2014년 2월 26일 21시,수요일,전라남도 목포시 상동,경상사고,0,0,7,0,차대차 - 측면직각충돌,차로위반,건조,맑음,단일로 - 기타,승용,여,35세,경상,승용,남,22세,경상
2014022600100549,2014년 2월 26일 22시,수요일,전라남도 목포시 대양동,경상사고,0,0,2,0,차대차 - 추돌 - 진행중,안전운전불이행,건조,맑음,단일로 - 기타,승용,남,33세,상해없음,화물,남,25세,경상
2014022700100078,2014년 2월 27일 05시,목요일,전라남도 순천시 조례동,중상사고,0,1,0,0,차대차 - 기타,신호위반,건조,맑음,교차로 - 교차로안,원동기,남,26세,중상,화물,남,52세,상해없음
2014022700100106,2014년 2월 27일 07시,목요일,전라남도 진도군 임회면,사망사고,1,0,0,0,차대차 - 측면직각충돌,신호위반,기타,안개,교차로 - 교차로안,화물,남,27세,상해없음,이륜,남,62세,사망
2014022700100160,2014년 2월 27일 09시,목요일,전라남도 여수시 수정동,경상사고,0,0,1,0,차대차 - 측면직각충돌,교차로운행방법위반,건조,맑음,교차로 - 교차로안,승용,남,41세,상해없음,건설기계,남,54세,상해없음
2014022700100161,2014년 2월 27일 09시,목요일,전라남도 완도군 약산면,경상사고,0,0,1,0,차대차 - 측면직각충돌,직진우회전진행방해,건조,맑음,교차로 - 교차로안,화물,남,52세,경상,화물,남,25세,상해없음
2014022700100179,2014년 2월 27일 10시,목요일,전라남도 나주시 산포면,경상사고,0,0,2,0,차대차 - 기타,안전운전불이행,기타,안개,교차로 - 교차로부근,화물,남,44세,경상,승용,여,36세,경상
2014022700100180,2014년 2월 27일 10시,목요일,전라남도 나주시 금천면,경상사고,0,0,5,0,차대차 - 기타,신호위반,기타,안개,교차로 - 교차로안,화물,남,49세,상해없음,화물,남,70세,상해없음
2014022700100206,2014년 2월 27일 11시,목요일,전라남도 곡성군 입면,경상사고,0,0,1,0,차대차 - 기타,안전운전불이행,건조,맑음,단일로 - 기타,원동기,남,81세,경상,화물,남,67세,상해없음
2014022700100241,2014년 2월 27일 13시,목요일,전라남도 화순군 도곡면,경상사고,0,0,1,0,차대사람 - 길가장자리구역통행중,안전운전불이행,건조,맑음,단일로 - 기타,화물,남,34세,상해없음,보행자,남,50세,경상
2014022700100269,2014년 2월 27일 14시,목요일,전라남도 나주시 금천면,사망사고,1,0,0,0,차량단독 - 기타,안전운전불이행,기타,기타,단일로 - 기타,이륜,여,72세,사망,,,,
2014022700100297,2014년 2월 27일 15시,목요일,전라남도 담양군 수북면,경상사고,0,0,2,0,차대차 - 기타,직진우회전진행방해,건조,맑음,교차로 - 교차로안,승용,남,26세,상해없음,승용,남,30세,경상
2014022700100326,2014년 2월 27일 16시,목요일,전라남도 여수시 연등동,경상사고,0,0,1,0,차대사람 - 차도통행중,안전운전불이행,건조,맑음,단일로 - 기타,승합,남,42세,상해없음,보행자,여,17세,경상
2014022700100327,2014년 2월 27일 16시,목요일,전라남도 영광군 영광읍,경상사고,0,0,1,1,차대차 - 기타,안전운전불이행,건조,맑음,교차로 - 교차로안,화물,남,48세,부상신고,화물,남,40세,경상
2014022700100328,2014년 2월 27일 16시,목요일,전라남도 완도군 고금면,경상사고,0,0,1,0,차대차 - 추돌 - 진행중,중앙선침범,건조,맑음,단일로 - 기타,화물,남,66세,상해없음,화물,남,72세,경상
2014022700100417,2014년 2월 27일 19시,목요일,전라남도 목포시 호남동,중상사고,0,1,1,0,차대차 - 측면직각충돌,안전거리미확보,건조,맑음,단일로 - 기타,승용,여,36세,상해없음,승용,남,54세,상해없음
2014022700100418,2014년 2월 27일 19시,목요일,전라남도 보성군 벌교읍,경상사고,0,0,2,0,차대차 - 측면직각충돌,직진우회전진행방해,건조,맑음,교차로 - 교차로안,승용,여,45세,상해없음,승용,여,47세,경상
2014022700100460,2014년 2월 27일 20시,목요일,전라남도 순천시 조례동,경상사고,0,0,5,0,차대차 - 측면직각충돌,안전운전불이행,건조,맑음,단일로 - 기타,승용,여,49세,상해없음,승용,남,43세,경상
2014022700100461,2014년 2월 27일 20시,목요일,전라남도 영암군 삼호읍,중상사고,0,1,0,0,차대차 - 측면직각충돌,신호위반,건조,맑음,교차로 - 교차로안,승용,남,47세,상해없음,승용,남,42세,중상
2014022700100489,2014년 2월 27일 21시,목요일,전라남도 영암군 시종면,중상사고,0,1,0,0,차대사람 - 기타,안전운전불이행,건조,맑음,단일로 - 기타,기타불명,기타불명,기타불명,기타불명,보행자,남,60세,중상
2014022700100520,2014년 2월 27일 22시,목요일,전라남도 광양시 중동,경상사고,0,0,1,0,차대차 - 측면직각충돌,안전운전불이행,건조,맑음,단일로 - 기타,승용,남,47세,상해없음,승용,여,49세,경상
2014022800100040,2014년 2월 28일 03시,금요일,전라남도 무안군 삼향읍,경상사고,0,0,2,0,차량단독 - 공작물충돌,안전운전불이행,건조,맑음,단일로 - 기타,승용,남,19세,상해없음,,,,
2014022800100045,2014년 2월 28일 04시,금요일,전라남도 목포시 대의동1가,경상사고,0,0,2,0,차대차 - 측면직각충돌,안전거리미확보,건조,기타,단일로 - 기타,승합,남,56세,상해없음,승합,남,40세,상해없음
2014022800100064,2014년 2월 28일 06시,금요일,전라남도 순천시 서면,경상사고,0,0,5,0,차대차 - 측면직각충돌,안전운전불이행,건조,맑음,교차로 - 교차로안,승용,여,43세,경상,화물,남,36세,경상
2014022800100100,2014년 2월 28일 08시,금요일,전라남도 무안군 일로읍,경상사고,0,0,2,0,차대차 - 기타,직진우회전진행방해,건조,맑음,교차로 - 교차로안,승용,남,36세,경상,승용,남,64세,경상
2014022800100125,2014년 2월 28일 09시,금요일,전라남도 목포시 상동,경상사고,0,0,2,0,차대차 - 기타,안전운전불이행,건조,맑음,기타 - 기타,승합,남,53세,상해없음,승용,남,43세,경상
2014022800100126,2014년 2월 28일 09시,금요일,전라남도 순천시 황전면,중상사고,0,1,2,0,차대차 - 측면직각충돌,안전운전불이행,건조,맑음,교차로 - 교차로부근,이륜,남,62세,중상,화물,남,47세,경상
2014022800100127,2014년 2월 28일 09시,금요일,전라남도 영암군 삼호읍,중상사고,0,1,0,0,차대사람 - 횡단중,안전운전불이행,건조,흐림,교차로 - 교차로부근,승용,남,60세,상해없음,보행자,여,11세,중상
2014022800100188,2014년 2월 28일 12시,금요일,전라남도 광양시 봉강면,중상사고,0,1,1,0,차대차 - 측면직각충돌,직진우회전진행방해,건조,맑음,교차로 - 교차로안,승용,남,43세,경상,승용,여,57세,중상
2014022800100210,2014년 2월 28일 13시,금요일,전라남도 순천시 매곡동,경상사고,0,0,1,0,차대사람 - 차도통행중,안전운전불이행,건조,맑음,단일로 - 기타,승용,여,46세,상해없음,보행자,남,55세,경상
2014022800100211,2014년 2월 28일 13시,금요일,전라남도 강진군 군동면,경상사고,0,0,1,0,차대차 - 추돌 - 진행중,안전거리미확보,건조,맑음,단일로 - 기타,이륜,남,73세,경상,화물,남,52세,상해없음
2014022800100239,2014년 2월 28일 14시,금요일,전라남도 여수시 문수동,중상사고,0,1,0,0,차대차 - 추돌 - 진행중,안전운전불이행,건조,맑음,교차로 - 교차로부근,승합,남,68세,중상,승합,남,39세,상해없음
2014022800100240,2014년 2월 28일 14시,금요일,전라남도 해남군 해남읍,중상사고,0,1,0,0,차대차 - 기타,교차로운행방법위반,건조,맑음,교차로 - 교차로안,승용,남,46세,상해없음,자전거,남,70세,중상
2014022800100280,2014년 2월 28일 15시,금요일,전라남도 강진군 마량면,경상사고,0,0,2,0,차대차 - 기타,직진우회전진행방해,습기,비,교차로 - 교차로안,승용,남,55세,상해없음,이륜,남,64세,경상
2014022800100317,2014년 2월 28일 16시,금요일,전라남도 화순군 화순읍,경상사고,0,0,1,0,차대차 - 추돌 - 주정차중,안전운전불이행,건조,맑음,단일로 - 기타,화물,여,44세,상해없음,승용,남,46세,경상
2014022800100318,2014년 2월 28일 16시,금요일,전라남도 광양시 광영동,경상사고,0,0,1,0,차대차 - 추돌 - 진행중,안전거리미확보,건조,맑음,단일로 - 기타,화물,남,75세,상해없음,승용,여,52세,경상
2014022800100386,2014년 2월 28일 18시,금요일,전라남도 목포시 산정동,중상사고,0,1,0,0,차대차 - 측면직각충돌,안전운전불이행,건조,흐림,단일로 - 기타,승용,남,43세,상해없음,이륜,남,47세,중상
2014022800100387,2014년 2월 28일 18시,금요일,전라남도 담양군 대전면,경상사고,0,0,1,0,차대사람 - 차도통행중,안전운전불이행,건조,맑음,교차로 - 교차로안,화물,남,56세,상해없음,보행자,남,28세,경상
2014022800100549,2014년 2월 28일 22시,금요일,전라남도 목포시 상동,경상사고,0,0,2,0,차대차 - 기타,직진우회전진행방해,기타,맑음,교차로 - 교차로안,승용,여,56세,경상,승용,남,27세,경상
2014022800100550,2014년 2월 28일 22시,금요일,전라남도 여수시 신기동,경상사고,0,0,1,0,차대차 - 추돌 - 주정차중,안전운전불이행,건조,맑음,교차로 - 교차로안,승용,남,39세,기타불명,승용,남,45세,경상
2014022800100551,2014년 2월 28일 22시,금요일,전라남도 여수시 여서동,경상사고,0,0,1,0,차대사람 - 기타,안전운전불이행,건조,맑음,단일로 - 기타,이륜,남,18세,상해없음,보행자,여,45세,경상
2014022800100587,2014년 2월 28일 23시,금요일,전라남도 광양시 광양읍,중상사고,0,2,0,0,차대사람 - 횡단중,안전운전불이행,건조,맑음,단일로 - 기타,이륜,남,48세,중상,보행자,남,43세,중상
2014030100100127,2014년 3월 1일 05시,토요일,전라남도 여수시 교동,부상신고사고,0,0,0,1,차대사람 - 횡단중,보행자보호의무위반,건조,맑음,단일로 - 횡단보도상,기타불명,기타불명,기타불명,기타불명,보행자,여,55세,부상신고
2014030100100175,2014년 3월 1일 08시,토요일,전라남도 해남군 해남읍,경상사고,0,0,1,1,차대차 - 추돌 - 진행중,안전운전불이행,건조,맑음,단일로 - 기타,승용,남,54세,부상신고,승용,남,74세,경상
2014030100100189,2014년 3월 1일 09시,토요일,전라남도 강진군 대구면,경상사고,0,0,2,0,차대차 - 측면직각충돌,직진우회전진행방해,습기,비,교차로 - 교차로안,승용,남,32세,상해없음,화물,남,57세,경상
2014030100100252,2014년 3월 1일 12시,토요일,전라남도 장흥군 장흥읍,경상사고,0,0,2,0,차대차 - 기타,안전운전불이행,건조,맑음,단일로 - 기타,승용,남,62세,상해없음,승용,남,28세,경상
2014030100100280,2014년 3월 1일 13시,토요일,전라남도 신안군 압해읍,경상사고,0,0,2,0,차대차 - 기타,중앙선침범,습기,비,단일로 - 기타,승용,여,34세,경상,승용,여,50세,경상
2014030100100281,2014년 3월 1일 13시,토요일,전라남도 목포시 용해동,경상사고,0,0,1,0,차대차 - 기타,교차로운행방법위반,건조,맑음,교차로 - 교차로안,원동기,남,39세,경상,승용,여,37세,상해없음
2014030100100316,2014년 3월 1일 14시,토요일,전라남도 담양군 고서면,경상사고,0,0,9,0,차대차 - 측면직각충돌,교차로운행방법위반,습기,비,교차로 - 교차로안,승용,여,51세,상해없음,승용,남,56세,경상
2014030100100333,2014년 3월 1일 15시,토요일,전라남도 목포시 상동,경상사고,0,0,2,0,차대사람 - 횡단중,보행자보호의무위반,습기,흐림,단일로 - 기타,승합,남,50세,상해없음,보행자,여,16세,경상
2014030100100334,2014년 3월 1일 15시,토요일,전라남도 영광군 군서면,경상사고,0,0,4,0,차대차 - 측면직각충돌,안전운전불이행,습기,비,단일로 - 기타,승용,여,67세,상해없음,승용,여,30세,경상
2014030100100354,2014년 3월 1일 16시,토요일,전라남도 목포시 상동,경상사고,0,0,1,0,차대차 - 추돌 - 진행중,안전운전불이행,습기,흐림,교차로 - 교차로부근,승용,남,25세,상해없음,승용,여,60세,경상
2014030100100379,2014년 3월 1일 17시,토요일,전라남도 목포시 용해동,경상사고,0,0,1,0,차대차 - 기타,중앙선침범,습기,비,단일로 - 기타,승용,남,39세,상해없음,승용,여,44세,경상
2014030100100380,2014년 3월 1일 17시,토요일,전라남도 장성군 황룡면,중상사고,0,2,2,0,차대차 - 추돌 - 주정차중,안전운전불이행,습기,비,교차로 - 교차로부근,승용,남,55세,상해없음,승합,여,52세,경상
2014030100100401,2014년 3월 1일 18시,토요일,전라남도 해남군 송지면,경상사고,0,0,2,0,차대차 - 추돌 - 진행중,안전거리미확보,건조,맑음,단일로 - 기타,화물,남,66세,상해없음,승용,남,32세,경상
2014030100100402,2014년 3월 1일 18시,토요일,전라남도 구례군 마산면,중상사고,0,1,0,0,차량단독 - 기타,안전운전불이행,습기,비,단일로 - 기타,승용,여,30세,상해없음,,,,
2014030100100443,2014년 3월 1일 19시,토요일,전라남도 순천시 조례동,경상사고,0,0,1,0,차대차 - 정면충돌,중앙선침범,습기,비,교차로 - 교차로부근,승용,여,45세,상해없음,승용,여,46세,경상
2014030100100444,2014년 3월 1일 19시,토요일,전라남도 화순군 화순읍,경상사고,0,0,1,0,차대차 - 기타,안전운전불이행,습기,비,단일로 - 기타,이륜,남,16세,경상,승용,남,47세,상해없음
2014030100100445,2014년 3월 1일 19시,토요일,전라남도 영암군 삼호읍,중상사고,0,1,1,0,차대차 - 기타,안전운전불이행,습기,흐림,교차로 - 교차로안,승용,남,47세,상해없음,승용,여,37세,경상
2014030100100446,2014년 3월 1일 19시,토요일,전라남도 완도군 완도읍,중상사고,0,1,0,0,차대사람 - 기타,중앙선침범,습기,비,단일로 - 기타,승용,여,42세,상해없음,보행자,남,59세,중상
2014030100100447,2014년 3월 1일 19시,토요일,전라남도 광양시 광양읍,중상사고,0,1,0,0,차대차 - 기타,안전운전불이행,습기,흐림,교차로 - 교차로부근,승용,남,30세,상해없음,승용,남,27세,중상
2014030100100480,2014년 3월 1일 20시,토요일,전라남도 목포시 상동,중상사고,0,1,1,0,차대차 - 정면충돌,중앙선침범,습기,비,단일로 - 기타,승용,남,67세,중상,승합,남,42세,경상
2014030100100481,2014년 3월 1일 20시,토요일,전라남도 광양시 광양읍,사망사고,1,0,0,0,차대사람 - 횡단중,안전운전불이행,습기,비,단일로 - 횡단보도상,승용,남,56세,상해없음,보행자,남,58세,사망
2014030200100014,2014년 3월 2일 00시,일요일,전라남도 목포시 옥암동,경상사고,0,0,1,0,차대차 - 기타,안전운전불이행,습기,비,단일로 - 기타,승용,남,27세,상해없음,승용,남,31세,경상
2014030200100015,2014년 3월 2일 00시,일요일,전라남도 순천시 덕암동,중상사고,0,2,0,0,차대차 - 측면직각충돌,중앙선침범,건조,맑음,단일로 - 기타,승용,남,50세,상해없음,이륜,남,22세,중상
2014030200100073,2014년 3월 2일 03시,일요일,전라남도 목포시 상동,경상사고,0,0,1,0,차량단독 - 기타,안전운전불이행,건조,흐림,교차로 - 교차로부근,승용,남,67세,상해없음,,,,
2014030200100101,2014년 3월 2일 06시,일요일,전라남도 여수시 월하동,중상사고,0,1,0,0,차대차 - 기타,교차로운행방법위반,건조,맑음,교차로 - 교차로안,화물,남,55세,상해없음,승용,남,46세,중상
2014030200100113,2014년 3월 2일 07시,일요일,전라남도 영암군 영암읍,부상신고사고,0,0,0,1,차량단독 - 기타,안전운전불이행,건조,맑음,단일로 - 기타,승용,남,24세,부상신고,,,,
2014030200100130,2014년 3월 2일 09시,일요일,전라남도 광양시 중동,경상사고,0,0,1,0,차대차 - 추돌 - 진행중,안전거리미확보,건조,맑음,단일로 - 기타,화물,남,34세,상해없음,화물,남,45세,경상
2014030200100233,2014년 3월 2일 14시,일요일,전라남도 여수시 여서동,경상사고,0,0,1,0,차대차 - 추돌 - 주정차중,안전운전불이행,건조,맑음,교차로 - 교차로부근,승용,남,42세,상해없음,승용,여,51세,경상
2014030200100234,2014년 3월 2일 14시,일요일,전라남도 함평군 함평읍,경상사고,0,0,1,0,차대사람 - 횡단중,안전운전불이행,건조,맑음,교차로 - 교차로안,승용,여,59세,기타불명,보행자,남,71세,경상
2014030200100260,2014년 3월 2일 15시,일요일,전라남도 완도군 고금면,중상사고,0,2,0,0,차량단독 - 도로외이탈 - 기타,안전운전불이행,건조,맑음,단일로 - 기타,승용,여,57세,중상,,,,
2014030200100345,2014년 3월 2일 18시,일요일,전라남도 여수시 율촌면,경상사고,0,0,1,0,차량단독 - 전도전복,안전운전불이행,건조,맑음,교차로 - 교차로안,이륜,남,72세,경상,,,,
2014030200100346,2014년 3월 2일 18시,일요일,전라남도 순천시 연향동,중상사고,0,1,0,0,차대차 - 측면직각충돌,신호위반,건조,맑음,교차로 - 교차로안,이륜,남,33세,중상,승용,남,34세,상해없음
2014030200100347,2014년 3월 2일 18시,일요일,전라남도 광양시 광양읍,경상사고,0,0,1,0,차대차 - 기타,기타,건조,맑음,기타 - 기타,승용,남,56세,상해없음,이륜,남,55세,경상
2014030200100441,2014년 3월 2일 22시,일요일,전라남도 보성군 득량면,사망사고,1,0,0,0,차량단독 - 공작물충돌,안전운전불이행,건조,맑음,단일로 - 기타,승용,남,76세,사망,,,,
2014030300100007,2014년 3월 3일 00시,월요일,전라남도 목포시 상동,중상사고,0,1,2,0,차대차 - 측면직각충돌,신호위반,건조,맑음,교차로 - 교차로안,승용,여,39세,경상,승용,남,32세,중상
2014030300100031,2014년 3월 3일 04시,월요일,전라남도 담양군 고서면,경상사고,0,0,1,0,차대차 - 측면직각충돌,차로위반,건조,맑음,단일로 - 기타,승용,남,41세,상해없음,화물,남,65세,경상
2014030300100063,2014년 3월 3일 07시,월요일,전라남도 여수시 해산동,중상사고,0,1,0,0,차대차 - 정면충돌,안전운전불이행,건조,맑음,단일로 - 기타,화물,남,50세,상해없음,원동기,남,60세,중상
2014030300100064,2014년 3월 3일 07시,월요일,전라남도 나주시 동강면,중상사고,0,1,0,0,차대차 - 측면직각충돌,직진우회전진행방해,건조,맑음,교차로 - 교차로안,이륜,남,76세,상해없음,승용,남,48세,상해없음
2014030300100108,2014년 3월 3일 08시,월요일,전라남도 신안군 안좌면,중상사고,0,1,0,0,차대차 - 측면직각충돌,중앙선침범,건조,맑음,단일로 - 기타,화물,남,52세,상해없음,이륜,남,71세,중상
2014030300100156,2014년 3월 3일 09시,월요일,전라남도 나주시 동수동,경상사고,0,0,2,0,차대차 - 측면직각충돌,직진우회전진행방해,건조,맑음,교차로 - 교차로안,화물,남,63세,경상,승용,남,23세,경상
2014030300100157,2014년 3월 3일 09시,월요일,전라남도 장성군 장성읍,경상사고,0,0,1,0,차대차 - 정면충돌,중앙선침범,건조,맑음,단일로 - 기타,화물,남,48세,상해없음,승용,남,61세,경상
2014030300100181,2014년 3월 3일 10시,월요일,전라남도 장흥군 대덕읍,중상사고,0,1,1,0,차대차 - 추돌 - 진행중,안전운전불이행,건조,맑음,단일로 - 기타,화물,남,44세,경상,농기계,남,49세,중상
2014030300100182,2014년 3월 3일 10시,월요일,전라남도 장흥군 장흥읍,경상사고,0,0,1,0,차대차 - 추돌 - 주정차중,안전거리미확보,건조,맑음,단일로 - 기타,화물,여,53세,기타불명,승용,여,52세,경상
2014030300100205,2014년 3월 3일 11시,월요일,전라남도 여수시 충무동,중상사고,0,1,0,0,차대사람 - 횡단중,보행자보호의무위반,건조,맑음,단일로 - 횡단보도상,화물,남,26세,상해없음,보행자,여,61세,중상
2014030300100206,2014년 3월 3일 11시,월요일,전라남도 나주시 세지면,경상사고,0,0,4,0,차대차 - 측면직각충돌,안전운전불이행,건조,맑음,교차로 - 교차로안,건설기계,남,23세,상해없음,승용,남,32세,경상
2014030300100207,2014년 3월 3일 11시,월요일,전라남도 화순군 화순읍,경상사고,0,0,1,0,차대사람 - 차도통행중,안전운전불이행,건조,맑음,단일로 - 기타,승용,남,82세,상해없음,보행자,여,46세,경상
2014030300100208,2014년 3월 3일 11시,월요일,전라남도 담양군 담양읍,중상사고,0,1,0,0,차대차 - 정면충돌,중앙선침범,건조,맑음,단일로 - 기타,원동기,남,65세,중상,승용,남,51세,상해없음
2014030300100231,2014년 3월 3일 12시,월요일,전라남도 여수시 미평동,경상사고,0,0,1,0,차대차 - 측면직각충돌,차로위반,건조,맑음,단일로 - 기타,승용,남,37세,상해없음,이륜,남,56세,경상
2014030300100232,2014년 3월 3일 12시,월요일,전라남도 여수시 신기동,경상사고,0,0,1,0,차대사람 - 차도통행중,안전운전불이행,건조,맑음,교차로 - 교차로부근,승용,남,46세,상해없음,보행자,남,48세,경상
2014030300100233,2014년 3월 3일 12시,월요일,전라남도 함평군 학교면,경상사고,0,0,2,0,차대차 - 추돌 - 진행중,안전운전불이행,건조,맑음,단일로 - 기타,승용,남,68세,상해없음,화물,남,40세,경상
2014030300100263,2014년 3월 3일 13시,월요일,전라남도 목포시 용해동,부상신고사고,0,0,0,1,차대사람 - 기타,안전운전불이행,건조,맑음,단일로 - 기타,화물,남,51세,상해없음,보행자,여,16세,부상신고
2014030300100264,2014년 3월 3일 13시,월요일,전라남도 목포시 상동,경상사고,0,0,3,0,차대차 - 기타,안전운전불이행,건조,맑음,교차로 - 교차로안,승용,남,58세,경상,승용,남,37세,경상
2014030300100265,2014년 3월 3일 13시,월요일,전라남도 여수시 광무동,경상사고,0,0,1,0,차대사람 - 기타,안전운전불이행,건조,맑음,기타 - 기타,승용,남,61세,상해없음,보행자,남,70세,경상
2014030300100266,2014년 3월 3일 13시,월요일,전라남도 광양시 중동,경상사고,0,0,1,0,차대사람 - 횡단중,안전운전불이행,건조,맑음,단일로 - 기타,화물,남,54세,상해없음,보행자,남,6세,경상
2014030300100267,2014년 3월 3일 13시,월요일,전라남도 광양시 진월면,중상사고,0,1,1,0,차대차 - 측면직각충돌,차로위반,건조,맑음,단일로 - 기타,화물,남,54세,상해없음,승용,남,38세,중상
2014030300100310,2014년 3월 3일 14시,월요일,전라남도 여수시 충무동,중상사고,0,1,0,0,차대차 - 측면직각충돌,안전운전불이행,건조,맑음,단일로 - 기타,화물,남,37세,상해없음,이륜,남,66세,중상
2014030300100311,2014년 3월 3일 14시,월요일,전라남도 고흥군 도덕면,사망사고,1,0,0,0,차량단독 - 도로외이탈 - 추락,안전운전불이행,건조,맑음,교차로 - 교차로부근,원동기,남,74세,사망,,,,
2014030300100345,2014년 3월 3일 15시,월요일,전라남도 목포시 옥암동,경상사고,0,0,2,0,차대차 - 기타,직진우회전진행방해,건조,맑음,교차로 - 교차로안,화물,남,42세,상해없음,승용,여,40세,경상
2014030300100373,2014년 3월 3일 16시,월요일,전라남도 진도군 임회면,경상사고,0,0,2,0,차대차 - 기타,안전운전불이행,기타,맑음,단일로 - 기타,승용,여,54세,경상,화물,남,52세,상해없음
2014030300100374,2014년 3월 3일 16시,월요일,전라남도 광양시 광양읍,경상사고,0,0,2,0,차대차 - 측면직각충돌,신호위반,건조,맑음,교차로 - 교차로안,농기계,남,72세,경상,승용,남,43세,경상
2014030300100406,2014년 3월 3일 17시,월요일,전라남도 목포시 상동,경상사고,0,0,2,0,차대차 - 기타,직진우회전진행방해,건조,맑음,교차로 - 교차로안,승용,남,54세,상해없음,승용,남,24세,경상
2014030300100407,2014년 3월 3일 17시,월요일,전라남도 고흥군 동강면,경상사고,0,0,1,0,차대차 - 정면충돌,중앙선침범,건조,맑음,교차로 - 교차로안,화물,남,61세,상해없음,승용,남,43세,경상
2014030300100473,2014년 3월 3일 19시,월요일,전라남도 장흥군 장흥읍,중상사고,0,2,3,0,차대차 - 측면직각충돌,교차로운행방법위반,건조,맑음,교차로 - 교차로안,화물,남,20세,상해없음,승용,남,66세,중상
2014030300100512,2014년 3월 3일 20시,월요일,전라남도 여수시 봉강동,경상사고,0,0,1,0,차대차 - 추돌 - 진행중,안전운전불이행,건조,맑음,교차로 - 교차로부근,화물,남,61세,상해없음,승용,남,43세,경상
2014030300100513,2014년 3월 3일 20시,월요일,전라남도 무안군 삼향읍,경상사고,0,0,1,0,차대차 - 추돌 - 주정차중,안전운전불이행,건조,맑음,교차로 - 교차로부근,승용,남,60세,상해없음,승용,여,41세,경상
2014030300100514,2014년 3월 3일 20시,월요일,전라남도 광양시 중동,경상사고,0,0,1,0,차대차 - 측면직각충돌,안전운전불이행,건조,맑음,단일로 - 기타,승용,남,48세,상해없음,승용,남,24세,경상
2014030300100571,2014년 3월 3일 22시,월요일,전라남도 순천시 해룡면,경상사고,0,0,1,0,차대사람 - 횡단중,보행자보호의무위반,건조,맑음,단일로 - 횡단보도상,승용,남,29세,기타불명,보행자,남,45세,경상
2014030400100037,2014년 3월 4일 04시,화요일,전라남도 무안군 청계면,부상신고사고,0,0,0,1,차량단독 - 전도전복,안전운전불이행,건조,맑음,단일로 - 기타,승용,남,36세,부상신고,,,,
2014030400100069,2014년 3월 4일 07시,화요일,전라남도 나주시 경현동,경상사고,0,0,1,0,차대차 - 추돌 - 주정차중,안전운전불이행,건조,맑음,단일로 - 기타,승용,남,57세,상해없음,승용,여,33세,기타불명
2014030400100070,2014년 3월 4일 07시,화요일,전라남도 담양군 대전면,중상사고,0,1,0,0,차대사람 - 횡단중,안전운전불이행,건조,맑음,교차로 - 교차로안,승용,여,43세,상해없음,보행자,남,12세,중상
2014030400100114,2014년 3월 4일 09시,화요일,전라남도 곡성군 곡성읍,경상사고,0,0,2,0,차대차 - 기타,안전운전불이행,건조,맑음,교차로 - 교차로안,화물,남,55세,경상,승용,남,36세,경상
2014030400100133,2014년 3월 4일 10시,화요일,전라남도 나주시 금천면,경상사고,0,0,1,0,차대차 - 기타,신호위반,건조,맑음,교차로 - 교차로안,건설기계,남,48세,상해없음,승용,여,48세,경상
2014030400100161,2014년 3월 4일 11시,화요일,전라남도 순천시 풍덕동,부상신고사고,0,0,0,1,차대차 - 측면직각충돌,교차로운행방법위반,건조,흐림,교차로 - 교차로안,이륜,남,72세,부상신고,승용,남,54세,상해없음
2014030400100190,2014년 3월 4일 12시,화요일,전라남도 고흥군 남양면,경상사고,0,0,1,0,차량단독 - 공작물충돌,안전운전불이행,건조,맑음,단일로 - 기타,승합,남,40세,경상,,,,
2014030400100191,2014년 3월 4일 12시,화요일,전라남도 영암군 삼호읍,중상사고,0,1,0,0,차대차 - 기타,안전운전불이행,건조,맑음,교차로 - 교차로안,이륜,남,74세,중상,승합,남,64세,상해없음
2014030400100211,2014년 3월 4일 13시,화요일,전라남도 여수시 문수동,중상사고,0,1,0,0,차대차 - 정면충돌,안전운전불이행,건조,맑음,단일로 - 기타,승용,남,51세,중상,승용,남,66세,상해없음
2014030400100212,2014년 3월 4일 13시,화요일,전라남도 순천시 연향동,경상사고,0,0,1,0,차대차 - 기타,교차로운행방법위반,건조,맑음,교차로 - 교차로안,화물,남,42세,상해없음,승용,여,49세,경상
2014030400100259,2014년 3월 4일 15시,화요일,전라남도 강진군 강진읍,경상사고,0,0,1,0,차대사람 - 기타,안전운전불이행,습기,흐림,교차로 - 교차로안,화물,남,42세,상해없음,보행자,여,73세,경상
2014030400100288,2014년 3월 4일 16시,화요일,전라남도 담양군 용면,경상사고,0,0,3,0,차대차 - 기타,중앙선침범,건조,맑음,단일로 - 기타,승용,남,67세,상해없음,화물,남,58세,경상
2014030400100343,2014년 3월 4일 18시,화요일,전라남도 화순군 화순읍,경상사고,0,0,1,0,차대차 - 측면직각충돌,안전운전불이행,건조,맑음,교차로 - 교차로부근,승용,남,30세,상해없음,승합,남,58세,경상
2014030400100385,2014년 3월 4일 19시,화요일,전라남도 나주시 봉황면,경상사고,0,0,2,0,차대사람 - 기타,안전운전불이행,건조,맑음,교차로 - 교차로안,승용,남,27세,상해없음,보행자,남,53세,경상