사고번호,사고일시,요일,시군구,사고내용,사망자수,중상자수,경상자수,부상신고자수,사고유형,법규위반,노면상태,기상상태,도로형태,가해운전자 차종,가해운전자 성별,가해운전자 연령,가해운전자 상해정도,피해운전자 차종,피해운전자 성별,피해운전자 연령,피해운전자 상해정도
2014030400100386,2014년 3월 4일 19시,화요일,전라남도 광양시 중동,경상사고,0,0,1,0,차대차 - 기타,교차로운행방법위반,습기,맑음,교차로 - 교차로안,승용,남,27세,상해없음,이륜,남,33세,경상
2014030400100472,2014년 3월 4일 22시,화요일,전라남도 화순군 화순읍,중상사고,0,1,0,0,차대차 - 측면직각충돌,안전운전불이행,건조,흐림,단일로 - 기타,승용,남,33세,상해없음,원동기,남,17세,중상
2014030400100495,2014년 3월 4일 23시,화요일,전라남도 여수시 학동,경상사고,0,0,1,0,차대사람 - 차도통행중,안전운전불이행,건조,맑음,교차로 - 교차로안,승용,남,47세,상해없음,보행자,남,63세,경상
2014030400100496,2014년 3월 4일 23시,화요일,전라남도 무안군 무안읍,경상사고,0,0,1,0,차량단독 - 공작물충돌,안전운전불이행,건조,맑음,단일로 - 기타,승용,남,36세,상해없음,,,,
2014030500100015,2014년 3월 5일 00시,수요일,전라남도 목포시 산정동,경상사고,0,0,2,0,차대차 - 측면직각충돌,교차로운행방법위반,건조,맑음,교차로 - 교차로안,승용,남,32세,상해없음,승용,남,38세,경상
2014030500100029,2014년 3월 5일 01시,수요일,전라남도 여수시 문수동,경상사고,0,0,1,0,차대사람 - 횡단중,안전운전불이행,건조,맑음,단일로 - 기타,승용,남,66세,상해없음,보행자,여,42세,경상
2014030500100037,2014년 3월 5일 02시,수요일,전라남도 담양군 담양읍,중상사고,0,1,0,0,차량단독 - 기타,안전운전불이행,건조,맑음,교차로 - 교차로부근,승용,남,35세,중상,,,,
2014030500100092,2014년 3월 5일 07시,수요일,전라남도 영암군 삼호읍,경상사고,0,0,4,0,차대차 - 추돌 - 진행중,안전거리미확보,건조,맑음,교차로 - 교차로안,승용,남,30세,경상,승용,남,50세,경상
2014030500100185,2014년 3월 5일 10시,수요일,전라남도 영암군 삼호읍,중상사고,0,1,0,0,차대차 - 추돌 - 진행중,안전운전불이행,건조,맑음,교차로 - 교차로부근,화물,남,55세,상해없음,승용,남,64세,중상
2014030500100211,2014년 3월 5일 11시,수요일,전라남도 보성군 조성면,중상사고,0,1,0,0,차대차 - 정면충돌,안전운전불이행,건조,맑음,단일로 - 기타,화물,남,61세,상해없음,이륜,남,81세,중상
2014030500100212,2014년 3월 5일 11시,수요일,전라남도 영암군 금정면,중상사고,0,1,0,0,차대차 - 기타,안전운전불이행,건조,맑음,단일로 - 기타,승용,남,41세,상해없음,이륜,남,64세,중상
2014030500100230,2014년 3월 5일 12시,수요일,전라남도 고흥군 고흥읍,중상사고,0,1,0,0,차대차 - 추돌 - 주정차중,안전운전불이행,건조,맑음,기타 - 기타,승용,남,61세,상해없음,승용,여,31세,중상
2014030500100262,2014년 3월 5일 13시,수요일,전라남도 강진군 군동면,경상사고,0,0,1,0,차대차 - 측면직각충돌,신호위반,건조,맑음,교차로 - 교차로안,승용,여,36세,상해없음,화물,남,68세,경상
2014030500100263,2014년 3월 5일 13시,수요일,전라남도 진도군 임회면,중상사고,0,1,0,0,차대차 - 추돌 - 진행중,안전운전불이행,건조,맑음,단일로 - 기타,승용,남,28세,상해없음,화물,남,48세,중상
2014030500100264,2014년 3월 5일 13시,수요일,전라남도 광양시 광양읍,중상사고,0,2,1,0,차대차 - 추돌 - 진행중,교차로운행방법위반,건조,맑음,교차로 - 교차로안,화물,남,46세,경상,승용,남,35세,중상
2014030500100290,2014년 3월 5일 14시,수요일,전라남도 여수시 여서동,경상사고,0,0,1,0,차량단독 - 기타,안전운전불이행,건조,맑음,단일로 - 기타,승용,여,58세,경상,,,,
2014030500100291,2014년 3월 5일 14시,수요일,전라남도 장성군 삼계면,중상사고,0,1,0,0,차대사람 - 차도통행중,안전운전불이행,건조,맑음,단일로 - 기타,승용,여,43세,상해없음,보행자,여,57세,중상
2014030500100324,2014년 3월 5일 15시,수요일,전라남도 화순군 화순읍,중상사고,0,1,0,0,차대사람 - 횡단중,보행자보호의무위반,건조,맑음,단일로 - 횡단보도상,승합,남,58세,상해없음,보행자,남,78세,중상
2014030500100352,2014년 3월 5일 16시,수요일,전라남도 나주시 영산동,경상사고,0,0,2,0,차대차 - 측면직각충돌,안전거리미확보,건조,맑음,단일로 - 교량,승용,여,52세,상해없음,승용,남,55세,경상
2014030500100393,2014년 3월 5일 17시,수요일,전라남도 나주시 이창동,경상사고,0,0,1,0,차대차 - 측면직각충돌,신호위반,건조,맑음,교차로 - 교차로안,화물,남,51세,상해없음,원동기,남,29세,경상
2014030500100512,2014년 3월 5일 20시,수요일,전라남도 영암군 영암읍,경상사고,0,0,2,0,차대차 - 기타,직진우회전진행방해,건조,맑음,교차로 - 교차로안,승용,남,56세,상해없음,화물,남,68세,경상
2014030500100539,2014년 3월 5일 21시,수요일,전라남도 나주시 대호동,경상사고,0,0,1,0,차대차 - 측면직각충돌,안전운전불이행,건조,맑음,교차로 - 교차로안,승용,남,35세,상해없음,자전거,남,18세,경상
2014030500100540,2014년 3월 5일 21시,수요일,전라남도 화순군 화순읍,사망사고,1,0,0,0,차대사람 - 횡단중,안전운전불이행,건조,맑음,단일로 - 기타,승용,남,40세,상해없음,보행자,남,50세,사망
2014030500100541,2014년 3월 5일 21시,수요일,전라남도 영암군 학산면,중상사고,0,1,0,0,차대차 - 기타,안전운전불이행,건조,맑음,교차로 - 교차로부근,화물,남,44세,중상,화물,남,32세,기타불명
2014030500100567,2014년 3월 5일 22시,수요일,전라남도 목포시 상동,중상사고,0,1,1,0,차대차 - 측면직각충돌,교차로운행방법위반,건조,맑음,교차로 - 교차로안,승용,여,37세,중상,승합,남,47세,경상
2014030500100568,2014년 3월 5일 22시,수요일,전라남도 곡성군 옥과면,부상신고사고,0,0,0,1,차대차 - 기타,안전운전불이행,건조,맑음,미분류 - 미분류,기타불명,기타불명,기타불명,기타불명,자전거,남,59세,부상신고
2014030500100592,2014년 3월 5일 23시,수요일,전라남도 목포시 상동,경상사고,0,0,1,0,차대차 - 추돌 - 주정차중,안전거리미확보,건조,맑음,단일로 - 기타,승용,남,43세,상해없음,승용,남,31세,경상
2014030600100029,2014년 3월 6일 01시,목요일,전라남도 목포시 옥암동,사망사고,2,0,0,0,차대차 - 측면직각충돌,안전운전불이행,건조,맑음,교차로 - 교차로부근,승용,남,19세,상해없음,승용,남,38세,사망
2014030600100061,2014년 3월 6일 05시,목요일,전라남도 목포시 상동,중상사고,0,1,0,0,차대사람 - 횡단중,안전운전불이행,건조,맑음,단일로 - 횡단보도상,승용,남,56세,상해없음,보행자,남,58세,중상
2014030600100132,2014년 3월 6일 08시,목요일,전라남도 여수시 돌산읍,경상사고,0,0,6,0,차대차 - 추돌 - 주정차중,안전거리미확보,건조,맑음,단일로 - 기타,승용,남,25세,경상,승용,남,37세,경상
2014030600100178,2014년 3월 6일 10시,목요일,전라남도 순천시 덕암동,중상사고,0,1,0,0,차대사람 - 기타,안전운전불이행,건조,맑음,단일로 - 기타,승합,남,49세,상해없음,보행자,여,66세,중상
2014030600100179,2014년 3월 6일 10시,목요일,전라남도 장흥군 안양면,경상사고,0,0,1,0,차대차 - 추돌 - 진행중,안전운전불이행,건조,맑음,교차로 - 교차로부근,원동기,남,54세,경상,승용,여,49세,상해없음
2014030600100180,2014년 3월 6일 10시,목요일,전라남도 광양시 금호동,중상사고,0,1,0,0,차대차 - 추돌 - 진행중,안전운전불이행,건조,맑음,기타 - 기타,이륜,여,62세,중상,승용,여,52세,상해없음
2014030600100206,2014년 3월 6일 11시,목요일,전라남도 완도군 완도읍,중상사고,0,3,0,0,차대차 - 추돌 - 진행중,안전운전불이행,건조,맑음,단일로 - 기타,승용,여,43세,중상,승용,남,57세,중상
2014030600100225,2014년 3월 6일 12시,목요일,전라남도 영광군 영광읍,중상사고,0,3,0,0,차대차 - 기타,중앙선침범,건조,맑음,단일로 - 기타,승용,남,29세,중상,화물,남,64세,중상
2014030600100252,2014년 3월 6일 13시,목요일,전라남도 광양시 금호동,경상사고,0,0,2,0,차대차 - 측면직각충돌,신호위반,건조,맑음,교차로 - 교차로안,승용,남,61세,상해없음,승용,여,43세,경상
2014030600100253,2014년 3월 6일 13시,목요일,전라남도 광양시 중동,경상사고,0,0,2,0,차대차 - 측면직각충돌,중앙선침범,건조,맑음,단일로 - 기타,승합,남,51세,상해없음,승용,여,40세,경상
2014030600100272,2014년 3월 6일 14시,목요일,전라남도 목포시 옥암동,경상사고,0,0,1,0,차대차 - 측면직각충돌,신호위반,건조,맑음,교차로 - 교차로안,승용,여,38세,경상,화물,남,66세,상해없음
2014030600100273,2014년 3월 6일 14시,목요일,전라남도 목포시 상동,경상사고,0,0,3,0,차대차 - 측면직각충돌,안전운전불이행,건조,맑음,단일로 - 기타,승용,남,32세,상해없음,승용,여,41세,경상
2014030600100274,2014년 3월 6일 14시,목요일,전라남도 나주시 영산동,경상사고,0,0,1,0,차대차 - 기타,직진우회전진행방해,건조,맑음,교차로 - 교차로안,원동기,남,69세,경상,승용,남,19세,상해없음
2014030600100275,2014년 3월 6일 14시,목요일,전라남도 영암군 신북면,경상사고,0,0,5,0,차대차 - 추돌 - 주정차중,안전운전불이행,건조,맑음,단일로 - 기타,승용,남,72세,경상,화물,남,40세,경상
2014030600100276,2014년 3월 6일 14시,목요일,전라남도 무안군 무안읍,경상사고,0,0,1,0,차대사람 - 기타,안전운전불이행,건조,맑음,기타 - 기타,승용,남,54세,상해없음,보행자,남,23세,경상
2014030600100305,2014년 3월 6일 15시,목요일,전라남도 영암군 삼호읍,경상사고,0,0,1,0,차대차 - 측면직각충돌,직진우회전진행방해,건조,맑음,교차로 - 교차로안,승용,남,35세,상해없음,승용,여,27세,경상
2014030600100357,2014년 3월 6일 17시,목요일,전라남도 여수시 학동,경상사고,0,0,1,0,차대사람 - 기타,안전운전불이행,건조,맑음,단일로 - 기타,화물,남,45세,상해없음,보행자,여,13세,경상
2014030600100358,2014년 3월 6일 17시,목요일,전라남도 순천시 연향동,중상사고,0,1,0,0,차대차 - 기타,교차로운행방법위반,건조,맑음,교차로 - 교차로안,화물,남,32세,상해없음,원동기,여,34세,중상
2014030600100380,2014년 3월 6일 18시,목요일,전라남도 광양시 광양읍,경상사고,0,0,1,0,차대사람 - 기타,안전운전불이행,건조,맑음,교차로 - 교차로부근,화물,남,69세,상해없음,보행자,여,15세,경상
2014030600100415,2014년 3월 6일 19시,목요일,전라남도 순천시 매곡동,경상사고,0,0,1,0,차대사람 - 기타,기타,건조,맑음,단일로 - 기타,승합,남,45세,상해없음,보행자,남,52세,경상
2014030600100416,2014년 3월 6일 19시,목요일,전라남도 광양시 광양읍,경상사고,0,0,1,0,차대차 - 추돌 - 진행중,교차로운행방법위반,건조,맑음,교차로 - 교차로안,승용,여,31세,상해없음,승용,여,35세,경상
2014030600100440,2014년 3월 6일 20시,목요일,전라남도 광양시 중동,경상사고,0,0,3,0,차대차 - 측면직각충돌,교차로운행방법위반,건조,맑음,교차로 - 교차로안,승용,남,51세,상해없음,승용,남,34세,경상
2014030600100461,2014년 3월 6일 21시,목요일,전라남도 목포시 용당동,경상사고,0,0,1,0,차대차 - 추돌 - 진행중,안전운전불이행,건조,맑음,단일로 - 기타,승용,남,37세,상해없음,승용,남,35세,경상
2014030600100462,2014년 3월 6일 21시,목요일,전라남도 무안군 해제면,중상사고,0,1,0,0,차대차 - 측면직각충돌,안전운전불이행,건조,맑음,교차로 - 교차로안,이륜,여,64세,중상,승용,남,49세,상해없음
2014030600100522,2014년 3월 6일 23시,목요일,전라남도 목포시 죽교동,경상사고,0,0,1,0,차대차 - 측면직각충돌,교차로운행방법위반,건조,맑음,교차로 - 교차로안,승용,남,32세,상해없음,승용,남,28세,경상
2014030600100523,2014년 3월 6일 23시,목요일,전라남도 광양시 중동,중상사고,0,1,0,0,차대사람 - 기타,안전운전불이행,건조,맑음,단일로 - 기타,승용,남,47세,상해없음,보행자,남,17세,중상
2014030700100010,2014년 3월 7일 00시,금요일,전라남도 목포시 옥암동,경상사고,0,0,1,0,차량단독 - 공작물충돌,안전운전불이행,건조,맑음,단일로 - 기타,승용,남,47세,경상,,,,
2014030700100089,2014년 3월 7일 07시,금요일,전라남도 목포시 상동,경상사고,0,0,1,0,차대차 - 측면직각충돌,교차로운행방법위반,건조,맑음,교차로 - 교차로안,승용,남,21세,상해없음,승용,여,25세,경상
2014030700100132,2014년 3월 7일 08시,금요일,전라남도 여수시 여서동,중상사고,0,1,0,0,차대사람 - 횡단중,안전운전불이행,건조,맑음,단일로 - 기타,승용,여,59세,상해없음,보행자,여,66세,중상
2014030700100133,2014년 3월 7일 08시,금요일,전라남도 순천시 연향동,경상사고,0,0,1,0,차대사람 - 보도통행중,보행자보호의무위반,건조,맑음,교차로 - 교차로안,승용,여,52세,상해없음,보행자,여,12세,경상
2014030700100134,2014년 3월 7일 08시,금요일,전라남도 장성군 삼계면,경상사고,0,0,1,0,차대차 - 측면직각충돌,안전운전불이행,건조,맑음,교차로 - 교차로안,이륜,남,72세,경상,승용,여,46세,상해없음
2014030700100208,2014년 3월 7일 11시,금요일,전라남도 목포시 상동,경상사고,0,0,2,0,차대차 - 측면직각충돌,안전운전불이행,건조,맑음,교차로 - 교차로부근,승용,남,71세,상해없음,승용,여,47세,경상
2014030700100209,2014년 3월 7일 11시,금요일,전라남도 순천시 조곡동,경상사고,0,0,1,0,차대차 - 측면직각충돌,직진우회전진행방해,건조,맑음,교차로 - 교차로안,승용,남,40세,상해없음,승용,남,28세,경상
2014030700100277,2014년 3월 7일 14시,금요일,전라남도 영광군 홍농읍,경상사고,0,0,1,0,차대차 - 측면직각충돌,안전운전불이행,건조,맑음,단일로 - 기타,승용,남,70세,상해없음,화물,남,55세,경상
2014030700100325,2014년 3월 7일 16시,금요일,전라남도 순천시 석현동,중상사고,0,1,0,0,차대사람 - 기타,안전운전불이행,건조,맑음,단일로 - 기타,승용,여,52세,상해없음,보행자,여,15세,중상
2014030700100391,2014년 3월 7일 18시,금요일,전라남도 나주시 송월동,중상사고,0,1,0,0,차대차 - 측면직각충돌,교차로운행방법위반,건조,맑음,교차로 - 교차로안,이륜,남,52세,중상,승용,여,26세,상해없음
2014030700100429,2014년 3월 7일 19시,금요일,전라남도 곡성군 오곡면,중상사고,0,1,1,0,차대차 - 기타,안전운전불이행,건조,맑음,단일로 - 기타,승용,남,50세,상해없음,승용,남,37세,경상
2014030700100462,2014년 3월 7일 20시,금요일,전라남도 광양시 중동,경상사고,0,0,1,0,차대차 - 측면직각충돌,안전운전불이행,건조,맑음,교차로 - 교차로안,승용,여,54세,경상,승용,남,37세,상해없음
2014030700100531,2014년 3월 7일 22시,금요일,전라남도 목포시 산정동,경상사고,0,0,1,0,차대차 - 추돌 - 진행중,차로위반,건조,맑음,단일로 - 기타,화물,남,57세,상해없음,승용,여,38세,경상
2014030700100532,2014년 3월 7일 22시,금요일,전라남도 순천시 조례동,경상사고,0,0,1,0,차대사람 - 기타,안전운전불이행,건조,맑음,단일로 - 횡단보도상,승용,여,44세,상해없음,보행자,여,38세,경상
2014030700100558,2014년 3월 7일 23시,금요일,전라남도 순천시 연향동,경상사고,0,0,1,0,차대차 - 추돌 - 주정차중,안전운전불이행,건조,맑음,단일로 - 기타,승용,남,51세,상해없음,승용,남,49세,상해없음
2014030700100559,2014년 3월 7일 23시,금요일,전라남도 나주시 성북동,경상사고,0,0,1,0,차대차 - 측면직각충돌,교차로운행방법위반,건조,맑음,교차로 - 교차로안,승용,남,19세,경상,승용,여,50세,상해없음
2014030800100113,2014년 3월 8일 06시,토요일,전라남도 나주시 송월동,중상사고,0,1,0,0,차대차 - 기타,신호위반,건조,맑음,교차로 - 교차로안,화물,남,71세,상해없음,화물,남,63세,중상
2014030800100144,2014년 3월 8일 08시,토요일,전라남도 여수시 서교동,중상사고,0,1,0,0,차대사람 - 기타,안전운전불이행,건조,맑음,단일로 - 기타,승용,남,58세,상해없음,보행자,여,72세,중상
2014030800100145,2014년 3월 8일 08시,토요일,전라남도 순천시 월등면,경상사고,0,0,1,0,차량단독 - 기타,안전운전불이행,건조,맑음,단일로 - 기타,승용,여,52세,경상,,,,
2014030800100146,2014년 3월 8일 08시,토요일,전라남도 장성군 남면,경상사고,0,0,1,0,차대차 - 기타,신호위반,건조,맑음,교차로 - 교차로안,농기계,남,52세,상해없음,승용,여,31세,경상
2014030800100147,2014년 3월 8일 08시,토요일,전라남도 무안군 청계면,중상사고,0,1,0,0,차대차 - 측면직각충돌,중앙선침범,건조,맑음,단일로 - 기타,이륜,여,57세,중상,승용,남,34세,상해없음
2014030800100157,2014년 3월 8일 09시,토요일,전라남도 화순군 화순읍,경상사고,0,0,2,0,차대차 - 추돌 - 주정차중,안전거리미확보,건조,맑음,교차로 - 교차로부근,승용,남,52세,상해없음,승용,남,49세,경상
2014030800100185,2014년 3월 8일 10시,토요일,전라남도 목포시 연산동,중상사고,0,1,0,0,차대사람 - 보도통행중,안전운전불이행,건조,맑음,단일로 - 기타,승용,여,58세,상해없음,보행자,여,57세,중상
2014030800100208,2014년 3월 8일 11시,토요일,전라남도 목포시 용해동,경상사고,0,0,3,0,차대차 - 추돌 - 진행중,안전운전불이행,건조,맑음,단일로 - 기타,승용,여,36세,상해없음,승용,남,53세,상해없음
2014030800100209,2014년 3월 8일 11시,토요일,전라남도 나주시 세지면,경상사고,0,0,1,0,차대차 - 추돌 - 진행중,안전운전불이행,건조,맑음,단일로 - 기타,승용,남,64세,상해없음,승용,여,25세,경상
2014030800100210,2014년 3월 8일 11시,토요일,전라남도 무안군 삼향읍,부상신고사고,0,0,0,1,차대사람 - 기타,보행자보호의무위반,건조,맑음,단일로 - 횡단보도상,승용,남,60세,상해없음,보행자,남,13세,부상신고
2014030800100231,2014년 3월 8일 12시,토요일,전라남도 목포시 광동3가,경상사고,0,0,1,0,차대차 - 기타,안전운전불이행,건조,맑음,단일로 - 기타,승용,남,20세,상해없음,자전거,남,75세,경상
2014030800100232,2014년 3월 8일 12시,토요일,전라남도 목포시 옥암동,경상사고,0,0,1,0,차대차 - 추돌 - 주정차중,안전운전불이행,건조,맑음,기타 - 기타,화물,남,50세,상해없음,승용,여,48세,경상
2014030800100233,2014년 3월 8일 12시,토요일,전라남도 목포시 산정동,경상사고,0,0,1,0,차대차 - 추돌 - 진행중,안전거리미확보,건조,맑음,기타 - 기타,승용,남,29세,상해없음,승합,남,53세,상해없음
2014030800100234,2014년 3월 8일 12시,토요일,전라남도 목포시 죽교동,경상사고,0,0,1,0,차대차 - 기타,안전운전불이행,건조,맑음,기타 - 기타,승용,남,43세,상해없음,승용,남,56세,경상
2014030800100296,2014년 3월 8일 14시,토요일,전라남도 순천시 왕지동,경상사고,0,0,1,0,차대차 - 추돌 - 주정차중,안전운전불이행,건조,맑음,단일로 - 기타,승용,여,55세,상해없음,승용,여,39세,경상
2014030800100297,2014년 3월 8일 14시,토요일,전라남도 장흥군 장동면,경상사고,0,0,1,0,차대차 - 측면직각충돌,신호위반,건조,흐림,교차로 - 교차로안,승용,남,75세,상해없음,화물,남,61세,상해없음
2014030800100298,2014년 3월 8일 14시,토요일,전라남도 담양군 수북면,중상사고,0,1,0,0,차대사람 - 횡단중,안전운전불이행,건조,맑음,교차로 - 교차로안,승용,남,54세,상해없음,보행자,남,82세,중상
2014030800100344,2014년 3월 8일 16시,토요일,전라남도 목포시 상동,경상사고,0,0,1,0,차대차 - 기타,안전운전불이행,건조,맑음,단일로 - 기타,승용,남,33세,상해없음,승용,남,32세,경상
2014030800100345,2014년 3월 8일 16시,토요일,전라남도 목포시 동명동,경상사고,0,0,1,0,차대차 - 측면직각충돌,안전운전불이행,건조,맑음,교차로 - 교차로부근,승용,남,22세,상해없음,승용,남,29세,경상
2014030800100368,2014년 3월 8일 17시,토요일,전라남도 순천시 별량면,경상사고,0,0,5,0,차대차 - 추돌 - 주정차중,안전운전불이행,건조,맑음,단일로 - 기타,승용,남,16세,상해없음,승용,여,38세,경상
2014030800100394,2014년 3월 8일 18시,토요일,전라남도 여수시 율촌면,경상사고,0,0,1,0,차량단독 - 도로외이탈 - 기타,안전운전불이행,건조,맑음,단일로 - 기타,승용,남,25세,경상,,,,
2014030800100395,2014년 3월 8일 18시,토요일,전라남도 장성군 장성읍,사망사고,1,0,1,0,차대차 - 기타,신호위반,건조,맑음,교차로 - 교차로안,이륜,남,23세,사망,승용,남,32세,경상
2014030800100396,2014년 3월 8일 18시,토요일,전라남도 구례군 구례읍,경상사고,0,0,1,0,차대차 - 기타,교차로운행방법위반,건조,맑음,교차로 - 교차로안,승용,남,33세,상해없음,자전거,남,65세,경상
2014030800100438,2014년 3월 8일 19시,토요일,전라남도 여수시 선원동,사망사고,1,0,0,0,차대사람 - 기타,안전운전불이행,건조,맑음,기타 - 기타,승용,남,65세,상해없음,보행자,남,48세,사망
2014030800100439,2014년 3월 8일 19시,토요일,전라남도 장흥군 장흥읍,경상사고,0,0,1,0,차대차 - 기타,중앙선침범,건조,맑음,단일로 - 기타,승용,남,36세,상해없음,승용,여,34세,경상
2014030800100479,2014년 3월 8일 20시,토요일,전라남도 보성군 득량면,중상사고,0,1,0,0,차대차 - 측면직각충돌,중앙선침범,건조,맑음,단일로 - 기타,이륜,남,54세,중상,승용,남,30세,상해없음
2014030800100538,2014년 3월 8일 22시,토요일,전라남도 순천시 조례동,경상사고,0,0,1,0,차대차 - 측면직각충돌,안전운전불이행,건조,맑음,교차로 - 교차로안,승용,남,33세,상해없음,화물,여,42세,경상
2014030900100017,2014년 3월 9일 00시,일요일,전라남도 순천시 해룡면,경상사고,0,0,1,0,차대차 - 측면직각충돌,안전운전불이행,건조,맑음,교차로 - 교차로안,승용,남,36세,상해없음,승용,남,51세,경상
2014030900100080,2014년 3월 9일 03시,일요일,전라남도 화순군 화순읍,경상사고,0,0,3,1,차대차 - 측면직각충돌,안전운전불이행,건조,맑음,단일로 - 기타,화물,남,23세,부상신고,화물,남,23세,경상
2014030900100109,2014년 3월 9일 05시,일요일,전라남도 순천시 주암면,중상사고,0,2,0,0,차량단독 - 공작물충돌,안전운전불이행,건조,맑음,단일로 - 기타,승용,남,22세,중상,,,,
2014030900100150,2014년 3월 9일 09시,일요일,전라남도 영암군 영암읍,중상사고,0,1,0,0,차대사람 - 횡단중,안전운전불이행,습기,비,교차로 - 교차로안,화물,남,41세,상해없음,보행자,남,32세,중상
2014030900100151,2014년 3월 9일 09시,일요일,전라남도 담양군 담양읍,중상사고,0,1,0,0,차대차 - 측면직각충돌,신호위반,습기,눈,교차로 - 교차로안,원동기,남,65세,중상,승합,남,37세,상해없음
2014030900100152,2014년 3월 9일 09시,일요일,전라남도 무안군 현경면,부상신고사고,0,0,0,1,차량단독 - 전도전복,안전운전불이행,습기,비,단일로 - 기타,화물,남,50세,부상신고,,,,
2014030900100189,2014년 3월 9일 11시,일요일,전라남도 순천시 인제동,경상사고,0,0,1,0,차대사람 - 기타,신호위반,건조,맑음,단일로 - 횡단보도상,화물,남,60세,상해없음,보행자,여,25세,경상
2014030900100222,2014년 3월 9일 13시,일요일,전라남도 함평군 엄다면,경상사고,0,0,3,0,차대차 - 측면직각충돌,안전운전불이행,건조,맑음,기타 - 기타,승용,여,31세,상해없음,승용,남,75세,경상
2014030900100275,2014년 3월 9일 15시,일요일,전라남도 목포시 광동1가,경상사고,0,0,2,0,차대차 - 측면직각충돌,신호위반,건조,맑음,교차로 - 교차로안,화물,남,31세,상해없음,승용,남,44세,경상
2014030900100330,2014년 3월 9일 17시,일요일,전라남도 목포시 산정동,경상사고,0,0,2,0,차대차 - 추돌 - 주정차중,안전운전불이행,건조,맑음,단일로 - 기타,승용,남,45세,상해없음,승용,남,53세,경상
2014030900100362,2014년 3월 9일 18시,일요일,전라남도 영광군 법성면,경상사고,0,0,1,0,차량단독 - 기타,안전운전불이행,건조,맑음,단일로 - 기타,승합,남,36세,상해없음,,,,
2014030900100390,2014년 3월 9일 19시,일요일,전라남도 순천시 조례동,경상사고,0,0,4,0,차대차 - 추돌 - 주정차중,안전거리미확보,건조,맑음,교차로 - 교차로부근,승용,여,43세,상해없음,승용,남,45세,경상
2014030900100391,2014년 3월 9일 19시,일요일,전라남도 나주시 대호동,경상사고,0,0,2,0,차대차 - 측면직각충돌,중앙선침범,건조,맑음,교차로 - 교차로부근,화물,남,48세,상해없음,승용,남,21세,경상
2014030900100392,2014년 3월 9일 19시,일요일,전라남도 해남군 옥천면,경상사고,0,0,2,0,차대차 - 기타,교차로운행방법위반,건조,맑음,교차로 - 교차로안,승용,남,56세,상해없음,화물,여,47세,경상
2014030900100447,2014년 3월 9일 21시,일요일,전라남도 영암군 군서면,중상사고,0,1,0,0,차량단독 - 공작물충돌,안전운전불이행,습기,안개,단일로 - 기타,승용,남,63세,중상,,,,
2014030900100492,2014년 3월 9일 23시,일요일,전라남도 순천시 조례동,경상사고,0,0,1,0,차대사람 - 기타,안전운전불이행,건조,맑음,단일로 - 기타,승용,남,32세,상해없음,보행자,남,45세,경상
2014031000100053,2014년 3월 10일 05시,월요일,전라남도 목포시 용당동,경상사고,0,0,1,0,차대차 - 측면직각충돌,안전운전불이행,건조,맑음,단일로 - 기타,승용,여,57세,상해없음,화물,남,38세,기타불명
2014031000100054,2014년 3월 10일 05시,월요일,전라남도 목포시 석현동,중상사고,0,1,0,0,차대차 - 측면직각충돌,신호위반,건조,맑음,교차로 - 교차로안,화물,남,60세,상해없음,원동기,남,68세,중상
2014031000100055,2014년 3월 10일 05시,월요일,전라남도 여수시 학동,경상사고,0,0,1,0,차대차 - 측면직각충돌,안전운전불이행,건조,맑음,교차로 - 교차로안,원동기,남,62세,경상,승용,여,55세,상해없음
2014031000100056,2014년 3월 10일 05시,월요일,전라남도 광양시 진상면,사망사고,1,0,0,0,차량단독 - 공작물충돌,안전운전불이행,건조,맑음,단일로 - 기타,건설기계,남,47세,사망,,,,
2014031000100067,2014년 3월 10일 06시,월요일,전라남도 순천시 장천동,경상사고,0,0,1,0,차대차 - 측면직각충돌,신호위반,건조,맑음,교차로 - 교차로안,승용,남,58세,상해없음,승용,여,50세,경상
2014031000100091,2014년 3월 10일 07시,월요일,전라남도 함평군 학교면,중상사고,0,1,0,0,차량단독 - 공작물충돌,안전운전불이행,건조,맑음,단일로 - 기타,화물,남,37세,중상,,,,
2014031000100125,2014년 3월 10일 08시,월요일,전라남도 목포시 옥암동,경상사고,0,0,1,0,차대사람 - 기타,안전운전불이행,건조,맑음,단일로 - 기타,승용,여,41세,상해없음,보행자,여,15세,경상
2014031000100126,2014년 3월 10일 08시,월요일,전라남도 순천시 덕월동,경상사고,0,0,2,0,차대차 - 추돌 - 주정차중,안전운전불이행,건조,맑음,교차로 - 교차로부근,화물,남,35세,상해없음,승용,남,58세,경상
2014031000100127,2014년 3월 10일 08시,월요일,전라남도 영암군 삼호읍,중상사고,0,1,2,0,차대차 - 측면직각충돌,직진우회전진행방해,건조,맑음,교차로 - 교차로안,화물,남,55세,경상,화물,남,44세,중상
2014031000100128,2014년 3월 10일 08시,월요일,전라남도 무안군 삼향읍,중상사고,0,1,0,0,차대사람 - 기타,안전운전불이행,건조,맑음,교차로 - 교차로부근,승합,남,52세,상해없음,보행자,여,85세,중상
2014031000100129,2014년 3월 10일 08시,월요일,전라남도 광양시 광양읍,경상사고,0,0,1,0,차대차 - 추돌 - 진행중,안전운전불이행,건조,맑음,교차로 - 교차로안,화물,기타불명,기타불명,기타불명,승용,여,32세,경상
2014031000100166,2014년 3월 10일 09시,월요일,전라남도 해남군 송지면,경상사고,0,0,1,0,차대차 - 측면직각충돌,중앙선침범,건조,맑음,단일로 - 기타,승용,남,53세,상해없음,화물,남,46세,경상