사고번호,사고일시,요일,시군구,사고내용,사망자수,중상자수,경상자수,부상신고자수,사고유형,법규위반,노면상태,기상상태,도로형태,가해운전자 차종,가해운전자 성별,가해운전자 연령,가해운전자 상해정도,피해운전자 차종,피해운전자 성별,피해운전자 연령,피해운전자 상해정도
2014031000100167,2014년 3월 10일 09시,월요일,전라남도 완도군 완도읍,중상사고,0,1,0,0,차대사람 - 차도통행중,안전운전불이행,건조,맑음,단일로 - 기타,화물,남,30세,상해없음,보행자,남,69세,중상
2014031000100168,2014년 3월 10일 09시,월요일,전라남도 광양시 중동,경상사고,0,0,1,0,차대차 - 측면직각충돌,안전거리미확보,건조,맑음,단일로 - 기타,기타불명,기타불명,기타불명,기타불명,승용,여,39세,경상
2014031000100196,2014년 3월 10일 10시,월요일,전라남도 순천시 장천동,경상사고,0,0,1,0,차대사람 - 횡단중,신호위반,건조,맑음,단일로 - 횡단보도부근,승합,기타불명,기타불명,기타불명,보행자,여,25세,경상
2014031000100222,2014년 3월 10일 11시,월요일,전라남도 해남군 해남읍,사망사고,1,0,1,0,차대차 - 기타,중앙선침범,건조,맑음,교차로 - 교차로부근,자전거,남,74세,사망,화물,남,68세,경상
2014031000100245,2014년 3월 10일 12시,월요일,전라남도 목포시 용당동,경상사고,0,0,1,0,차대사람 - 기타,안전운전불이행,건조,맑음,단일로 - 기타,승용,여,42세,상해없음,보행자,여,67세,경상
2014031000100246,2014년 3월 10일 12시,월요일,전라남도 목포시 죽교동,경상사고,0,0,3,0,차대차 - 측면직각충돌,직진우회전진행방해,건조,맑음,교차로 - 교차로안,승용,남,39세,경상,승용,남,57세,경상
2014031000100247,2014년 3월 10일 12시,월요일,전라남도 순천시 중앙동,중상사고,0,1,0,0,차대사람 - 횡단중,보행자보호의무위반,건조,맑음,단일로 - 기타,이륜,남,73세,상해없음,보행자,여,63세,중상
2014031000100305,2014년 3월 10일 14시,월요일,전라남도 여수시 돌산읍,중상사고,0,1,0,0,차량단독 - 공작물충돌,안전운전불이행,건조,맑음,단일로 - 기타,화물,남,55세,상해없음,,,,
2014031000100306,2014년 3월 10일 14시,월요일,전라남도 여수시 안산동,중상사고,0,1,0,0,차량단독 - 기타,안전운전불이행,건조,맑음,교차로 - 교차로부근,승합,남,56세,상해없음,,,,
2014031000100307,2014년 3월 10일 14시,월요일,전라남도 무안군 무안읍,경상사고,0,0,1,0,차대차 - 기타,안전운전불이행,건조,맑음,교차로 - 교차로안,승용,남,65세,상해없음,승용,남,27세,경상
2014031000100308,2014년 3월 10일 14시,월요일,전라남도 진도군 군내면,경상사고,0,0,1,0,차대차 - 기타,안전운전불이행,건조,맑음,단일로 - 기타,승합,남,59세,상해없음,승용,남,39세,경상
2014031000100336,2014년 3월 10일 15시,월요일,전라남도 순천시 황전면,경상사고,0,0,1,0,차대차 - 추돌 - 주정차중,안전거리미확보,건조,맑음,단일로 - 기타,화물,남,63세,상해없음,승용,여,54세,경상
2014031000100366,2014년 3월 10일 16시,월요일,전라남도 여수시 학동,중상사고,0,1,1,0,차대차 - 추돌 - 진행중,중앙선침범,건조,맑음,단일로 - 기타,승용,남,63세,기타불명,승용,여,32세,경상
2014031000100399,2014년 3월 10일 17시,월요일,전라남도 순천시 장천동,경상사고,0,0,3,0,차대차 - 측면직각충돌,교차로운행방법위반,건조,맑음,교차로 - 교차로안,승용,여,36세,경상,승용,남,56세,경상
2014031000100400,2014년 3월 10일 17시,월요일,전라남도 강진군 강진읍,경상사고,0,0,1,0,차대차 - 추돌 - 주정차중,안전거리미확보,건조,맑음,단일로 - 기타,화물,남,45세,상해없음,승용,남,40세,경상
2014031000100445,2014년 3월 10일 18시,월요일,전라남도 목포시 용당동,경상사고,0,0,1,0,차대사람 - 기타,안전운전불이행,건조,맑음,기타 - 기타,이륜,남,48세,상해없음,보행자,여,73세,경상
2014031000100446,2014년 3월 10일 18시,월요일,전라남도 여수시 화장동,경상사고,0,0,1,0,차대차 - 추돌 - 진행중,안전운전불이행,건조,맑음,단일로 - 기타,화물,남,35세,상해없음,승용,여,45세,경상
2014031000100447,2014년 3월 10일 18시,월요일,전라남도 해남군 삼산면,경상사고,0,0,2,0,차대차 - 기타,교차로운행방법위반,건조,맑음,교차로 - 교차로안,화물,남,63세,상해없음,화물,여,41세,경상
2014031000100448,2014년 3월 10일 18시,월요일,전라남도 완도군 완도읍,중상사고,0,1,1,0,차대사람 - 길가장자리구역통행중,안전운전불이행,건조,맑음,교차로 - 교차로부근,화물,남,22세,상해없음,보행자,남,57세,중상
2014031000100449,2014년 3월 10일 18시,월요일,전라남도 진도군 진도읍,경상사고,0,0,1,0,차대차 - 기타,교차로운행방법위반,건조,맑음,교차로 - 교차로안,승용,남,31세,상해없음,이륜,남,43세,경상
2014031000100450,2014년 3월 10일 18시,월요일,전라남도 광양시 금호동,중상사고,0,1,0,0,차대차 - 측면직각충돌,안전운전불이행,건조,맑음,교차로 - 교차로안,승용,남,39세,상해없음,이륜,남,51세,중상
2014031000100489,2014년 3월 10일 19시,월요일,전라남도 순천시 가곡동,중상사고,0,1,0,0,차대사람 - 횡단중,보행자보호의무위반,건조,맑음,단일로 - 횡단보도상,원동기,남,36세,상해없음,보행자,남,68세,중상
2014031000100490,2014년 3월 10일 19시,월요일,전라남도 영암군 삼호읍,경상사고,0,0,1,0,차대차 - 측면직각충돌,중앙선침범,건조,맑음,단일로 - 기타,승용,남,51세,상해없음,승합,남,53세,경상
2014031000100491,2014년 3월 10일 19시,월요일,전라남도 담양군 봉산면,중상사고,0,1,0,0,차대차 - 정면충돌,중앙선침범,건조,기타,단일로 - 기타,승용,여,22세,상해없음,원동기,남,53세,중상
2014031000100532,2014년 3월 10일 20시,월요일,전라남도 여수시 선원동,경상사고,0,0,1,0,차대차 - 추돌 - 주정차중,안전운전불이행,건조,맑음,단일로 - 기타,승용,남,29세,상해없음,승용,남,44세,경상
2014031000100556,2014년 3월 10일 21시,월요일,전라남도 여수시 학동,경상사고,0,0,1,0,차대차 - 추돌 - 주정차중,안전운전불이행,건조,맑음,교차로 - 교차로부근,승용,남,49세,상해없음,승용,남,38세,경상
2014031000100557,2014년 3월 10일 21시,월요일,전라남도 광양시 마동,경상사고,0,0,1,0,차대차 - 추돌 - 진행중,안전운전불이행,건조,맑음,교차로 - 교차로부근,승용,남,34세,상해없음,승용,남,48세,경상
2014031000100586,2014년 3월 10일 22시,월요일,전라남도 담양군 담양읍,중상사고,0,1,1,0,차량단독 - 도로외이탈 - 추락,안전운전불이행,건조,맑음,단일로 - 교량,승용,여,45세,중상,,,,
2014031000100616,2014년 3월 10일 23시,월요일,전라남도 무안군 청계면,중상사고,0,1,0,0,차량단독 - 공작물충돌,안전운전불이행,건조,맑음,단일로 - 기타,승용,남,52세,중상,,,,
2014031100100024,2014년 3월 11일 01시,화요일,전라남도 여수시 문수동,중상사고,0,1,0,0,차대사람 - 길가장자리구역통행중,안전운전불이행,건조,맑음,교차로 - 교차로안,승용,여,28세,상해없음,보행자,남,41세,중상
2014031100100085,2014년 3월 11일 07시,화요일,전라남도 목포시 용당동,경상사고,0,0,1,0,차대사람 - 기타,안전운전불이행,건조,맑음,단일로 - 기타,이륜,남,21세,상해없음,보행자,남,16세,경상
2014031100100086,2014년 3월 11일 07시,화요일,전라남도 해남군 해남읍,중상사고,0,1,7,0,차대차 - 기타,중앙선침범,건조,맑음,단일로 - 기타,화물,남,44세,상해없음,승용,남,31세,경상
2014031100100087,2014년 3월 11일 07시,화요일,전라남도 영암군 영암읍,중상사고,0,1,1,0,차대차 - 정면충돌,중앙선침범,건조,맑음,단일로 - 기타,승용,남,69세,상해없음,승용,여,40세,중상
2014031100100117,2014년 3월 11일 08시,화요일,전라남도 목포시 옥암동,중상사고,0,2,2,0,차대차 - 추돌 - 진행중,중앙선침범,건조,맑음,교차로 - 교차로부근,승용,남,45세,상해없음,화물,남,51세,경상
2014031100100118,2014년 3월 11일 08시,화요일,전라남도 목포시 용당동,경상사고,0,0,1,0,차대차 - 측면직각충돌,안전운전불이행,건조,맑음,교차로 - 교차로부근,기타불명,기타불명,기타불명,기타불명,자전거,남,40세,경상
2014031100100119,2014년 3월 11일 08시,화요일,전라남도 장성군 북이면,중상사고,0,1,0,0,차대차 - 측면직각충돌,안전운전불이행,건조,맑음,교차로 - 교차로안,승합,남,45세,상해없음,농기계,남,72세,중상
2014031100100240,2014년 3월 11일 13시,화요일,전라남도 목포시 용당동,중상사고,0,1,1,0,차대차 - 정면충돌,중앙선침범,건조,맑음,단일로 - 기타,승용,여,37세,상해없음,승용,남,65세,중상
2014031100100270,2014년 3월 11일 14시,화요일,전라남도 순천시 연향동,중상사고,0,1,0,0,차대차 - 측면직각충돌,안전운전불이행,건조,맑음,단일로 - 기타,승용,남,52세,상해없음,자전거,남,66세,중상
2014031100100271,2014년 3월 11일 14시,화요일,전라남도 나주시 왕곡면,경상사고,0,0,1,0,차량단독 - 기타,안전운전불이행,건조,맑음,단일로 - 기타,승합,남,42세,상해없음,,,,
2014031100100272,2014년 3월 11일 14시,화요일,전라남도 장흥군 장흥읍,중상사고,0,1,0,0,차대사람 - 기타,안전운전불이행,건조,맑음,단일로 - 기타,승용,여,62세,상해없음,보행자,여,53세,중상
2014031100100273,2014년 3월 11일 14시,화요일,전라남도 무안군 해제면,중상사고,0,1,0,0,차대차 - 기타,직진우회전진행방해,건조,맑음,교차로 - 교차로안,승용,남,62세,상해없음,원동기,남,74세,중상
2014031100100329,2014년 3월 11일 16시,화요일,전라남도 영광군 법성면,경상사고,0,0,1,0,차대사람 - 기타,안전운전불이행,건조,맑음,단일로 - 기타,승용,여,34세,기타불명,보행자,여,72세,경상
2014031100100330,2014년 3월 11일 16시,화요일,전라남도 함평군 함평읍,경상사고,0,0,2,0,차대차 - 기타,직진우회전진행방해,건조,맑음,교차로 - 교차로부근,화물,남,43세,경상,이륜,남,53세,경상
2014031100100331,2014년 3월 11일 16시,화요일,전라남도 무안군 일로읍,부상신고사고,0,0,0,1,차량단독 - 기타,안전운전불이행,건조,맑음,단일로 - 기타,이륜,남,64세,부상신고,,,,
2014031100100332,2014년 3월 11일 16시,화요일,전라남도 광양시 옥곡면,경상사고,0,0,1,0,차대차 - 측면직각충돌,교차로운행방법위반,건조,맑음,교차로 - 교차로안,이륜,남,77세,경상,승용,여,58세,상해없음
2014031100100357,2014년 3월 11일 17시,화요일,전라남도 여수시 화장동,중상사고,0,1,0,0,차량단독 - 기타,안전운전불이행,건조,맑음,단일로 - 기타,승합,남,42세,상해없음,,,,
2014031100100358,2014년 3월 11일 17시,화요일,전라남도 순천시 연향동,경상사고,0,0,1,0,차대차 - 측면직각충돌,안전거리미확보,건조,맑음,교차로 - 교차로부근,승용,여,50세,상해없음,승용,여,44세,경상
2014031100100383,2014년 3월 11일 18시,화요일,전라남도 순천시 해룡면,경상사고,0,0,1,0,차대사람 - 기타,보행자보호의무위반,건조,맑음,교차로 - 교차로부근,승용,여,48세,상해없음,보행자,여,15세,경상
2014031100100421,2014년 3월 11일 19시,화요일,전라남도 광양시 다압면,중상사고,0,1,1,0,차대사람 - 기타,안전운전불이행,건조,맑음,기타 - 기타,승용,남,44세,상해없음,보행자,여,56세,중상
2014031100100445,2014년 3월 11일 20시,화요일,전라남도 순천시 상사면,경상사고,0,0,1,0,차대사람 - 기타,안전운전불이행,건조,맑음,단일로 - 기타,승용,남,46세,상해없음,보행자,남,51세,경상
2014031100100470,2014년 3월 11일 21시,화요일,전라남도 여수시 선원동,경상사고,0,0,2,0,차대차 - 추돌 - 주정차중,안전운전불이행,건조,맑음,교차로 - 교차로부근,승용,남,56세,상해없음,승용,남,33세,경상
2014031100100501,2014년 3월 11일 22시,화요일,전라남도 여수시 봉계동,경상사고,0,0,1,0,차대차 - 추돌 - 주정차중,안전운전불이행,건조,맑음,단일로 - 기타,승용,남,28세,상해없음,승용,남,33세,경상
2014031100100502,2014년 3월 11일 22시,화요일,전라남도 고흥군 포두면,부상신고사고,0,0,0,1,차량단독 - 공작물충돌,안전운전불이행,건조,맑음,단일로 - 기타,승용,여,49세,부상신고,,,,
2014031100100517,2014년 3월 11일 23시,화요일,전라남도 나주시 대호동,경상사고,0,0,1,0,차대차 - 측면직각충돌,안전운전불이행,건조,맑음,교차로 - 교차로안,승용,남,32세,경상,승용,여,22세,상해없음
2014031100100518,2014년 3월 11일 23시,화요일,전라남도 광양시 광양읍,중상사고,0,1,0,0,차대차 - 기타,안전운전불이행,건조,맑음,단일로 - 기타,이륜,남,18세,중상,승용,남,41세,기타불명
2014031200100029,2014년 3월 12일 01시,수요일,전라남도 목포시 산정동,경상사고,0,0,1,0,차대차 - 측면직각충돌,안전운전불이행,건조,맑음,교차로 - 교차로안,승용,여,54세,상해없음,이륜,남,18세,경상
2014031200100039,2014년 3월 12일 02시,수요일,전라남도 장성군 북이면,사망사고,1,0,0,0,차량단독 - 공작물충돌,안전운전불이행,건조,맑음,단일로 - 기타,승용,남,32세,사망,,,,
2014031200100074,2014년 3월 12일 06시,수요일,전라남도 무안군 현경면,경상사고,0,0,1,0,차대차 - 기타,직진우회전진행방해,건조,맑음,교차로 - 교차로안,화물,남,46세,상해없음,승용,남,53세,경상
2014031200100141,2014년 3월 12일 09시,수요일,전라남도 보성군 벌교읍,중상사고,0,2,0,0,차대차 - 측면직각충돌,직진우회전진행방해,습기,비,교차로 - 교차로안,승합,남,60세,상해없음,화물,남,53세,중상
2014031200100142,2014년 3월 12일 09시,수요일,전라남도 진도군 진도읍,경상사고,0,0,1,0,차대차 - 기타,교차로운행방법위반,습기,비,교차로 - 교차로안,승용,남,37세,상해없음,화물,남,36세,경상
2014031200100168,2014년 3월 12일 10시,수요일,전라남도 목포시 대성동,경상사고,0,0,3,0,차대차 - 기타,기타,습기,비,단일로 - 기타,승용,여,44세,경상,승용,남,52세,경상
2014031200100169,2014년 3월 12일 10시,수요일,전라남도 고흥군 동강면,경상사고,0,0,2,0,차대차 - 측면직각충돌,교차로운행방법위반,건조,맑음,교차로 - 교차로안,화물,남,61세,상해없음,원동기,남,81세,경상
2014031200100196,2014년 3월 12일 11시,수요일,전라남도 광양시 광양읍,중상사고,0,1,1,0,차대차 - 측면직각충돌,중앙선침범,습기,비,교차로 - 교차로부근,승용,남,51세,중상,승용,여,51세,경상
2014031200100219,2014년 3월 12일 12시,수요일,전라남도 순천시 인제동,경상사고,0,0,5,0,차대차 - 기타,차로위반,습기,비,교차로 - 교차로부근,승용,남,70세,상해없음,승용,남,21세,경상
2014031200100220,2014년 3월 12일 12시,수요일,전라남도 보성군 보성읍,중상사고,0,1,1,1,차량단독 - 공작물충돌,안전운전불이행,습기,비,단일로 - 기타,승용,남,37세,부상신고,,,,
2014031200100271,2014년 3월 12일 14시,수요일,전라남도 순천시 장천동,중상사고,0,1,0,0,차대사람 - 기타,교차로운행방법위반,습기,맑음,교차로 - 교차로안,승용,남,44세,상해없음,보행자,남,46세,중상
2014031200100272,2014년 3월 12일 14시,수요일,전라남도 광양시 옥곡면,경상사고,0,0,1,0,차대차 - 추돌 - 주정차중,안전운전불이행,습기,비,단일로 - 기타,승용,여,49세,경상,화물,남,39세,기타불명
2014031200100273,2014년 3월 12일 14시,수요일,전라남도 구례군 구례읍,중상사고,0,1,0,0,차대사람 - 기타,안전운전불이행,건조,맑음,단일로 - 기타,승용,남,57세,상해없음,보행자,여,90세,중상
2014031200100274,2014년 3월 12일 14시,수요일,전라남도 순천시 해룡면,사망사고,1,0,2,0,차대차 - 기타,안전운전불이행,습기,비,단일로 - 기타,승용,남,53세,상해없음,화물,남,31세,사망
2014031200100316,2014년 3월 12일 15시,수요일,전라남도 목포시 산정동,중상사고,0,1,0,0,차대사람 - 기타,안전운전불이행,습기,비,단일로 - 기타,화물,남,61세,상해없음,보행자,여,71세,중상
2014031200100317,2014년 3월 12일 15시,수요일,전라남도 해남군 문내면,부상신고사고,0,0,0,1,차량단독 - 공작물충돌,안전운전불이행,습기,비,단일로 - 기타,승용,여,38세,부상신고,,,,
2014031200100348,2014년 3월 12일 16시,수요일,전라남도 순천시 장천동,중상사고,0,1,0,0,차대사람 - 기타,안전운전불이행,습기,비,단일로 - 기타,화물,남,33세,상해없음,보행자,여,58세,중상
2014031200100392,2014년 3월 12일 17시,수요일,전라남도 여수시 봉산동,경상사고,0,0,3,0,차대차 - 기타,안전운전불이행,습기,비,단일로 - 기타,승용,남,65세,상해없음,승용,여,53세,경상
2014031200100432,2014년 3월 12일 18시,수요일,전라남도 영암군 삼호읍,경상사고,0,0,1,0,차대사람 - 길가장자리구역통행중,안전운전불이행,습기,비,교차로 - 교차로안,화물,남,26세,상해없음,보행자,남,50세,경상
2014031200100433,2014년 3월 12일 18시,수요일,전라남도 강진군 도암면,중상사고,0,1,0,0,차대차 - 정면충돌,중앙선침범,습기,비,단일로 - 기타,승용,남,41세,상해없음,승합,남,36세,중상
2014031200100498,2014년 3월 12일 19시,수요일,전라남도 목포시 산정동,중상사고,0,1,0,0,차대사람 - 횡단중,안전운전불이행,습기,비,단일로 - 기타,승합,남,45세,상해없음,보행자,여,71세,중상
2014031200100499,2014년 3월 12일 19시,수요일,전라남도 목포시 상동,경상사고,0,0,3,0,차대차 - 기타,안전운전불이행,습기,비,교차로 - 교차로안,승용,남,57세,상해없음,승용,남,36세,경상
2014031200100500,2014년 3월 12일 19시,수요일,전라남도 여수시 미평동,경상사고,0,0,1,0,차대차 - 추돌 - 진행중,안전운전불이행,건조,맑음,단일로 - 기타,승용,남,29세,상해없음,승용,남,53세,경상
2014031200100555,2014년 3월 12일 20시,수요일,전라남도 여수시 광무동,경상사고,0,0,1,0,차대차 - 측면직각충돌,신호위반,습기,비,교차로 - 교차로안,승용,남,54세,상해없음,승합,남,43세,경상
2014031200100556,2014년 3월 12일 20시,수요일,전라남도 화순군 화순읍,경상사고,0,0,1,0,차대차 - 추돌 - 진행중,안전운전불이행,건조,맑음,교차로 - 교차로부근,승용,남,48세,상해없음,승용,남,48세,경상
2014031200100613,2014년 3월 12일 21시,수요일,전라남도 순천시 연향동,경상사고,0,0,2,0,차대사람 - 횡단중,안전운전불이행,습기,비,단일로 - 기타,이륜,남,46세,상해없음,보행자,남,45세,경상
2014031200100614,2014년 3월 12일 21시,수요일,전라남도 영암군 삼호읍,중상사고,0,1,0,0,차량단독 - 공작물충돌,안전운전불이행,건조,맑음,교차로 - 교차로안,승용,남,35세,중상,,,,
2014031200100615,2014년 3월 12일 21시,수요일,전라남도 영암군 덕진면,경상사고,0,0,2,0,차량단독 - 전도전복,안전운전불이행,습기,비,단일로 - 기타,화물,여,53세,경상,,,,
2014031200100666,2014년 3월 12일 22시,수요일,전라남도 목포시 옥암동,경상사고,0,0,4,0,차대차 - 기타,안전운전불이행,습기,비,교차로 - 교차로부근,승용,남,52세,상해없음,승합,남,46세,경상
2014031200100667,2014년 3월 12일 22시,수요일,전라남도 순천시 연향동,경상사고,0,0,3,0,차대차 - 추돌 - 진행중,안전거리미확보,건조,맑음,단일로 - 기타,승용,남,42세,상해없음,승용,남,30세,경상
2014031200100712,2014년 3월 12일 23시,수요일,전라남도 여수시 여서동,경상사고,0,0,1,0,차대사람 - 보도통행중,보행자보호의무위반,기타,비,단일로 - 횡단보도상,승용,여,46세,상해없음,보행자,여,57세,경상
2014031200100713,2014년 3월 12일 23시,수요일,전라남도 나주시 송월동,중상사고,0,1,0,0,차대사람 - 보도통행중,안전운전불이행,건조,맑음,단일로 - 기타,승용,남,40세,상해없음,보행자,남,42세,중상
2014031300100017,2014년 3월 13일 00시,목요일,전라남도 목포시 용당동,경상사고,0,0,1,0,차대사람 - 횡단중,안전운전불이행,기타,기타,단일로 - 기타,승용,남,30세,상해없음,보행자,남,25세,경상
2014031300100080,2014년 3월 13일 04시,목요일,전라남도 순천시 연향동,경상사고,0,0,1,0,차대차 - 기타,안전운전불이행,습기,비,단일로 - 기타,승용,남,31세,상해없음,승용,여,38세,경상
2014031300100120,2014년 3월 13일 07시,목요일,전라남도 광양시 마동,경상사고,0,0,3,0,차대차 - 기타,직진우회전진행방해,습기,비,교차로 - 교차로안,승용,여,29세,경상,화물,남,42세,경상
2014031300100149,2014년 3월 13일 08시,목요일,전라남도 목포시 상동,경상사고,0,0,1,0,차대차 - 측면직각충돌,교차로운행방법위반,건조,맑음,교차로 - 교차로안,승용,여,49세,상해없음,승용,여,32세,경상
2014031300100150,2014년 3월 13일 08시,목요일,전라남도 광양시 광영동,경상사고,0,0,3,0,차대차 - 정면충돌,중앙선침범,습기,비,단일로 - 기타,승용,여,44세,경상,승용,남,39세,경상
2014031300100180,2014년 3월 13일 09시,목요일,전라남도 나주시 성북동,경상사고,0,0,1,0,차대차 - 기타,신호위반,건조,맑음,교차로 - 교차로안,화물,남,21세,상해없음,승용,남,27세,상해없음
2014031300100181,2014년 3월 13일 09시,목요일,전라남도 무안군 무안읍,경상사고,0,0,1,0,차대사람 - 차도통행중,안전운전불이행,습기,흐림,교차로 - 교차로부근,화물,남,55세,상해없음,보행자,여,18세,경상
2014031300100211,2014년 3월 13일 10시,목요일,전라남도 순천시 조곡동,중상사고,0,1,0,0,차대사람 - 횡단중,신호위반,습기,비,단일로 - 기타,건설기계,남,55세,상해없음,보행자,여,82세,중상
2014031300100237,2014년 3월 13일 11시,목요일,전라남도 순천시 가곡동,경상사고,0,0,2,0,차대차 - 추돌 - 진행중,직진우회전진행방해,습기,비,교차로 - 교차로안,승용,남,53세,상해없음,승용,여,32세,경상
2014031300100238,2014년 3월 13일 11시,목요일,전라남도 화순군 화순읍,경상사고,0,0,3,0,차대차 - 추돌 - 진행중,안전거리미확보,습기,비,단일로 - 기타,화물,남,66세,상해없음,승용,남,37세,상해없음
2014031300100293,2014년 3월 13일 13시,목요일,전라남도 목포시 연산동,경상사고,0,0,1,0,차대사람 - 횡단중,보행자보호의무위반,건조,맑음,단일로 - 횡단보도상,승용,남,52세,상해없음,보행자,남,6세,경상
2014031300100318,2014년 3월 13일 14시,목요일,전라남도 목포시 상동,경상사고,0,0,1,0,차대차 - 측면직각충돌,안전운전불이행,건조,맑음,교차로 - 교차로안,승용,여,56세,상해없음,승용,여,57세,경상
2014031300100319,2014년 3월 13일 14시,목요일,전라남도 목포시 대안동,경상사고,0,0,1,0,차대사람 - 기타,안전운전불이행,습기,비,교차로 - 교차로안,승용,여,39세,상해없음,보행자,남,53세,경상
2014031300100320,2014년 3월 13일 14시,목요일,전라남도 영광군 영광읍,사망사고,1,2,0,0,차대차 - 기타,중앙선침범,습기,비,단일로 - 기타,승용,여,50세,중상,승용,여,60세,사망
2014031300100321,2014년 3월 13일 14시,목요일,전라남도 곡성군 곡성읍,중상사고,0,1,0,0,차대사람 - 기타,안전운전불이행,습기,흐림,단일로 - 기타,승용,남,58세,상해없음,보행자,여,72세,중상
2014031300100374,2014년 3월 13일 16시,목요일,전라남도 목포시 산정동,경상사고,0,0,1,0,차대차 - 측면직각충돌,안전운전불이행,건조,맑음,교차로 - 교차로부근,승용,남,31세,상해없음,승용,남,34세,상해없음
2014031300100402,2014년 3월 13일 17시,목요일,전라남도 순천시 해룡면,중상사고,0,2,0,0,차대차 - 측면직각충돌,중앙선침범,습기,비,교차로 - 교차로부근,화물,남,30세,중상,승용,남,39세,중상
2014031300100447,2014년 3월 13일 18시,목요일,전라남도 순천시 생목동,중상사고,0,1,0,0,차대차 - 기타,안전운전불이행,습기,비,교차로 - 교차로부근,기타불명,기타불명,기타불명,기타불명,승용,여,46세,중상
2014031300100448,2014년 3월 13일 18시,목요일,전라남도 진도군 군내면,경상사고,0,0,1,0,차량단독 - 기타,안전운전불이행,건조,맑음,단일로 - 기타,화물,남,55세,경상,,,,
2014031300100498,2014년 3월 13일 19시,목요일,전라남도 순천시 서면,경상사고,0,0,2,0,차대차 - 측면직각충돌,신호위반,습기,비,교차로 - 교차로안,승용,여,54세,상해없음,승용,남,18세,경상
2014031300100499,2014년 3월 13일 19시,목요일,전라남도 순천시 별량면,경상사고,0,0,1,0,차량단독 - 공작물충돌,안전운전불이행,습기,비,단일로 - 기타,승용,남,71세,경상,,,,
2014031300100534,2014년 3월 13일 20시,목요일,전라남도 신안군 압해읍,경상사고,0,0,1,0,차량단독 - 도로외이탈 - 기타,안전운전불이행,건조,맑음,단일로 - 기타,승용,여,46세,경상,,,,
2014031300100535,2014년 3월 13일 20시,목요일,전라남도 영광군 홍농읍,경상사고,0,0,1,0,차대차 - 측면직각충돌,중앙선침범,습기,맑음,단일로 - 기타,화물,남,43세,상해없음,승용,남,55세,상해없음
2014031300100570,2014년 3월 13일 21시,목요일,전라남도 여수시 광무동,경상사고,0,0,2,0,차대차 - 측면직각충돌,안전운전불이행,습기,비,교차로 - 교차로부근,승용,남,49세,상해없음,승용,남,51세,상해없음
2014031300100571,2014년 3월 13일 21시,목요일,전라남도 여수시 신기동,경상사고,0,0,2,0,차대사람 - 횡단중,신호위반,습기,비,단일로 - 기타,승용,여,32세,상해없음,보행자,여,22세,경상
2014031300100603,2014년 3월 13일 22시,목요일,전라남도 목포시 연산동,중상사고,0,1,0,0,차대차 - 측면직각충돌,안전운전불이행,습기,비,교차로 - 교차로안,이륜,남,21세,중상,승용,여,51세,상해없음
2014031300100604,2014년 3월 13일 22시,목요일,전라남도 광양시 광양읍,경상사고,0,0,3,0,차대차 - 추돌 - 진행중,안전운전불이행,건조,맑음,교차로 - 교차로부근,승용,남,37세,상해없음,승용,여,46세,경상
2014031300100630,2014년 3월 13일 23시,목요일,전라남도 순천시 조례동,경상사고,0,0,2,0,차대차 - 측면직각충돌,안전운전불이행,습기,비,단일로 - 기타,승용,남,49세,상해없음,승용,남,19세,경상
2014031300100631,2014년 3월 13일 23시,목요일,전라남도 광양시 중동,경상사고,0,0,1,0,차대차 - 측면직각충돌,중앙선침범,습기,비,단일로 - 기타,승용,남,27세,상해없음,이륜,남,27세,경상
2014031400100009,2014년 3월 14일 00시,금요일,전라남도 장흥군 안양면,경상사고,0,0,1,0,차량단독 - 공작물충돌,안전운전불이행,습기,흐림,단일로 - 기타,승용,남,19세,경상,,,,
2014031400100035,2014년 3월 14일 01시,금요일,전라남도 여수시 월하동,경상사고,0,0,1,0,차량단독 - 전도전복,안전운전불이행,습기,비,기타 - 기타,승용,남,30세,경상,,,,
2014031400100095,2014년 3월 14일 07시,금요일,전라남도 여수시 봉계동,경상사고,0,0,1,0,차대차 - 측면직각충돌,안전운전불이행,건조,맑음,단일로 - 기타,특수,남,37세,상해없음,승용,남,49세,경상
2014031400100096,2014년 3월 14일 07시,금요일,전라남도 여수시 봉계동,경상사고,0,0,2,0,차대차 - 추돌 - 진행중,안전거리미확보,습기,흐림,단일로 - 기타,승용,여,49세,상해없음,승용,남,32세,경상
2014031400100149,2014년 3월 14일 08시,금요일,전라남도 완도군 완도읍,중상사고,0,1,0,0,차대사람 - 기타,안전운전불이행,건조,맑음,단일로 - 기타,승용,남,53세,상해없음,보행자,여,87세,중상
2014031400100184,2014년 3월 14일 09시,금요일,전라남도 목포시 산정동,경상사고,0,0,2,0,차대차 - 측면직각충돌,교차로운행방법위반,건조,맑음,교차로 - 교차로안,화물,남,40세,경상,승용,남,32세,경상
2014031400100185,2014년 3월 14일 09시,금요일,전라남도 목포시 옥암동,경상사고,0,0,1,0,차대차 - 측면직각충돌,안전운전불이행,건조,맑음,교차로 - 교차로안,기타불명,기타불명,기타불명,기타불명,승합,남,53세,상해없음