사고번호,사고일시,요일,시군구,사고내용,사망자수,중상자수,경상자수,부상신고자수,사고유형,법규위반,노면상태,기상상태,도로형태,가해운전자 차종,가해운전자 성별,가해운전자 연령,가해운전자 상해정도,피해운전자 차종,피해운전자 성별,피해운전자 연령,피해운전자 상해정도
2014031400100186,2014년 3월 14일 09시,금요일,전라남도 순천시 풍덕동,경상사고,0,0,1,0,차대차 - 추돌 - 주정차중,안전운전불이행,건조,맑음,교차로 - 교차로부근,승합,남,48세,상해없음,승용,남,26세,경상
2014031400100187,2014년 3월 14일 09시,금요일,전라남도 해남군 문내면,중상사고,0,1,0,0,차대사람 - 기타,안전운전불이행,건조,맑음,단일로 - 기타,화물,남,54세,상해없음,보행자,여,71세,중상
2014031400100188,2014년 3월 14일 09시,금요일,전라남도 보성군 복내면,중상사고,0,1,1,0,차대차 - 측면직각충돌,중앙선침범,습기,비,단일로 - 기타,승용,남,21세,경상,승용,남,48세,중상
2014031400100219,2014년 3월 14일 10시,금요일,전라남도 화순군 이양면,중상사고,0,1,0,0,차대차 - 측면직각충돌,교차로운행방법위반,습기,흐림,교차로 - 교차로부근,승용,여,47세,상해없음,이륜,남,73세,중상
2014031400100220,2014년 3월 14일 10시,금요일,전라남도 강진군 군동면,경상사고,0,0,1,0,차대차 - 기타,직진우회전진행방해,건조,흐림,교차로 - 교차로안,화물,남,76세,경상,승용,남,48세,상해없음
2014031400100245,2014년 3월 14일 11시,금요일,전라남도 목포시 연산동,중상사고,0,1,0,0,차대차 - 추돌 - 진행중,안전운전불이행,건조,맑음,단일로 - 기타,승용,남,39세,상해없음,승용,남,51세,중상
2014031400100246,2014년 3월 14일 11시,금요일,전라남도 광양시 금호동,경상사고,0,0,3,0,차대차 - 추돌 - 주정차중,안전운전불이행,건조,흐림,교차로 - 교차로부근,화물,남,47세,상해없음,승용,여,40세,경상
2014031400100302,2014년 3월 14일 13시,금요일,전라남도 목포시 상동,경상사고,0,0,2,0,차대차 - 정면충돌,중앙선침범,건조,맑음,단일로 - 기타,승용,남,73세,경상,승용,여,43세,경상
2014031400100303,2014년 3월 14일 13시,금요일,전라남도 완도군 소안면,중상사고,0,1,0,0,차대차 - 추돌 - 진행중,안전운전불이행,건조,맑음,교차로 - 교차로부근,화물,남,41세,상해없음,화물,남,69세,중상
2014031400100340,2014년 3월 14일 14시,금요일,전라남도 목포시 용당동,경상사고,0,0,1,0,차대차 - 기타,교차로운행방법위반,건조,맑음,교차로 - 교차로안,화물,남,62세,상해없음,승용,남,30세,경상
2014031400100373,2014년 3월 14일 15시,금요일,전라남도 고흥군 고흥읍,중상사고,0,1,0,0,차대사람 - 횡단중,신호위반,건조,맑음,교차로 - 교차로안,승용,남,53세,상해없음,보행자,남,6세,중상
2014031400100374,2014년 3월 14일 15시,금요일,전라남도 함평군 학교면,경상사고,0,0,1,0,차대차 - 추돌 - 진행중,안전운전불이행,건조,맑음,교차로 - 교차로안,승용,남,28세,상해없음,승용,여,38세,경상
2014031400100411,2014년 3월 14일 16시,금요일,전라남도 순천시 해룡면,경상사고,0,0,1,0,차대차 - 측면직각충돌,안전운전불이행,건조,맑음,교차로 - 교차로안,원동기,남,69세,경상,승용,남,30세,상해없음
2014031400100412,2014년 3월 14일 16시,금요일,전라남도 강진군 강진읍,중상사고,0,1,0,0,차대차 - 측면직각충돌,직진우회전진행방해,건조,맑음,교차로 - 교차로안,화물,남,42세,상해없음,승용,여,49세,중상
2014031400100441,2014년 3월 14일 17시,금요일,전라남도 나주시 성북동,경상사고,0,0,6,0,차대차 - 측면직각충돌,안전운전불이행,건조,맑음,단일로 - 기타,승용,여,23세,경상,승용,여,34세,상해없음
2014031400100442,2014년 3월 14일 17시,금요일,전라남도 보성군 벌교읍,경상사고,0,0,1,0,차대차 - 측면직각충돌,신호위반,건조,맑음,교차로 - 교차로안,이륜,남,69세,경상,화물,남,65세,상해없음
2014031400100488,2014년 3월 14일 18시,금요일,전라남도 광양시 광양읍,중상사고,0,1,0,0,차대사람 - 횡단중,안전운전불이행,습기,맑음,교차로 - 교차로부근,승용,남,22세,상해없음,보행자,여,12세,중상
2014031400100533,2014년 3월 14일 19시,금요일,전라남도 여수시 문수동,경상사고,0,0,1,2,차대차 - 측면직각충돌,신호위반,건조,맑음,교차로 - 교차로안,승용,여,43세,상해없음,승용,남,65세,경상
2014031400100534,2014년 3월 14일 19시,금요일,전라남도 여수시 학동,중상사고,0,1,0,0,차대사람 - 횡단중,보행자보호의무위반,건조,맑음,단일로 - 기타,화물,남,43세,상해없음,보행자,남,51세,중상
2014031400100535,2014년 3월 14일 19시,금요일,전라남도 순천시 조례동,경상사고,0,0,2,0,차대차 - 추돌 - 주정차중,안전운전불이행,건조,맑음,단일로 - 기타,화물,남,27세,상해없음,승용,여,32세,경상
2014031400100578,2014년 3월 14일 20시,금요일,전라남도 영암군 미암면,경상사고,0,0,1,0,차대사람 - 기타,안전운전불이행,건조,맑음,교차로 - 교차로부근,화물,남,56세,상해없음,보행자,남,49세,경상
2014031400100579,2014년 3월 14일 20시,금요일,전라남도 장성군 장성읍,경상사고,0,0,1,0,차대차 - 기타,안전운전불이행,건조,맑음,교차로 - 교차로부근,승용,남,32세,상해없음,승용,여,35세,경상
2014031400100614,2014년 3월 14일 21시,금요일,전라남도 목포시 용당동,중상사고,0,1,0,0,차대사람 - 기타,안전운전불이행,건조,맑음,교차로 - 교차로부근,승용,여,48세,상해없음,보행자,여,28세,중상
2014031400100615,2014년 3월 14일 21시,금요일,전라남도 목포시 상동,경상사고,0,0,1,0,차대차 - 측면직각충돌,교차로운행방법위반,건조,맑음,교차로 - 교차로안,승용,남,55세,기타불명,승용,남,53세,상해없음
2014031400100616,2014년 3월 14일 21시,금요일,전라남도 순천시 조례동,경상사고,0,0,1,0,차대차 - 측면직각충돌,교차로운행방법위반,건조,맑음,교차로 - 교차로안,승용,남,56세,상해없음,승용,여,27세,경상
2014031400100658,2014년 3월 14일 22시,금요일,전라남도 해남군 계곡면,경상사고,0,0,1,1,차량단독 - 기타,안전운전불이행,건조,맑음,단일로 - 기타,승용,남,39세,부상신고,,,,
2014031400100659,2014년 3월 14일 22시,금요일,전라남도 영암군 삼호읍,경상사고,0,0,1,0,차대차 - 기타,안전운전불이행,건조,맑음,단일로 - 기타,승용,남,39세,경상,화물,남,54세,상해없음
2014031500100015,2014년 3월 15일 00시,토요일,전라남도 목포시 상동,경상사고,0,0,1,0,차대차 - 기타,안전운전불이행,건조,맑음,단일로 - 기타,승용,남,40세,상해없음,화물,남,50세,기타불명
2014031500100016,2014년 3월 15일 00시,토요일,전라남도 순천시 조곡동,중상사고,0,1,0,0,차대사람 - 길가장자리구역통행중,안전운전불이행,건조,맑음,교차로 - 교차로부근,승용,여,40세,상해없음,보행자,남,58세,중상
2014031500100017,2014년 3월 15일 00시,토요일,전라남도 순천시 연향동,경상사고,0,0,1,0,차대차 - 기타,안전운전불이행,건조,맑음,단일로 - 기타,승용,남,31세,상해없음,승용,남,64세,경상
2014031500100155,2014년 3월 15일 08시,토요일,전라남도 영암군 군서면,경상사고,0,0,1,0,차대차 - 추돌 - 주정차중,안전운전불이행,건조,맑음,교차로 - 교차로안,화물,남,72세,상해없음,화물,남,73세,경상
2014031500100178,2014년 3월 15일 09시,토요일,전라남도 순천시 승주읍,사망사고,1,0,0,0,차대사람 - 횡단중,중앙선침범,건조,맑음,단일로 - 기타,승용,남,52세,상해없음,보행자,남,21세,사망
2014031500100179,2014년 3월 15일 09시,토요일,전라남도 순천시 대룡동,중상사고,0,1,1,0,차대차 - 기타,차로위반,건조,맑음,교차로 - 교차로안,승용,여,73세,중상,화물,남,54세,경상
2014031500100180,2014년 3월 15일 09시,토요일,전라남도 광양시 중동,경상사고,0,0,1,0,차대차 - 측면직각충돌,교차로운행방법위반,건조,맑음,교차로 - 교차로안,승용,여,56세,상해없음,화물,남,55세,경상
2014031500100203,2014년 3월 15일 10시,토요일,전라남도 광양시 중동,경상사고,0,0,1,0,차대차 - 측면직각충돌,안전거리미확보,건조,맑음,교차로 - 교차로부근,승용,남,54세,상해없음,승용,남,32세,경상
2014031500100236,2014년 3월 15일 11시,토요일,전라남도 순천시 송광면,중상사고,0,1,1,0,차대차 - 기타,기타,건조,맑음,교차로 - 교차로안,이륜,남,42세,경상,승용,남,37세,상해없음
2014031500100270,2014년 3월 15일 12시,토요일,전라남도 여수시 중흥동,경상사고,0,0,1,0,차대사람 - 기타,안전운전불이행,건조,맑음,단일로 - 기타,승용,남,53세,상해없음,보행자,남,34세,경상
2014031500100271,2014년 3월 15일 12시,토요일,전라남도 여수시 국동,경상사고,0,0,1,0,차대사람 - 차도통행중,안전운전불이행,건조,맑음,교차로 - 교차로부근,승용,기타불명,기타불명,기타불명,보행자,남,16세,경상
2014031500100300,2014년 3월 15일 13시,토요일,전라남도 순천시 조례동,중상사고,0,1,0,0,차대사람 - 횡단중,안전운전불이행,건조,맑음,단일로 - 기타,승용,남,39세,상해없음,보행자,남,54세,중상
2014031500100301,2014년 3월 15일 13시,토요일,전라남도 영광군 영광읍,경상사고,0,0,1,0,차대차 - 추돌 - 주정차중,안전운전불이행,건조,맑음,기타 - 기타,승용,남,55세,상해없음,승용,남,36세,상해없음
2014031500100302,2014년 3월 15일 13시,토요일,전라남도 장성군 북이면,경상사고,0,0,1,0,차대차 - 측면직각충돌,교차로운행방법위반,건조,맑음,교차로 - 교차로안,승용,남,41세,상해없음,원동기,남,81세,경상
2014031500100333,2014년 3월 15일 14시,토요일,전라남도 순천시 해룡면,경상사고,0,0,4,0,차대차 - 기타,신호위반,건조,맑음,교차로 - 교차로안,승용,남,40세,상해없음,승용,여,31세,경상
2014031500100334,2014년 3월 15일 14시,토요일,전라남도 장흥군 안양면,경상사고,0,0,1,0,차량단독 - 전도전복,안전운전불이행,건조,맑음,단일로 - 기타,원동기,남,18세,상해없음,,,,
2014031500100335,2014년 3월 15일 14시,토요일,전라남도 영암군 삼호읍,경상사고,0,0,2,0,차대차 - 추돌 - 주정차중,안전운전불이행,건조,맑음,기타 - 기타,화물,남,26세,상해없음,승용,남,43세,경상
2014031500100336,2014년 3월 15일 14시,토요일,전라남도 구례군 마산면,경상사고,0,0,1,0,차대차 - 기타,안전운전불이행,건조,맑음,단일로 - 기타,승용,여,41세,상해없음,이륜,남,72세,경상
2014031500100364,2014년 3월 15일 15시,토요일,전라남도 여수시 학동,경상사고,0,0,1,0,차대사람 - 기타,안전운전불이행,건조,맑음,기타 - 기타,승용,여,38세,상해없음,보행자,남,65세,경상
2014031500100365,2014년 3월 15일 15시,토요일,전라남도 광양시 다압면,경상사고,0,0,1,0,차대사람 - 차도통행중,안전운전불이행,건조,맑음,단일로 - 기타,승용,여,47세,상해없음,보행자,여,58세,경상
2014031500100400,2014년 3월 15일 16시,토요일,전라남도 해남군 마산면,경상사고,0,0,4,0,차대차 - 추돌 - 진행중,안전거리미확보,건조,맑음,교차로 - 교차로부근,화물,남,75세,상해없음,승합,여,36세,경상
2014031500100441,2014년 3월 15일 17시,토요일,전라남도 여수시 학동,경상사고,0,0,1,0,차대사람 - 횡단중,보행자보호의무위반,건조,맑음,단일로 - 횡단보도상,승용,남,25세,상해없음,보행자,여,52세,경상
2014031500100442,2014년 3월 15일 17시,토요일,전라남도 고흥군 도덕면,중상사고,0,1,3,0,차대차 - 측면직각충돌,안전운전불이행,건조,맑음,교차로 - 교차로부근,승용,남,62세,중상,화물,남,60세,경상
2014031500100473,2014년 3월 15일 18시,토요일,전라남도 목포시 용해동,경상사고,0,0,4,0,차대차 - 기타,안전운전불이행,건조,맑음,기타 - 기타,승용,여,53세,상해없음,승용,남,43세,경상
2014031500100474,2014년 3월 15일 18시,토요일,전라남도 목포시 상동,경상사고,0,0,1,0,차대차 - 기타,안전운전불이행,건조,맑음,교차로 - 교차로안,승용,남,48세,상해없음,자전거,여,30세,경상
2014031500100475,2014년 3월 15일 18시,토요일,전라남도 장성군 동화면,경상사고,0,0,2,0,차대차 - 기타,교차로운행방법위반,건조,맑음,교차로 - 교차로안,화물,남,45세,상해없음,화물,남,51세,경상
2014031500100515,2014년 3월 15일 19시,토요일,전라남도 영암군 영암읍,경상사고,0,0,1,0,차대사람 - 기타,안전운전불이행,건조,맑음,단일로 - 기타,승용,남,47세,상해없음,보행자,여,14세,경상
2014031500100516,2014년 3월 15일 19시,토요일,전라남도 광양시 중동,경상사고,0,0,1,0,차대사람 - 횡단중,보행자보호의무위반,건조,맑음,단일로 - 횡단보도상,승용,남,41세,상해없음,보행자,여,50세,경상
2014031500100555,2014년 3월 15일 20시,토요일,전라남도 순천시 덕암동,중상사고,0,1,0,0,차대사람 - 횡단중,신호위반,건조,맑음,교차로 - 교차로안,승용,남,53세,상해없음,보행자,남,22세,중상
2014031500100556,2014년 3월 15일 20시,토요일,전라남도 무안군 해제면,경상사고,0,0,1,1,차대차 - 기타,직진우회전진행방해,건조,맑음,교차로 - 교차로안,화물,남,63세,부상신고,승용,남,28세,경상
2014031500100586,2014년 3월 15일 21시,토요일,전라남도 목포시 옥암동,경상사고,0,0,1,0,차대차 - 기타,직진우회전진행방해,건조,맑음,교차로 - 교차로안,승용,남,61세,상해없음,승용,여,45세,상해없음
2014031500100615,2014년 3월 15일 22시,토요일,전라남도 목포시 광동1가,중상사고,0,1,0,0,차대사람 - 차도통행중,안전운전불이행,건조,맑음,기타 - 기타,승용,남,35세,상해없음,보행자,여,65세,중상
2014031500100616,2014년 3월 15일 22시,토요일,전라남도 순천시 조곡동,중상사고,0,1,0,0,차대차 - 기타,안전운전불이행,건조,맑음,교차로 - 교차로부근,승용,여,47세,상해없음,자전거,남,51세,중상
2014031500100617,2014년 3월 15일 22시,토요일,전라남도 순천시 조곡동,중상사고,0,1,0,0,차대차 - 기타,안전운전불이행,건조,맑음,단일로 - 횡단보도상,승용,여,47세,상해없음,자전거,남,51세,중상
2014031500100651,2014년 3월 15일 23시,토요일,전라남도 보성군 벌교읍,경상사고,0,0,1,0,차량단독 - 공작물충돌,안전운전불이행,건조,맑음,단일로 - 기타,승용,남,36세,경상,,,,
2014031500100652,2014년 3월 15일 23시,토요일,전라남도 광양시 광양읍,부상신고사고,0,0,0,1,차대차 - 정면충돌,중앙선침범,건조,맑음,단일로 - 기타,이륜,남,55세,부상신고,승용,남,50세,상해없음
2014031600100009,2014년 3월 16일 00시,일요일,전라남도 광양시 광양읍,중상사고,0,1,0,0,차량단독 - 공작물충돌,안전운전불이행,건조,맑음,단일로 - 횡단보도부근,승용,남,43세,중상,,,,
2014031600100064,2014년 3월 16일 02시,일요일,전라남도 광양시 옥룡면,경상사고,0,0,1,0,차량단독 - 공작물충돌,안전운전불이행,건조,맑음,단일로 - 기타,승용,남,23세,경상,,,,
2014031600100078,2014년 3월 16일 03시,일요일,전라남도 목포시 상동,경상사고,0,0,1,0,차대차 - 기타,안전운전불이행,건조,맑음,기타 - 기타,승용,여,49세,기타불명,승용,남,58세,경상
2014031600100079,2014년 3월 16일 03시,일요일,전라남도 순천시 생목동,경상사고,0,0,1,0,차량단독 - 공작물충돌,안전운전불이행,건조,맑음,교차로 - 교차로안,승용,남,30세,경상,,,,
2014031600100117,2014년 3월 16일 06시,일요일,전라남도 광양시 광양읍,중상사고,0,1,2,0,차대차 - 추돌 - 진행중,안전운전불이행,건조,맑음,단일로 - 기타,승용,남,58세,상해없음,승용,남,50세,경상
2014031600100118,2014년 3월 16일 06시,일요일,전라남도 곡성군 석곡면,경상사고,0,0,1,0,차대차 - 추돌 - 주정차중,안전운전불이행,기타,안개,단일로 - 기타,승용,남,46세,상해없음,승용,남,47세,경상
2014031600100171,2014년 3월 16일 10시,일요일,전라남도 여수시 여서동,경상사고,0,0,1,0,차대차 - 측면직각충돌,안전운전불이행,건조,맑음,단일로 - 기타,승용,남,59세,상해없음,승용,여,32세,상해없음
2014031600100172,2014년 3월 16일 10시,일요일,전라남도 광양시 마동,경상사고,0,0,1,1,차대차 - 측면직각충돌,교차로운행방법위반,건조,맑음,교차로 - 교차로안,승용,남,30세,부상신고,승용,남,32세,경상
2014031600100212,2014년 3월 16일 12시,일요일,전라남도 목포시 옥암동,경상사고,0,0,1,0,차대차 - 기타,교차로운행방법위반,건조,맑음,교차로 - 교차로안,이륜,남,18세,경상,승용,남,57세,상해없음
2014031600100213,2014년 3월 16일 12시,일요일,전라남도 보성군 보성읍,사망사고,1,0,0,0,차량단독 - 도로외이탈 - 추락,안전운전불이행,건조,맑음,단일로 - 기타,이륜,남,24세,사망,,,,
2014031600100235,2014년 3월 16일 13시,일요일,전라남도 순천시 대룡동,중상사고,0,1,5,0,차대차 - 측면직각충돌,신호위반,건조,맑음,교차로 - 교차로안,승용,여,42세,경상,승용,남,32세,경상
2014031600100268,2014년 3월 16일 14시,일요일,전라남도 목포시 대성동,경상사고,0,0,2,0,차대차 - 측면직각충돌,신호위반,건조,맑음,교차로 - 교차로안,승용,남,40세,상해없음,승용,남,34세,경상
2014031600100269,2014년 3월 16일 14시,일요일,전라남도 여수시 돌산읍,경상사고,0,0,1,0,차대사람 - 차도통행중,안전운전불이행,건조,맑음,단일로 - 기타,승용,남,57세,상해없음,보행자,여,54세,경상
2014031600100270,2014년 3월 16일 14시,일요일,전라남도 광양시 옥곡면,경상사고,0,0,1,0,차대차 - 추돌 - 진행중,안전운전불이행,건조,맑음,단일로 - 기타,승용,남,32세,상해없음,원동기,남,67세,경상
2014031600100298,2014년 3월 16일 15시,일요일,전라남도 영광군 홍농읍,경상사고,0,0,2,0,차대차 - 추돌 - 주정차중,안전운전불이행,건조,맑음,단일로 - 기타,승용,남,72세,상해없음,승용,남,36세,경상
2014031600100299,2014년 3월 16일 15시,일요일,전라남도 영암군 영암읍,중상사고,0,4,2,0,차대차 - 정면충돌,중앙선침범,건조,맑음,단일로 - 기타,승용,남,66세,중상,승용,남,39세,중상
2014031600100300,2014년 3월 16일 15시,일요일,전라남도 담양군 남면,경상사고,0,0,2,0,차대차 - 측면직각충돌,직진우회전진행방해,건조,맑음,교차로 - 교차로안,승용,여,30세,상해없음,승용,남,34세,경상
2014031600100334,2014년 3월 16일 16시,일요일,전라남도 목포시 연산동,중상사고,0,1,0,0,차대차 - 기타,안전거리미확보,건조,맑음,교차로 - 교차로안,승용,남,45세,상해없음,이륜,남,18세,중상
2014031600100335,2014년 3월 16일 16시,일요일,전라남도 나주시 송월동,경상사고,0,0,1,0,차대차 - 추돌 - 주정차중,안전운전불이행,건조,맑음,교차로 - 교차로부근,승용,남,55세,상해없음,승용,남,38세,상해없음
2014031600100368,2014년 3월 16일 17시,일요일,전라남도 영광군 영광읍,경상사고,0,0,2,0,차대차 - 기타,안전운전불이행,건조,맑음,교차로 - 교차로안,승용,남,53세,상해없음,화물,남,43세,경상
2014031600100391,2014년 3월 16일 18시,일요일,전라남도 목포시 산정동,경상사고,0,0,2,0,차대차 - 추돌 - 진행중,안전운전불이행,건조,맑음,단일로 - 기타,승용,남,58세,상해없음,승용,남,30세,경상
2014031600100420,2014년 3월 16일 19시,일요일,전라남도 여수시 소라면,사망사고,2,0,3,0,차대차 - 정면충돌,안전운전불이행,건조,맑음,단일로 - 기타,화물,남,32세,사망,승합,남,51세,상해없음
2014031600100421,2014년 3월 16일 19시,일요일,전라남도 구례군 용방면,경상사고,0,0,2,0,차대차 - 기타,안전운전불이행,건조,맑음,단일로 - 기타,화물,남,64세,상해없음,승용,남,47세,경상
2014031600100450,2014년 3월 16일 20시,일요일,전라남도 영광군 영광읍,경상사고,0,0,3,0,차대차 - 기타,안전운전불이행,건조,맑음,단일로 - 기타,승용,남,20세,상해없음,승용,여,46세,경상
2014031600100451,2014년 3월 16일 20시,일요일,전라남도 영암군 학산면,중상사고,0,1,4,0,차대차 - 추돌 - 주정차중,안전운전불이행,건조,맑음,교차로 - 교차로부근,화물,남,60세,상해없음,승용,여,49세,경상
2014031600100478,2014년 3월 16일 21시,일요일,전라남도 여수시 학동,경상사고,0,0,1,0,차대차 - 기타,안전운전불이행,건조,맑음,단일로 - 기타,승용,남,31세,상해없음,이륜,남,16세,경상
2014031600100502,2014년 3월 16일 22시,일요일,전라남도 고흥군 고흥읍,중상사고,0,1,0,0,차량단독 - 전도전복,안전운전불이행,건조,맑음,단일로 - 기타,자전거,남,62세,중상,,,,
2014031600100503,2014년 3월 16일 22시,일요일,전라남도 담양군 금성면,중상사고,0,1,0,0,차량단독 - 공작물충돌,안전운전불이행,건조,맑음,단일로 - 기타,승용,남,47세,중상,,,,
2014031600100515,2014년 3월 16일 23시,일요일,전라남도 목포시 산정동,경상사고,0,0,3,0,차대차 - 측면직각충돌,교차로운행방법위반,건조,맑음,교차로 - 교차로안,승용,여,25세,상해없음,승용,남,56세,경상
2014031600100516,2014년 3월 16일 23시,일요일,전라남도 여수시 봉산동,경상사고,0,0,1,0,차대사람 - 차도통행중,안전운전불이행,건조,맑음,단일로 - 기타,화물,남,49세,상해없음,보행자,남,38세,경상
2014031600100517,2014년 3월 16일 23시,일요일,전라남도 곡성군 옥과면,부상신고사고,0,0,0,2,차량단독 - 기타,안전운전불이행,건조,맑음,단일로 - 기타,승용,남,28세,상해없음,,,,
2014031700100009,2014년 3월 17일 00시,월요일,전라남도 목포시 용당동,경상사고,0,0,1,0,차대차 - 측면직각충돌,교차로운행방법위반,건조,맑음,교차로 - 교차로안,승용,남,52세,상해없음,승용,여,45세,경상
2014031700100056,2014년 3월 17일 06시,월요일,전라남도 목포시 상동,중상사고,0,1,0,0,차대사람 - 횡단중,안전운전불이행,건조,흐림,교차로 - 교차로부근,화물,남,55세,상해없음,보행자,남,53세,중상
2014031700100057,2014년 3월 17일 06시,월요일,전라남도 완도군 고금면,중상사고,0,1,1,0,차대차 - 측면직각충돌,중앙선침범,습기,안개,교차로 - 교차로부근,승용,남,64세,상해없음,이륜,남,75세,경상
2014031700100058,2014년 3월 17일 06시,월요일,전라남도 광양시 옥곡면,경상사고,0,0,1,0,차대차 - 측면직각충돌,교차로운행방법위반,건조,맑음,교차로 - 교차로안,승용,남,53세,상해없음,화물,남,41세,경상
2014031700100085,2014년 3월 17일 07시,월요일,전라남도 목포시 산정동,경상사고,0,0,1,0,차대차 - 측면직각충돌,안전거리미확보,건조,맑음,단일로 - 기타,화물,남,64세,상해없음,승용,여,28세,경상
2014031700100086,2014년 3월 17일 07시,월요일,전라남도 광양시 마동,중상사고,0,1,0,0,차대차 - 측면직각충돌,교차로운행방법위반,건조,맑음,교차로 - 교차로안,승용,남,45세,상해없음,승용,여,40세,중상
2014031700100127,2014년 3월 17일 08시,월요일,전라남도 여수시 둔덕동,경상사고,0,0,2,0,차대차 - 측면직각충돌,안전운전불이행,건조,맑음,교차로 - 교차로부근,승용,여,41세,상해없음,승용,여,38세,경상
2014031700100155,2014년 3월 17일 09시,월요일,전라남도 순천시 해룡면,경상사고,0,0,1,0,차대차 - 기타,직진우회전진행방해,건조,맑음,교차로 - 교차로안,승용,여,33세,상해없음,이륜,여,59세,경상
2014031700100156,2014년 3월 17일 09시,월요일,전라남도 나주시 봉황면,경상사고,0,0,1,0,차대차 - 측면직각충돌,안전운전불이행,건조,맑음,기타 - 기타,화물,남,62세,상해없음,이륜,남,84세,경상
2014031700100190,2014년 3월 17일 10시,월요일,전라남도 해남군 해남읍,사망사고,1,0,0,0,차대차 - 기타,안전운전불이행,건조,맑음,교차로 - 교차로안,승용,남,61세,상해없음,승용,남,72세,상해없음
2014031700100239,2014년 3월 17일 12시,월요일,전라남도 목포시 옥암동,경상사고,0,0,2,0,차대차 - 측면직각충돌,신호위반,건조,맑음,교차로 - 교차로안,승용,남,61세,경상,승용,남,27세,경상
2014031700100264,2014년 3월 17일 13시,월요일,전라남도 여수시 여서동,경상사고,0,0,1,0,차대차 - 기타,안전운전불이행,건조,맑음,교차로 - 교차로부근,화물,남,24세,상해없음,승용,남,39세,경상
2014031700100296,2014년 3월 17일 14시,월요일,전라남도 순천시 용당동,경상사고,0,0,1,0,차대차 - 측면직각충돌,안전운전불이행,건조,맑음,교차로 - 교차로안,승용,남,39세,경상,승용,남,56세,상해없음
2014031700100297,2014년 3월 17일 14시,월요일,전라남도 나주시 다도면,경상사고,0,0,1,0,차대차 - 기타,기타,건조,맑음,교차로 - 교차로안,승합,남,52세,상해없음,화물,여,53세,경상
2014031700100298,2014년 3월 17일 14시,월요일,전라남도 장성군 장성읍,경상사고,0,0,1,0,차대차 - 기타,안전운전불이행,건조,맑음,단일로 - 기타,승용,남,53세,상해없음,승용,남,27세,경상
2014031700100327,2014년 3월 17일 15시,월요일,전라남도 순천시 조곡동,중상사고,0,1,0,0,차대차 - 측면직각충돌,교차로운행방법위반,건조,흐림,교차로 - 교차로안,화물,남,61세,상해없음,승용,남,46세,중상
2014031700100328,2014년 3월 17일 15시,월요일,전라남도 해남군 산이면,경상사고,0,0,1,1,차대차 - 측면직각충돌,신호위반,습기,비,교차로 - 교차로안,승용,남,59세,부상신고,건설기계,남,51세,경상
2014031700100329,2014년 3월 17일 15시,월요일,전라남도 영암군 학산면,중상사고,0,1,0,0,차대차 - 측면직각충돌,신호위반,습기,비,교차로 - 교차로안,화물,남,56세,상해없음,화물,남,28세,중상
2014031700100355,2014년 3월 17일 16시,월요일,전라남도 나주시 공산면,경상사고,0,0,1,0,차량단독 - 공작물충돌,안전운전불이행,습기,비,교차로 - 교차로안,이륜,남,78세,경상,,,,
2014031700100356,2014년 3월 17일 16시,월요일,전라남도 장흥군 안양면,경상사고,0,0,1,0,차대차 - 측면직각충돌,안전운전불이행,습기,비,단일로 - 기타,화물,남,50세,상해없음,승용,남,77세,경상
2014031700100357,2014년 3월 17일 16시,월요일,전라남도 영광군 영광읍,경상사고,0,0,1,0,차대차 - 기타,안전거리미확보,건조,맑음,단일로 - 기타,승용,남,38세,상해없음,화물,남,65세,상해없음
2014031700100358,2014년 3월 17일 16시,월요일,전라남도 함평군 손불면,중상사고,0,1,1,0,차대사람 - 기타,안전운전불이행,습기,비,단일로 - 기타,기타불명,기타불명,기타불명,기타불명,보행자,남,46세,중상
2014031700100397,2014년 3월 17일 17시,월요일,전라남도 순천시 황전면,경상사고,0,0,3,0,차대차 - 측면직각충돌,신호위반,습기,비,교차로 - 교차로안,승용,여,45세,상해없음,승용,남,63세,상해없음
2014031700100398,2014년 3월 17일 17시,월요일,전라남도 순천시 조례동,경상사고,0,0,2,0,차대차 - 측면직각충돌,안전운전불이행,습기,비,교차로 - 교차로안,승용,기타불명,기타불명,기타불명,승용,여,45세,상해없음
2014031700100426,2014년 3월 17일 18시,월요일,전라남도 화순군 화순읍,경상사고,0,0,1,0,차대차 - 추돌 - 주정차중,교차로운행방법위반,습기,비,교차로 - 교차로안,승용,남,63세,상해없음,승용,여,27세,경상
2014031700100469,2014년 3월 17일 19시,월요일,전라남도 순천시 풍덕동,경상사고,0,0,1,0,차대차 - 기타,신호위반,습기,비,교차로 - 교차로안,승용,여,52세,상해없음,승용,여,52세,경상
2014031700100470,2014년 3월 17일 19시,월요일,전라남도 담양군 무정면,중상사고,0,1,0,0,차대사람 - 기타,안전운전불이행,습기,비,단일로 - 기타,화물,여,56세,상해없음,보행자,남,72세,중상
2014031700100544,2014년 3월 17일 21시,월요일,전라남도 목포시 상동,경상사고,0,0,3,0,차대차 - 측면직각충돌,신호위반,습기,비,교차로 - 교차로안,승용,여,33세,상해없음,승용,여,47세,경상
2014031700100545,2014년 3월 17일 21시,월요일,전라남도 여수시 국동,중상사고,0,1,0,0,차대차 - 기타,안전운전불이행,건조,맑음,교차로 - 교차로부근,승합,여,45세,상해없음,승용,남,56세,상해없음