사고번호,사고일시,요일,시군구,사고내용,사망자수,중상자수,경상자수,부상신고자수,사고유형,법규위반,노면상태,기상상태,도로형태,가해운전자 차종,가해운전자 성별,가해운전자 연령,가해운전자 상해정도,피해운전자 차종,피해운전자 성별,피해운전자 연령,피해운전자 상해정도
2014031700100546,2014년 3월 17일 21시,월요일,전라남도 순천시 연향동,경상사고,0,0,3,0,차대차 - 측면직각충돌,신호위반,습기,비,교차로 - 교차로안,승용,남,47세,상해없음,승용,남,55세,경상
2014031700100547,2014년 3월 17일 21시,월요일,전라남도 영광군 영광읍,경상사고,0,0,1,0,차대차 - 측면직각충돌,안전운전불이행,건조,맑음,단일로 - 기타,승합,남,36세,상해없음,승용,남,34세,경상
2014031700100580,2014년 3월 17일 22시,월요일,전라남도 순천시 해룡면,경상사고,0,0,1,0,차대차 - 측면직각충돌,안전운전불이행,습기,비,교차로 - 교차로안,승용,여,48세,상해없음,승용,남,55세,경상
2014031700100581,2014년 3월 17일 22시,월요일,전라남도 해남군 화원면,경상사고,0,0,1,0,차대차 - 기타,기타,기타,기타,단일로 - 교량,승용,남,38세,경상,승용,남,39세,상해없음
2014031700100582,2014년 3월 17일 22시,월요일,전라남도 광양시 광양읍,경상사고,0,0,1,0,차량단독 - 공작물충돌,안전운전불이행,습기,비,교차로 - 교차로부근,승용,남,39세,경상,,,,
2014031700100583,2014년 3월 17일 22시,월요일,전라남도 광양시 중동,경상사고,0,0,3,0,차대차 - 추돌 - 진행중,안전운전불이행,습기,비,교차로 - 교차로안,승용,여,44세,경상,승용,여,34세,경상
2014031700100613,2014년 3월 17일 23시,월요일,전라남도 순천시 조례동,경상사고,0,0,1,0,차대차 - 측면직각충돌,교차로운행방법위반,건조,맑음,교차로 - 교차로안,승합,남,58세,상해없음,승용,여,55세,경상
2014031800100046,2014년 3월 18일 02시,화요일,전라남도 목포시 상동,경상사고,0,0,1,0,차대사람 - 횡단중,신호위반,습기,흐림,교차로 - 교차로안,승용,남,34세,상해없음,보행자,여,45세,경상
2014031800100047,2014년 3월 18일 02시,화요일,전라남도 여수시 봉강동,경상사고,0,0,2,0,차대차 - 추돌 - 진행중,안전운전불이행,습기,비,기타 - 기타,승용,남,60세,상해없음,승용,남,61세,상해없음
2014031800100103,2014년 3월 18일 07시,화요일,전라남도 광양시 중동,경상사고,0,0,1,0,차대사람 - 횡단중,안전운전불이행,건조,맑음,단일로 - 기타,승용,남,41세,상해없음,보행자,남,19세,경상
2014031800100136,2014년 3월 18일 08시,화요일,전라남도 목포시 옥암동,중상사고,0,1,0,1,차대차 - 추돌 - 진행중,안전운전불이행,건조,맑음,단일로 - 기타,승용,남,19세,부상신고,승용,남,53세,중상
2014031800100137,2014년 3월 18일 08시,화요일,전라남도 순천시 월등면,경상사고,0,0,1,0,차량단독 - 공작물충돌,안전운전불이행,습기,비,단일로 - 기타,특수,남,39세,경상,,,,
2014031800100138,2014년 3월 18일 08시,화요일,전라남도 해남군 북일면,경상사고,0,0,1,0,차대차 - 측면직각충돌,중앙선침범,건조,맑음,단일로 - 기타,화물,남,21세,상해없음,승용,여,43세,경상
2014031800100191,2014년 3월 18일 10시,화요일,전라남도 목포시 무안동,경상사고,0,0,2,0,차대차 - 기타,중앙선침범,건조,맑음,단일로 - 기타,승용,남,52세,경상,승용,남,28세,경상
2014031800100192,2014년 3월 18일 10시,화요일,전라남도 나주시 남평읍,사망사고,1,0,1,0,차대차 - 기타,중앙선침범,습기,흐림,교차로 - 교차로부근,건설기계,남,60세,경상,특수,남,61세,사망
2014031800100193,2014년 3월 18일 10시,화요일,전라남도 광양시 중동,경상사고,0,0,1,0,차대차 - 측면직각충돌,안전운전불이행,건조,맑음,교차로 - 교차로안,화물,남,50세,상해없음,승용,남,38세,경상
2014031800100210,2014년 3월 18일 11시,화요일,전라남도 목포시 용당동,중상사고,0,3,4,0,차대차 - 기타,교차로운행방법위반,건조,맑음,교차로 - 교차로안,승용,남,59세,경상,승용,여,38세,경상
2014031800100211,2014년 3월 18일 11시,화요일,전라남도 영광군 영광읍,경상사고,0,0,1,0,차대차 - 기타,안전거리미확보,건조,맑음,단일로 - 기타,화물,남,41세,상해없음,이륜,남,67세,경상
2014031800100237,2014년 3월 18일 12시,화요일,전라남도 목포시 용당동,중상사고,0,1,0,0,차대차 - 기타,안전운전불이행,건조,맑음,단일로 - 기타,승용,남,53세,상해없음,이륜,남,36세,중상
2014031800100238,2014년 3월 18일 12시,화요일,전라남도 목포시 상동,경상사고,0,0,1,0,차대차 - 기타,안전운전불이행,건조,맑음,단일로 - 기타,승용,남,39세,상해없음,승합,남,35세,경상
2014031800100239,2014년 3월 18일 12시,화요일,전라남도 순천시 조례동,경상사고,0,0,2,1,차대차 - 추돌 - 주정차중,안전운전불이행,건조,맑음,단일로 - 기타,화물,남,35세,상해없음,승용,남,31세,부상신고
2014031800100240,2014년 3월 18일 12시,화요일,전라남도 구례군 문척면,중상사고,0,1,0,0,차량단독 - 전도전복,안전운전불이행,건조,맑음,단일로 - 기타,이륜,남,71세,중상,,,,
2014031800100270,2014년 3월 18일 13시,화요일,전라남도 목포시 석현동,경상사고,0,0,2,0,차대차 - 기타,안전운전불이행,건조,맑음,단일로 - 기타,화물,남,42세,경상,승용,여,48세,경상
2014031800100271,2014년 3월 18일 13시,화요일,전라남도 나주시 금천면,중상사고,0,1,0,0,차대차 - 기타,안전운전불이행,건조,맑음,교차로 - 교차로안,승용,남,48세,상해없음,승용,여,36세,중상
2014031800100297,2014년 3월 18일 14시,화요일,전라남도 목포시 용당동,중상사고,0,1,0,0,차대사람 - 기타,안전운전불이행,건조,맑음,단일로 - 기타,승합,남,59세,상해없음,보행자,남,60세,중상
2014031800100298,2014년 3월 18일 14시,화요일,전라남도 장흥군 장평면,중상사고,0,1,0,0,차대차 - 측면직각충돌,안전운전불이행,건조,맑음,단일로 - 기타,원동기,남,56세,상해없음,원동기,남,76세,중상
2014031800100331,2014년 3월 18일 15시,화요일,전라남도 목포시 상동,경상사고,0,0,1,0,차대차 - 기타,신호위반,건조,맑음,단일로 - 횡단보도상,이륜,남,17세,상해없음,자전거,남,9세,경상
2014031800100332,2014년 3월 18일 15시,화요일,전라남도 강진군 칠량면,중상사고,0,2,2,0,차대차 - 추돌 - 진행중,안전거리미확보,건조,맑음,단일로 - 기타,화물,남,33세,상해없음,승용,남,35세,중상
2014031800100373,2014년 3월 18일 16시,화요일,전라남도 목포시 해안동2가,경상사고,0,0,1,0,차대차 - 기타,교차로운행방법위반,건조,맑음,교차로 - 교차로안,화물,남,53세,상해없음,화물,남,27세,경상
2014031800100374,2014년 3월 18일 16시,화요일,전라남도 화순군 화순읍,경상사고,0,0,1,0,차대차 - 기타,교차로운행방법위반,건조,맑음,교차로 - 교차로안,화물,남,63세,상해없음,승용,남,52세,상해없음
2014031800100375,2014년 3월 18일 16시,화요일,전라남도 무안군 무안읍,중상사고,0,1,0,0,차량단독 - 전도전복,안전운전불이행,건조,맑음,단일로 - 기타,자전거,남,86세,중상,,,,
2014031800100407,2014년 3월 18일 17시,화요일,전라남도 장흥군 장흥읍,중상사고,0,1,0,0,차대차 - 기타,교차로운행방법위반,건조,맑음,교차로 - 교차로안,승용,여,46세,상해없음,원동기,남,75세,중상
2014031800100446,2014년 3월 18일 18시,화요일,전라남도 영암군 금정면,경상사고,0,0,3,0,차량단독 - 공작물충돌,안전운전불이행,건조,흐림,단일로 - 기타,승용,남,77세,경상,,,,
2014031800100447,2014년 3월 18일 18시,화요일,전라남도 담양군 수북면,중상사고,0,1,0,0,차량단독 - 기타,안전운전불이행,건조,맑음,단일로 - 기타,원동기,남,45세,중상,,,,
2014031800100448,2014년 3월 18일 18시,화요일,전라남도 진도군 지산면,중상사고,0,1,0,0,차대사람 - 기타,안전운전불이행,건조,맑음,단일로 - 기타,기타불명,기타불명,45세,기타불명,보행자,남,63세,중상
2014031800100489,2014년 3월 18일 19시,화요일,전라남도 목포시 죽교동,경상사고,0,0,1,0,차대차 - 기타,안전운전불이행,건조,맑음,단일로 - 기타,승용,남,44세,경상,승용,남,41세,기타불명
2014031800100522,2014년 3월 18일 20시,화요일,전라남도 함평군 학교면,경상사고,0,0,1,0,차대차 - 정면충돌,안전운전불이행,건조,맑음,단일로 - 기타,화물,남,73세,상해없음,승합,남,51세,경상
2014031800100548,2014년 3월 18일 21시,화요일,전라남도 여수시 여서동,중상사고,0,1,0,0,차대사람 - 차도통행중,중앙선침범,건조,맑음,단일로 - 기타,승합,여,53세,상해없음,보행자,남,59세,중상
2014031800100549,2014년 3월 18일 21시,화요일,전라남도 나주시 동강면,경상사고,0,0,6,0,차대차 - 기타,안전운전불이행,건조,기타,단일로 - 기타,승용,남,29세,경상,특수,남,31세,상해없음
2014031800100550,2014년 3월 18일 21시,화요일,전라남도 광양시 광영동,중상사고,0,1,0,0,차대차 - 추돌 - 주정차중,안전운전불이행,건조,맑음,교차로 - 교차로부근,기타불명,기타불명,기타불명,기타불명,승용,남,56세,중상
2014031800100606,2014년 3월 18일 23시,화요일,전라남도 목포시 죽교동,경상사고,0,0,1,0,차대사람 - 기타,안전운전불이행,건조,맑음,단일로 - 기타,승용,남,37세,상해없음,보행자,남,55세,경상
2014031900100013,2014년 3월 19일 00시,수요일,전라남도 여수시 여서동,경상사고,0,0,1,0,차량단독 - 공작물충돌,안전운전불이행,건조,흐림,단일로 - 기타,승용,남,26세,기타불명,,,,
2014031900100014,2014년 3월 19일 00시,수요일,전라남도 나주시 금천면,중상사고,0,1,2,0,차대차 - 기타,안전거리미확보,건조,기타,단일로 - 기타,승용,남,55세,경상,승용,남,31세,중상
2014031900100028,2014년 3월 19일 01시,수요일,전라남도 나주시 경현동,경상사고,0,0,1,0,차량단독 - 공작물충돌,안전운전불이행,건조,기타,단일로 - 기타,승용,남,26세,경상,,,,
2014031900100059,2014년 3월 19일 05시,수요일,전라남도 순천시 동외동,경상사고,0,0,1,0,차대차 - 기타,직진우회전진행방해,건조,맑음,교차로 - 교차로안,승용,남,39세,상해없음,승용,남,47세,경상
2014031900100089,2014년 3월 19일 07시,수요일,전라남도 나주시 영산동,경상사고,0,0,2,0,차대차 - 측면직각충돌,신호위반,건조,맑음,교차로 - 교차로안,승용,남,32세,경상,승용,여,51세,경상
2014031900100116,2014년 3월 19일 08시,수요일,전라남도 여수시 여서동,경상사고,0,0,3,0,차대차 - 측면직각충돌,교차로운행방법위반,건조,맑음,교차로 - 교차로안,승용,남,50세,상해없음,승용,남,38세,경상
2014031900100117,2014년 3월 19일 08시,수요일,전라남도 광양시 진월면,경상사고,0,0,1,0,차대차 - 기타,중앙선침범,건조,흐림,단일로 - 기타,화물,남,56세,상해없음,승용,여,40세,경상
2014031900100153,2014년 3월 19일 09시,수요일,전라남도 순천시 조례동,경상사고,0,0,1,0,차대차 - 기타,안전운전불이행,건조,맑음,교차로 - 교차로부근,기타불명,기타불명,기타불명,기타불명,승용,남,56세,경상
2014031900100154,2014년 3월 19일 09시,수요일,전라남도 고흥군 영남면,중상사고,0,1,1,0,차대차 - 측면직각충돌,직진우회전진행방해,건조,맑음,교차로 - 교차로안,농기계,남,71세,경상,원동기,남,72세,중상
2014031900100155,2014년 3월 19일 09시,수요일,전라남도 해남군 삼산면,경상사고,0,0,1,0,차대차 - 측면직각충돌,신호위반,건조,흐림,교차로 - 교차로안,승용,남,57세,상해없음,이륜,남,71세,경상
2014031900100156,2014년 3월 19일 09시,수요일,전라남도 장성군 황룡면,중상사고,0,4,1,0,차대차 - 측면직각충돌,신호위반,건조,맑음,교차로 - 교차로안,승용,여,32세,경상,승용,여,39세,중상
2014031900100157,2014년 3월 19일 09시,수요일,전라남도 광양시 진상면,경상사고,0,0,1,0,차량단독 - 기타,안전운전불이행,건조,맑음,단일로 - 기타,원동기,남,77세,상해없음,,,,
2014031900100175,2014년 3월 19일 10시,수요일,전라남도 영암군 신북면,중상사고,0,1,0,0,차대차 - 기타,안전운전불이행,건조,맑음,교차로 - 교차로안,이륜,남,52세,상해없음,승용,여,56세,상해없음
2014031900100200,2014년 3월 19일 11시,수요일,전라남도 나주시 성북동,경상사고,0,0,1,0,차대사람 - 기타,안전운전불이행,건조,맑음,교차로 - 교차로부근,화물,남,47세,상해없음,보행자,남,54세,경상
2014031900100223,2014년 3월 19일 12시,수요일,전라남도 고흥군 동강면,사망사고,1,0,0,0,차대차 - 측면직각충돌,안전운전불이행,건조,맑음,교차로 - 교차로안,승용,여,32세,상해없음,이륜,여,73세,사망
2014031900100297,2014년 3월 19일 15시,수요일,전라남도 영광군 영광읍,중상사고,0,1,0,0,차대차 - 기타,안전운전불이행,건조,맑음,단일로 - 기타,자전거,남,66세,중상,승용,남,59세,상해없음
2014031900100298,2014년 3월 19일 15시,수요일,전라남도 무안군 청계면,중상사고,0,1,0,0,차대차 - 추돌 - 진행중,안전운전불이행,건조,맑음,교차로 - 교차로안,이륜,남,68세,중상,승용,여,56세,상해없음
2014031900100299,2014년 3월 19일 15시,수요일,전라남도 무안군 일로읍,중상사고,0,1,0,0,차대차 - 측면직각충돌,직진우회전진행방해,건조,맑음,교차로 - 교차로안,화물,남,56세,상해없음,이륜,남,55세,중상
2014031900100329,2014년 3월 19일 16시,수요일,전라남도 순천시 연향동,경상사고,0,0,1,0,차대차 - 추돌 - 진행중,안전운전불이행,건조,흐림,단일로 - 기타,화물,남,61세,상해없음,승용,여,39세,경상
2014031900100330,2014년 3월 19일 16시,수요일,전라남도 구례군 구례읍,경상사고,0,0,3,0,차대차 - 측면직각충돌,교차로운행방법위반,건조,맑음,교차로 - 교차로안,승용,여,51세,경상,승용,여,44세,경상
2014031900100364,2014년 3월 19일 17시,수요일,전라남도 여수시 봉산동,경상사고,0,0,3,0,차대차 - 추돌 - 주정차중,교차로운행방법위반,건조,맑음,교차로 - 교차로부근,승용,남,63세,상해없음,승용,여,42세,경상
2014031900100365,2014년 3월 19일 17시,수요일,전라남도 고흥군 고흥읍,경상사고,0,0,1,0,차대사람 - 횡단중,기타,건조,맑음,단일로 - 기타,승용,남,46세,상해없음,보행자,남,11세,경상
2014031900100399,2014년 3월 19일 18시,수요일,전라남도 순천시 덕암동,경상사고,0,0,2,0,차대차 - 기타,차로위반,건조,맑음,단일로 - 기타,승용,남,32세,상해없음,승용,남,38세,경상
2014031900100400,2014년 3월 19일 18시,수요일,전라남도 나주시 성북동,경상사고,0,0,1,0,차대차 - 기타,신호위반,건조,맑음,교차로 - 교차로안,승용,여,42세,기타불명,승용,남,36세,경상
2014031900100401,2014년 3월 19일 18시,수요일,전라남도 장흥군 장흥읍,경상사고,0,0,1,0,차량단독 - 공작물충돌,안전거리미확보,건조,맑음,기타 - 기타,화물,남,41세,경상,,,,
2014031900100402,2014년 3월 19일 18시,수요일,전라남도 화순군 화순읍,경상사고,0,0,2,0,차대차 - 추돌 - 진행중,안전운전불이행,건조,맑음,단일로 - 기타,승용,남,28세,경상,화물,남,62세,경상
2014031900100403,2014년 3월 19일 18시,수요일,전라남도 무안군 청계면,경상사고,0,0,1,0,차대차 - 기타,안전거리미확보,건조,맑음,교차로 - 교차로부근,화물,여,37세,상해없음,승용,여,31세,경상
2014031900100404,2014년 3월 19일 18시,수요일,전라남도 무안군 무안읍,경상사고,0,0,1,0,차대차 - 추돌 - 주정차중,안전운전불이행,건조,맑음,단일로 - 기타,승용,여,49세,상해없음,승용,여,28세,경상
2014031900100443,2014년 3월 19일 19시,수요일,전라남도 순천시 석현동,중상사고,0,1,0,0,차대차 - 추돌 - 주정차중,안전운전불이행,건조,맑음,교차로 - 교차로부근,화물,남,43세,상해없음,승용,여,49세,중상
2014031900100444,2014년 3월 19일 19시,수요일,전라남도 순천시 조례동,경상사고,0,0,1,0,차대차 - 기타,안전운전불이행,건조,맑음,단일로 - 기타,승용,여,54세,상해없음,이륜,여,18세,경상
2014031900100481,2014년 3월 19일 20시,수요일,전라남도 여수시 율촌면,경상사고,0,0,1,0,차대차 - 측면직각충돌,안전운전불이행,건조,맑음,단일로 - 기타,기타불명,기타불명,기타불명,기타불명,승용,남,46세,경상
2014031900100482,2014년 3월 19일 20시,수요일,전라남도 구례군 구례읍,중상사고,0,1,0,0,차대사람 - 횡단중,안전운전불이행,건조,기타,단일로 - 횡단보도부근,승용,남,55세,상해없음,보행자,남,42세,중상
2014031900100516,2014년 3월 19일 21시,수요일,전라남도 광양시 광양읍,경상사고,0,0,1,0,차대차 - 기타,안전운전불이행,건조,맑음,교차로 - 교차로안,승용,남,46세,경상,승용,남,29세,상해없음
2014031900100538,2014년 3월 19일 22시,수요일,전라남도 순천시 연향동,중상사고,0,2,1,0,차대차 - 추돌 - 주정차중,안전운전불이행,건조,맑음,교차로 - 교차로부근,승용,남,48세,상해없음,승용,남,36세,경상
2014031900100565,2014년 3월 19일 23시,수요일,전라남도 여수시 신기동,경상사고,0,0,1,0,차대차 - 측면직각충돌,신호위반,건조,맑음,교차로 - 교차로안,승용,남,60세,상해없음,승용,남,51세,경상
2014032000100031,2014년 3월 20일 01시,목요일,전라남도 담양군 담양읍,중상사고,0,1,0,0,차대차 - 추돌 - 주정차중,안전운전불이행,건조,맑음,단일로 - 기타,승용,남,33세,중상,화물,기타불명,기타불명,기타불명
2014032000100041,2014년 3월 20일 02시,목요일,전라남도 목포시 상동,경상사고,0,0,1,0,차대차 - 기타,안전운전불이행,건조,맑음,단일로 - 터널,기타불명,기타불명,기타불명,기타불명,자전거,남,18세,경상
2014032000100042,2014년 3월 20일 02시,목요일,전라남도 화순군 화순읍,경상사고,0,0,1,0,차대사람 - 길가장자리구역통행중,안전운전불이행,건조,맑음,단일로 - 기타,승용,남,56세,상해없음,보행자,남,17세,경상
2014032000100089,2014년 3월 20일 07시,목요일,전라남도 강진군 군동면,경상사고,0,0,3,0,차대차 - 기타,직진우회전진행방해,건조,맑음,교차로 - 교차로안,승용,남,68세,상해없음,승용,남,59세,경상
2014032000100112,2014년 3월 20일 08시,목요일,전라남도 장흥군 대덕읍,경상사고,0,0,1,0,차대사람 - 기타,중앙선침범,건조,맑음,단일로 - 기타,화물,여,56세,상해없음,보행자,여,73세,경상
2014032000100113,2014년 3월 20일 08시,목요일,전라남도 광양시 도이동,경상사고,0,0,1,0,차대차 - 측면직각충돌,신호위반,건조,맑음,교차로 - 교차로안,승용,남,49세,상해없음,승용,남,41세,경상
2014032000100163,2014년 3월 20일 10시,목요일,전라남도 영암군 영암읍,중상사고,0,2,0,0,차대차 - 추돌 - 진행중,안전운전불이행,건조,맑음,단일로 - 기타,화물,여,55세,상해없음,원동기,남,63세,중상
2014032000100164,2014년 3월 20일 10시,목요일,전라남도 무안군 운남면,경상사고,0,0,1,0,차대사람 - 기타,안전운전불이행,건조,맑음,단일로 - 기타,이륜,남,62세,상해없음,보행자,남,72세,경상
2014032000100184,2014년 3월 20일 11시,목요일,전라남도 나주시 중앙동,경상사고,0,0,1,0,차대사람 - 기타,안전운전불이행,건조,맑음,교차로 - 교차로부근,승용,남,52세,상해없음,보행자,여,63세,경상
2014032000100288,2014년 3월 20일 15시,목요일,전라남도 여수시 화양면,경상사고,0,0,3,0,차대차 - 측면직각충돌,기타,건조,맑음,단일로 - 기타,승합,남,49세,경상,화물,남,40세,경상
2014032000100289,2014년 3월 20일 15시,목요일,전라남도 순천시 연향동,경상사고,0,0,1,0,차대차 - 추돌 - 주정차중,안전운전불이행,건조,맑음,단일로 - 기타,건설기계,남,47세,상해없음,승용,여,61세,경상
2014032000100290,2014년 3월 20일 15시,목요일,전라남도 보성군 벌교읍,경상사고,0,0,1,0,차대차 - 추돌 - 진행중,안전운전불이행,건조,맑음,단일로 - 기타,이륜,남,64세,경상,승용,남,56세,상해없음
2014032000100323,2014년 3월 20일 16시,목요일,전라남도 영암군 군서면,중상사고,0,2,0,0,차대차 - 측면직각충돌,안전운전불이행,건조,맑음,단일로 - 기타,농기계,남,63세,상해없음,화물,남,62세,중상
2014032000100350,2014년 3월 20일 17시,목요일,전라남도 순천시 연향동,경상사고,0,0,1,0,차대사람 - 기타,보행자보호의무위반,건조,맑음,교차로 - 교차로부근,승합,남,67세,상해없음,보행자,남,7세,경상
2014032000100351,2014년 3월 20일 17시,목요일,전라남도 강진군 도암면,중상사고,0,1,0,0,차량단독 - 도로외이탈 - 추락,안전운전불이행,건조,맑음,단일로 - 기타,승용,남,58세,중상,,,,
2014032000100394,2014년 3월 20일 18시,목요일,전라남도 여수시 문수동,경상사고,0,0,1,0,차대차 - 측면직각충돌,중앙선침범,건조,맑음,단일로 - 기타,승합,남,38세,상해없음,승용,남,28세,경상
2014032000100395,2014년 3월 20일 18시,목요일,전라남도 순천시 영동,중상사고,0,1,0,0,차대사람 - 횡단중,안전운전불이행,건조,맑음,단일로 - 기타,승용,남,46세,상해없음,보행자,여,17세,중상
2014032000100396,2014년 3월 20일 18시,목요일,전라남도 영광군 영광읍,경상사고,0,0,1,0,차대차 - 측면직각충돌,교차로운행방법위반,건조,맑음,교차로 - 교차로안,승용,남,52세,상해없음,승용,여,37세,경상
2014032000100397,2014년 3월 20일 18시,목요일,전라남도 영암군 삼호읍,경상사고,0,0,1,0,차대차 - 측면직각충돌,직진우회전진행방해,건조,맑음,교차로 - 교차로안,화물,남,67세,상해없음,화물,남,50세,경상
2014032000100398,2014년 3월 20일 18시,목요일,전라남도 광양시 중동,경상사고,0,0,1,0,차대차 - 기타,신호위반,건조,맑음,교차로 - 교차로부근,승용,여,40세,상해없음,자전거,남,11세,경상
2014032000100498,2014년 3월 20일 20시,목요일,전라남도 순천시 해룡면,경상사고,0,0,2,0,차대차 - 추돌 - 주정차중,안전운전불이행,건조,맑음,단일로 - 기타,승용,남,42세,상해없음,승용,남,42세,경상
2014032000100543,2014년 3월 20일 21시,목요일,전라남도 목포시 상동,경상사고,0,0,4,0,차대차 - 추돌 - 주정차중,안전운전불이행,건조,맑음,교차로 - 교차로부근,승용,여,52세,경상,승용,남,32세,경상
2014032000100544,2014년 3월 20일 21시,목요일,전라남도 순천시 풍덕동,경상사고,0,0,1,0,차대사람 - 횡단중,안전운전불이행,건조,맑음,단일로 - 기타,승용,남,45세,상해없음,보행자,여,70세,경상
2014032000100545,2014년 3월 20일 21시,목요일,전라남도 고흥군 점암면,중상사고,0,4,2,0,차대차 - 추돌 - 진행중,기타,건조,맑음,단일로 - 기타,화물,남,60세,중상,승용,남,44세,중상
2014032100100053,2014년 3월 21일 04시,금요일,전라남도 광양시 성황동,중상사고,0,1,0,0,차량단독 - 공작물충돌,안전운전불이행,건조,맑음,단일로 - 기타,승용,남,33세,중상,,,,
2014032100100105,2014년 3월 21일 07시,금요일,전라남도 목포시 산정동,경상사고,0,0,2,0,차대차 - 측면직각충돌,직진우회전진행방해,건조,맑음,교차로 - 교차로안,화물,남,67세,상해없음,승용,여,25세,경상
2014032100100106,2014년 3월 21일 07시,금요일,전라남도 나주시 금천면,부상신고사고,0,0,0,1,차대차 - 추돌 - 진행중,안전거리미확보,건조,맑음,단일로 - 기타,화물,남,41세,상해없음,승합,남,49세,부상신고
2014032100100107,2014년 3월 21일 07시,금요일,전라남도 담양군 담양읍,경상사고,0,0,1,0,차대차 - 기타,안전운전불이행,건조,맑음,교차로 - 교차로안,승용,남,47세,상해없음,승용,남,73세,경상
2014032100100186,2014년 3월 21일 09시,금요일,전라남도 화순군 이양면,경상사고,0,0,2,0,차대차 - 추돌 - 진행중,안전운전불이행,건조,맑음,교차로 - 교차로부근,화물,남,42세,상해없음,화물,남,55세,경상
2014032100100330,2014년 3월 21일 14시,금요일,전라남도 순천시 해룡면,경상사고,0,0,2,0,차량단독 - 전도전복,기타,건조,맑음,단일로 - 기타,화물,남,47세,경상,,,,
2014032100100331,2014년 3월 21일 14시,금요일,전라남도 영암군 군서면,중상사고,0,1,4,0,차대차 - 측면직각충돌,신호위반,건조,맑음,교차로 - 교차로안,화물,남,49세,경상,승용,여,39세,경상
2014032100100332,2014년 3월 21일 14시,금요일,전라남도 강진군 도암면,경상사고,0,0,1,0,차량단독 - 전도전복,안전운전불이행,건조,맑음,교차로 - 교차로부근,이륜,남,90세 이상,경상,,,90세 이상,
2014032100100359,2014년 3월 21일 15시,금요일,전라남도 여수시 안산동,경상사고,0,0,4,0,차대차 - 기타,안전운전불이행,건조,맑음,기타 - 기타,승용,남,33세,상해없음,승용,여,46세,경상
2014032100100360,2014년 3월 21일 15시,금요일,전라남도 순천시 해룡면,경상사고,0,0,1,0,차대차 - 기타,신호위반,건조,맑음,교차로 - 교차로안,화물,남,55세,상해없음,승용,여,44세,경상
2014032100100361,2014년 3월 21일 15시,금요일,전라남도 나주시 남평읍,중상사고,0,1,0,0,차량단독 - 기타,안전운전불이행,건조,맑음,기타 - 기타,승합,남,54세,상해없음,,,,
2014032100100362,2014년 3월 21일 15시,금요일,전라남도 고흥군 동일면,경상사고,0,0,3,0,차대차 - 측면직각충돌,교차로운행방법위반,건조,맑음,교차로 - 교차로안,승용,남,54세,경상,화물,남,32세,경상
2014032100100363,2014년 3월 21일 15시,금요일,전라남도 무안군 무안읍,중상사고,0,1,1,1,차대차 - 측면직각충돌,안전운전불이행,건조,맑음,교차로 - 교차로안,승용,남,79세,부상신고,승용,여,68세,경상
2014032100100410,2014년 3월 21일 16시,금요일,전라남도 여수시 돌산읍,중상사고,0,2,1,0,차대차 - 기타,안전운전불이행,건조,맑음,기타 - 기타,승용,남,60세,상해없음,승합,여,53세,중상
2014032100100411,2014년 3월 21일 16시,금요일,전라남도 나주시 이창동,경상사고,0,0,3,0,차대차 - 기타,안전운전불이행,건조,맑음,단일로 - 기타,승용,여,55세,경상,화물,남,41세,상해없음
2014032100100443,2014년 3월 21일 17시,금요일,전라남도 보성군 벌교읍,경상사고,0,0,1,0,차대사람 - 횡단중,안전운전불이행,건조,맑음,단일로 - 기타,승용,남,43세,상해없음,보행자,여,45세,경상
2014032100100473,2014년 3월 21일 18시,금요일,전라남도 목포시 옥암동,경상사고,0,0,3,0,차대차 - 기타,안전운전불이행,건조,맑음,단일로 - 기타,화물,남,69세,경상,화물,남,53세,경상
2014032100100508,2014년 3월 21일 19시,금요일,전라남도 나주시 이창동,경상사고,0,0,1,0,차대차 - 추돌 - 주정차중,안전운전불이행,건조,맑음,교차로 - 교차로부근,화물,남,63세,상해없음,승용,여,26세,경상
2014032100100509,2014년 3월 21일 19시,금요일,전라남도 화순군 화순읍,경상사고,0,0,1,0,차대차 - 측면직각충돌,교차로운행방법위반,건조,맑음,교차로 - 교차로부근,승용,남,59세,경상,화물,남,46세,상해없음
2014032100100510,2014년 3월 21일 19시,금요일,전라남도 영암군 서호면,경상사고,0,0,1,0,차대차 - 추돌 - 진행중,안전운전불이행,건조,맑음,단일로 - 기타,자전거,남,20세,상해없음,자전거,여,31세,경상
2014032100100604,2014년 3월 21일 21시,금요일,전라남도 목포시 산정동,중상사고,0,1,0,0,차대사람 - 횡단중,안전운전불이행,건조,맑음,단일로 - 기타,승용,남,33세,상해없음,보행자,남,50세,중상
2014032100100605,2014년 3월 21일 21시,금요일,전라남도 여수시 소호동,경상사고,0,0,1,0,차대사람 - 횡단중,보행자보호의무위반,건조,맑음,단일로 - 기타,승용,남,44세,상해없음,보행자,여,57세,경상
2014032100100632,2014년 3월 21일 22시,금요일,전라남도 함평군 함평읍,경상사고,0,0,2,0,차대차 - 측면직각충돌,안전운전불이행,건조,맑음,교차로 - 교차로안,승용,여,38세,상해없음,화물,남,23세,경상
2014032200100121,2014년 3월 22일 06시,토요일,전라남도 여수시 중앙동,중상사고,0,1,0,0,차대사람 - 기타,기타,건조,맑음,단일로 - 기타,승합,남,50세,상해없음,보행자,여,81세,중상