사고번호,사고일시,요일,시군구,사고내용,사망자수,중상자수,경상자수,부상신고자수,사고유형,법규위반,노면상태,기상상태,도로형태,가해운전자 차종,가해운전자 성별,가해운전자 연령,가해운전자 상해정도,피해운전자 차종,피해운전자 성별,피해운전자 연령,피해운전자 상해정도
2014032200100139,2014년 3월 22일 07시,토요일,전라남도 장성군 남면,중상사고,0,1,0,0,차대차 - 추돌 - 주정차중,안전운전불이행,건조,맑음,단일로 - 기타,화물,여,52세,상해없음,화물,여,49세,중상
2014032200100164,2014년 3월 22일 08시,토요일,전라남도 보성군 득량면,중상사고,0,1,0,0,차대사람 - 기타,기타,건조,맑음,단일로 - 기타,승합,남,51세,상해없음,보행자,여,79세,중상
2014032200100221,2014년 3월 22일 10시,토요일,전라남도 순천시 서면,경상사고,0,0,2,0,차대차 - 추돌 - 진행중,안전거리미확보,건조,맑음,교차로 - 교차로부근,승용,여,37세,상해없음,승용,남,24세,경상
2014032200100222,2014년 3월 22일 10시,토요일,전라남도 영광군 영광읍,경상사고,0,0,1,0,차대차 - 기타,안전운전불이행,건조,맑음,단일로 - 기타,승용,남,23세,상해없음,승용,남,23세,경상
2014032200100278,2014년 3월 22일 12시,토요일,전라남도 여수시 화장동,중상사고,0,1,0,0,차대차 - 측면직각충돌,중앙선침범,건조,맑음,교차로 - 교차로부근,승용,남,26세,상해없음,이륜,남,50세,중상
2014032200100279,2014년 3월 22일 12시,토요일,전라남도 영암군 삼호읍,경상사고,0,0,2,0,차대차 - 추돌 - 진행중,안전거리미확보,건조,맑음,교차로 - 교차로부근,승용,남,60세,경상,승용,남,52세,경상
2014032200100305,2014년 3월 22일 13시,토요일,전라남도 목포시 죽교동,중상사고,0,1,0,0,차대사람 - 기타,안전운전불이행,건조,맑음,교차로 - 교차로안,승용,남,43세,상해없음,보행자,남,54세,중상
2014032200100306,2014년 3월 22일 13시,토요일,전라남도 순천시 연향동,경상사고,0,0,5,0,차대차 - 기타,기타,건조,맑음,미분류 - 미분류,승용,남,41세,경상,건설기계,남,33세,경상
2014032200100307,2014년 3월 22일 13시,토요일,전라남도 강진군 성전면,중상사고,0,1,1,0,차량단독 - 도로외이탈 - 기타,안전운전불이행,건조,맑음,단일로 - 기타,화물,남,71세,경상,,,,
2014032200100335,2014년 3월 22일 14시,토요일,전라남도 영암군 영암읍,중상사고,0,1,0,0,차대차 - 측면직각충돌,직진우회전진행방해,건조,맑음,교차로 - 교차로안,승용,남,50세,상해없음,이륜,남,47세,중상
2014032200100364,2014년 3월 22일 15시,토요일,전라남도 순천시 남정동,중상사고,0,1,2,0,차대차 - 추돌 - 진행중,안전거리미확보,건조,맑음,교차로 - 교차로부근,화물,남,60세,상해없음,승용,여,36세,경상
2014032200100365,2014년 3월 22일 15시,토요일,전라남도 순천시 대룡동,중상사고,0,1,0,0,차대차 - 측면직각충돌,안전운전불이행,건조,맑음,단일로 - 기타,이륜,남,43세,중상,승용,남,50세,상해없음
2014032200100366,2014년 3월 22일 15시,토요일,전라남도 장흥군 장흥읍,경상사고,0,0,1,0,차대차 - 측면직각충돌,교차로운행방법위반,건조,맑음,교차로 - 교차로안,승합,남,44세,상해없음,승용,남,58세,경상
2014032200100367,2014년 3월 22일 15시,토요일,전라남도 고흥군 도덕면,사망사고,1,0,0,0,차량단독 - 전도전복,안전운전불이행,건조,맑음,단일로 - 기타,농기계,남,80세,사망,,,,
2014032200100368,2014년 3월 22일 15시,토요일,전라남도 강진군 성전면,경상사고,0,0,3,0,차대차 - 추돌 - 진행중,안전거리미확보,건조,맑음,단일로 - 기타,승용,남,26세,상해없음,승용,여,56세,경상
2014032200100369,2014년 3월 22일 15시,토요일,전라남도 곡성군 입면,경상사고,0,0,4,0,차대차 - 기타,안전운전불이행,건조,맑음,교차로 - 교차로안,승용,남,29세,상해없음,승용,남,40세,경상
2014032200100404,2014년 3월 22일 16시,토요일,전라남도 광양시 옥곡면,경상사고,0,0,1,0,차대차 - 측면직각충돌,직진우회전진행방해,건조,맑음,교차로 - 교차로안,승합,남,58세,상해없음,승용,남,35세,상해없음
2014032200100439,2014년 3월 22일 17시,토요일,전라남도 순천시 남내동,경상사고,0,0,1,0,차대차 - 측면직각충돌,신호위반,건조,맑음,교차로 - 교차로안,승용,여,44세,상해없음,이륜,남,24세,경상
2014032200100440,2014년 3월 22일 17시,토요일,전라남도 담양군 무정면,경상사고,0,0,1,0,차량단독 - 기타,안전운전불이행,건조,맑음,단일로 - 기타,화물,남,45세,경상,,,,
2014032200100474,2014년 3월 22일 18시,토요일,전라남도 해남군 북평면,경상사고,0,0,1,1,차대차 - 기타,안전운전불이행,건조,맑음,단일로 - 교량,승용,남,49세,부상신고,승용,남,32세,경상
2014032200100507,2014년 3월 22일 19시,토요일,전라남도 여수시 화장동,경상사고,0,0,1,0,차대차 - 기타,안전운전불이행,건조,맑음,단일로 - 기타,승용,남,57세,상해없음,원동기,남,32세,경상
2014032200100508,2014년 3월 22일 19시,토요일,전라남도 화순군 이양면,중상사고,0,2,2,0,차대차 - 추돌 - 주정차중,안전운전불이행,습기,비,교차로 - 교차로부근,화물,남,66세,중상,승용,남,51세,경상
2014032200100509,2014년 3월 22일 19시,토요일,전라남도 무안군 해제면,부상신고사고,0,0,0,1,차량단독 - 전도전복,안전운전불이행,건조,맑음,단일로 - 기타,원동기,남,69세,부상신고,,,,
2014032200100538,2014년 3월 22일 20시,토요일,전라남도 담양군 금성면,경상사고,0,0,1,0,차량단독 - 기타,안전운전불이행,건조,기타,단일로 - 기타,이륜,남,62세,경상,,,,
2014032200100634,2014년 3월 22일 23시,토요일,전라남도 강진군 강진읍,경상사고,0,0,1,0,차대차 - 기타,안전운전불이행,건조,맑음,단일로 - 기타,승용,남,38세,기타불명,자전거,남,55세,경상
2014032300100021,2014년 3월 23일 00시,일요일,전라남도 여수시 소라면,경상사고,0,0,1,0,차량단독 - 공작물충돌,안전운전불이행,건조,맑음,단일로 - 기타,승용,남,47세,경상,,,,
2014032300100022,2014년 3월 23일 00시,일요일,전라남도 무안군 삼향읍,중상사고,0,2,1,0,차대차 - 기타,기타,건조,맑음,교차로 - 교차로안,승용,여,54세,경상,승용,남,52세,중상
2014032300100023,2014년 3월 23일 00시,일요일,전라남도 광양시 중동,경상사고,0,0,2,0,차대사람 - 기타,안전운전불이행,건조,맑음,기타 - 기타,승용,남,26세,상해없음,보행자,여,39세,경상
2014032300100057,2014년 3월 23일 02시,일요일,전라남도 목포시 달동,경상사고,0,0,2,0,차대차 - 추돌 - 진행중,안전운전불이행,건조,맑음,단일로 - 기타,승용,남,45세,상해없음,승용,남,41세,경상
2014032300100108,2014년 3월 23일 06시,일요일,전라남도 여수시 웅천동,경상사고,0,0,1,0,차대차 - 추돌 - 진행중,안전운전불이행,건조,맑음,교차로 - 교차로안,승용,남,22세,상해없음,승용,남,55세,경상
2014032300100109,2014년 3월 23일 06시,일요일,전라남도 무안군 삼향읍,경상사고,0,0,2,0,차대차 - 기타,중앙선침범,건조,맑음,단일로 - 기타,승합,남,28세,상해없음,승용,남,48세,경상
2014032300100144,2014년 3월 23일 08시,일요일,전라남도 무안군 삼향읍,경상사고,0,0,1,0,차대차 - 기타,안전운전불이행,습기,안개,단일로 - 기타,화물,남,49세,경상,승용,남,59세,상해없음
2014032300100165,2014년 3월 23일 09시,일요일,전라남도 목포시 산정동,경상사고,0,0,1,0,차량단독 - 공작물충돌,안전운전불이행,건조,맑음,교차로 - 교차로부근,이륜,남,68세,경상,,,,
2014032300100184,2014년 3월 23일 10시,일요일,전라남도 화순군 화순읍,경상사고,0,0,1,0,차대사람 - 횡단중,안전운전불이행,건조,맑음,단일로 - 기타,승용,남,46세,상해없음,보행자,여,19세,경상
2014032300100185,2014년 3월 23일 10시,일요일,전라남도 강진군 군동면,경상사고,0,0,1,0,차대차 - 측면직각충돌,안전운전불이행,건조,맑음,단일로 - 기타,화물,남,48세,상해없음,승용,남,58세,경상
2014032300100206,2014년 3월 23일 11시,일요일,전라남도 무안군 현경면,부상신고사고,0,0,0,1,차대차 - 기타,안전운전불이행,건조,맑음,교차로 - 교차로안,농기계,남,69세,부상신고,승용,남,46세,상해없음
2014032300100247,2014년 3월 23일 13시,일요일,전라남도 순천시 조곡동,경상사고,0,0,1,0,차대사람 - 횡단중,보행자보호의무위반,건조,맑음,단일로 - 횡단보도상,승용,남,50세,상해없음,보행자,여,66세,경상
2014032300100281,2014년 3월 23일 14시,일요일,전라남도 여수시 소호동,경상사고,0,0,1,0,차대차 - 기타,안전운전불이행,건조,맑음,교차로 - 교차로부근,기타불명,기타불명,기타불명,기타불명,자전거,남,11세,경상
2014032300100282,2014년 3월 23일 14시,일요일,전라남도 해남군 황산면,경상사고,0,0,5,0,차대차 - 측면직각충돌,교차로운행방법위반,건조,맑음,교차로 - 교차로안,승용,남,46세,경상,승용,남,37세,경상
2014032300100283,2014년 3월 23일 14시,일요일,전라남도 구례군 마산면,사망사고,1,0,0,0,차대사람 - 기타,안전운전불이행,건조,맑음,단일로 - 교량,승용,여,52세,상해없음,보행자,여,67세,사망
2014032300100307,2014년 3월 23일 15시,일요일,전라남도 순천시 연향동,경상사고,0,0,4,0,차대차 - 정면충돌,중앙선침범,건조,맑음,교차로 - 교차로안,승용,남,43세,상해없음,승용,여,42세,경상
2014032300100308,2014년 3월 23일 15시,일요일,전라남도 담양군 담양읍,중상사고,0,6,0,0,차대차 - 측면직각충돌,직진우회전진행방해,건조,맑음,교차로 - 교차로안,승용,남,51세,상해없음,승용,남,30세,중상
2014032300100309,2014년 3월 23일 15시,일요일,전라남도 광양시 광양읍,경상사고,0,0,1,0,차대차 - 추돌 - 진행중,안전운전불이행,건조,맑음,교차로 - 교차로안,승용,남,51세,상해없음,승용,여,54세,경상
2014032300100339,2014년 3월 23일 16시,일요일,전라남도 순천시 동외동,중상사고,0,1,1,0,차대차 - 기타,안전운전불이행,건조,맑음,교차로 - 교차로안,승용,남,32세,경상,승합,남,65세,중상
2014032300100340,2014년 3월 23일 16시,일요일,전라남도 순천시 연향동,경상사고,0,0,4,0,차대차 - 기타,안전운전불이행,건조,맑음,교차로 - 교차로안,승용,남,24세,상해없음,승용,남,30세,경상
2014032300100341,2014년 3월 23일 16시,일요일,전라남도 곡성군 석곡면,중상사고,0,1,0,0,차대차 - 기타,안전운전불이행,건조,맑음,단일로 - 기타,화물,여,42세,상해없음,원동기,남,68세,중상
2014032300100376,2014년 3월 23일 17시,일요일,전라남도 순천시 연향동,경상사고,0,0,1,0,차대차 - 측면직각충돌,직진우회전진행방해,건조,맑음,교차로 - 교차로안,승용,여,48세,경상,승용,여,43세,상해없음
2014032300100377,2014년 3월 23일 17시,일요일,전라남도 나주시 운곡동,사망사고,1,0,0,0,차량단독 - 전도전복,안전운전불이행,건조,맑음,교차로 - 교차로부근,이륜,남,61세,사망,,,,
2014032300100404,2014년 3월 23일 18시,일요일,전라남도 순천시 해룡면,경상사고,0,0,1,0,차대차 - 기타,안전운전불이행,건조,맑음,교차로 - 교차로안,화물,남,25세,기타불명,승합,남,64세,경상
2014032300100405,2014년 3월 23일 18시,일요일,전라남도 해남군 해남읍,중상사고,0,1,0,0,차대사람 - 횡단중,안전운전불이행,건조,맑음,단일로 - 기타,화물,남,44세,상해없음,보행자,남,51세,중상
2014032300100434,2014년 3월 23일 19시,일요일,전라남도 화순군 화순읍,경상사고,0,0,1,0,차대사람 - 차도통행중,안전운전불이행,건조,맑음,단일로 - 기타,승용,여,47세,상해없음,보행자,남,46세,경상
2014032300100435,2014년 3월 23일 19시,일요일,전라남도 화순군 화순읍,경상사고,0,0,2,0,차대차 - 추돌 - 주정차중,안전운전불이행,건조,맑음,교차로 - 교차로부근,화물,남,45세,상해없음,승용,남,40세,경상
2014032300100499,2014년 3월 23일 21시,일요일,전라남도 순천시 조례동,경상사고,0,0,1,0,차대차 - 기타,중앙선침범,건조,맑음,단일로 - 기타,승용,여,27세,상해없음,승용,남,55세,상해없음
2014032300100518,2014년 3월 23일 22시,일요일,전라남도 목포시 용당동,경상사고,0,0,1,0,차대사람 - 차도통행중,기타,건조,맑음,기타 - 기타,이륜,남,66세,상해없음,보행자,남,31세,경상
2014032300100519,2014년 3월 23일 22시,일요일,전라남도 순천시 조례동,경상사고,0,0,1,0,차대차 - 기타,중앙선침범,건조,맑음,교차로 - 교차로부근,화물,남,25세,상해없음,이륜,남,42세,경상
2014032400100009,2014년 3월 24일 00시,월요일,전라남도 목포시 상동,경상사고,0,0,2,0,차대차 - 기타,안전운전불이행,건조,맑음,단일로 - 기타,승용,남,27세,상해없음,승용,여,64세,상해없음
2014032400100067,2014년 3월 24일 06시,월요일,전라남도 순천시 풍덕동,경상사고,0,0,1,0,차대차 - 측면직각충돌,중앙선침범,건조,맑음,단일로 - 기타,승합,남,55세,상해없음,승용,여,59세,경상
2014032400100090,2014년 3월 24일 07시,월요일,전라남도 보성군 미력면,중상사고,0,1,0,1,차대차 - 측면직각충돌,교차로운행방법위반,건조,맑음,교차로 - 교차로안,화물,남,76세,부상신고,승용,여,65세,중상
2014032400100091,2014년 3월 24일 07시,월요일,전라남도 강진군 성전면,중상사고,0,1,23,0,차대차 - 추돌 - 진행중,안전거리미확보,건조,맑음,단일로 - 기타,승용,남,59세,경상,승합,남,45세,경상
2014032400100130,2014년 3월 24일 08시,월요일,전라남도 영광군 영광읍,중상사고,0,1,0,0,차대차 - 기타,교차로운행방법위반,건조,맑음,교차로 - 교차로안,승용,여,47세,상해없음,이륜,남,68세,중상
2014032400100131,2014년 3월 24일 08시,월요일,전라남도 영광군 염산면,사망사고,1,0,0,0,차량단독 - 기타,안전운전불이행,건조,맑음,단일로 - 기타,화물,남,69세,상해없음,,,,
2014032400100132,2014년 3월 24일 08시,월요일,전라남도 담양군 대전면,경상사고,0,0,1,0,차대차 - 추돌 - 주정차중,안전운전불이행,건조,맑음,교차로 - 교차로부근,승용,여,42세,상해없음,승용,남,39세,경상
2014032400100163,2014년 3월 24일 09시,월요일,전라남도 보성군 벌교읍,중상사고,0,1,0,0,차대사람 - 길가장자리구역통행중,안전운전불이행,건조,맑음,단일로 - 기타,승용,여,57세,상해없음,보행자,여,82세,중상
2014032400100194,2014년 3월 24일 10시,월요일,전라남도 여수시 남산동,중상사고,0,1,0,0,차대사람 - 차도통행중,안전운전불이행,건조,맑음,단일로 - 기타,승용,여,58세,상해없음,보행자,남,73세,중상
2014032400100195,2014년 3월 24일 10시,월요일,전라남도 구례군 산동면,경상사고,0,0,1,0,차대차 - 기타,안전운전불이행,건조,맑음,단일로 - 기타,승용,여,52세,상해없음,이륜,남,76세,경상
2014032400100232,2014년 3월 24일 11시,월요일,전라남도 영암군 미암면,경상사고,0,0,2,0,차량단독 - 전도전복,안전운전불이행,건조,맑음,단일로 - 기타,이륜,남,83세,경상,,,,
2014032400100233,2014년 3월 24일 11시,월요일,전라남도 광양시 옥곡면,경상사고,0,0,1,0,차대사람 - 기타,안전운전불이행,건조,맑음,단일로 - 기타,승용,남,41세,상해없음,보행자,남,61세,경상
2014032400100301,2014년 3월 24일 14시,월요일,전라남도 목포시 산정동,경상사고,0,0,1,0,차대차 - 추돌 - 주정차중,안전운전불이행,건조,맑음,단일로 - 기타,승용,남,67세,상해없음,화물,남,42세,경상
2014032400100302,2014년 3월 24일 14시,월요일,전라남도 영암군 신북면,경상사고,0,0,1,0,차대차 - 추돌 - 진행중,안전운전불이행,건조,맑음,단일로 - 기타,화물,남,53세,상해없음,화물,남,31세,경상
2014032400100303,2014년 3월 24일 14시,월요일,전라남도 광양시 진월면,중상사고,0,1,0,0,차대차 - 기타,교차로운행방법위반,건조,맑음,교차로 - 교차로안,승용,여,33세,상해없음,이륜,남,87세,중상
2014032400100338,2014년 3월 24일 15시,월요일,전라남도 광양시 다압면,중상사고,0,1,0,0,차대사람 - 기타,안전운전불이행,건조,맑음,단일로 - 기타,승용,남,47세,상해없음,보행자,남,32세,중상
2014032400100339,2014년 3월 24일 15시,월요일,전라남도 광양시 진상면,사망사고,1,0,0,0,차대사람 - 기타,안전운전불이행,건조,맑음,단일로 - 교량,화물,남,32세,상해없음,보행자,남,51세,사망
2014032400100372,2014년 3월 24일 16시,월요일,전라남도 여수시 문수동,경상사고,0,0,1,0,차대사람 - 기타,안전운전불이행,건조,맑음,단일로 - 기타,승용,남,51세,기타불명,보행자,여,12세,경상
2014032400100373,2014년 3월 24일 16시,월요일,전라남도 장흥군 장흥읍,경상사고,0,0,6,0,차대차 - 측면직각충돌,교차로운행방법위반,건조,맑음,교차로 - 교차로안,승용,남,61세,경상,건설기계,남,41세,경상
2014032400100407,2014년 3월 24일 17시,월요일,전라남도 담양군 담양읍,경상사고,0,0,4,0,차대차 - 기타,차로위반,건조,맑음,교차로 - 교차로부근,화물,남,45세,상해없음,승용,남,73세,경상
2014032400100440,2014년 3월 24일 18시,월요일,전라남도 순천시 덕암동,중상사고,0,1,0,0,차대차 - 기타,안전운전불이행,건조,맑음,교차로 - 교차로부근,원동기,남,55세,중상,승용,여,31세,상해없음
2014032400100441,2014년 3월 24일 18시,월요일,전라남도 광양시 마동,중상사고,0,3,1,0,차대차 - 추돌 - 진행중,안전운전불이행,건조,맑음,단일로 - 기타,승용,여,43세,상해없음,승용,남,61세,중상
2014032400100478,2014년 3월 24일 19시,월요일,전라남도 장흥군 장흥읍,경상사고,0,0,1,0,차대차 - 측면직각충돌,교차로운행방법위반,건조,맑음,교차로 - 교차로부근,승용,여,32세,경상,승용,남,61세,상해없음
2014032400100479,2014년 3월 24일 19시,월요일,전라남도 완도군 완도읍,경상사고,0,0,1,0,차대차 - 추돌 - 진행중,안전운전불이행,건조,맑음,교차로 - 교차로부근,화물,남,79세,상해없음,승용,여,45세,경상
2014032400100508,2014년 3월 24일 20시,월요일,전라남도 목포시 석현동,중상사고,0,2,0,0,차대사람 - 횡단중,안전운전불이행,건조,맑음,단일로 - 기타,원동기,남,51세,중상,보행자,여,20세,중상
2014032400100509,2014년 3월 24일 20시,월요일,전라남도 해남군 화원면,중상사고,0,1,0,0,차대사람 - 기타,기타,건조,흐림,기타 - 기타,승용,남,39세,상해없음,보행자,여,58세,중상
2014032400100510,2014년 3월 24일 20시,월요일,전라남도 화순군 화순읍,중상사고,0,1,1,0,차대차 - 정면충돌,안전운전불이행,건조,맑음,교차로 - 교차로안,원동기,남,46세,경상,원동기,남,19세,중상
2014032400100542,2014년 3월 24일 21시,월요일,전라남도 영암군 삼호읍,경상사고,0,0,1,0,차대차 - 기타,중앙선침범,건조,맑음,단일로 - 기타,승용,남,27세,상해없음,승용,남,31세,경상
2014032400100583,2014년 3월 24일 23시,월요일,전라남도 목포시 광동1가,중상사고,0,1,0,0,차대사람 - 횡단중,안전운전불이행,건조,맑음,단일로 - 기타,승용,남,63세,상해없음,보행자,남,64세,중상
2014032400100584,2014년 3월 24일 23시,월요일,전라남도 광양시 광양읍,중상사고,0,2,0,0,차량단독 - 공작물충돌,안전운전불이행,건조,맑음,단일로 - 기타,화물,남,23세,중상,,,,
2014032500100011,2014년 3월 25일 00시,화요일,전라남도 순천시 석현동,경상사고,0,0,1,1,차대차 - 측면직각충돌,교차로운행방법위반,건조,맑음,교차로 - 교차로안,승용,남,30세,부상신고,승용,남,69세,경상
2014032500100036,2014년 3월 25일 02시,화요일,전라남도 무안군 삼향읍,중상사고,0,1,0,0,차대차 - 추돌 - 주정차중,안전운전불이행,습기,흐림,단일로 - 기타,승용,남,36세,중상,건설기계,남,54세,기타불명
2014032500100051,2014년 3월 25일 04시,화요일,전라남도 목포시 산정동,중상사고,0,3,4,0,차대차 - 측면직각충돌,신호위반,건조,맑음,교차로 - 교차로안,승합,남,62세,상해없음,승용,남,41세,중상
2014032500100058,2014년 3월 25일 05시,화요일,전라남도 광양시 마동,사망사고,1,0,0,0,차대사람 - 길가장자리구역통행중,안전운전불이행,건조,흐림,단일로 - 기타,승합,여,55세,상해없음,보행자,여,83세,사망
2014032500100088,2014년 3월 25일 07시,화요일,전라남도 여수시 화양면,경상사고,0,0,1,0,차대차 - 기타,안전운전불이행,건조,흐림,교차로 - 교차로안,승용,여,27세,상해없음,승용,남,62세,경상
2014032500100089,2014년 3월 25일 07시,화요일,전라남도 영암군 삼호읍,경상사고,0,0,2,0,차대차 - 기타,직진우회전진행방해,습기,비,교차로 - 교차로안,승용,남,41세,경상,승용,남,44세,경상
2014032500100145,2014년 3월 25일 09시,화요일,전라남도 여수시 돌산읍,경상사고,0,0,1,0,차량단독 - 도로외이탈 - 기타,안전운전불이행,습기,비,기타 - 기타,화물,남,39세,경상,,,,
2014032500100146,2014년 3월 25일 09시,화요일,전라남도 순천시 해룡면,사망사고,1,0,0,0,차대차 - 측면직각충돌,안전운전불이행,습기,비,교차로 - 교차로안,원동기,남,19세,사망,승합,남,69세,상해없음
2014032500100147,2014년 3월 25일 09시,화요일,전라남도 보성군 벌교읍,경상사고,0,0,1,0,차량단독 - 기타,기타,습기,비,단일로 - 기타,이륜,남,75세,상해없음,,,,
2014032500100166,2014년 3월 25일 10시,화요일,전라남도 순천시 조례동,경상사고,0,0,1,0,차대차 - 추돌 - 주정차중,안전운전불이행,습기,비,교차로 - 교차로부근,원동기,남,24세,경상,승용,남,49세,상해없음
2014032500100191,2014년 3월 25일 11시,화요일,전라남도 나주시 삼영동,경상사고,0,0,2,0,차대차 - 추돌 - 주정차중,안전운전불이행,건조,맑음,교차로 - 교차로부근,승용,남,53세,상해없음,승용,남,35세,경상
2014032500100192,2014년 3월 25일 11시,화요일,전라남도 광양시 다압면,경상사고,0,0,3,0,차대차 - 추돌 - 진행중,안전운전불이행,습기,비,단일로 - 기타,승용,남,38세,상해없음,승용,남,29세,경상
2014032500100220,2014년 3월 25일 12시,화요일,전라남도 목포시 상동,중상사고,0,1,0,0,차대사람 - 기타,안전운전불이행,건조,맑음,교차로 - 교차로부근,승용,여,33세,상해없음,보행자,남,84세,중상
2014032500100270,2014년 3월 25일 14시,화요일,전라남도 함평군 학교면,경상사고,0,0,1,0,차대차 - 측면직각충돌,교차로운행방법위반,습기,비,교차로 - 교차로안,화물,남,59세,상해없음,승용,여,27세,경상
2014032500100294,2014년 3월 25일 15시,화요일,전라남도 목포시 상동,경상사고,0,0,1,0,차대차 - 추돌 - 주정차중,안전거리미확보,습기,비,교차로 - 교차로부근,승용,남,50세,기타불명,승용,여,30세,경상
2014032500100319,2014년 3월 25일 16시,화요일,전라남도 순천시 조곡동,중상사고,0,1,0,0,차대차 - 기타,불법유턴,습기,비,단일로 - 기타,자전거,남,83세,중상,화물,남,54세,상해없음
2014032500100320,2014년 3월 25일 16시,화요일,전라남도 화순군 화순읍,경상사고,0,0,1,0,차대차 - 추돌 - 주정차중,안전운전불이행,습기,비,단일로 - 기타,승용,남,50세,상해없음,승용,남,30세,경상
2014032500100321,2014년 3월 25일 16시,화요일,전라남도 영암군 삼호읍,경상사고,0,0,1,0,차대차 - 기타,안전운전불이행,습기,비,단일로 - 기타,화물,남,56세,상해없음,승용,남,38세,경상
2014032500100351,2014년 3월 25일 17시,화요일,전라남도 순천시 외서면,경상사고,0,0,2,0,차대차 - 정면충돌,안전운전불이행,습기,비,교차로 - 교차로안,승용,남,70세,상해없음,화물,남,64세,상해없음
2014032500100389,2014년 3월 25일 18시,화요일,전라남도 해남군 해남읍,경상사고,0,0,1,0,차대차 - 정면충돌,중앙선침범,건조,맑음,단일로 - 기타,승용,남,59세,상해없음,승용,남,25세,경상
2014032500100390,2014년 3월 25일 18시,화요일,전라남도 영암군 삼호읍,중상사고,0,1,0,0,차대차 - 추돌 - 진행중,안전운전불이행,건조,맑음,기타 - 기타,승용,남,25세,상해없음,자전거,남,26세,중상
2014032500100391,2014년 3월 25일 18시,화요일,전라남도 광양시 태인동,중상사고,0,1,2,0,차대차 - 측면직각충돌,안전운전불이행,습기,비,단일로 - 기타,승용,남,27세,상해없음,승합,남,53세,상해없음
2014032500100444,2014년 3월 25일 19시,화요일,전라남도 순천시 조례동,경상사고,0,0,1,0,차대차 - 추돌 - 주정차중,안전운전불이행,습기,비,단일로 - 기타,승합,남,47세,상해없음,승용,남,43세,경상
2014032500100445,2014년 3월 25일 19시,화요일,전라남도 나주시 다시면,경상사고,0,0,1,0,차대차 - 기타,안전운전불이행,습기,비,단일로 - 기타,승용,남,77세,상해없음,승용,남,34세,경상
2014032500100446,2014년 3월 25일 19시,화요일,전라남도 광양시 광양읍,경상사고,0,0,1,0,차대차 - 측면직각충돌,안전운전불이행,습기,비,교차로 - 교차로부근,이륜,남,17세,경상,승용,남,56세,상해없음
2014032500100497,2014년 3월 25일 20시,화요일,전라남도 순천시 조례동,경상사고,0,0,1,0,차대사람 - 기타,안전운전불이행,습기,비,단일로 - 기타,승용,남,56세,상해없음,보행자,남,53세,경상
2014032500100529,2014년 3월 25일 21시,화요일,전라남도 목포시 죽교동,중상사고,0,2,2,0,차대차 - 정면충돌,중앙선침범,습기,비,단일로 - 기타,승용,남,29세,중상,화물,남,37세,경상
2014032500100582,2014년 3월 25일 22시,화요일,전라남도 목포시 용해동,중상사고,0,2,1,0,차대차 - 추돌 - 진행중,안전운전불이행,건조,맑음,교차로 - 교차로부근,승용,여,32세,경상,승용,남,55세,중상
2014032500100583,2014년 3월 25일 22시,화요일,전라남도 순천시 덕암동,경상사고,0,0,2,0,차대차 - 기타,안전운전불이행,습기,비,교차로 - 교차로부근,승합,남,55세,상해없음,승용,남,38세,경상
2014032500100584,2014년 3월 25일 22시,화요일,전라남도 순천시 용당동,경상사고,0,0,1,0,차대차 - 기타,교차로운행방법위반,건조,맑음,교차로 - 교차로안,화물,남,29세,상해없음,화물,남,44세,경상
2014032500100585,2014년 3월 25일 22시,화요일,전라남도 함평군 대동면,중상사고,0,1,1,0,차량단독 - 공작물충돌,안전운전불이행,건조,맑음,단일로 - 기타,승용,남,37세,경상,,,,
2014032600100022,2014년 3월 26일 00시,수요일,전라남도 여수시 학동,경상사고,0,0,2,0,차대차 - 정면충돌,중앙선침범,습기,비,단일로 - 기타,승용,남,26세,기타불명,승용,남,54세,경상
2014032600100050,2014년 3월 26일 01시,수요일,전라남도 순천시 연향동,중상사고,0,1,2,0,차대차 - 기타,신호위반,습기,비,교차로 - 교차로안,승용,여,52세,경상,승용,남,51세,중상
2014032600100176,2014년 3월 26일 08시,수요일,전라남도 담양군 대전면,경상사고,0,0,1,0,차대차 - 측면직각충돌,안전운전불이행,습기,흐림,교차로 - 교차로안,승용,여,36세,상해없음,이륜,남,60세,경상
2014032600100177,2014년 3월 26일 08시,수요일,전라남도 광양시 도이동,경상사고,0,0,2,0,차대차 - 추돌 - 진행중,안전운전불이행,건조,맑음,교차로 - 교차로부근,승용,여,24세,경상,승용,여,35세,경상
2014032600100209,2014년 3월 26일 09시,수요일,전라남도 여수시 율촌면,경상사고,0,0,1,0,차대차 - 기타,안전운전불이행,건조,맑음,단일로 - 기타,승용,남,60세,상해없음,승용,여,35세,경상
2014032600100238,2014년 3월 26일 10시,수요일,전라남도 순천시 조례동,경상사고,0,0,1,0,차대사람 - 횡단중,안전운전불이행,건조,맑음,단일로 - 기타,승용,여,26세,상해없음,보행자,남,43세,경상
2014032600100266,2014년 3월 26일 11시,수요일,전라남도 화순군 도곡면,중상사고,0,1,0,0,차대차 - 추돌 - 진행중,안전운전불이행,습기,비,단일로 - 기타,이륜,남,79세,중상,승용,남,67세,상해없음