사고번호,사고일시,요일,시군구,사고내용,사망자수,중상자수,경상자수,부상신고자수,사고유형,법규위반,노면상태,기상상태,도로형태,가해운전자 차종,가해운전자 성별,가해운전자 연령,가해운전자 상해정도,피해운전자 차종,피해운전자 성별,피해운전자 연령,피해운전자 상해정도
2014032600100267,2014년 3월 26일 11시,수요일,전라남도 장성군 황룡면,중상사고,0,1,0,0,차대차 - 기타,안전운전불이행,건조,맑음,단일로 - 기타,승용,여,54세,상해없음,이륜,남,79세,중상
2014032600100309,2014년 3월 26일 13시,수요일,전라남도 순천시 장천동,중상사고,0,1,0,0,차대차 - 측면직각충돌,안전거리미확보,건조,맑음,교차로 - 교차로안,승용,여,19세,상해없음,이륜,남,83세,중상
2014032600100310,2014년 3월 26일 13시,수요일,전라남도 광양시 다압면,경상사고,0,0,2,0,차대차 - 측면직각충돌,안전운전불이행,건조,맑음,교차로 - 교차로부근,승합,남,47세,상해없음,승용,남,31세,경상
2014032600100340,2014년 3월 26일 14시,수요일,전라남도 여수시 율촌면,경상사고,0,0,1,0,차대차 - 추돌 - 진행중,안전운전불이행,건조,맑음,단일로 - 기타,화물,남,48세,상해없음,화물,남,60세,경상
2014032600100341,2014년 3월 26일 14시,수요일,전라남도 순천시 남정동,중상사고,0,1,0,0,차대사람 - 횡단중,신호위반,건조,맑음,단일로 - 횡단보도상,승용,여,53세,상해없음,보행자,남,11세,중상
2014032600100342,2014년 3월 26일 14시,수요일,전라남도 고흥군 도양읍,사망사고,1,0,0,0,차대차 - 기타,안전운전불이행,건조,맑음,교차로 - 교차로부근,이륜,남,77세,사망,건설기계,남,42세,상해없음
2014032600100343,2014년 3월 26일 14시,수요일,전라남도 고흥군 영남면,중상사고,0,1,1,0,차대사람 - 기타,과속,건조,맑음,단일로 - 기타,승용,남,38세,경상,보행자,여,45세,중상
2014032600100344,2014년 3월 26일 14시,수요일,전라남도 영광군 묘량면,경상사고,0,0,2,1,차대차 - 추돌 - 주정차중,안전운전불이행,건조,맑음,단일로 - 기타,승용,여,33세,부상신고,승용,남,53세,경상
2014032600100395,2014년 3월 26일 16시,수요일,전라남도 나주시 석현동,경상사고,0,0,1,0,차대차 - 측면직각충돌,신호위반,건조,맑음,교차로 - 교차로안,화물,남,30세,상해없음,승용,남,23세,경상
2014032600100427,2014년 3월 26일 17시,수요일,전라남도 목포시 용해동,경상사고,0,0,2,0,차대차 - 측면직각충돌,차로위반,건조,맑음,단일로 - 기타,승용,남,26세,상해없음,화물,남,31세,경상
2014032600100428,2014년 3월 26일 17시,수요일,전라남도 여수시 둔덕동,중상사고,0,1,0,0,차대사람 - 횡단중,신호위반,건조,맑음,단일로 - 기타,승용,남,52세,상해없음,보행자,여,60세,중상
2014032600100429,2014년 3월 26일 17시,수요일,전라남도 여수시 관문동,경상사고,0,0,3,0,차대차 - 정면충돌,불법유턴,건조,맑음,단일로 - 기타,화물,남,48세,상해없음,승용,남,38세,경상
2014032600100430,2014년 3월 26일 17시,수요일,전라남도 나주시 대호동,중상사고,0,1,0,0,차대사람 - 횡단중,안전운전불이행,건조,맑음,단일로 - 기타,화물,남,52세,상해없음,보행자,남,5세,중상
2014032600100431,2014년 3월 26일 17시,수요일,전라남도 진도군 진도읍,중상사고,0,1,0,0,차대사람 - 횡단중,보행자보호의무위반,건조,맑음,단일로 - 횡단보도상,승용,여,35세,상해없음,보행자,남,10세,중상
2014032600100473,2014년 3월 26일 18시,수요일,전라남도 순천시 연향동,중상사고,0,3,0,0,차대사람 - 보도통행중,기타,건조,맑음,단일로 - 기타,승용,여,48세,상해없음,보행자,여,14세,중상
2014032600100474,2014년 3월 26일 18시,수요일,전라남도 나주시 송월동,경상사고,0,0,2,0,차대차 - 측면직각충돌,신호위반,건조,맑음,교차로 - 교차로안,승용,여,41세,상해없음,승용,남,57세,경상
2014032600100475,2014년 3월 26일 18시,수요일,전라남도 광양시 마동,경상사고,0,0,4,0,차대차 - 추돌 - 진행중,교차로운행방법위반,습기,흐림,교차로 - 교차로안,승용,여,29세,경상,화물,남,44세,기타불명
2014032600100564,2014년 3월 26일 20시,수요일,전라남도 목포시 해안동1가,중상사고,0,3,1,0,차대차 - 정면충돌,중앙선침범,습기,맑음,단일로 - 기타,승용,여,50세,상해없음,승합,남,40세,중상
2014032600100565,2014년 3월 26일 20시,수요일,전라남도 목포시 상동,경상사고,0,0,1,0,차대사람 - 횡단중,안전운전불이행,건조,맑음,단일로 - 기타,승용,남,29세,상해없음,보행자,남,49세,경상
2014032600100566,2014년 3월 26일 20시,수요일,전라남도 화순군 한천면,경상사고,0,0,1,0,차대차 - 측면직각충돌,안전운전불이행,기타,안개,단일로 - 기타,화물,남,72세,상해없음,승용,남,32세,경상
2014032600100593,2014년 3월 26일 21시,수요일,전라남도 여수시 광무동,경상사고,0,0,1,0,차대차 - 추돌 - 주정차중,안전운전불이행,건조,맑음,교차로 - 교차로부근,승용,남,53세,상해없음,승용,남,33세,경상
2014032600100594,2014년 3월 26일 21시,수요일,전라남도 광양시 도이동,경상사고,0,0,1,0,차대차 - 측면직각충돌,신호위반,건조,맑음,교차로 - 교차로안,화물,남,56세,상해없음,화물,남,60세,경상
2014032600100627,2014년 3월 26일 22시,수요일,전라남도 목포시 상동,중상사고,0,1,2,0,차대차 - 측면직각충돌,교차로운행방법위반,건조,맑음,교차로 - 교차로안,승용,남,28세,경상,승용,남,41세,중상
2014032600100653,2014년 3월 26일 23시,수요일,전라남도 순천시 조례동,경상사고,0,0,1,0,차대사람 - 기타,안전운전불이행,건조,맑음,교차로 - 교차로부근,승용,남,46세,상해없음,보행자,남,44세,경상
2014032700100076,2014년 3월 27일 06시,목요일,전라남도 순천시 덕암동,경상사고,0,0,1,0,차대사람 - 횡단중,안전운전불이행,건조,맑음,단일로 - 기타,승용,남,59세,상해없음,보행자,남,55세,경상
2014032700100077,2014년 3월 27일 06시,목요일,전라남도 광양시 옥룡면,경상사고,0,0,1,0,차대차 - 측면직각충돌,직진우회전진행방해,건조,맑음,교차로 - 교차로안,화물,남,54세,상해없음,승합,남,62세,상해없음
2014032700100099,2014년 3월 27일 07시,목요일,전라남도 영광군 영광읍,경상사고,0,0,1,1,차대차 - 정면충돌,중앙선침범,건조,맑음,단일로 - 횡단보도상,승용,여,34세,부상신고,승용,남,52세,경상
2014032700100100,2014년 3월 27일 07시,목요일,전라남도 영암군 삼호읍,경상사고,0,0,1,0,차대차 - 측면직각충돌,직진우회전진행방해,건조,맑음,교차로 - 교차로안,승용,남,39세,상해없음,승용,남,32세,경상
2014032700100136,2014년 3월 27일 08시,목요일,전라남도 여수시 여서동,경상사고,0,0,1,0,차대차 - 측면직각충돌,차로위반,건조,맑음,교차로 - 교차로부근,승용,여,35세,상해없음,승합,남,42세,경상
2014032700100137,2014년 3월 27일 08시,목요일,전라남도 해남군 북일면,중상사고,0,1,0,0,차대차 - 기타,안전운전불이행,건조,맑음,교차로 - 교차로부근,화물,남,34세,상해없음,이륜,남,78세,중상
2014032700100138,2014년 3월 27일 08시,목요일,전라남도 광양시 광양읍,경상사고,0,0,1,0,차대차 - 측면직각충돌,교차로운행방법위반,건조,맑음,교차로 - 교차로안,승용,남,33세,경상,승용,남,37세,상해없음
2014032700100196,2014년 3월 27일 10시,목요일,전라남도 순천시 해룡면,중상사고,0,1,0,0,차대사람 - 횡단중,안전운전불이행,건조,맑음,교차로 - 교차로안,승용,여,41세,상해없음,보행자,남,73세,중상
2014032700100197,2014년 3월 27일 10시,목요일,전라남도 장흥군 대덕읍,경상사고,0,0,2,0,차대차 - 측면직각충돌,교차로운행방법위반,건조,맑음,교차로 - 교차로안,화물,남,50세,상해없음,승용,남,78세,경상
2014032700100222,2014년 3월 27일 11시,목요일,전라남도 목포시 석현동,중상사고,0,2,0,0,차대차 - 기타,직진우회전진행방해,건조,맑음,교차로 - 교차로안,승용,여,40세,중상,원동기,남,74세,중상
2014032700100223,2014년 3월 27일 11시,목요일,전라남도 보성군 득량면,중상사고,0,1,0,0,차대차 - 측면직각충돌,중앙선침범,건조,맑음,단일로 - 기타,이륜,남,74세,중상,화물,남,58세,상해없음
2014032700100240,2014년 3월 27일 12시,목요일,전라남도 목포시 산정동,중상사고,0,1,0,0,차대차 - 기타,안전운전불이행,건조,맑음,단일로 - 횡단보도상,승용,여,53세,상해없음,자전거,여,55세,중상
2014032700100241,2014년 3월 27일 12시,목요일,전라남도 목포시 산정동,경상사고,0,0,1,0,차대차 - 기타,안전운전불이행,건조,맑음,교차로 - 교차로부근,화물,남,56세,상해없음,승용,여,36세,경상
2014032700100242,2014년 3월 27일 12시,목요일,전라남도 담양군 담양읍,중상사고,0,2,1,0,차대차 - 기타,직진우회전진행방해,건조,맑음,교차로 - 교차로부근,승용,남,59세,상해없음,승용,여,28세,경상
2014032700100290,2014년 3월 27일 14시,목요일,전라남도 장성군 북일면,경상사고,0,0,2,0,차대차 - 측면직각충돌,안전운전불이행,건조,맑음,기타 - 기타,화물,남,53세,경상,승용,여,54세,경상
2014032700100324,2014년 3월 27일 15시,목요일,전라남도 여수시 문수동,중상사고,0,1,0,0,차대사람 - 횡단중,안전운전불이행,건조,맑음,단일로 - 기타,승용,남,78세,상해없음,보행자,여,74세,중상
2014032700100325,2014년 3월 27일 15시,목요일,전라남도 순천시 용당동,중상사고,0,1,0,0,차대사람 - 기타,안전운전불이행,건조,맑음,단일로 - 기타,승합,남,46세,상해없음,보행자,여,9세,중상
2014032700100326,2014년 3월 27일 15시,목요일,전라남도 장성군 동화면,중상사고,0,1,0,1,차대차 - 측면직각충돌,안전운전불이행,건조,맑음,교차로 - 교차로안,승용,남,36세,부상신고,이륜,남,37세,중상
2014032700100359,2014년 3월 27일 16시,목요일,전라남도 목포시 옥암동,경상사고,0,0,1,0,차대차 - 기타,교차로운행방법위반,건조,기타,교차로 - 교차로안,승용,여,33세,상해없음,승용,여,57세,경상
2014032700100394,2014년 3월 27일 17시,목요일,전라남도 순천시 장천동,중상사고,0,1,0,0,차대사람 - 횡단중,보행자보호의무위반,건조,맑음,단일로 - 횡단보도상,승용,여,62세,상해없음,보행자,남,57세,중상
2014032700100395,2014년 3월 27일 17시,목요일,전라남도 화순군 화순읍,경상사고,0,0,3,0,차대차 - 측면직각충돌,신호위반,건조,맑음,교차로 - 교차로안,화물,남,58세,경상,승용,남,37세,경상
2014032700100396,2014년 3월 27일 17시,목요일,전라남도 함평군 함평읍,경상사고,0,0,1,0,차대차 - 측면직각충돌,신호위반,건조,맑음,교차로 - 교차로안,이륜,남,53세,상해없음,승용,남,58세,상해없음
2014032700100397,2014년 3월 27일 17시,목요일,전라남도 함평군 학교면,경상사고,0,0,1,0,차대차 - 측면직각충돌,교차로운행방법위반,건조,맑음,교차로 - 교차로안,승용,남,54세,상해없음,승용,여,64세,경상
2014032700100398,2014년 3월 27일 17시,목요일,전라남도 담양군 담양읍,중상사고,0,2,0,0,차대차 - 기타,안전운전불이행,건조,맑음,교차로 - 교차로안,화물,남,73세,중상,건설기계,남,45세,상해없음
2014032700100432,2014년 3월 27일 18시,목요일,전라남도 순천시 조례동,중상사고,0,1,0,0,차대차 - 기타,안전운전불이행,건조,맑음,단일로 - 기타,승용,남,42세,상해없음,자전거,남,46세,중상
2014032700100433,2014년 3월 27일 18시,목요일,전라남도 광양시 마동,중상사고,0,1,1,0,차량단독 - 공작물충돌,안전운전불이행,건조,맑음,단일로 - 기타,승용,남,20세,경상,,,,
2014032700100503,2014년 3월 27일 20시,목요일,전라남도 신안군 지도읍,경상사고,0,0,1,0,차대차 - 기타,안전운전불이행,건조,기타,교차로 - 교차로안,기타불명,기타불명,기타불명,기타불명,화물,남,66세,경상
2014032700100525,2014년 3월 27일 21시,목요일,전라남도 고흥군 고흥읍,중상사고,0,1,0,0,차대사람 - 차도통행중,안전운전불이행,건조,맑음,단일로 - 기타,승용,여,52세,상해없음,보행자,남,39세,중상
2014032700100555,2014년 3월 27일 22시,목요일,전라남도 광양시 광영동,경상사고,0,0,1,0,차량단독 - 전도전복,안전운전불이행,건조,맑음,단일로 - 기타,이륜,남,57세,경상,,,,
2014032800100045,2014년 3월 28일 02시,금요일,전라남도 완도군 완도읍,경상사고,0,0,1,0,차대차 - 추돌 - 주정차중,안전운전불이행,건조,맑음,교차로 - 교차로부근,승용,남,29세,상해없음,승용,남,22세,경상
2014032800100073,2014년 3월 28일 06시,금요일,전라남도 목포시 산정동,경상사고,0,0,1,0,차대차 - 기타,안전운전불이행,건조,기타,단일로 - 기타,승용,여,38세,상해없음,승합,남,40세,경상
2014032800100089,2014년 3월 28일 07시,금요일,전라남도 장성군 북일면,중상사고,0,1,0,0,차대차 - 기타,중앙선침범,습기,안개,단일로 - 기타,승용,남,51세,상해없음,승용,여,47세,중상
2014032800100090,2014년 3월 28일 07시,금요일,전라남도 광양시 중동,중상사고,0,1,0,0,차대사람 - 횡단중,신호위반,건조,맑음,교차로 - 교차로부근,승용,남,47세,상해없음,보행자,여,76세,중상
2014032800100132,2014년 3월 28일 08시,금요일,전라남도 담양군 담양읍,경상사고,0,0,1,0,차대차 - 기타,안전거리미확보,건조,맑음,교차로 - 교차로안,화물,남,47세,상해없음,승용,여,57세,경상
2014032800100166,2014년 3월 28일 09시,금요일,전라남도 나주시 부덕동,경상사고,0,0,1,0,차대차 - 기타,신호위반,건조,맑음,교차로 - 교차로안,건설기계,남,71세,상해없음,승용,여,55세,경상
2014032800100190,2014년 3월 28일 10시,금요일,전라남도 고흥군 도양읍,중상사고,0,1,0,0,차대차 - 측면직각충돌,안전운전불이행,건조,맑음,교차로 - 교차로안,승용,남,46세,상해없음,원동기,남,71세,중상
2014032800100212,2014년 3월 28일 11시,금요일,전라남도 나주시 송월동,경상사고,0,0,1,0,차대차 - 기타,안전운전불이행,건조,맑음,교차로 - 교차로부근,승용,남,55세,상해없음,승용,여,47세,경상
2014032800100213,2014년 3월 28일 11시,금요일,전라남도 함평군 엄다면,경상사고,0,0,1,0,차대차 - 측면직각충돌,안전운전불이행,건조,맑음,단일로 - 기타,화물,남,36세,상해없음,이륜,여,68세,경상
2014032800100236,2014년 3월 28일 12시,금요일,전라남도 화순군 화순읍,경상사고,0,0,1,0,차대사람 - 길가장자리구역통행중,안전운전불이행,건조,맑음,단일로 - 기타,승용,남,83세,상해없음,보행자,여,76세,경상
2014032800100237,2014년 3월 28일 12시,금요일,전라남도 광양시 광영동,경상사고,0,0,1,1,차대차 - 기타,직진우회전진행방해,건조,맑음,교차로 - 교차로안,승용,여,42세,부상신고,화물,남,32세,경상
2014032800100328,2014년 3월 28일 15시,금요일,전라남도 목포시 용당동,경상사고,0,0,4,0,차대차 - 측면직각충돌,안전운전불이행,건조,맑음,단일로 - 기타,승용,여,33세,상해없음,승용,여,36세,경상
2014032800100370,2014년 3월 28일 16시,금요일,전라남도 순천시 교량동,경상사고,0,0,1,0,차대차 - 기타,안전운전불이행,건조,맑음,교차로 - 교차로안,승용,여,42세,상해없음,승용,여,40세,경상
2014032800100371,2014년 3월 28일 16시,금요일,전라남도 진도군 진도읍,경상사고,0,0,1,0,차대사람 - 횡단중,안전운전불이행,건조,맑음,교차로 - 교차로안,승용,남,75세,상해없음,보행자,남,31세,경상
2014032800100372,2014년 3월 28일 16시,금요일,전라남도 광양시 마동,경상사고,0,0,1,1,차대차 - 추돌 - 주정차중,안전운전불이행,건조,맑음,교차로 - 교차로부근,화물,남,56세,부상신고,승용,남,49세,경상
2014032800100406,2014년 3월 28일 17시,금요일,전라남도 고흥군 남양면,경상사고,0,0,1,0,차대차 - 측면직각충돌,교차로운행방법위반,건조,맑음,교차로 - 교차로안,승용,남,54세,상해없음,이륜,여,75세,경상
2014032800100407,2014년 3월 28일 17시,금요일,전라남도 담양군 담양읍,경상사고,0,0,1,0,차대차 - 측면직각충돌,중앙선침범,건조,맑음,단일로 - 기타,승용,남,32세,상해없음,원동기,남,53세,경상
2014032800100524,2014년 3월 28일 20시,금요일,전라남도 목포시 상동,경상사고,0,0,2,0,차대차 - 추돌 - 주정차중,안전운전불이행,건조,맑음,단일로 - 기타,화물,남,42세,상해없음,승용,남,41세,경상
2014032800100525,2014년 3월 28일 20시,금요일,전라남도 광양시 광양읍,경상사고,0,0,2,0,차대사람 - 횡단중,신호위반,건조,흐림,교차로 - 교차로부근,승용,남,28세,상해없음,보행자,남,5세,경상
2014032800100562,2014년 3월 28일 21시,금요일,전라남도 목포시 용해동,경상사고,0,0,3,0,차대차 - 추돌 - 진행중,안전운전불이행,건조,맑음,단일로 - 기타,승용,남,34세,상해없음,승용,남,33세,경상
2014032800100563,2014년 3월 28일 21시,금요일,전라남도 순천시 조례동,경상사고,0,0,1,0,차대차 - 측면직각충돌,신호위반,건조,맑음,교차로 - 교차로안,승용,여,38세,상해없음,승용,남,30세,경상
2014032800100564,2014년 3월 28일 21시,금요일,전라남도 광양시 중동,중상사고,0,1,0,0,차대사람 - 횡단중,보행자보호의무위반,건조,맑음,단일로 - 횡단보도상,승용,여,36세,상해없음,보행자,남,53세,중상
2014032800100565,2014년 3월 28일 21시,금요일,전라남도 광양시 옥곡면,사망사고,1,0,0,0,차대사람 - 횡단중,보행자보호의무위반,습기,비,교차로 - 교차로부근,승용,여,52세,상해없음,보행자,여,78세,사망
2014032800100642,2014년 3월 28일 23시,금요일,전라남도 영암군 영암읍,경상사고,0,0,1,0,차대차 - 정면충돌,직진우회전진행방해,건조,맑음,교차로 - 교차로안,승용,남,41세,상해없음,승용,남,30세,경상
2014032900100023,2014년 3월 29일 00시,토요일,전라남도 여수시 선원동,경상사고,0,0,1,0,차대차 - 추돌 - 주정차중,안전운전불이행,건조,맑음,단일로 - 기타,기타불명,기타불명,기타불명,기타불명,승용,여,60세,경상
2014032900100049,2014년 3월 29일 01시,토요일,전라남도 목포시 호남동,경상사고,0,0,1,0,차대차 - 추돌 - 주정차중,안전운전불이행,건조,맑음,단일로 - 기타,승용,여,43세,상해없음,승용,남,27세,기타불명
2014032900100050,2014년 3월 29일 01시,토요일,전라남도 순천시 조례동,중상사고,0,1,0,0,차대차 - 기타,중앙선침범,건조,맑음,단일로 - 기타,승용,남,40세,상해없음,원동기,남,22세,중상
2014032900100051,2014년 3월 29일 01시,토요일,전라남도 보성군 조성면,경상사고,0,0,1,0,차량단독 - 기타,중앙선침범,습기,비,단일로 - 기타,승용,남,43세,경상,,,,
2014032900100052,2014년 3월 29일 01시,토요일,전라남도 영암군 삼호읍,경상사고,0,0,1,0,차대차 - 측면직각충돌,직진우회전진행방해,건조,맑음,교차로 - 교차로안,승용,남,52세,경상,화물,남,36세,상해없음
2014032900100074,2014년 3월 29일 02시,토요일,전라남도 보성군 벌교읍,중상사고,0,1,0,0,차량단독 - 공작물충돌,안전운전불이행,건조,흐림,단일로 - 교량,화물,남,28세,중상,,,,
2014032900100088,2014년 3월 29일 03시,토요일,전라남도 무안군 삼향읍,경상사고,0,0,2,0,차대사람 - 기타,안전운전불이행,습기,비,단일로 - 기타,승용,남,19세,상해없음,보행자,남,29세,경상
2014032900100121,2014년 3월 29일 05시,토요일,전라남도 무안군 삼향읍,경상사고,0,0,1,0,차대차 - 추돌 - 진행중,안전운전불이행,습기,비,단일로 - 기타,승용,남,36세,상해없음,건설기계,남,39세,경상
2014032900100138,2014년 3월 29일 06시,토요일,전라남도 여수시 여서동,경상사고,0,0,1,0,차대차 - 측면직각충돌,신호위반,습기,비,교차로 - 교차로안,승용,남,31세,상해없음,승용,남,68세,경상
2014032900100139,2014년 3월 29일 06시,토요일,전라남도 여수시 여서동,중상사고,0,1,0,0,차대사람 - 횡단중,안전운전불이행,습기,비,단일로 - 기타,승합,남,58세,상해없음,보행자,남,79세,중상
2014032900100153,2014년 3월 29일 07시,토요일,전라남도 영암군 삼호읍,경상사고,0,0,3,0,차대차 - 측면직각충돌,직진우회전진행방해,습기,비,교차로 - 교차로안,승용,남,44세,경상,승용,여,37세,경상
2014032900100171,2014년 3월 29일 08시,토요일,전라남도 장성군 장성읍,경상사고,0,0,1,1,차대차 - 측면직각충돌,안전운전불이행,습기,비,교차로 - 교차로안,화물,여,45세,경상,건설기계,남,34세,상해없음
2014032900100220,2014년 3월 29일 10시,토요일,전라남도 해남군 화원면,중상사고,0,4,1,0,차량단독 - 공작물충돌,안전운전불이행,습기,비,단일로 - 기타,승합,남,47세,경상,,,,
2014032900100238,2014년 3월 29일 11시,토요일,전라남도 장성군 장성읍,부상신고사고,0,0,0,1,차대차 - 측면직각충돌,안전운전불이행,습기,비,교차로 - 교차로안,이륜,남,76세,부상신고,승용,남,63세,상해없음
2014032900100263,2014년 3월 29일 12시,토요일,전라남도 여수시 서교동,경상사고,0,0,1,0,차대차 - 측면직각충돌,신호위반,습기,비,교차로 - 교차로안,승용,여,33세,상해없음,화물,남,61세,경상
2014032900100264,2014년 3월 29일 12시,토요일,전라남도 장흥군 장흥읍,경상사고,0,0,2,0,차대차 - 측면직각충돌,중앙선침범,습기,비,단일로 - 기타,승용,여,54세,경상,화물,남,30세,경상
2014032900100265,2014년 3월 29일 12시,토요일,전라남도 무안군 삼향읍,중상사고,0,1,0,0,차량단독 - 기타,안전운전불이행,습기,비,미분류 - 미분류,승용,남,63세,상해없음,,,,
2014032900100298,2014년 3월 29일 13시,토요일,전라남도 여수시 소호동,경상사고,0,0,3,0,차대차 - 기타,안전운전불이행,습기,비,기타 - 기타,승용,남,52세,경상,승용,남,31세,경상
2014032900100299,2014년 3월 29일 13시,토요일,전라남도 곡성군 오곡면,중상사고,0,1,4,0,차대차 - 기타,중앙선침범,습기,비,단일로 - 기타,승용,여,50세,상해없음,승용,여,53세,중상
2014032900100337,2014년 3월 29일 14시,토요일,전라남도 영암군 삼호읍,경상사고,0,0,1,0,차량단독 - 기타,안전운전불이행,습기,흐림,단일로 - 기타,원동기,남,44세,경상,,,,
2014032900100338,2014년 3월 29일 14시,토요일,전라남도 광양시 중동,경상사고,0,0,6,0,차대차 - 기타,안전운전불이행,습기,비,교차로 - 교차로부근,화물,남,25세,상해없음,화물,남,55세,경상
2014032900100366,2014년 3월 29일 15시,토요일,전라남도 목포시 연산동,경상사고,0,0,5,0,차대차 - 추돌 - 진행중,안전거리미확보,건조,맑음,교차로 - 교차로부근,승용,남,43세,상해없음,승용,남,37세,경상
2014032900100399,2014년 3월 29일 16시,토요일,전라남도 순천시 연향동,경상사고,0,0,1,1,차대차 - 기타,교차로운행방법위반,습기,비,교차로 - 교차로안,승용,여,26세,부상신고,승용,여,37세,경상
2014032900100400,2014년 3월 29일 16시,토요일,전라남도 구례군 광의면,경상사고,0,0,1,0,차대사람 - 기타,안전운전불이행,습기,흐림,단일로 - 기타,승용,남,43세,상해없음,보행자,남,48세,경상
2014032900100441,2014년 3월 29일 17시,토요일,전라남도 나주시 공산면,경상사고,0,0,1,0,차량단독 - 공작물충돌,안전운전불이행,습기,비,교차로 - 교차로부근,화물,남,68세,경상,,,,
2014032900100442,2014년 3월 29일 17시,토요일,전라남도 장흥군 장흥읍,중상사고,0,3,1,1,차대차 - 측면직각충돌,중앙선침범,습기,비,단일로 - 기타,승용,남,68세,경상,승용,남,22세,중상
2014032900100443,2014년 3월 29일 17시,토요일,전라남도 장성군 장성읍,경상사고,0,0,1,0,차대차 - 측면직각충돌,안전운전불이행,건조,맑음,교차로 - 교차로안,화물,남,61세,상해없음,승용,남,29세,경상
2014032900100444,2014년 3월 29일 17시,토요일,전라남도 광양시 광양읍,경상사고,0,0,1,0,차대사람 - 기타,보행자보호의무위반,습기,비,교차로 - 교차로부근,화물,남,54세,상해없음,보행자,남,39세,경상
2014032900100478,2014년 3월 29일 18시,토요일,전라남도 여수시 돌산읍,경상사고,0,0,4,0,차대차 - 정면충돌,중앙선침범,습기,비,단일로 - 기타,승용,남,48세,상해없음,승용,남,54세,경상
2014032900100479,2014년 3월 29일 18시,토요일,전라남도 보성군 벌교읍,경상사고,0,0,2,0,차대차 - 추돌 - 진행중,안전운전불이행,습기,비,단일로 - 기타,화물,남,58세,상해없음,승용,남,47세,경상
2014032900100480,2014년 3월 29일 18시,토요일,전라남도 강진군 군동면,경상사고,0,0,1,0,차대차 - 측면직각충돌,안전운전불이행,습기,흐림,단일로 - 기타,승용,여,39세,상해없음,화물,남,37세,경상
2014032900100517,2014년 3월 29일 19시,토요일,전라남도 여수시 중앙동,중상사고,0,1,0,0,차대사람 - 보도통행중,안전운전불이행,습기,비,단일로 - 횡단보도상,승용,남,58세,상해없음,보행자,여,74세,중상
2014032900100518,2014년 3월 29일 19시,토요일,전라남도 광양시 중동,경상사고,0,0,2,0,차대차 - 기타,안전운전불이행,습기,비,단일로 - 기타,승용,남,55세,상해없음,화물,남,71세,경상
2014032900100597,2014년 3월 29일 21시,토요일,전라남도 영광군 영광읍,경상사고,0,0,2,0,차대차 - 기타,중앙선침범,습기,비,단일로 - 기타,승용,남,33세,상해없음,승용,남,24세,경상
2014032900100598,2014년 3월 29일 21시,토요일,전라남도 무안군 무안읍,경상사고,0,0,1,0,차대차 - 추돌 - 주정차중,안전운전불이행,건조,맑음,단일로 - 기타,승용,남,66세,상해없음,승용,여,49세,상해없음
2014032900100633,2014년 3월 29일 22시,토요일,전라남도 순천시 동외동,경상사고,0,0,1,0,차대차 - 추돌 - 주정차중,안전운전불이행,습기,비,교차로 - 교차로부근,승용,남,52세,상해없음,승용,남,57세,상해없음
2014032900100689,2014년 3월 29일 23시,토요일,전라남도 순천시 인제동,경상사고,0,0,1,0,차대차 - 측면직각충돌,신호위반,습기,비,교차로 - 교차로안,승용,남,42세,상해없음,승용,남,25세,경상
2014032900100690,2014년 3월 29일 23시,토요일,전라남도 나주시 남내동,경상사고,0,0,1,0,차대사람 - 횡단중,보행자보호의무위반,습기,비,교차로 - 교차로안,승용,여,21세,상해없음,보행자,남,51세,경상
2014032900100691,2014년 3월 29일 23시,토요일,전라남도 고흥군 고흥읍,부상신고사고,0,0,0,1,차대사람 - 길가장자리구역통행중,안전운전불이행,습기,비,교차로 - 교차로부근,승용,남,48세,상해없음,보행자,남,42세,부상신고
2014033000100088,2014년 3월 30일 03시,일요일,전라남도 목포시 남교동,경상사고,0,0,2,0,차대차 - 측면직각충돌,안전운전불이행,건조,맑음,교차로 - 교차로부근,기타불명,기타불명,기타불명,기타불명,승용,남,56세,상해없음
2014033000100089,2014년 3월 30일 03시,일요일,전라남도 광양시 중동,경상사고,0,0,1,0,차대차 - 기타,안전운전불이행,건조,맑음,교차로 - 교차로안,승용,여,22세,기타불명,승용,남,44세,상해없음
2014033000100123,2014년 3월 30일 06시,일요일,전라남도 목포시 용당동,경상사고,0,0,2,0,차대사람 - 횡단중,안전운전불이행,건조,맑음,단일로 - 기타,승용,남,62세,상해없음,보행자,여,61세,경상
2014033000100124,2014년 3월 30일 06시,일요일,전라남도 여수시 교동,중상사고,0,1,0,0,차대사람 - 횡단중,안전운전불이행,습기,비,단일로 - 기타,승용,남,56세,상해없음,보행자,여,91세,중상
2014033000100125,2014년 3월 30일 06시,일요일,전라남도 순천시 동외동,중상사고,0,1,0,0,차량단독 - 공작물충돌,안전운전불이행,건조,맑음,미분류 - 미분류,화물,남,66세,중상,,,,
2014033000100165,2014년 3월 30일 09시,일요일,전라남도 여수시 둔덕동,중상사고,0,1,0,0,차대사람 - 횡단중,보행자보호의무위반,건조,맑음,단일로 - 횡단보도상,승합,여,41세,상해없음,보행자,여,83세,중상
2014033000100198,2014년 3월 30일 10시,일요일,전라남도 여수시 여서동,경상사고,0,0,1,0,차대사람 - 기타,안전운전불이행,건조,맑음,단일로 - 기타,승용,남,57세,상해없음,보행자,남,50세,경상