사고번호,사고일시,요일,시군구,사고내용,사망자수,중상자수,경상자수,부상신고자수,사고유형,법규위반,노면상태,기상상태,도로형태,가해운전자 차종,가해운전자 성별,가해운전자 연령,가해운전자 상해정도,피해운전자 차종,피해운전자 성별,피해운전자 연령,피해운전자 상해정도
2014033000100222,2014년 3월 30일 11시,일요일,전라남도 여수시 여서동,경상사고,0,0,2,0,차대차 - 측면직각충돌,안전운전불이행,건조,맑음,교차로 - 교차로안,승용,남,44세,상해없음,승용,여,70세,경상
2014033000100223,2014년 3월 30일 11시,일요일,전라남도 순천시 옥천동,중상사고,0,1,2,0,차량단독 - 공작물충돌,안전운전불이행,건조,맑음,단일로 - 기타,승용,남,41세,중상,,,,
2014033000100224,2014년 3월 30일 11시,일요일,전라남도 무안군 삼향읍,경상사고,0,0,1,0,차대차 - 측면직각충돌,신호위반,건조,맑음,교차로 - 교차로안,이륜,남,40세,경상,승합,남,48세,상해없음
2014033000100246,2014년 3월 30일 12시,일요일,전라남도 여수시 남산동,중상사고,0,1,0,0,차대사람 - 횡단중,안전운전불이행,건조,맑음,단일로 - 기타,승용,남,37세,상해없음,보행자,남,3세,중상
2014033000100247,2014년 3월 30일 12시,일요일,전라남도 담양군 월산면,경상사고,0,0,1,0,차대차 - 측면직각충돌,신호위반,건조,맑음,교차로 - 교차로안,승용,남,66세,상해없음,승용,남,42세,경상
2014033000100248,2014년 3월 30일 12시,일요일,전라남도 구례군 산동면,사망사고,1,0,0,0,차대사람 - 기타,안전운전불이행,건조,맑음,단일로 - 기타,승합,남,63세,상해없음,보행자,여,65세,사망
2014033000100249,2014년 3월 30일 12시,일요일,전라남도 구례군 구례읍,경상사고,0,0,3,3,차대차 - 추돌 - 진행중,안전운전불이행,건조,맑음,단일로 - 기타,승용,남,32세,상해없음,승용,남,40세,상해없음
2014033000100278,2014년 3월 30일 13시,일요일,전라남도 담양군 고서면,경상사고,0,0,1,0,차대차 - 추돌 - 진행중,안전운전불이행,건조,맑음,단일로 - 기타,화물,남,71세,상해없음,승용,여,54세,경상
2014033000100301,2014년 3월 30일 14시,일요일,전라남도 순천시 가곡동,경상사고,0,0,3,1,차대차 - 기타,신호위반,건조,맑음,교차로 - 교차로안,승용,남,59세,상해없음,승합,남,37세,경상
2014033000100302,2014년 3월 30일 14시,일요일,전라남도 구례군 문척면,중상사고,0,1,1,0,차대차 - 기타,안전운전불이행,건조,맑음,교차로 - 교차로안,승합,남,49세,상해없음,자전거,여,54세,경상
2014033000100361,2014년 3월 30일 16시,일요일,전라남도 목포시 상동,경상사고,0,0,1,0,차대차 - 기타,안전운전불이행,건조,맑음,교차로 - 교차로안,승용,남,58세,상해없음,원동기,남,17세,경상
2014033000100362,2014년 3월 30일 16시,일요일,전라남도 진도군 진도읍,경상사고,0,0,2,0,차대차 - 기타,과속,건조,맑음,교차로 - 교차로안,화물,남,44세,경상,승용,남,65세,경상
2014033000100363,2014년 3월 30일 16시,일요일,전라남도 광양시 마동,중상사고,0,1,1,0,차대사람 - 횡단중,안전운전불이행,건조,맑음,교차로 - 교차로부근,승용,남,38세,상해없음,보행자,남,8세,중상
2014033000100387,2014년 3월 30일 17시,일요일,전라남도 목포시 복만동,경상사고,0,0,2,0,차대차 - 기타,직진우회전진행방해,건조,맑음,교차로 - 교차로안,승용,남,49세,경상,승용,남,39세,상해없음
2014033000100388,2014년 3월 30일 17시,일요일,전라남도 목포시 옥암동,경상사고,0,0,2,0,차대차 - 기타,안전운전불이행,건조,맑음,기타 - 기타,승용,남,44세,상해없음,승용,남,22세,경상
2014033000100389,2014년 3월 30일 17시,일요일,전라남도 순천시 상사면,경상사고,0,0,2,0,차대차 - 기타,안전운전불이행,건조,맑음,단일로 - 기타,승용,남,40세,경상,승용,남,28세,상해없음
2014033000100390,2014년 3월 30일 17시,일요일,전라남도 나주시 산포면,경상사고,0,0,1,0,차대차 - 기타,안전운전불이행,건조,맑음,교차로 - 교차로안,원동기,남,61세,경상,화물,남,34세,상해없음
2014033000100423,2014년 3월 30일 18시,일요일,전라남도 여수시 화장동,중상사고,0,1,0,0,차대사람 - 차도통행중,안전운전불이행,건조,맑음,단일로 - 기타,화물,남,39세,상해없음,보행자,여,80세,중상
2014033000100459,2014년 3월 30일 19시,일요일,전라남도 순천시 낙안면,중상사고,0,1,0,0,차대차 - 기타,직진우회전진행방해,건조,맑음,교차로 - 교차로안,승용,남,41세,상해없음,원동기,여,51세,중상
2014033000100507,2014년 3월 30일 21시,일요일,전라남도 나주시 영산동,경상사고,0,0,2,0,차대차 - 기타,직진우회전진행방해,건조,기타,교차로 - 교차로안,승용,남,30세,상해없음,원동기,여,48세,경상
2014033000100548,2014년 3월 30일 23시,일요일,전라남도 순천시 서면,부상신고사고,0,0,0,1,차량단독 - 공작물충돌,안전운전불이행,건조,맑음,단일로 - 기타,화물,남,48세,부상신고,,,,
2014033100100010,2014년 3월 31일 00시,월요일,전라남도 목포시 상동,경상사고,0,0,2,0,차대차 - 기타,안전운전불이행,건조,맑음,교차로 - 교차로안,승용,남,39세,상해없음,승용,여,34세,경상
2014033100100056,2014년 3월 31일 06시,월요일,전라남도 순천시 풍덕동,경상사고,0,0,1,0,차대차 - 기타,교차로운행방법위반,건조,맑음,교차로 - 교차로안,승용,남,53세,상해없음,승용,남,23세,상해없음
2014033100100084,2014년 3월 31일 07시,월요일,전라남도 신안군 암태면,경상사고,0,0,3,0,차대차 - 기타,안전운전불이행,건조,맑음,교차로 - 교차로안,승용,여,58세,경상,승용,남,69세,경상
2014033100100115,2014년 3월 31일 08시,월요일,전라남도 영암군 덕진면,중상사고,0,1,1,0,차대차 - 추돌 - 주정차중,안전거리미확보,건조,맑음,단일로 - 기타,화물,남,52세,상해없음,승용,남,65세,중상
2014033100100142,2014년 3월 31일 09시,월요일,전라남도 여수시 선원동,경상사고,0,0,2,0,차대차 - 추돌 - 진행중,안전거리미확보,건조,맑음,단일로 - 기타,화물,남,50세,경상,승합,남,60세,경상
2014033100100173,2014년 3월 31일 10시,월요일,전라남도 영암군 영암읍,경상사고,0,0,1,0,차대차 - 추돌 - 진행중,안전운전불이행,건조,맑음,단일로 - 기타,화물,남,63세,상해없음,원동기,남,78세,경상
2014033100100237,2014년 3월 31일 13시,월요일,전라남도 순천시 조례동,경상사고,0,0,1,0,차대사람 - 길가장자리구역통행중,안전운전불이행,건조,맑음,단일로 - 기타,승용,여,25세,상해없음,보행자,여,19세,경상
2014033100100268,2014년 3월 31일 14시,월요일,전라남도 목포시 용당동,경상사고,0,0,1,0,차대사람 - 기타,안전운전불이행,건조,맑음,교차로 - 교차로부근,승합,남,30세,상해없음,보행자,여,7세,경상
2014033100100269,2014년 3월 31일 14시,월요일,전라남도 구례군 구례읍,중상사고,0,1,0,0,차대사람 - 기타,안전운전불이행,건조,맑음,단일로 - 횡단보도부근,승용,남,59세,상해없음,보행자,남,20세,중상
2014033100100301,2014년 3월 31일 15시,월요일,전라남도 순천시 조례동,경상사고,0,0,3,0,차대차 - 추돌 - 주정차중,안전거리미확보,건조,맑음,교차로 - 교차로안,화물,남,69세,상해없음,승용,남,49세,경상
2014033100100330,2014년 3월 31일 16시,월요일,전라남도 목포시 연산동,중상사고,0,1,0,0,차대차 - 측면직각충돌,안전운전불이행,건조,맑음,교차로 - 교차로부근,승용,남,64세,상해없음,이륜,남,53세,중상
2014033100100331,2014년 3월 31일 16시,월요일,전라남도 목포시 산정동,중상사고,0,1,1,0,차대사람 - 기타,기타,기타,맑음,단일로 - 기타,승용,남,63세,상해없음,보행자,남,39세,중상
2014033100100332,2014년 3월 31일 16시,월요일,전라남도 순천시 조례동,경상사고,0,0,1,0,차대사람 - 횡단중,보행자보호의무위반,건조,맑음,단일로 - 기타,승용,여,41세,상해없음,보행자,남,7세,경상
2014033100100333,2014년 3월 31일 16시,월요일,전라남도 고흥군 고흥읍,중상사고,0,1,0,0,차대차 - 측면직각충돌,안전운전불이행,건조,맑음,교차로 - 교차로안,승용,남,58세,상해없음,자전거,여,60세,중상
2014033100100334,2014년 3월 31일 16시,월요일,전라남도 영암군 영암읍,경상사고,0,0,1,0,차대차 - 추돌 - 주정차중,안전운전불이행,건조,맑음,교차로 - 교차로부근,원동기,남,67세,경상,승용,여,46세,상해없음
2014033100100335,2014년 3월 31일 16시,월요일,전라남도 광양시 광양읍,중상사고,0,1,1,0,차대차 - 기타,안전운전불이행,건조,맑음,단일로 - 기타,건설기계,남,55세,상해없음,승용,여,55세,중상
2014033100100375,2014년 3월 31일 17시,월요일,전라남도 나주시 왕곡면,경상사고,0,0,2,0,차대차 - 측면직각충돌,교차로운행방법위반,건조,맑음,교차로 - 교차로안,화물,남,58세,상해없음,승용,남,35세,경상
2014033100100415,2014년 3월 31일 18시,월요일,전라남도 여수시 오림동,경상사고,0,0,1,0,차대차 - 추돌 - 진행중,신호위반,건조,맑음,교차로 - 교차로안,승용,여,34세,상해없음,승용,남,53세,경상
2014033100100416,2014년 3월 31일 18시,월요일,전라남도 나주시 중앙동,경상사고,0,0,1,0,차대사람 - 기타,안전운전불이행,건조,맑음,교차로 - 교차로안,승용,남,37세,상해없음,보행자,여,39세,경상
2014033100100417,2014년 3월 31일 18시,월요일,전라남도 강진군 강진읍,경상사고,0,0,2,0,차대차 - 측면직각충돌,안전운전불이행,건조,맑음,단일로 - 기타,승용,여,45세,경상,승용,남,51세,경상
2014033100100435,2014년 3월 31일 19시,월요일,전라남도 여수시 교동,경상사고,0,0,1,0,차대사람 - 보도통행중,보행자보호의무위반,건조,맑음,단일로 - 횡단보도상,승용,여,59세,상해없음,보행자,여,64세,경상
2014033100100436,2014년 3월 31일 19시,월요일,전라남도 여수시 미평동,경상사고,0,0,2,0,차대차 - 측면직각충돌,안전거리미확보,건조,맑음,단일로 - 기타,기타불명,기타불명,기타불명,기타불명,화물,남,69세,상해없음
2014033100100437,2014년 3월 31일 19시,월요일,전라남도 순천시 연향동,경상사고,0,0,3,0,차대차 - 추돌 - 주정차중,안전거리미확보,건조,맑음,단일로 - 기타,화물,남,54세,상해없음,승용,남,50세,경상
2014033100100496,2014년 3월 31일 21시,월요일,전라남도 무안군 무안읍,경상사고,0,0,1,0,차대차 - 측면직각충돌,안전운전불이행,건조,맑음,교차로 - 교차로안,승용,남,29세,상해없음,화물,남,50세,경상
2014040100100014,2014년 4월 1일 00시,화요일,전라남도 목포시 상동,중상사고,0,1,0,0,차대차 - 측면직각충돌,신호위반,건조,맑음,교차로 - 교차로안,화물,남,47세,상해없음,이륜,남,79세,중상
2014040100100037,2014년 4월 1일 01시,화요일,전라남도 광양시 중동,경상사고,0,0,1,0,차대차 - 측면직각충돌,교차로운행방법위반,건조,맑음,교차로 - 교차로안,승용,여,37세,상해없음,승용,남,46세,경상
2014040100100140,2014년 4월 1일 08시,화요일,전라남도 목포시 용당동,경상사고,0,0,2,0,차대차 - 추돌 - 진행중,안전운전불이행,건조,맑음,단일로 - 기타,승용,남,38세,상해없음,승용,여,51세,경상
2014040100100141,2014년 4월 1일 08시,화요일,전라남도 영광군 홍농읍,경상사고,0,0,1,0,차대차 - 측면직각충돌,직진우회전진행방해,건조,맑음,교차로 - 교차로안,승용,남,36세,상해없음,승용,남,68세,경상
2014040100100171,2014년 4월 1일 09시,화요일,전라남도 순천시 남정동,경상사고,0,0,2,0,차대차 - 추돌 - 진행중,안전거리미확보,건조,맑음,교차로 - 교차로부근,승용,여,41세,상해없음,승용,여,64세,경상
2014040100100252,2014년 4월 1일 12시,화요일,전라남도 목포시 무안동,경상사고,0,0,1,0,차대사람 - 길가장자리구역통행중,안전운전불이행,건조,맑음,단일로 - 기타,승용,여,38세,상해없음,보행자,여,52세,경상
2014040100100253,2014년 4월 1일 12시,화요일,전라남도 여수시 덕충동,중상사고,0,2,0,0,차대차 - 기타,안전운전불이행,건조,맑음,단일로 - 기타,승용,남,56세,상해없음,이륜,남,65세,중상
2014040100100254,2014년 4월 1일 12시,화요일,전라남도 순천시 서면,경상사고,0,0,3,0,차대차 - 측면직각충돌,신호위반,건조,맑음,교차로 - 교차로안,승용,남,26세,경상,화물,남,53세,경상
2014040100100255,2014년 4월 1일 12시,화요일,전라남도 고흥군 도화면,사망사고,1,0,0,0,차량단독 - 전도전복,안전운전불이행,건조,맑음,단일로 - 기타,농기계,남,65세,사망,,,,
2014040100100256,2014년 4월 1일 12시,화요일,전라남도 영암군 미암면,경상사고,0,0,1,0,차대차 - 정면충돌,직진우회전진행방해,건조,맑음,교차로 - 교차로안,승용,여,30세,상해없음,승용,여,47세,경상
2014040100100281,2014년 4월 1일 13시,화요일,전라남도 여수시 신기동,경상사고,0,0,1,0,차대사람 - 기타,안전운전불이행,건조,맑음,교차로 - 교차로부근,승용,남,61세,상해없음,보행자,여,49세,경상
2014040100100282,2014년 4월 1일 13시,화요일,전라남도 순천시 별량면,중상사고,0,1,1,0,차량단독 - 공작물충돌,안전운전불이행,건조,맑음,단일로 - 기타,승용,남,55세,중상,,,,
2014040100100283,2014년 4월 1일 13시,화요일,전라남도 영광군 영광읍,경상사고,0,0,1,0,차대차 - 측면직각충돌,안전운전불이행,건조,맑음,교차로 - 교차로안,승용,남,49세,상해없음,승용,여,41세,경상
2014040100100284,2014년 4월 1일 13시,화요일,전라남도 담양군 담양읍,경상사고,0,0,1,0,차대사람 - 차도통행중,안전운전불이행,건조,맑음,단일로 - 기타,승용,남,78세,상해없음,보행자,여,20세,경상
2014040100100285,2014년 4월 1일 13시,화요일,전라남도 곡성군 겸면,부상신고사고,0,0,0,2,차량단독 - 기타,안전운전불이행,건조,맑음,단일로 - 기타,승용,남,19세,상해없음,,,,
2014040100100286,2014년 4월 1일 13시,화요일,전라남도 광양시 중동,중상사고,0,1,0,0,차대사람 - 차도통행중,안전운전불이행,건조,맑음,교차로 - 교차로부근,승용,남,50세,상해없음,보행자,남,12세,중상
2014040100100386,2014년 4월 1일 16시,화요일,전라남도 목포시 상동,경상사고,0,0,1,0,차대사람 - 횡단중,안전운전불이행,건조,맑음,교차로 - 교차로안,승용,남,60세,상해없음,보행자,여,54세,경상
2014040100100387,2014년 4월 1일 16시,화요일,전라남도 순천시 연향동,경상사고,0,0,1,0,차대차 - 기타,안전운전불이행,건조,맑음,교차로 - 교차로안,승용,남,51세,상해없음,승용,남,37세,경상
2014040100100388,2014년 4월 1일 16시,화요일,전라남도 함평군 학교면,중상사고,0,1,1,0,차대차 - 측면직각충돌,직진우회전진행방해,건조,맑음,교차로 - 교차로안,승용,남,57세,상해없음,화물,남,72세,경상
2014040100100389,2014년 4월 1일 16시,화요일,전라남도 무안군 삼향읍,경상사고,0,0,1,0,차대차 - 기타,안전운전불이행,건조,맑음,단일로 - 기타,승용,남,51세,상해없음,승용,남,43세,상해없음
2014040100100476,2014년 4월 1일 18시,화요일,전라남도 장흥군 장흥읍,중상사고,0,1,0,0,차대차 - 기타,안전운전불이행,건조,맑음,교차로 - 교차로부근,자전거,남,16세,중상,승용,남,51세,상해없음
2014040100100505,2014년 4월 1일 19시,화요일,전라남도 여수시 오림동,경상사고,0,0,1,0,차대차 - 기타,안전운전불이행,건조,맑음,기타 - 기타,승용,남,30세,상해없음,승용,여,41세,경상
2014040100100506,2014년 4월 1일 19시,화요일,전라남도 순천시 가곡동,중상사고,0,1,0,0,차대차 - 기타,안전운전불이행,건조,맑음,단일로 - 기타,승용,남,31세,상해없음,자전거,남,13세,중상
2014040100100550,2014년 4월 1일 20시,화요일,전라남도 목포시 상동,경상사고,0,0,2,1,차대차 - 측면직각충돌,직진우회전진행방해,건조,맑음,교차로 - 교차로안,승용,남,42세,부상신고,승용,여,42세,경상
2014040100100551,2014년 4월 1일 20시,화요일,전라남도 보성군 벌교읍,중상사고,0,3,0,0,차대차 - 정면충돌,중앙선침범,건조,맑음,단일로 - 터널,승용,남,63세,상해없음,승용,남,58세,중상
2014040100100582,2014년 4월 1일 21시,화요일,전라남도 순천시 연향동,경상사고,0,0,1,0,차대차 - 측면직각충돌,안전운전불이행,건조,맑음,단일로 - 횡단보도상,승용,여,37세,상해없음,이륜,남,20세,경상
2014040100100601,2014년 4월 1일 22시,화요일,전라남도 목포시 대성동,경상사고,0,0,1,0,차대차 - 기타,안전운전불이행,건조,맑음,단일로 - 기타,승용,남,42세,상해없음,승용,여,23세,경상
2014040100100623,2014년 4월 1일 23시,화요일,전라남도 영광군 홍농읍,경상사고,0,0,4,0,차대차 - 측면직각충돌,교차로운행방법위반,건조,맑음,교차로 - 교차로안,승용,남,30세,경상,승용,남,31세,경상
2014040200100041,2014년 4월 2일 04시,수요일,전라남도 순천시 연향동,경상사고,0,0,1,0,차대차 - 측면직각충돌,신호위반,건조,맑음,교차로 - 교차로안,승용,남,62세,상해없음,화물,남,43세,경상
2014040200100059,2014년 4월 2일 06시,수요일,전라남도 장흥군 안양면,중상사고,0,4,2,0,차대차 - 추돌 - 주정차중,안전운전불이행,건조,맑음,단일로 - 기타,화물,남,66세,중상,승합,남,65세,경상
2014040200100060,2014년 4월 2일 06시,수요일,전라남도 영암군 삼호읍,중상사고,0,1,1,0,차대차 - 측면직각충돌,직진우회전진행방해,건조,맑음,교차로 - 교차로안,승용,여,43세,중상,승용,남,53세,경상
2014040200100122,2014년 4월 2일 08시,수요일,전라남도 영광군 영광읍,경상사고,0,0,1,0,차대차 - 추돌 - 진행중,안전운전불이행,건조,맑음,단일로 - 기타,승용,여,57세,상해없음,원동기,남,75세,경상
2014040200100123,2014년 4월 2일 08시,수요일,전라남도 광양시 중동,중상사고,0,1,1,0,차대차 - 측면직각충돌,신호위반,건조,맑음,교차로 - 교차로안,승용,남,26세,경상,승용,남,43세,중상
2014040200100154,2014년 4월 2일 09시,수요일,전라남도 여수시 호명동,경상사고,0,0,1,0,차대차 - 기타,안전운전불이행,건조,맑음,교차로 - 교차로안,화물,남,77세,상해없음,승합,여,48세,상해없음
2014040200100155,2014년 4월 2일 09시,수요일,전라남도 순천시 해룡면,경상사고,0,0,3,0,차대차 - 기타,과속,건조,맑음,단일로 - 기타,승합,남,49세,상해없음,승용,남,50세,경상
2014040200100185,2014년 4월 2일 10시,수요일,전라남도 순천시 장천동,중상사고,0,2,0,0,차대사람 - 기타,교차로운행방법위반,건조,맑음,교차로 - 교차로안,승용,남,53세,상해없음,보행자,여,61세,중상
2014040200100236,2014년 4월 2일 12시,수요일,전라남도 순천시 가곡동,경상사고,0,0,4,0,차대차 - 기타,신호위반,건조,맑음,교차로 - 교차로안,승용,남,69세,상해없음,승용,여,40세,경상
2014040200100261,2014년 4월 2일 13시,수요일,전라남도 장성군 황룡면,사망사고,1,0,0,0,차대차 - 측면직각충돌,안전운전불이행,건조,맑음,교차로 - 교차로안,건설기계,남,41세,상해없음,원동기,남,89세,사망
2014040200100329,2014년 4월 2일 15시,수요일,전라남도 순천시 외서면,중상사고,0,3,2,0,차량단독 - 기타,안전운전불이행,건조,맑음,단일로 - 기타,승용,남,78세,경상,,,,
2014040200100330,2014년 4월 2일 15시,수요일,전라남도 화순군 화순읍,부상신고사고,0,0,0,1,차대차 - 측면직각충돌,안전운전불이행,건조,맑음,교차로 - 교차로안,이륜,남,64세,부상신고,승용,남,57세,상해없음
2014040200100331,2014년 4월 2일 15시,수요일,전라남도 강진군 강진읍,중상사고,0,1,0,0,차대사람 - 기타,안전운전불이행,건조,맑음,교차로 - 교차로안,기타불명,기타불명,기타불명,기타불명,보행자,남,55세,중상
2014040200100332,2014년 4월 2일 15시,수요일,전라남도 강진군 강진읍,중상사고,0,1,0,0,차대사람 - 기타,안전운전불이행,건조,맑음,교차로 - 교차로부근,승용,남,43세,상해없음,보행자,남,55세,중상
2014040200100333,2014년 4월 2일 15시,수요일,전라남도 광양시 마동,중상사고,0,1,0,0,차대차 - 기타,안전운전불이행,건조,맑음,단일로 - 기타,승용,남,45세,상해없음,승용,남,67세,중상
2014040200100361,2014년 4월 2일 16시,수요일,전라남도 순천시 해룡면,경상사고,0,0,3,0,차대차 - 측면직각충돌,안전운전불이행,건조,맑음,단일로 - 기타,화물,남,67세,상해없음,승용,여,43세,경상
2014040200100401,2014년 4월 2일 17시,수요일,전라남도 나주시 빛가람동,중상사고,0,1,4,0,차대차 - 측면직각충돌,신호위반,건조,맑음,교차로 - 교차로안,화물,남,59세,중상,화물,남,45세,경상
2014040200100477,2014년 4월 2일 19시,수요일,전라남도 담양군 창평면,중상사고,0,1,0,0,차대사람 - 기타,안전운전불이행,건조,기타,단일로 - 기타,화물,남,39세,상해없음,보행자,남,66세,중상
2014040200100570,2014년 4월 2일 21시,수요일,전라남도 광양시 중동,중상사고,0,1,0,0,차대차 - 측면직각충돌,안전운전불이행,건조,맑음,단일로 - 기타,승합,남,46세,상해없음,자전거,남,18세,중상
2014040200100599,2014년 4월 2일 22시,수요일,전라남도 순천시 인월동,경상사고,0,0,1,0,차대차 - 기타,안전운전불이행,건조,맑음,단일로 - 기타,원동기,남,22세,상해없음,승용,남,56세,상해없음
2014040300100014,2014년 4월 3일 00시,목요일,전라남도 나주시 삼영동,사망사고,2,0,0,0,차량단독 - 도로외이탈 - 추락,안전운전불이행,기타,기타,단일로 - 교량,승용,남,40세,사망,,,,
2014040300100051,2014년 4월 3일 04시,목요일,전라남도 순천시 해룡면,중상사고,0,2,0,0,차대차 - 기타,교차로운행방법위반,건조,맑음,교차로 - 교차로안,승용,여,37세,중상,특수,남,70세,중상
2014040300100057,2014년 4월 3일 05시,목요일,전라남도 무안군 삼향읍,중상사고,0,1,0,0,차대사람 - 횡단중,보행자보호의무위반,건조,맑음,교차로 - 교차로안,승용,남,51세,상해없음,보행자,남,26세,중상
2014040300100094,2014년 4월 3일 07시,목요일,전라남도 순천시 석현동,중상사고,0,1,0,0,차대사람 - 횡단중,안전운전불이행,건조,맑음,교차로 - 교차로안,화물,여,38세,상해없음,보행자,여,12세,중상
2014040300100095,2014년 4월 3일 07시,목요일,전라남도 순천시 별량면,경상사고,0,0,2,0,차대차 - 기타,안전운전불이행,건조,맑음,단일로 - 기타,승합,남,36세,상해없음,원동기,남,73세,경상
2014040300100129,2014년 4월 3일 08시,목요일,전라남도 광양시 마동,경상사고,0,0,1,0,차대차 - 기타,안전운전불이행,건조,맑음,미분류 - 미분류,승용,여,42세,상해없음,승용,남,42세,경상
2014040300100162,2014년 4월 3일 09시,목요일,전라남도 여수시 율촌면,경상사고,0,0,1,0,차량단독 - 기타,안전운전불이행,건조,맑음,교차로 - 교차로안,이륜,남,76세,경상,,,,
2014040300100163,2014년 4월 3일 09시,목요일,전라남도 강진군 군동면,중상사고,0,1,0,0,차량단독 - 기타,안전운전불이행,건조,맑음,단일로 - 기타,이륜,남,73세,중상,,,,
2014040300100164,2014년 4월 3일 09시,목요일,전라남도 무안군 무안읍,중상사고,0,2,0,0,차대차 - 정면충돌,중앙선침범,건조,맑음,단일로 - 기타,승용,남,69세,중상,승용,여,33세,중상
2014040300100190,2014년 4월 3일 10시,목요일,전라남도 해남군 삼산면,중상사고,0,1,1,1,차대차 - 정면충돌,중앙선침범,건조,맑음,단일로 - 기타,승용,여,67세,부상신고,건설기계,남,49세,경상
2014040300100206,2014년 4월 3일 11시,목요일,전라남도 영광군 영광읍,중상사고,0,1,0,0,차대차 - 측면직각충돌,안전운전불이행,건조,맑음,단일로 - 기타,화물,남,72세,상해없음,원동기,남,54세,중상
2014040300100207,2014년 4월 3일 11시,목요일,전라남도 담양군 고서면,경상사고,0,0,1,0,차대차 - 기타,신호위반,건조,맑음,교차로 - 교차로안,화물,여,65세,상해없음,승용,남,50세,경상
2014040300100247,2014년 4월 3일 12시,목요일,전라남도 목포시 산정동,경상사고,0,0,1,0,차대차 - 측면직각충돌,안전운전불이행,건조,맑음,단일로 - 기타,승용,남,56세,상해없음,승용,여,27세,경상
2014040300100274,2014년 4월 3일 13시,목요일,전라남도 해남군 삼산면,경상사고,0,0,1,0,차량단독 - 기타,안전운전불이행,건조,맑음,단일로 - 기타,화물,남,56세,상해없음,,,,
2014040300100381,2014년 4월 3일 17시,목요일,전라남도 구례군 구례읍,경상사고,0,0,1,0,차대사람 - 횡단중,중앙선침범,건조,맑음,단일로 - 기타,승용,남,76세,상해없음,보행자,여,6세,경상
2014040300100382,2014년 4월 3일 17시,목요일,전라남도 곡성군 삼기면,경상사고,0,0,1,0,차대차 - 측면직각충돌,안전거리미확보,건조,맑음,단일로 - 기타,화물,남,38세,상해없음,승용,남,61세,경상
2014040300100418,2014년 4월 3일 18시,목요일,전라남도 목포시 용당동,경상사고,0,0,1,0,차대차 - 측면직각충돌,신호위반,건조,맑음,단일로 - 기타,승용,여,53세,상해없음,이륜,남,66세,경상
2014040300100419,2014년 4월 3일 18시,목요일,전라남도 여수시 화양면,경상사고,0,0,3,0,차대차 - 정면충돌,중앙선침범,건조,맑음,단일로 - 기타,승용,남,40세,상해없음,승용,남,35세,경상
2014040300100420,2014년 4월 3일 18시,목요일,전라남도 순천시 동외동,중상사고,0,1,0,0,차대차 - 측면직각충돌,안전운전불이행,건조,맑음,단일로 - 기타,자전거,남,71세,중상,승용,남,62세,상해없음
2014040300100452,2014년 4월 3일 19시,목요일,전라남도 여수시 만흥동,중상사고,0,1,0,0,차대사람 - 기타,안전운전불이행,건조,맑음,단일로 - 기타,승용,남,78세,상해없음,보행자,여,62세,중상
2014040300100453,2014년 4월 3일 19시,목요일,전라남도 여수시 문수동,경상사고,0,0,1,0,차대차 - 측면직각충돌,안전운전불이행,건조,맑음,교차로 - 교차로안,승용,남,39세,상해없음,이륜,남,51세,경상
2014040300100454,2014년 4월 3일 19시,목요일,전라남도 무안군 삼향읍,경상사고,0,0,1,0,차대차 - 측면직각충돌,안전운전불이행,건조,맑음,교차로 - 교차로부근,승용,여,38세,상해없음,승용,여,38세,경상
2014040300100492,2014년 4월 3일 20시,목요일,전라남도 목포시 옥암동,중상사고,0,1,0,0,차대사람 - 횡단중,보행자보호의무위반,건조,맑음,단일로 - 기타,승용,남,65세,상해없음,보행자,여,50세,중상
2014040300100493,2014년 4월 3일 20시,목요일,전라남도 해남군 산이면,사망사고,1,0,0,0,차량단독 - 도로외이탈 - 기타,안전운전불이행,건조,맑음,단일로 - 기타,화물,남,45세,사망,,,,
2014040300100531,2014년 4월 3일 21시,목요일,전라남도 순천시 조례동,경상사고,0,0,1,0,차대차 - 측면직각충돌,안전운전불이행,건조,맑음,교차로 - 교차로안,승용,남,55세,상해없음,승용,여,38세,경상
2014040300100532,2014년 4월 3일 21시,목요일,전라남도 영광군 홍농읍,부상신고사고,0,0,0,1,차량단독 - 도로외이탈 - 추락,안전운전불이행,건조,맑음,단일로 - 기타,승용,여,43세,부상신고,,,,
2014040300100533,2014년 4월 3일 21시,목요일,전라남도 영광군 영광읍,부상신고사고,0,0,0,2,차대차 - 기타,안전운전불이행,건조,맑음,교차로 - 교차로안,승용,남,49세,상해없음,화물,남,52세,상해없음
2014040300100611,2014년 4월 3일 23시,목요일,전라남도 목포시 북교동,중상사고,0,1,0,0,차대사람 - 길가장자리구역통행중,안전운전불이행,건조,맑음,단일로 - 기타,기타불명,기타불명,기타불명,기타불명,보행자,남,27세,중상
2014040300100612,2014년 4월 3일 23시,목요일,전라남도 광양시 중동,중상사고,0,2,0,0,차대차 - 기타,신호위반,건조,맑음,교차로 - 교차로안,승용,남,28세,상해없음,승용,여,48세,중상
2014040400100041,2014년 4월 4일 01시,금요일,전라남도 광양시 태인동,경상사고,0,0,1,0,차대차 - 기타,안전운전불이행,건조,맑음,단일로 - 기타,원동기,남,35세,경상,승용,남,31세,기타불명
2014040400100058,2014년 4월 4일 02시,금요일,전라남도 장성군 장성읍,중상사고,0,1,0,0,차량단독 - 공작물충돌,안전운전불이행,건조,맑음,단일로 - 기타,승용,남,34세,중상,,,,