사고번호,사고일시,요일,시군구,사고내용,사망자수,중상자수,경상자수,부상신고자수,사고유형,법규위반,노면상태,기상상태,도로형태,가해운전자 차종,가해운전자 성별,가해운전자 연령,가해운전자 상해정도,피해운전자 차종,피해운전자 성별,피해운전자 연령,피해운전자 상해정도
2014040400100176,2014년 4월 4일 09시,금요일,전라남도 목포시 석현동,경상사고,0,0,2,0,차대차 - 측면직각충돌,직진우회전진행방해,건조,맑음,교차로 - 교차로안,승용,여,52세,경상,승합,남,36세,경상
2014040400100177,2014년 4월 4일 09시,금요일,전라남도 강진군 강진읍,경상사고,0,0,1,0,차대차 - 측면직각충돌,교차로운행방법위반,건조,맑음,교차로 - 교차로안,원동기,남,67세,경상,승용,남,43세,상해없음
2014040400100218,2014년 4월 4일 10시,금요일,전라남도 신안군 지도읍,중상사고,0,3,1,0,차대차 - 정면충돌,중앙선침범,건조,맑음,교차로 - 교차로부근,승용,남,56세,상해없음,승합,남,43세,경상
2014040400100219,2014년 4월 4일 10시,금요일,전라남도 여수시 학동,경상사고,0,0,6,0,차대차 - 측면직각충돌,교차로운행방법위반,건조,맑음,교차로 - 교차로안,승용,남,37세,상해없음,승합,남,37세,경상
2014040400100220,2014년 4월 4일 10시,금요일,전라남도 장흥군 유치면,경상사고,0,0,1,0,차량단독 - 공작물충돌,안전운전불이행,건조,맑음,단일로 - 기타,승합,여,58세,경상,,,,
2014040400100244,2014년 4월 4일 11시,금요일,전라남도 목포시 산정동,경상사고,0,0,2,0,차대차 - 측면직각충돌,안전운전불이행,건조,맑음,단일로 - 기타,화물,여,50세,경상,승용,여,42세,경상
2014040400100245,2014년 4월 4일 11시,금요일,전라남도 여수시 신기동,중상사고,0,1,0,0,차대차 - 추돌 - 진행중,안전거리미확보,건조,맑음,단일로 - 기타,승용,남,48세,상해없음,승용,남,68세,중상
2014040400100246,2014년 4월 4일 11시,금요일,전라남도 순천시 생목동,경상사고,0,0,1,0,차대차 - 기타,차로위반,건조,맑음,단일로 - 기타,승용,여,56세,경상,승합,남,30세,상해없음
2014040400100247,2014년 4월 4일 11시,금요일,전라남도 강진군 강진읍,중상사고,0,1,0,0,차대사람 - 기타,안전운전불이행,건조,맑음,단일로 - 기타,승용,남,39세,상해없음,보행자,여,71세,중상
2014040400100274,2014년 4월 4일 12시,금요일,전라남도 여수시 미평동,중상사고,0,1,0,0,차대사람 - 횡단중,안전운전불이행,건조,맑음,단일로 - 기타,승합,남,58세,상해없음,보행자,남,18세,중상
2014040400100275,2014년 4월 4일 12시,금요일,전라남도 영광군 홍농읍,중상사고,0,1,0,0,차대차 - 기타,안전운전불이행,건조,맑음,단일로 - 기타,승용,남,78세,상해없음,이륜,남,73세,중상
2014040400100298,2014년 4월 4일 13시,금요일,전라남도 화순군 화순읍,중상사고,0,1,0,0,차대사람 - 횡단중,안전운전불이행,건조,맑음,단일로 - 기타,화물,남,27세,상해없음,보행자,여,64세,중상
2014040400100331,2014년 4월 4일 14시,금요일,전라남도 목포시 대양동,경상사고,0,0,3,0,차대차 - 측면직각충돌,안전운전불이행,건조,맑음,단일로 - 기타,승용,여,43세,경상,화물,남,46세,경상
2014040400100332,2014년 4월 4일 14시,금요일,전라남도 순천시 연향동,경상사고,0,0,1,0,차대차 - 기타,안전운전불이행,건조,맑음,단일로 - 기타,승용,여,31세,상해없음,승용,남,38세,경상
2014040400100333,2014년 4월 4일 14시,금요일,전라남도 나주시 산포면,경상사고,0,0,1,0,차대차 - 기타,안전운전불이행,건조,맑음,단일로 - 기타,화물,남,76세,상해없음,이륜,남,73세,경상
2014040400100334,2014년 4월 4일 14시,금요일,전라남도 무안군 현경면,경상사고,0,0,1,0,차대차 - 기타,안전운전불이행,건조,맑음,교차로 - 교차로안,화물,남,57세,상해없음,화물,여,56세,경상
2014040400100371,2014년 4월 4일 15시,금요일,전라남도 화순군 이양면,경상사고,0,0,3,0,차대차 - 추돌 - 주정차중,안전운전불이행,건조,맑음,교차로 - 교차로부근,화물,남,58세,상해없음,승용,남,39세,경상
2014040400100372,2014년 4월 4일 15시,금요일,전라남도 강진군 군동면,경상사고,0,0,2,0,차대차 - 기타,안전운전불이행,건조,맑음,기타 - 기타,승용,여,40세,경상,승용,여,48세,경상
2014040400100452,2014년 4월 4일 17시,금요일,전라남도 여수시 율촌면,중상사고,0,1,0,0,차대차 - 측면직각충돌,안전운전불이행,건조,맑음,교차로 - 교차로안,승용,여,46세,상해없음,자전거,남,72세,중상
2014040400100453,2014년 4월 4일 17시,금요일,전라남도 영암군 영암읍,중상사고,0,1,0,0,차대차 - 기타,안전운전불이행,건조,맑음,교차로 - 교차로부근,승용,여,53세,상해없음,이륜,남,67세,중상
2014040400100498,2014년 4월 4일 18시,금요일,전라남도 순천시 장천동,중상사고,0,1,0,0,차대차 - 기타,중앙선침범,건조,맑음,단일로 - 기타,승용,여,51세,상해없음,원동기,남,51세,중상
2014040400100499,2014년 4월 4일 18시,금요일,전라남도 화순군 화순읍,경상사고,0,0,1,0,차대차 - 측면직각충돌,직진우회전진행방해,건조,맑음,교차로 - 교차로안,승용,남,71세,상해없음,승용,여,52세,경상
2014040400100500,2014년 4월 4일 18시,금요일,전라남도 완도군 완도읍,경상사고,0,0,2,0,차대차 - 측면직각충돌,차로위반,건조,맑음,교차로 - 교차로부근,승용,남,58세,상해없음,승용,남,19세,경상
2014040400100538,2014년 4월 4일 19시,금요일,전라남도 순천시 서면,경상사고,0,0,1,0,차대차 - 추돌 - 주정차중,안전운전불이행,건조,맑음,단일로 - 기타,화물,남,47세,상해없음,승용,여,49세,경상
2014040400100539,2014년 4월 4일 19시,금요일,전라남도 영광군 법성면,경상사고,0,0,1,0,차대차 - 측면직각충돌,안전운전불이행,건조,맑음,교차로 - 교차로안,승용,남,51세,상해없음,승용,여,45세,경상
2014040400100571,2014년 4월 4일 20시,금요일,전라남도 영암군 군서면,중상사고,0,1,0,0,차대차 - 기타,중앙선침범,건조,맑음,단일로 - 기타,이륜,남,51세,상해없음,승용,여,23세,상해없음
2014040400100613,2014년 4월 4일 21시,금요일,전라남도 장흥군 장흥읍,사망사고,1,0,0,0,차대사람 - 길가장자리구역통행중,안전운전불이행,건조,맑음,단일로 - 기타,승용,여,51세,상해없음,보행자,남,82세,사망
2014040400100640,2014년 4월 4일 22시,금요일,전라남도 목포시 대양동,경상사고,0,0,1,0,차대차 - 추돌 - 진행중,안전거리미확보,건조,맑음,교차로 - 교차로부근,승합,남,30세,상해없음,승용,남,47세,경상
2014040500100015,2014년 4월 5일 00시,토요일,전라남도 순천시 덕월동,경상사고,0,0,1,0,차대차 - 추돌 - 주정차중,안전운전불이행,건조,맑음,단일로 - 기타,승용,남,46세,상해없음,승용,남,42세,경상
2014040500100038,2014년 4월 5일 01시,토요일,전라남도 여수시 서교동,중상사고,0,1,0,0,차대차 - 측면직각충돌,신호위반,건조,맑음,교차로 - 교차로안,승용,남,63세,상해없음,원동기,남,52세,중상
2014040500100039,2014년 4월 5일 01시,토요일,전라남도 해남군 화원면,중상사고,0,1,0,0,차량단독 - 기타,안전운전불이행,건조,맑음,단일로 - 기타,승용,남,35세,중상,,,,
2014040500100110,2014년 4월 5일 06시,토요일,전라남도 목포시 죽교동,경상사고,0,0,2,0,차대차 - 추돌 - 진행중,안전거리미확보,건조,맑음,단일로 - 기타,승용,남,31세,경상,승용,남,56세,경상
2014040500100140,2014년 4월 5일 08시,토요일,전라남도 순천시 상사면,경상사고,0,0,1,0,차대차 - 기타,중앙선침범,건조,맑음,단일로 - 기타,승용,남,32세,상해없음,승합,남,49세,경상
2014040500100141,2014년 4월 5일 08시,토요일,전라남도 화순군 화순읍,경상사고,0,0,3,0,차대차 - 측면직각충돌,직진우회전진행방해,건조,맑음,교차로 - 교차로안,승용,남,32세,경상,승용,여,23세,경상
2014040500100162,2014년 4월 5일 09시,토요일,전라남도 무안군 무안읍,경상사고,0,0,1,0,차대차 - 기타,과속,건조,맑음,교차로 - 교차로부근,승용,남,27세,경상,승용,여,53세,상해없음
2014040500100191,2014년 4월 5일 10시,토요일,전라남도 여수시 미평동,중상사고,0,1,0,0,차대차 - 기타,안전운전불이행,건조,맑음,단일로 - 기타,승용,남,63세,상해없음,이륜,남,33세,중상
2014040500100192,2014년 4월 5일 10시,토요일,전라남도 순천시 장천동,경상사고,0,0,1,0,차대차 - 기타,안전운전불이행,건조,맑음,단일로 - 기타,원동기,남,82세,경상,화물,남,62세,기타불명
2014040500100218,2014년 4월 5일 11시,토요일,전라남도 목포시 상동,중상사고,0,1,0,0,차대사람 - 기타,안전운전불이행,건조,맑음,단일로 - 기타,승용,남,31세,상해없음,보행자,여,54세,중상
2014040500100219,2014년 4월 5일 11시,토요일,전라남도 순천시 가곡동,중상사고,0,1,0,0,차대차 - 기타,직진우회전진행방해,건조,맑음,교차로 - 교차로안,승용,남,58세,상해없음,자전거,남,8세,중상
2014040500100220,2014년 4월 5일 11시,토요일,전라남도 고흥군 두원면,중상사고,0,7,0,0,차대차 - 정면충돌,중앙선침범,건조,맑음,단일로 - 기타,승용,남,57세,중상,승용,남,34세,중상
2014040500100221,2014년 4월 5일 11시,토요일,전라남도 보성군 벌교읍,중상사고,0,1,4,0,차대차 - 추돌 - 주정차중,안전운전불이행,건조,맑음,교차로 - 교차로안,화물,남,68세,중상,승용,남,42세,경상
2014040500100222,2014년 4월 5일 11시,토요일,전라남도 영광군 영광읍,경상사고,0,0,1,0,차대차 - 기타,직진우회전진행방해,건조,맑음,교차로 - 교차로안,승용,남,55세,경상,승용,남,51세,상해없음
2014040500100223,2014년 4월 5일 11시,토요일,전라남도 광양시 마동,중상사고,0,4,9,1,차대차 - 측면직각충돌,교차로운행방법위반,건조,맑음,교차로 - 교차로안,승용,여,36세,경상,승합,남,59세,상해없음
2014040500100224,2014년 4월 5일 11시,토요일,전라남도 광양시 광양읍,경상사고,0,0,1,0,차대차 - 기타,안전운전불이행,건조,맑음,기타 - 기타,승용,남,62세,상해없음,승용,남,64세,경상
2014040500100255,2014년 4월 5일 12시,토요일,전라남도 목포시 북교동,경상사고,0,0,1,0,차대차 - 기타,안전운전불이행,건조,맑음,단일로 - 기타,승용,남,48세,상해없음,이륜,남,55세,경상
2014040500100256,2014년 4월 5일 12시,토요일,전라남도 목포시 용해동,중상사고,0,1,1,0,차대차 - 기타,안전운전불이행,건조,맑음,단일로 - 기타,승용,남,47세,중상,승용,여,44세,경상
2014040500100257,2014년 4월 5일 12시,토요일,전라남도 순천시 서면,경상사고,0,0,1,0,차대차 - 측면직각충돌,안전거리미확보,건조,맑음,단일로 - 기타,승용,남,61세,상해없음,승용,남,75세,경상
2014040500100258,2014년 4월 5일 12시,토요일,전라남도 순천시 연향동,경상사고,0,0,1,0,차대사람 - 기타,안전운전불이행,건조,맑음,단일로 - 기타,승용,남,49세,상해없음,보행자,남,37세,경상
2014040500100259,2014년 4월 5일 12시,토요일,전라남도 보성군 회천면,중상사고,0,1,0,0,차대차 - 기타,안전운전불이행,건조,맑음,교차로 - 교차로안,승용,여,35세,상해없음,화물,남,25세,상해없음
2014040500100289,2014년 4월 5일 13시,토요일,전라남도 장흥군 장흥읍,경상사고,0,0,1,0,차대차 - 기타,안전운전불이행,건조,맑음,교차로 - 교차로안,화물,여,52세,상해없음,원동기,남,70세,경상
2014040500100290,2014년 4월 5일 13시,토요일,전라남도 화순군 도암면,경상사고,0,0,1,0,차량단독 - 공작물충돌,안전운전불이행,건조,맑음,단일로 - 기타,승용,남,52세,경상,,,,
2014040500100314,2014년 4월 5일 14시,토요일,전라남도 순천시 별량면,경상사고,0,0,1,0,차대차 - 기타,안전운전불이행,건조,맑음,단일로 - 기타,승용,여,39세,경상,이륜,남,50세,상해없음
2014040500100315,2014년 4월 5일 14시,토요일,전라남도 화순군 화순읍,경상사고,0,0,1,0,차대차 - 추돌 - 주정차중,안전운전불이행,건조,맑음,기타 - 기타,승용,남,65세,상해없음,화물,남,51세,기타불명
2014040500100316,2014년 4월 5일 14시,토요일,전라남도 영암군 학산면,중상사고,0,3,1,0,차대차 - 추돌 - 진행중,안전운전불이행,건조,맑음,단일로 - 기타,승용,남,24세,중상,승용,남,45세,경상
2014040500100353,2014년 4월 5일 15시,토요일,전라남도 보성군 보성읍,경상사고,0,0,2,0,차대차 - 측면직각충돌,교차로운행방법위반,건조,맑음,교차로 - 교차로안,승용,남,56세,경상,승용,여,52세,경상
2014040500100354,2014년 4월 5일 15시,토요일,전라남도 장성군 장성읍,중상사고,0,2,0,0,차대차 - 기타,중앙선침범,건조,맑음,단일로 - 기타,승용,여,61세,상해없음,승용,여,55세,중상
2014040500100355,2014년 4월 5일 15시,토요일,전라남도 장성군 삼계면,경상사고,0,0,2,0,차대차 - 기타,안전운전불이행,건조,맑음,단일로 - 기타,건설기계,남,60세,상해없음,승용,남,46세,경상
2014040500100356,2014년 4월 5일 15시,토요일,전라남도 광양시 광양읍,중상사고,0,1,0,0,차대차 - 측면직각충돌,교차로운행방법위반,건조,맑음,교차로 - 교차로안,승용,남,51세,상해없음,이륜,남,72세,중상
2014040500100389,2014년 4월 5일 16시,토요일,전라남도 여수시 주삼동,경상사고,0,0,1,0,차량단독 - 공작물충돌,안전운전불이행,건조,맑음,단일로 - 기타,승용,남,29세,상해없음,,,,
2014040500100390,2014년 4월 5일 16시,토요일,전라남도 영암군 군서면,경상사고,0,0,1,0,차대사람 - 기타,안전운전불이행,건조,맑음,단일로 - 기타,승용,남,77세,상해없음,보행자,여,69세,경상
2014040500100426,2014년 4월 5일 17시,토요일,전라남도 여수시 화양면,경상사고,0,0,2,0,차대차 - 측면직각충돌,안전운전불이행,건조,맑음,교차로 - 교차로안,화물,여,61세,상해없음,화물,남,27세,경상
2014040500100452,2014년 4월 5일 18시,토요일,전라남도 화순군 화순읍,경상사고,0,0,4,0,차대차 - 측면직각충돌,안전거리미확보,건조,맑음,단일로 - 기타,승용,남,76세,상해없음,승용,남,52세,경상
2014040500100490,2014년 4월 5일 19시,토요일,전라남도 목포시 석현동,경상사고,0,0,2,0,차대차 - 기타,교차로운행방법위반,건조,맑음,교차로 - 교차로안,승용,남,50세,경상,이륜,남,43세,경상
2014040500100491,2014년 4월 5일 19시,토요일,전라남도 순천시 조례동,경상사고,0,0,1,0,차대차 - 측면직각충돌,교차로운행방법위반,건조,맑음,교차로 - 교차로안,승용,여,58세,상해없음,승용,남,42세,경상
2014040500100492,2014년 4월 5일 19시,토요일,전라남도 보성군 벌교읍,중상사고,0,1,0,0,차대차 - 정면충돌,교차로운행방법위반,건조,맑음,교차로 - 교차로안,승용,남,59세,상해없음,이륜,남,57세,중상
2014040500100530,2014년 4월 5일 20시,토요일,전라남도 목포시 용당동,중상사고,0,1,0,0,차대사람 - 기타,안전운전불이행,건조,맑음,교차로 - 교차로부근,승용,여,48세,상해없음,보행자,여,58세,중상
2014040500100531,2014년 4월 5일 20시,토요일,전라남도 목포시 산정동,경상사고,0,0,2,0,차대차 - 기타,신호위반,건조,맑음,교차로 - 교차로안,승용,남,30세,경상,승용,남,49세,경상
2014040500100532,2014년 4월 5일 20시,토요일,전라남도 여수시 여서동,경상사고,0,0,1,0,차대사람 - 기타,안전운전불이행,건조,맑음,단일로 - 기타,승용,여,48세,상해없음,보행자,남,38세,경상
2014040500100533,2014년 4월 5일 20시,토요일,전라남도 여수시 돌산읍,경상사고,0,0,1,0,차량단독 - 공작물충돌,안전운전불이행,건조,맑음,단일로 - 기타,승용,남,18세,상해없음,,,,
2014040500100534,2014년 4월 5일 20시,토요일,전라남도 여수시 여서동,경상사고,0,0,2,0,차대차 - 추돌 - 주정차중,안전운전불이행,건조,맑음,단일로 - 기타,승용,남,50세,상해없음,승용,남,36세,경상
2014040500100535,2014년 4월 5일 20시,토요일,전라남도 무안군 몽탄면,중상사고,0,1,0,0,차량단독 - 공작물충돌,안전운전불이행,건조,맑음,교차로 - 교차로안,화물,남,48세,중상,,,,
2014040500100601,2014년 4월 5일 22시,토요일,전라남도 화순군 화순읍,중상사고,0,1,0,0,차대차 - 측면직각충돌,직진우회전진행방해,건조,맑음,교차로 - 교차로안,승용,남,38세,상해없음,이륜,남,48세,중상
2014040500100627,2014년 4월 5일 23시,토요일,전라남도 광양시 광양읍,경상사고,0,0,1,0,차대차 - 추돌 - 진행중,안전운전불이행,건조,맑음,교차로 - 교차로안,승합,남,45세,상해없음,승용,남,27세,경상
2014040600100016,2014년 4월 6일 01시,일요일,전라남도 목포시 상동,경상사고,0,0,1,0,차대차 - 기타,교차로운행방법위반,건조,맑음,교차로 - 교차로안,승용,남,25세,상해없음,승용,남,64세,경상
2014040600100065,2014년 4월 6일 06시,일요일,전라남도 장흥군 부산면,경상사고,0,0,1,0,차대차 - 기타,안전운전불이행,건조,맑음,교차로 - 교차로안,원동기,남,52세,경상,승합,남,55세,상해없음
2014040600100094,2014년 4월 6일 08시,일요일,전라남도 광양시 금호동,경상사고,0,0,1,0,차대차 - 측면직각충돌,안전운전불이행,건조,맑음,교차로 - 교차로부근,건설기계,남,37세,상해없음,승용,남,50세,상해없음
2014040600100109,2014년 4월 6일 09시,일요일,전라남도 나주시 금천면,경상사고,0,0,2,0,차대차 - 측면직각충돌,신호위반,건조,맑음,교차로 - 교차로안,화물,남,47세,상해없음,승합,남,61세,경상
2014040600100110,2014년 4월 6일 09시,일요일,전라남도 나주시 공산면,중상사고,0,1,0,0,차대차 - 측면직각충돌,교차로운행방법위반,건조,맑음,교차로 - 교차로안,건설기계,남,40세,상해없음,원동기,남,71세,중상
2014040600100140,2014년 4월 6일 10시,일요일,전라남도 목포시 상동,경상사고,0,0,3,0,차대차 - 추돌 - 주정차중,안전운전불이행,건조,맑음,교차로 - 교차로부근,화물,남,59세,상해없음,승용,여,42세,경상
2014040600100141,2014년 4월 6일 10시,일요일,전라남도 순천시 남정동,중상사고,0,1,0,0,차대사람 - 횡단중,안전운전불이행,건조,맑음,교차로 - 교차로부근,화물,남,43세,상해없음,보행자,여,83세,중상
2014040600100142,2014년 4월 6일 10시,일요일,전라남도 영암군 미암면,경상사고,0,0,2,0,차대차 - 추돌 - 진행중,안전거리미확보,건조,맑음,교차로 - 교차로부근,특수,남,45세,상해없음,승용,남,72세,경상
2014040600100190,2014년 4월 6일 12시,일요일,전라남도 영광군 염산면,경상사고,0,0,1,0,차대차 - 측면직각충돌,직진우회전진행방해,건조,맑음,교차로 - 교차로안,승용,남,64세,상해없음,승용,남,34세,경상
2014040600100220,2014년 4월 6일 13시,일요일,전라남도 영암군 도포면,경상사고,0,0,2,0,차대차 - 기타,안전운전불이행,건조,맑음,단일로 - 기타,승용,남,47세,상해없음,승용,남,46세,경상
2014040600100221,2014년 4월 6일 13시,일요일,전라남도 담양군 담양읍,경상사고,0,0,1,0,차대차 - 기타,안전운전불이행,건조,맑음,교차로 - 교차로부근,승용,여,64세,상해없음,승용,남,25세,경상
2014040600100242,2014년 4월 6일 14시,일요일,전라남도 순천시 주암면,사망사고,1,0,0,0,차대사람 - 기타,안전운전불이행,건조,맑음,단일로 - 기타,화물,남,65세,상해없음,보행자,여,53세,사망
2014040600100243,2014년 4월 6일 14시,일요일,전라남도 완도군 노화읍,중상사고,0,1,1,0,차대차 - 정면충돌,중앙선침범,건조,맑음,단일로 - 기타,승용,남,54세,중상,건설기계,남,36세,경상
2014040600100275,2014년 4월 6일 15시,일요일,전라남도 목포시 산정동,중상사고,0,1,0,0,차대차 - 기타,안전운전불이행,건조,맑음,교차로 - 교차로안,이륜,여,50세,상해없음,자전거,남,81세,중상
2014040600100317,2014년 4월 6일 16시,일요일,전라남도 영암군 영암읍,경상사고,0,0,4,0,차대차 - 측면직각충돌,신호위반,건조,맑음,교차로 - 교차로안,승용,남,26세,경상,승용,남,55세,경상
2014040600100350,2014년 4월 6일 17시,일요일,전라남도 여수시 국동,중상사고,0,1,0,0,차대차 - 추돌 - 진행중,안전운전불이행,건조,맑음,단일로 - 기타,승용,남,49세,상해없음,승용,남,48세,중상
2014040600100351,2014년 4월 6일 17시,일요일,전라남도 여수시 여서동,중상사고,0,1,1,0,차대차 - 추돌 - 진행중,안전거리미확보,건조,맑음,단일로 - 기타,승용,남,23세,상해없음,승용,여,25세,상해없음
2014040600100373,2014년 4월 6일 18시,일요일,전라남도 영암군 삼호읍,경상사고,0,0,1,0,차대차 - 기타,안전운전불이행,건조,맑음,단일로 - 기타,승용,남,33세,상해없음,이륜,남,44세,경상
2014040600100374,2014년 4월 6일 18시,일요일,전라남도 담양군 대덕면,중상사고,0,1,0,0,차대차 - 측면직각충돌,안전운전불이행,건조,맑음,교차로 - 교차로부근,승용,남,28세,중상,승합,남,34세,상해없음
2014040600100406,2014년 4월 6일 19시,일요일,전라남도 나주시 남평읍,경상사고,0,0,2,0,차대차 - 측면직각충돌,교차로운행방법위반,건조,맑음,교차로 - 교차로안,승용,여,49세,경상,화물,남,52세,경상
2014040600100437,2014년 4월 6일 20시,일요일,전라남도 목포시 상동,경상사고,0,0,2,0,차대차 - 측면직각충돌,안전운전불이행,건조,맑음,교차로 - 교차로부근,화물,남,15세,상해없음,승용,남,47세,경상
2014040600100438,2014년 4월 6일 20시,일요일,전라남도 여수시 미평동,경상사고,0,0,1,0,차대차 - 추돌 - 진행중,안전운전불이행,건조,맑음,단일로 - 기타,화물,남,51세,상해없음,승용,남,30세,경상
2014040600100439,2014년 4월 6일 20시,일요일,전라남도 여수시 신월동,중상사고,0,2,0,0,차대차 - 정면충돌,중앙선침범,건조,맑음,기타 - 기타,승용,남,34세,중상,승용,남,38세,중상
2014040600100440,2014년 4월 6일 20시,일요일,전라남도 무안군 현경면,중상사고,0,1,2,0,차대차 - 기타,중앙선침범,건조,맑음,단일로 - 기타,승용,여,49세,상해없음,승합,남,46세,경상
2014040600100468,2014년 4월 6일 21시,일요일,전라남도 목포시 광동1가,경상사고,0,0,1,0,차대차 - 측면직각충돌,교차로운행방법위반,건조,맑음,교차로 - 교차로안,화물,남,46세,상해없음,승용,남,56세,경상
2014040700100010,2014년 4월 7일 00시,월요일,전라남도 신안군 임자면,중상사고,0,1,1,0,차대차 - 정면충돌,중앙선침범,건조,맑음,단일로 - 기타,승용,남,35세,중상,화물,남,35세,경상
2014040700100025,2014년 4월 7일 02시,월요일,전라남도 구례군 구례읍,사망사고,1,3,0,0,차대사람 - 횡단중,안전운전불이행,건조,맑음,교차로 - 교차로안,승용,남,19세,중상,보행자,남,40세,사망
2014040700100048,2014년 4월 7일 06시,월요일,전라남도 순천시 저전동,경상사고,0,0,2,0,차대차 - 측면직각충돌,직진우회전진행방해,건조,맑음,교차로 - 교차로안,승용,여,61세,경상,승용,여,28세,경상
2014040700100068,2014년 4월 7일 07시,월요일,전라남도 화순군 화순읍,경상사고,0,0,1,0,차대차 - 추돌 - 진행중,차로위반,건조,맑음,교차로 - 교차로부근,화물,남,51세,상해없음,화물,남,69세,상해없음
2014040700100115,2014년 4월 7일 08시,월요일,전라남도 순천시 남정동,경상사고,0,0,1,0,차대차 - 기타,교차로운행방법위반,건조,맑음,교차로 - 교차로안,승용,남,69세,상해없음,자전거,남,64세,경상
2014040700100154,2014년 4월 7일 09시,월요일,전라남도 순천시 덕월동,경상사고,0,0,1,0,차대차 - 추돌 - 진행중,안전거리미확보,건조,맑음,교차로 - 교차로안,승용,여,39세,상해없음,승용,남,61세,경상
2014040700100190,2014년 4월 7일 11시,월요일,전라남도 순천시 별량면,중상사고,0,1,1,0,차대차 - 기타,안전운전불이행,건조,맑음,단일로 - 기타,승용,남,68세,상해없음,승용,여,53세,경상
2014040700100191,2014년 4월 7일 11시,월요일,전라남도 순천시 서면,경상사고,0,0,1,0,차대차 - 측면직각충돌,안전운전불이행,건조,맑음,단일로 - 기타,승합,남,51세,상해없음,화물,남,45세,경상
2014040700100192,2014년 4월 7일 11시,월요일,전라남도 나주시 송촌동,중상사고,0,1,0,0,차량단독 - 기타,안전운전불이행,건조,맑음,단일로 - 교량,이륜,남,73세,중상,,,,
2014040700100220,2014년 4월 7일 12시,월요일,전라남도 여수시 돌산읍,중상사고,0,1,0,0,차대차 - 추돌 - 주정차중,안전거리미확보,건조,맑음,단일로 - 교량,승용,남,67세,상해없음,이륜,남,61세,중상
2014040700100221,2014년 4월 7일 12시,월요일,전라남도 순천시 조례동,경상사고,0,0,1,0,차대차 - 기타,교차로운행방법위반,건조,맑음,교차로 - 교차로부근,승용,여,31세,상해없음,승합,남,50세,상해없음
2014040700100222,2014년 4월 7일 12시,월요일,전라남도 장성군 장성읍,경상사고,0,0,1,0,차대차 - 기타,신호위반,건조,맑음,교차로 - 교차로안,자전거,남,73세,경상,승용,남,69세,상해없음
2014040700100282,2014년 4월 7일 14시,월요일,전라남도 나주시 중앙동,경상사고,0,0,2,0,차대차 - 측면직각충돌,안전운전불이행,건조,맑음,단일로 - 기타,승합,남,42세,경상,승용,남,27세,경상
2014040700100322,2014년 4월 7일 15시,월요일,전라남도 목포시 산정동,경상사고,0,0,1,0,차대차 - 기타,기타,건조,맑음,단일로 - 기타,화물,남,44세,상해없음,화물,남,54세,경상
2014040700100323,2014년 4월 7일 15시,월요일,전라남도 순천시 조례동,경상사고,0,0,1,0,차대차 - 기타,안전운전불이행,건조,맑음,단일로 - 기타,승용,여,44세,상해없음,화물,남,54세,기타불명
2014040700100324,2014년 4월 7일 15시,월요일,전라남도 나주시 남내동,경상사고,0,0,1,0,차대차 - 추돌 - 진행중,안전운전불이행,건조,맑음,단일로 - 기타,승용,남,28세,상해없음,승용,남,53세,경상
2014040700100325,2014년 4월 7일 15시,월요일,전라남도 영광군 영광읍,경상사고,0,0,1,0,차대차 - 기타,안전운전불이행,건조,맑음,교차로 - 교차로안,화물,남,72세,상해없음,승용,여,56세,경상
2014040700100326,2014년 4월 7일 15시,월요일,전라남도 장성군 북하면,중상사고,0,1,0,0,차대사람 - 차도통행중,안전운전불이행,건조,맑음,단일로 - 기타,이륜,남,77세,상해없음,보행자,남,77세,중상
2014040700100354,2014년 4월 7일 16시,월요일,전라남도 담양군 담양읍,경상사고,0,0,2,0,차대차 - 측면직각충돌,안전운전불이행,건조,맑음,교차로 - 교차로안,화물,남,53세,상해없음,승용,남,27세,경상
2014040700100355,2014년 4월 7일 16시,월요일,전라남도 광양시 마동,중상사고,0,1,1,0,차대차 - 측면직각충돌,직진우회전진행방해,건조,맑음,교차로 - 교차로안,승용,여,57세,경상,승용,남,59세,중상
2014040700100398,2014년 4월 7일 17시,월요일,전라남도 여수시 선원동,경상사고,0,0,1,0,차대차 - 기타,안전운전불이행,건조,맑음,단일로 - 기타,승용,여,59세,상해없음,화물,남,39세,경상
2014040700100399,2014년 4월 7일 17시,월요일,전라남도 순천시 장천동,경상사고,0,0,1,0,차대차 - 기타,안전운전불이행,건조,맑음,교차로 - 교차로안,화물,남,40세,상해없음,승용,남,52세,경상
2014040700100400,2014년 4월 7일 17시,월요일,전라남도 함평군 학교면,경상사고,0,0,1,0,차량단독 - 공작물충돌,안전운전불이행,건조,맑음,단일로 - 기타,승용,여,41세,경상,,,,
2014040700100431,2014년 4월 7일 18시,월요일,전라남도 목포시 상동,경상사고,0,0,1,0,차대차 - 기타,안전운전불이행,건조,맑음,단일로 - 기타,승용,남,55세,상해없음,이륜,남,26세,경상
2014040700100432,2014년 4월 7일 18시,월요일,전라남도 순천시 조례동,경상사고,0,0,1,0,차대사람 - 기타,안전운전불이행,건조,맑음,단일로 - 기타,기타불명,기타불명,기타불명,기타불명,보행자,남,55세,경상
2014040700100475,2014년 4월 7일 19시,월요일,전라남도 목포시 산정동,경상사고,0,0,1,0,차대차 - 기타,안전운전불이행,건조,맑음,단일로 - 기타,승용,남,71세,상해없음,승용,여,31세,경상