사고번호,사고일시,요일,시군구,사고내용,사망자수,중상자수,경상자수,부상신고자수,사고유형,법규위반,노면상태,기상상태,도로형태,가해운전자 차종,가해운전자 성별,가해운전자 연령,가해운전자 상해정도,피해운전자 차종,피해운전자 성별,피해운전자 연령,피해운전자 상해정도
2014040700100566,2014년 4월 7일 22시,월요일,전라남도 목포시 용당동,경상사고,0,0,1,0,차대사람 - 기타,안전운전불이행,건조,맑음,교차로 - 교차로부근,승합,남,52세,상해없음,보행자,남,49세,경상
2014040800100013,2014년 4월 8일 00시,화요일,전라남도 여수시 신기동,부상신고사고,0,0,0,1,차량단독 - 공작물충돌,안전운전불이행,건조,맑음,교차로 - 교차로부근,승용,여,46세,부상신고,,,,
2014040800100022,2014년 4월 8일 01시,화요일,전라남도 신안군 압해읍,중상사고,0,2,0,0,차량단독 - 공작물충돌,안전운전불이행,건조,맑음,단일로 - 기타,승용,남,24세,중상,,,,
2014040800100066,2014년 4월 8일 06시,화요일,전라남도 함평군 월야면,경상사고,0,0,1,0,차대차 - 기타,중앙선침범,건조,맑음,단일로 - 기타,승용,여,56세,상해없음,승용,남,42세,경상
2014040800100093,2014년 4월 8일 07시,화요일,전라남도 여수시 교동,경상사고,0,0,5,0,차대차 - 측면직각충돌,중앙선침범,건조,맑음,단일로 - 기타,화물,남,64세,상해없음,승용,여,57세,경상
2014040800100094,2014년 4월 8일 07시,화요일,전라남도 순천시 저전동,경상사고,0,0,1,1,차대차 - 측면직각충돌,직진우회전진행방해,건조,맑음,교차로 - 교차로안,승용,남,73세,부상신고,승용,남,27세,경상
2014040800100130,2014년 4월 8일 08시,화요일,전라남도 여수시 둔덕동,경상사고,0,0,1,0,차대차 - 측면직각충돌,안전운전불이행,건조,맑음,단일로 - 기타,승용,여,44세,상해없음,승용,남,54세,경상
2014040800100131,2014년 4월 8일 08시,화요일,전라남도 보성군 문덕면,중상사고,0,1,2,0,차량단독 - 전도전복,안전운전불이행,건조,맑음,단일로 - 기타,화물,남,51세,경상,,,,
2014040800100168,2014년 4월 8일 09시,화요일,전라남도 강진군 칠량면,경상사고,0,0,1,0,차대차 - 측면직각충돌,신호위반,건조,맑음,교차로 - 교차로안,승용,남,51세,상해없음,화물,남,72세,경상
2014040800100191,2014년 4월 8일 10시,화요일,전라남도 영암군 삼호읍,경상사고,0,0,2,0,차대차 - 기타,안전거리미확보,건조,맑음,단일로 - 기타,승용,남,47세,경상,승용,여,52세,경상
2014040800100192,2014년 4월 8일 10시,화요일,전라남도 담양군 월산면,중상사고,0,2,0,0,차대차 - 기타,직진우회전진행방해,건조,맑음,교차로 - 교차로안,원동기,남,62세,중상,승용,여,36세,상해없음
2014040800100218,2014년 4월 8일 11시,화요일,전라남도 목포시 석현동,경상사고,0,0,2,0,차대차 - 추돌 - 주정차중,안전거리미확보,건조,맑음,단일로 - 기타,승용,남,53세,상해없음,승용,여,36세,경상
2014040800100219,2014년 4월 8일 11시,화요일,전라남도 해남군 북평면,중상사고,0,1,0,0,차대차 - 측면직각충돌,교차로운행방법위반,건조,맑음,교차로 - 교차로안,승용,여,42세,상해없음,화물,남,48세,중상
2014040800100244,2014년 4월 8일 12시,화요일,전라남도 여수시 고소동,경상사고,0,0,1,0,차대차 - 측면직각충돌,교차로운행방법위반,건조,맑음,교차로 - 교차로안,승용,여,27세,상해없음,이륜,남,36세,경상
2014040800100245,2014년 4월 8일 12시,화요일,전라남도 순천시 덕암동,경상사고,0,0,1,0,차대차 - 기타,직진우회전진행방해,건조,맑음,교차로 - 교차로안,승용,남,25세,상해없음,승용,남,36세,경상
2014040800100246,2014년 4월 8일 12시,화요일,전라남도 곡성군 석곡면,중상사고,0,1,0,0,차대차 - 기타,안전운전불이행,건조,맑음,교차로 - 교차로부근,승용,남,32세,상해없음,자전거,남,67세,중상
2014040800100273,2014년 4월 8일 13시,화요일,전라남도 순천시 연향동,경상사고,0,0,2,0,차대차 - 측면직각충돌,불법유턴,건조,맑음,단일로 - 기타,화물,남,23세,경상,승용,남,32세,경상
2014040800100274,2014년 4월 8일 13시,화요일,전라남도 나주시 노안면,경상사고,0,0,1,0,차대차 - 기타,기타,건조,맑음,단일로 - 기타,화물,남,66세,상해없음,화물,남,52세,경상
2014040800100301,2014년 4월 8일 14시,화요일,전라남도 보성군 득량면,경상사고,0,0,1,0,차대차 - 기타,안전운전불이행,건조,맑음,단일로 - 기타,승용,남,79세,상해없음,이륜,남,80세,경상
2014040800100302,2014년 4월 8일 14시,화요일,전라남도 화순군 이양면,경상사고,0,0,1,0,차대차 - 추돌 - 주정차중,안전운전불이행,건조,맑음,단일로 - 기타,화물,남,55세,상해없음,승용,남,37세,경상
2014040800100303,2014년 4월 8일 14시,화요일,전라남도 장성군 북이면,경상사고,0,0,5,0,차대차 - 측면직각충돌,안전운전불이행,건조,맑음,교차로 - 교차로안,승용,남,76세,경상,승용,여,49세,상해없음
2014040800100304,2014년 4월 8일 14시,화요일,전라남도 강진군 마량면,중상사고,0,1,0,0,차량단독 - 전도전복,안전운전불이행,건조,맑음,단일로 - 기타,화물,남,69세,상해없음,,,,
2014040800100346,2014년 4월 8일 15시,화요일,전라남도 광양시 태인동,중상사고,0,1,0,0,차대사람 - 기타,안전운전불이행,건조,맑음,단일로 - 기타,승용,여,29세,상해없음,보행자,여,84세,중상
2014040800100432,2014년 4월 8일 17시,화요일,전라남도 여수시 둔덕동,경상사고,0,0,1,0,차대차 - 추돌 - 진행중,안전운전불이행,건조,맑음,기타 - 기타,화물,남,51세,상해없음,자전거,남,6세,경상
2014040800100467,2014년 4월 8일 18시,화요일,전라남도 광양시 중동,중상사고,0,1,0,0,차대사람 - 기타,불법유턴,건조,맑음,교차로 - 교차로안,승용,남,51세,상해없음,보행자,여,44세,중상
2014040800100508,2014년 4월 8일 19시,화요일,전라남도 목포시 산정동,경상사고,0,0,1,0,차대차 - 측면직각충돌,교차로운행방법위반,건조,맑음,교차로 - 교차로안,승용,여,54세,상해없음,승용,여,49세,경상
2014040800100509,2014년 4월 8일 19시,화요일,전라남도 여수시 신기동,경상사고,0,0,1,0,차대차 - 기타,차로위반,건조,맑음,교차로 - 교차로부근,승용,남,51세,상해없음,승합,남,43세,상해없음
2014040800100546,2014년 4월 8일 20시,화요일,전라남도 목포시 용해동,경상사고,0,0,1,0,차대차 - 기타,교차로운행방법위반,건조,맑음,교차로 - 교차로안,자전거,남,56세,경상,승용,여,25세,상해없음
2014040800100547,2014년 4월 8일 20시,화요일,전라남도 순천시 서면,경상사고,0,0,1,0,차대차 - 추돌 - 주정차중,안전운전불이행,건조,맑음,단일로 - 기타,승용,남,58세,기타불명,승용,남,32세,상해없음
2014040800100578,2014년 4월 8일 21시,화요일,전라남도 목포시 옥암동,경상사고,0,0,2,0,차대차 - 추돌 - 진행중,안전거리미확보,건조,맑음,교차로 - 교차로부근,승용,남,53세,상해없음,승용,남,40세,경상
2014040800100579,2014년 4월 8일 21시,화요일,전라남도 무안군 청계면,경상사고,0,0,1,0,차대사람 - 길가장자리구역통행중,안전운전불이행,건조,맑음,단일로 - 기타,승용,남,25세,상해없음,보행자,남,22세,경상
2014040900100017,2014년 4월 9일 00시,수요일,전라남도 무안군 삼향읍,경상사고,0,0,1,0,차대차 - 기타,안전운전불이행,건조,맑음,기타 - 기타,승용,남,30세,경상,화물,남,43세,상해없음
2014040900100031,2014년 4월 9일 01시,수요일,전라남도 광양시 중동,경상사고,0,0,2,0,차대차 - 기타,신호위반,건조,맑음,교차로 - 교차로안,승용,남,35세,경상,승용,남,47세,경상
2014040900100131,2014년 4월 9일 08시,수요일,전라남도 담양군 담양읍,경상사고,0,0,2,0,차대차 - 측면직각충돌,신호위반,건조,맑음,교차로 - 교차로안,승용,여,42세,경상,승용,남,34세,경상
2014040900100163,2014년 4월 9일 09시,수요일,전라남도 여수시 학동,경상사고,0,0,1,0,차대차 - 기타,안전운전불이행,건조,맑음,단일로 - 기타,승합,남,47세,상해없음,원동기,남,70세,경상
2014040900100165,2014년 4월 9일 09시,수요일,전라남도 곡성군 입면,사망사고,1,0,0,0,차대사람 - 기타,안전운전불이행,건조,맑음,단일로 - 기타,특수,남,50세,상해없음,보행자,남,40세,사망
2014040900100166,2014년 4월 9일 09시,수요일,전라남도 곡성군 옥과면,경상사고,0,0,1,0,차대차 - 기타,안전운전불이행,건조,맑음,단일로 - 기타,원동기,남,69세,경상,승용,여,47세,상해없음
2014040900100167,2014년 4월 9일 09시,수요일,전라남도 광양시 마동,경상사고,0,0,1,0,차대차 - 측면직각충돌,중앙선침범,건조,맑음,단일로 - 기타,화물,여,38세,기타불명,승용,여,30세,경상
2014040900100199,2014년 4월 9일 10시,수요일,전라남도 목포시 대양동,중상사고,0,1,1,0,차대차 - 측면직각충돌,신호위반,건조,맑음,교차로 - 교차로안,승용,남,53세,상해없음,승용,여,42세,중상
2014040900100200,2014년 4월 9일 10시,수요일,전라남도 강진군 강진읍,중상사고,0,1,0,0,차대차 - 기타,안전운전불이행,건조,맑음,교차로 - 교차로안,승용,남,56세,상해없음,이륜,남,69세,상해없음
2014040900100201,2014년 4월 9일 10시,수요일,전라남도 광양시 중동,경상사고,0,0,1,0,차대차 - 측면직각충돌,신호위반,건조,맑음,교차로 - 교차로안,승용,남,27세,상해없음,화물,남,28세,경상
2014040900100219,2014년 4월 9일 11시,수요일,전라남도 순천시 조곡동,경상사고,0,0,1,0,차대차 - 기타,차로위반,건조,맑음,단일로 - 기타,농기계,남,61세,상해없음,승용,여,45세,경상
2014040900100239,2014년 4월 9일 12시,수요일,전라남도 여수시 남면,중상사고,0,1,0,0,차대차 - 추돌 - 진행중,안전거리미확보,건조,맑음,단일로 - 기타,원동기,남,63세,상해없음,화물,남,53세,상해없음
2014040900100240,2014년 4월 9일 12시,수요일,전라남도 고흥군 도화면,중상사고,0,1,5,0,차대차 - 추돌 - 진행중,안전운전불이행,건조,맑음,단일로 - 기타,승합,남,58세,상해없음,화물,남,72세,경상
2014040900100266,2014년 4월 9일 13시,수요일,전라남도 무안군 해제면,경상사고,0,0,2,0,차대차 - 기타,안전운전불이행,건조,맑음,교차로 - 교차로안,화물,남,52세,상해없음,승용,여,48세,경상
2014040900100323,2014년 4월 9일 15시,수요일,전라남도 순천시 남정동,중상사고,0,1,0,0,차대사람 - 기타,기타,건조,맑음,교차로 - 교차로부근,화물,남,54세,상해없음,보행자,여,80세,중상
2014040900100363,2014년 4월 9일 16시,수요일,전라남도 목포시 옥암동,경상사고,0,0,1,0,차대차 - 추돌 - 주정차중,안전운전불이행,건조,맑음,교차로 - 교차로부근,화물,남,72세,상해없음,승합,여,52세,경상
2014040900100364,2014년 4월 9일 16시,수요일,전라남도 순천시 조례동,경상사고,0,0,1,0,차대차 - 기타,안전운전불이행,건조,맑음,교차로 - 교차로안,자전거,여,72세,경상,승용,여,25세,상해없음
2014040900100442,2014년 4월 9일 18시,수요일,전라남도 목포시 용해동,경상사고,0,0,3,0,차대차 - 추돌 - 주정차중,안전운전불이행,건조,맑음,교차로 - 교차로부근,승용,남,48세,상해없음,승용,여,28세,경상
2014040900100443,2014년 4월 9일 18시,수요일,전라남도 목포시 용당동,경상사고,0,0,2,0,차대차 - 측면직각충돌,직진우회전진행방해,건조,맑음,교차로 - 교차로안,승용,여,34세,경상,승용,여,37세,상해없음
2014040900100444,2014년 4월 9일 18시,수요일,전라남도 여수시 고소동,경상사고,0,0,1,0,차대사람 - 기타,기타,건조,맑음,단일로 - 기타,원동기,남,40세,상해없음,보행자,남,43세,경상
2014040900100445,2014년 4월 9일 18시,수요일,전라남도 보성군 보성읍,경상사고,0,0,1,0,차대사람 - 기타,신호위반,건조,맑음,단일로 - 기타,이륜,남,74세,상해없음,보행자,남,56세,경상
2014040900100488,2014년 4월 9일 19시,수요일,전라남도 목포시 금동2가,경상사고,0,0,1,0,차대차 - 기타,안전운전불이행,건조,맑음,교차로 - 교차로부근,화물,남,57세,상해없음,자전거,남,62세,경상
2014040900100489,2014년 4월 9일 19시,수요일,전라남도 광양시 광양읍,중상사고,0,1,0,0,차대차 - 측면직각충돌,직진우회전진행방해,건조,맑음,교차로 - 교차로안,원동기,남,36세,중상,승합,남,35세,상해없음
2014040900100563,2014년 4월 9일 21시,수요일,전라남도 여수시 소라면,경상사고,0,0,1,0,차대차 - 추돌 - 진행중,안전운전불이행,건조,맑음,단일로 - 기타,승용,남,24세,상해없음,화물,남,58세,경상
2014040900100564,2014년 4월 9일 21시,수요일,전라남도 화순군 화순읍,경상사고,0,0,1,0,차대사람 - 기타,불법유턴,건조,맑음,단일로 - 기타,승용,남,58세,상해없음,보행자,여,33세,경상
2014040900100591,2014년 4월 9일 22시,수요일,전라남도 완도군 완도읍,경상사고,0,0,3,0,차대차 - 추돌 - 주정차중,안전운전불이행,건조,맑음,단일로 - 기타,화물,남,48세,상해없음,승용,남,27세,경상
2014041000100050,2014년 4월 10일 04시,목요일,전라남도 강진군 도암면,중상사고,0,2,1,0,차량단독 - 공작물충돌,안전운전불이행,건조,맑음,단일로 - 기타,승용,여,42세,경상,,,,
2014041000100086,2014년 4월 10일 07시,목요일,전라남도 순천시 서면,경상사고,0,0,1,0,차대차 - 추돌 - 진행중,안전운전불이행,건조,맑음,단일로 - 기타,승용,여,47세,상해없음,승용,여,50세,경상
2014041000100087,2014년 4월 10일 07시,목요일,전라남도 보성군 벌교읍,중상사고,0,1,0,0,차대차 - 측면직각충돌,직진우회전진행방해,건조,맑음,교차로 - 교차로안,이륜,남,64세,중상,승용,남,54세,상해없음
2014041000100088,2014년 4월 10일 07시,목요일,전라남도 진도군 임회면,중상사고,0,1,1,0,차대차 - 추돌 - 진행중,안전운전불이행,건조,맑음,단일로 - 기타,화물,남,46세,기타불명,화물,남,69세,경상
2014041000100163,2014년 4월 10일 09시,목요일,전라남도 고흥군 고흥읍,경상사고,0,0,1,0,차대사람 - 기타,안전운전불이행,건조,맑음,단일로 - 기타,승합,남,44세,상해없음,보행자,남,94세,경상
2014041000100164,2014년 4월 10일 09시,목요일,전라남도 영암군 군서면,사망사고,1,0,0,0,차대차 - 기타,안전거리미확보,건조,맑음,교차로 - 교차로안,이륜,남,72세,사망,화물,남,68세,상해없음
2014041000100165,2014년 4월 10일 09시,목요일,전라남도 광양시 금호동,경상사고,0,0,3,0,차대차 - 기타,안전거리미확보,건조,맑음,단일로 - 기타,화물,남,33세,상해없음,화물,남,31세,경상
2014041000100211,2014년 4월 10일 11시,목요일,전라남도 무안군 일로읍,경상사고,0,0,1,0,차대차 - 기타,차로위반,건조,맑음,단일로 - 기타,승용,여,49세,상해없음,화물,남,32세,경상
2014041000100212,2014년 4월 10일 11시,목요일,전라남도 여수시 오림동,중상사고,0,1,0,0,차대차 - 기타,안전운전불이행,건조,맑음,단일로 - 횡단보도상,자전거,남,15세,중상,승용,남,74세,상해없음
2014041000100261,2014년 4월 10일 13시,목요일,전라남도 여수시 문수동,중상사고,0,1,0,0,차대사람 - 기타,안전운전불이행,건조,맑음,단일로 - 기타,화물,남,40세,상해없음,보행자,여,13세,중상
2014041000100311,2014년 4월 10일 15시,목요일,전라남도 여수시 소호동,중상사고,0,1,0,0,차대사람 - 차도통행중,안전운전불이행,건조,맑음,단일로 - 기타,기타불명,기타불명,기타불명,기타불명,보행자,여,71세,중상
2014041000100312,2014년 4월 10일 15시,목요일,전라남도 여수시 군자동,경상사고,0,0,2,0,차대사람 - 길가장자리구역통행중,안전운전불이행,건조,맑음,단일로 - 기타,화물,남,27세,상해없음,보행자,여,16세,경상
2014041000100313,2014년 4월 10일 15시,목요일,전라남도 순천시 덕암동,경상사고,0,0,1,0,차대차 - 추돌 - 진행중,중앙선침범,건조,맑음,단일로 - 기타,승합,남,71세,상해없음,승용,남,33세,경상
2014041000100314,2014년 4월 10일 15시,목요일,전라남도 보성군 벌교읍,사망사고,1,0,0,0,차량단독 - 전도전복,안전운전불이행,건조,맑음,단일로 - 기타,건설기계,남,56세,사망,,,,
2014041000100372,2014년 4월 10일 17시,목요일,전라남도 고흥군 도양읍,경상사고,0,0,1,0,차대차 - 측면직각충돌,교차로운행방법위반,건조,맑음,교차로 - 교차로부근,승용,여,41세,상해없음,이륜,남,58세,경상
2014041000100411,2014년 4월 10일 18시,목요일,전라남도 영암군 삼호읍,경상사고,0,0,1,0,차대차 - 측면직각충돌,안전운전불이행,건조,맑음,단일로 - 기타,승용,남,30세,상해없음,원동기,남,19세,경상
2014041000100412,2014년 4월 10일 18시,목요일,전라남도 광양시 광영동,사망사고,1,0,0,0,차대사람 - 횡단중,보행자보호의무위반,건조,맑음,단일로 - 횡단보도상,건설기계,남,39세,상해없음,보행자,여,81세,사망
2014041000100437,2014년 4월 10일 19시,목요일,전라남도 목포시 용당동,중상사고,0,1,0,0,차대차 - 기타,안전운전불이행,건조,맑음,단일로 - 기타,화물,남,47세,상해없음,자전거,남,15세,중상
2014041000100438,2014년 4월 10일 19시,목요일,전라남도 순천시 서면,경상사고,0,0,1,0,차대차 - 정면충돌,안전운전불이행,건조,맑음,교차로 - 교차로안,승용,남,49세,상해없음,승용,남,27세,경상
2014041000100439,2014년 4월 10일 19시,목요일,전라남도 순천시 왕지동,경상사고,0,0,2,0,차대차 - 추돌 - 주정차중,안전거리미확보,건조,맑음,교차로 - 교차로부근,승용,남,35세,상해없음,승용,남,71세,상해없음
2014041000100440,2014년 4월 10일 19시,목요일,전라남도 해남군 화원면,경상사고,0,0,1,0,차대차 - 측면직각충돌,신호위반,기타,기타,교차로 - 교차로안,화물,남,54세,상해없음,화물,남,27세,경상
2014041000100480,2014년 4월 10일 20시,목요일,전라남도 목포시 상동,경상사고,0,0,2,0,차대차 - 측면직각충돌,교차로운행방법위반,건조,맑음,교차로 - 교차로안,승용,남,44세,경상,승용,여,44세,경상
2014041000100481,2014년 4월 10일 20시,목요일,전라남도 여수시 웅천동,경상사고,0,0,3,0,차대차 - 측면직각충돌,안전운전불이행,건조,맑음,교차로 - 교차로안,승용,남,30세,상해없음,승용,남,32세,경상
2014041000100515,2014년 4월 10일 21시,목요일,전라남도 여수시 문수동,경상사고,0,0,5,0,차대차 - 추돌 - 진행중,안전거리미확보,건조,맑음,교차로 - 교차로안,승용,남,25세,상해없음,승용,남,37세,경상
2014041000100516,2014년 4월 10일 21시,목요일,전라남도 순천시 덕월동,중상사고,0,1,0,0,차대차 - 추돌 - 진행중,안전운전불이행,건조,맑음,단일로 - 기타,승용,남,57세,상해없음,자전거,남,21세,중상
2014041000100517,2014년 4월 10일 21시,목요일,전라남도 무안군 청계면,경상사고,0,0,1,0,차대사람 - 기타,안전운전불이행,건조,맑음,단일로 - 기타,승용,남,21세,상해없음,보행자,남,23세,경상
2014041000100518,2014년 4월 10일 21시,목요일,전라남도 무안군 현경면,부상신고사고,0,0,0,1,차량단독 - 전도전복,안전운전불이행,건조,맑음,단일로 - 기타,승용,남,31세,부상신고,,,,
2014041000100548,2014년 4월 10일 22시,목요일,전라남도 목포시 용해동,경상사고,0,0,2,0,차대차 - 추돌 - 진행중,안전운전불이행,건조,맑음,교차로 - 교차로안,승용,남,53세,상해없음,승용,남,34세,경상
2014041000100549,2014년 4월 10일 22시,목요일,전라남도 순천시 조례동,경상사고,0,0,1,0,차대차 - 추돌 - 주정차중,안전운전불이행,건조,맑음,교차로 - 교차로부근,승용,여,42세,상해없음,승용,남,31세,경상
2014041000100574,2014년 4월 10일 23시,목요일,전라남도 무안군 삼향읍,경상사고,0,0,1,0,차대차 - 측면직각충돌,교차로운행방법위반,건조,맑음,단일로 - 기타,승용,남,16세,기타불명,이륜,남,56세,경상
2014041000100575,2014년 4월 10일 23시,목요일,전라남도 무안군 무안읍,경상사고,0,0,1,0,차대차 - 측면직각충돌,중앙선침범,건조,맑음,단일로 - 기타,승용,여,46세,상해없음,이륜,남,17세,경상
2014041000100576,2014년 4월 10일 23시,목요일,전라남도 광양시 금호동,중상사고,0,1,0,0,차대차 - 기타,중앙선침범,건조,맑음,단일로 - 기타,자전거,남,17세,중상,승용,여,23세,상해없음
2014041100100023,2014년 4월 11일 01시,금요일,전라남도 광양시 광영동,경상사고,0,0,1,0,차대차 - 추돌 - 진행중,안전운전불이행,건조,맑음,단일로 - 기타,기타불명,기타불명,기타불명,기타불명,승용,남,19세,경상
2014041100100068,2014년 4월 11일 06시,금요일,전라남도 해남군 문내면,중상사고,0,2,0,0,차대사람 - 기타,안전운전불이행,기타,기타,기타 - 기타,화물,남,75세,상해없음,보행자,여,76세,중상
2014041100100088,2014년 4월 11일 07시,금요일,전라남도 목포시 옥암동,경상사고,0,0,1,0,차대차 - 측면직각충돌,안전운전불이행,건조,맑음,교차로 - 교차로안,승용,남,42세,상해없음,자전거,남,35세,경상
2014041100100089,2014년 4월 11일 07시,금요일,전라남도 목포시 죽교동,경상사고,0,0,1,0,차대사람 - 길가장자리구역통행중,안전운전불이행,건조,맑음,단일로 - 기타,승용,여,40세,상해없음,보행자,여,12세,경상
2014041100100090,2014년 4월 11일 07시,금요일,전라남도 장흥군 대덕읍,경상사고,0,0,1,0,차대차 - 기타,안전운전불이행,건조,맑음,단일로 - 기타,화물,남,66세,상해없음,승합,남,63세,상해없음
2014041100100091,2014년 4월 11일 07시,금요일,전라남도 해남군 황산면,부상신고사고,0,0,0,1,차대차 - 기타,안전운전불이행,건조,맑음,교차로 - 교차로안,농기계,남,57세,부상신고,화물,남,59세,상해없음
2014041100100092,2014년 4월 11일 07시,금요일,전라남도 보성군 보성읍,중상사고,0,1,0,0,차대차 - 측면직각충돌,교차로운행방법위반,건조,맑음,교차로 - 교차로안,이륜,남,69세,중상,화물,남,40세,상해없음
2014041100100114,2014년 4월 11일 08시,금요일,전라남도 담양군 월산면,중상사고,0,1,1,0,차대차 - 추돌 - 진행중,안전거리미확보,건조,맑음,단일로 - 기타,승용,여,34세,상해없음,화물,남,57세,경상
2014041100100150,2014년 4월 11일 09시,금요일,전라남도 순천시 조례동,경상사고,0,0,1,0,차대차 - 추돌 - 주정차중,안전운전불이행,건조,맑음,교차로 - 교차로안,승용,여,33세,상해없음,승용,남,30세,경상
2014041100100167,2014년 4월 11일 10시,금요일,전라남도 나주시 공산면,경상사고,0,0,1,0,차대차 - 기타,안전운전불이행,기타,맑음,단일로 - 기타,화물,남,63세,상해없음,화물,남,43세,경상
2014041100100190,2014년 4월 11일 11시,금요일,전라남도 영광군 염산면,중상사고,0,1,0,0,차대차 - 기타,안전운전불이행,건조,맑음,교차로 - 교차로부근,이륜,남,84세,중상,화물,남,53세,기타불명
2014041100100191,2014년 4월 11일 11시,금요일,전라남도 곡성군 오곡면,부상신고사고,0,0,0,1,차대차 - 기타,안전운전불이행,건조,맑음,교차로 - 교차로부근,원동기,남,81세,부상신고,승용,남,31세,상해없음
2014041100100222,2014년 4월 11일 12시,금요일,전라남도 목포시 용당동,중상사고,0,1,0,0,차대차 - 기타,안전운전불이행,건조,맑음,단일로 - 기타,화물,여,48세,상해없음,자전거,남,68세,중상
2014041100100223,2014년 4월 11일 12시,금요일,전라남도 목포시 용해동,중상사고,0,1,0,0,차대사람 - 횡단중,안전운전불이행,건조,맑음,단일로 - 기타,승용,남,36세,상해없음,보행자,여,82세,중상
2014041100100224,2014년 4월 11일 12시,금요일,전라남도 여수시 신기동,부상신고사고,0,0,0,1,차대차 - 추돌 - 주정차중,안전운전불이행,건조,맑음,단일로 - 기타,이륜,남,83세,부상신고,승용,남,38세,상해없음
2014041100100254,2014년 4월 11일 13시,금요일,전라남도 목포시 상동,경상사고,0,0,1,0,차대차 - 기타,안전운전불이행,건조,맑음,단일로 - 기타,자전거,남,38세,경상,승용,여,63세,상해없음
2014041100100286,2014년 4월 11일 14시,금요일,전라남도 여수시 중앙동,부상신고사고,0,0,0,1,차대차 - 추돌 - 주정차중,안전운전불이행,건조,맑음,단일로 - 횡단보도부근,이륜,남,61세,부상신고,승용,남,38세,상해없음
2014041100100287,2014년 4월 11일 14시,금요일,전라남도 함평군 학교면,경상사고,0,0,3,0,차대차 - 측면직각충돌,안전운전불이행,건조,맑음,단일로 - 기타,승용,여,47세,경상,승용,남,69세,경상
2014041100100288,2014년 4월 11일 14시,금요일,전라남도 무안군 일로읍,경상사고,0,0,2,0,차대사람 - 횡단중,안전운전불이행,건조,맑음,단일로 - 기타,이륜,남,68세,경상,보행자,여,67세,경상
2014041100100322,2014년 4월 11일 15시,금요일,전라남도 여수시 여서동,중상사고,0,1,0,0,차대차 - 정면충돌,교차로운행방법위반,건조,맑음,교차로 - 교차로안,승용,남,31세,상해없음,승합,남,54세,상해없음
2014041100100353,2014년 4월 11일 16시,금요일,전라남도 여수시 돌산읍,경상사고,0,0,2,0,차대차 - 추돌 - 주정차중,안전운전불이행,건조,맑음,교차로 - 교차로부근,승용,남,73세,상해없음,승용,남,29세,경상
2014041100100354,2014년 4월 11일 16시,금요일,전라남도 해남군 해남읍,경상사고,0,0,3,0,차대차 - 기타,안전운전불이행,건조,맑음,단일로 - 기타,화물,남,71세,경상,화물,남,61세,상해없음
2014041100100355,2014년 4월 11일 16시,금요일,전라남도 진도군 고군면,중상사고,0,1,0,0,차대차 - 기타,안전운전불이행,건조,맑음,단일로 - 기타,건설기계,남,49세,상해없음,농기계,남,82세,중상
2014041100100391,2014년 4월 11일 17시,금요일,전라남도 고흥군 도양읍,경상사고,0,0,1,0,차대사람 - 보도통행중,보행자보호의무위반,건조,맑음,교차로 - 교차로부근,승용,남,57세,상해없음,보행자,남,53세,경상
2014041100100392,2014년 4월 11일 17시,금요일,전라남도 영암군 삼호읍,경상사고,0,0,1,0,차대사람 - 기타,안전운전불이행,건조,맑음,단일로 - 기타,승용,남,41세,상해없음,보행자,남,16세,경상
2014041100100425,2014년 4월 11일 18시,금요일,전라남도 여수시 학동,경상사고,0,0,1,0,차대사람 - 횡단중,안전운전불이행,건조,맑음,단일로 - 기타,승용,남,59세,상해없음,보행자,남,9세,경상
2014041100100426,2014년 4월 11일 18시,금요일,전라남도 여수시 봉계동,경상사고,0,0,1,0,차대차 - 측면직각충돌,안전운전불이행,건조,맑음,교차로 - 교차로안,승용,여,36세,상해없음,승용,여,44세,경상
2014041100100427,2014년 4월 11일 18시,금요일,전라남도 영암군 삼호읍,경상사고,0,0,1,0,차대차 - 측면직각충돌,직진우회전진행방해,건조,맑음,교차로 - 교차로안,화물,남,46세,상해없음,승용,남,46세,상해없음
2014041100100520,2014년 4월 11일 20시,금요일,전라남도 신안군 압해읍,경상사고,0,0,2,1,차대차 - 기타,직진우회전진행방해,건조,기타,교차로 - 교차로안,화물,남,53세,부상신고,승용,남,30세,경상
2014041100100521,2014년 4월 11일 20시,금요일,전라남도 순천시 조례동,경상사고,0,0,3,0,차대차 - 추돌 - 주정차중,직진우회전진행방해,건조,맑음,교차로 - 교차로안,화물,남,45세,상해없음,승용,남,70세,경상
2014041100100560,2014년 4월 11일 21시,금요일,전라남도 순천시 연향동,경상사고,0,0,1,0,차대사람 - 보도통행중,신호위반,건조,맑음,교차로 - 교차로부근,승용,남,56세,상해없음,보행자,여,15세,경상
2014041100100600,2014년 4월 11일 22시,금요일,전라남도 여수시 여서동,경상사고,0,0,1,0,차대사람 - 기타,기타,건조,맑음,교차로 - 교차로부근,승용,남,58세,기타불명,보행자,여,49세,경상
2014041100100601,2014년 4월 11일 22시,금요일,전라남도 광양시 광양읍,부상신고사고,0,0,0,1,차대차 - 추돌 - 주정차중,안전운전불이행,건조,맑음,단일로 - 기타,기타불명,기타불명,기타불명,기타불명,화물,남,22세,부상신고
2014041100100639,2014년 4월 11일 23시,금요일,전라남도 화순군 화순읍,경상사고,0,0,1,0,차대차 - 추돌 - 주정차중,안전운전불이행,건조,맑음,단일로 - 기타,승용,남,46세,기타불명,승용,여,29세,경상