사고번호,사고일시,요일,시군구,사고내용,사망자수,중상자수,경상자수,부상신고자수,사고유형,법규위반,노면상태,기상상태,도로형태,가해운전자 차종,가해운전자 성별,가해운전자 연령,가해운전자 상해정도,피해운전자 차종,피해운전자 성별,피해운전자 연령,피해운전자 상해정도
2014041200100070,2014년 4월 12일 02시,토요일,전라남도 순천시 조례동,경상사고,0,0,1,0,차대차 - 기타,안전거리미확보,건조,맑음,교차로 - 교차로부근,승용,남,46세,상해없음,승용,여,51세,경상
2014041200100079,2014년 4월 12일 03시,토요일,전라남도 목포시 상동,경상사고,0,0,1,0,차대차 - 추돌 - 진행중,안전운전불이행,건조,맑음,교차로 - 교차로안,승용,남,27세,상해없음,원동기,남,16세,경상
2014041200100080,2014년 4월 12일 03시,토요일,전라남도 여수시 해산동,경상사고,0,0,1,0,차량단독 - 공작물충돌,안전운전불이행,건조,맑음,단일로 - 기타,승용,남,37세,경상,,,,
2014041200100099,2014년 4월 12일 04시,토요일,전라남도 여수시 봉산동,중상사고,0,1,0,0,차대사람 - 횡단중,안전운전불이행,건조,맑음,단일로 - 기타,승용,남,74세,상해없음,보행자,여,50세,중상
2014041200100112,2014년 4월 12일 05시,토요일,전라남도 목포시 상동,중상사고,0,2,0,0,차대차 - 기타,신호위반,건조,흐림,교차로 - 교차로안,승용,남,33세,상해없음,승용,남,55세,중상
2014041200100149,2014년 4월 12일 08시,토요일,전라남도 나주시 이창동,경상사고,0,0,1,0,차대차 - 기타,직진우회전진행방해,건조,맑음,교차로 - 교차로안,화물,남,30세,경상,화물,여,36세,상해없음
2014041200100150,2014년 4월 12일 08시,토요일,전라남도 영암군 영암읍,중상사고,0,2,1,0,차대차 - 측면직각충돌,신호위반,건조,맑음,교차로 - 교차로안,화물,남,26세,상해없음,승용,남,59세,중상
2014041200100173,2014년 4월 12일 09시,토요일,전라남도 목포시 용당동,경상사고,0,0,1,0,차대차 - 측면직각충돌,교차로운행방법위반,건조,맑음,교차로 - 교차로안,화물,남,42세,상해없음,승용,남,36세,경상
2014041200100174,2014년 4월 12일 09시,토요일,전라남도 보성군 미력면,중상사고,0,1,0,0,차대차 - 정면충돌,안전운전불이행,건조,맑음,단일로 - 기타,승용,여,49세,상해없음,화물,남,69세,중상
2014041200100301,2014년 4월 12일 13시,토요일,전라남도 목포시 상동,중상사고,0,1,0,0,차대차 - 측면직각충돌,안전운전불이행,건조,맑음,단일로 - 기타,화물,남,57세,상해없음,이륜,남,67세,중상
2014041200100302,2014년 4월 12일 13시,토요일,전라남도 목포시 죽교동,중상사고,0,1,1,0,차대차 - 측면직각충돌,안전운전불이행,건조,맑음,단일로 - 기타,이륜,남,31세,중상,승용,남,49세,경상
2014041200100303,2014년 4월 12일 13시,토요일,전라남도 순천시 연향동,경상사고,0,0,2,0,차대차 - 측면직각충돌,중앙선침범,건조,맑음,단일로 - 기타,승용,남,26세,상해없음,화물,남,55세,경상
2014041200100304,2014년 4월 12일 13시,토요일,전라남도 고흥군 두원면,중상사고,0,1,3,0,차대차 - 정면충돌,중앙선침범,건조,맑음,단일로 - 기타,승용,여,60세,중상,승용,남,60세,경상
2014041200100329,2014년 4월 12일 14시,토요일,전라남도 순천시 조례동,경상사고,0,0,1,0,차대차 - 측면직각충돌,안전운전불이행,건조,맑음,교차로 - 교차로부근,승용,남,42세,상해없음,자전거,남,8세,경상
2014041200100401,2014년 4월 12일 16시,토요일,전라남도 순천시 남정동,중상사고,0,1,0,0,차대사람 - 횡단중,신호위반,건조,맑음,단일로 - 횡단보도상,승용,남,45세,상해없음,보행자,남,7세,중상
2014041200100402,2014년 4월 12일 16시,토요일,전라남도 나주시 다시면,경상사고,0,0,1,0,차대사람 - 횡단중,안전운전불이행,건조,맑음,단일로 - 기타,승용,남,64세,상해없음,보행자,여,7세,경상
2014041200100403,2014년 4월 12일 16시,토요일,전라남도 화순군 능주면,중상사고,0,1,0,1,차량단독 - 공작물충돌,안전운전불이행,건조,맑음,단일로 - 기타,승용,여,55세,부상신고,,,,
2014041200100426,2014년 4월 12일 17시,토요일,전라남도 여수시 신기동,사망사고,1,0,5,0,차대차 - 추돌 - 진행중,안전운전불이행,건조,맑음,교차로 - 교차로부근,승용,남,46세,상해없음,승용,남,44세,경상
2014041200100461,2014년 4월 12일 18시,토요일,전라남도 무안군 무안읍,경상사고,0,0,1,0,차대차 - 측면직각충돌,안전운전불이행,건조,맑음,교차로 - 교차로안,이륜,남,65세,경상,승용,여,48세,상해없음
2014041200100499,2014년 4월 12일 19시,토요일,전라남도 목포시 산정동,중상사고,0,1,0,0,차대사람 - 기타,안전운전불이행,건조,맑음,교차로 - 교차로안,승용,남,52세,상해없음,보행자,여,77세,중상
2014041200100500,2014년 4월 12일 19시,토요일,전라남도 목포시 동명동,경상사고,0,0,2,0,차대차 - 추돌 - 주정차중,안전운전불이행,건조,맑음,단일로 - 기타,승용,남,56세,상해없음,승용,남,30세,경상
2014041200100525,2014년 4월 12일 20시,토요일,전라남도 담양군 수북면,경상사고,0,0,1,0,차대차 - 기타,안전운전불이행,건조,맑음,교차로 - 교차로안,기타불명,기타불명,기타불명,기타불명,화물,여,47세,경상
2014041200100554,2014년 4월 12일 21시,토요일,전라남도 광양시 중동,중상사고,0,1,0,0,차대사람 - 횡단중,안전운전불이행,건조,맑음,단일로 - 기타,승용,남,47세,상해없음,보행자,남,35세,중상
2014041200100610,2014년 4월 12일 23시,토요일,전라남도 목포시 산정동,경상사고,0,0,3,0,차대차 - 추돌 - 주정차중,안전운전불이행,건조,맑음,단일로 - 기타,승용,남,34세,상해없음,승용,남,30세,경상
2014041300100070,2014년 4월 13일 04시,일요일,전라남도 목포시 옥암동,경상사고,0,0,3,0,차대차 - 측면직각충돌,교차로운행방법위반,건조,맑음,교차로 - 교차로안,승용,여,31세,상해없음,승용,여,31세,경상
2014041300100071,2014년 4월 13일 04시,일요일,전라남도 순천시 석현동,경상사고,0,0,2,0,차대차 - 측면직각충돌,중앙선침범,습기,비,단일로 - 기타,승용,남,30세,경상,화물,남,50세,경상
2014041300100083,2014년 4월 13일 05시,일요일,전라남도 여수시 학동,경상사고,0,0,1,0,차대차 - 정면충돌,중앙선침범,건조,맑음,단일로 - 기타,승용,남,38세,상해없음,승합,남,40세,경상
2014041300100095,2014년 4월 13일 06시,일요일,전라남도 목포시 산정동,경상사고,0,0,1,0,차대차 - 측면직각충돌,교차로운행방법위반,습기,흐림,교차로 - 교차로안,승용,남,44세,상해없음,승용,남,60세,경상
2014041300100113,2014년 4월 13일 07시,일요일,전라남도 순천시 생목동,경상사고,0,0,1,0,차대차 - 추돌 - 주정차중,신호위반,건조,맑음,교차로 - 교차로안,승용,여,57세,상해없음,승용,남,51세,기타불명
2014041300100151,2014년 4월 13일 09시,일요일,전라남도 목포시 대성동,경상사고,0,0,1,0,차대차 - 추돌 - 진행중,안전거리미확보,건조,맑음,교차로 - 교차로안,화물,남,25세,상해없음,승용,남,80세,경상
2014041300100172,2014년 4월 13일 10시,일요일,전라남도 나주시 금천면,중상사고,0,1,1,0,차대차 - 측면직각충돌,안전운전불이행,습기,비,단일로 - 기타,승용,남,53세,상해없음,승용,남,59세,경상
2014041300100173,2014년 4월 13일 10시,일요일,전라남도 담양군 금성면,중상사고,0,1,0,0,차대차 - 기타,중앙선침범,습기,비,단일로 - 기타,승용,남,38세,상해없음,화물,남,61세,중상
2014041300100194,2014년 4월 13일 11시,일요일,전라남도 장흥군 안양면,중상사고,0,1,0,0,차량단독 - 공작물충돌,안전운전불이행,건조,맑음,교차로 - 교차로부근,화물,남,61세,중상,,,,
2014041300100221,2014년 4월 13일 12시,일요일,전라남도 순천시 동외동,중상사고,0,1,0,0,차대차 - 측면직각충돌,교차로운행방법위반,습기,비,교차로 - 교차로안,승용,남,61세,상해없음,원동기,남,51세,중상
2014041300100244,2014년 4월 13일 13시,일요일,전라남도 목포시 광동1가,중상사고,0,1,0,0,차대사람 - 횡단중,안전운전불이행,건조,맑음,단일로 - 기타,승합,남,53세,상해없음,보행자,여,72세,중상
2014041300100282,2014년 4월 13일 14시,일요일,전라남도 여수시 봉계동,경상사고,0,0,1,0,차대차 - 기타,안전운전불이행,습기,비,교차로 - 교차로부근,화물,남,42세,상해없음,승용,남,42세,경상
2014041300100325,2014년 4월 13일 15시,일요일,전라남도 목포시 상락동1가,경상사고,0,0,1,0,차대차 - 정면충돌,안전운전불이행,건조,흐림,단일로 - 기타,승용,남,75세,상해없음,승용,남,58세,기타불명
2014041300100326,2014년 4월 13일 15시,일요일,전라남도 화순군 이서면,경상사고,0,0,2,0,차대차 - 추돌 - 주정차중,안전운전불이행,건조,맑음,단일로 - 기타,승용,여,53세,상해없음,승용,남,59세,경상
2014041300100327,2014년 4월 13일 15시,일요일,전라남도 완도군 완도읍,중상사고,0,1,0,0,차대사람 - 횡단중,보행자보호의무위반,건조,맑음,단일로 - 기타,화물,남,24세,상해없음,보행자,여,65세,중상
2014041300100373,2014년 4월 13일 16시,일요일,전라남도 영광군 불갑면,중상사고,0,1,2,0,차대차 - 정면충돌,중앙선침범,건조,맑음,단일로 - 기타,승합,여,44세,중상,화물,남,53세,경상
2014041300100399,2014년 4월 13일 17시,일요일,전라남도 여수시 봉산동,경상사고,0,0,2,0,차대차 - 추돌 - 주정차중,안전운전불이행,건조,맑음,단일로 - 기타,승용,남,35세,상해없음,승용,남,32세,경상
2014041300100433,2014년 4월 13일 18시,일요일,전라남도 완도군 노화읍,경상사고,0,0,1,0,차대차 - 정면충돌,중앙선침범,건조,맑음,단일로 - 기타,화물,남,51세,상해없음,승용,남,52세,경상
2014041300100463,2014년 4월 13일 19시,일요일,전라남도 고흥군 동강면,경상사고,0,0,2,0,차대차 - 측면직각충돌,중앙선침범,건조,맑음,교차로 - 교차로안,화물,남,28세,상해없음,승용,남,49세,경상
2014041300100464,2014년 4월 13일 19시,일요일,전라남도 강진군 성전면,경상사고,0,0,5,0,차대차 - 측면직각충돌,교차로운행방법위반,건조,맑음,교차로 - 교차로안,승용,남,75세,경상,승용,여,34세,경상
2014041300100516,2014년 4월 13일 21시,일요일,전라남도 여수시 선원동,경상사고,0,0,2,0,차대차 - 측면직각충돌,안전운전불이행,건조,맑음,교차로 - 교차로안,승용,남,53세,상해없음,승용,남,26세,경상
2014041300100517,2014년 4월 13일 21시,일요일,전라남도 고흥군 고흥읍,중상사고,0,1,0,0,차대사람 - 기타,안전운전불이행,건조,맑음,교차로 - 교차로안,승용,여,24세,상해없음,보행자,여,53세,중상
2014041400100016,2014년 4월 14일 01시,월요일,전라남도 무안군 삼향읍,경상사고,0,0,1,0,차대차 - 정면충돌,직진우회전진행방해,건조,맑음,교차로 - 교차로안,승용,남,46세,상해없음,승용,남,41세,경상
2014041400100056,2014년 4월 14일 06시,월요일,전라남도 광양시 광양읍,경상사고,0,0,1,0,차대차 - 측면직각충돌,교차로운행방법위반,건조,맑음,교차로 - 교차로안,승용,남,57세,상해없음,승용,여,44세,경상
2014041400100088,2014년 4월 14일 07시,월요일,전라남도 영광군 영광읍,경상사고,0,0,2,0,차대차 - 측면직각충돌,중앙선침범,기타,안개,단일로 - 기타,승용,남,56세,상해없음,승용,남,62세,경상
2014041400100089,2014년 4월 14일 07시,월요일,전라남도 광양시 중동,경상사고,0,0,2,0,차대차 - 추돌 - 진행중,교차로운행방법위반,건조,맑음,교차로 - 교차로안,승용,남,33세,경상,승용,남,46세,경상
2014041400100155,2014년 4월 14일 09시,월요일,전라남도 나주시 금천면,중상사고,0,1,0,0,차량단독 - 전도전복,안전운전불이행,건조,맑음,교차로 - 교차로부근,화물,남,60세,중상,,,,
2014041400100186,2014년 4월 14일 10시,월요일,전라남도 여수시 소라면,경상사고,0,0,1,0,차량단독 - 기타,안전운전불이행,건조,맑음,단일로 - 기타,승합,남,54세,상해없음,,,,
2014041400100187,2014년 4월 14일 10시,월요일,전라남도 화순군 이양면,중상사고,0,2,0,0,차대차 - 측면직각충돌,직진우회전진행방해,건조,맑음,교차로 - 교차로안,화물,남,47세,상해없음,원동기,남,61세,중상
2014041400100226,2014년 4월 14일 11시,월요일,전라남도 순천시 왕지동,경상사고,0,0,1,0,차대차 - 기타,직진우회전진행방해,건조,맑음,교차로 - 교차로안,승합,여,40세,경상,화물,남,57세,상해없음
2014041400100227,2014년 4월 14일 11시,월요일,전라남도 나주시 성북동,중상사고,0,2,0,0,차대차 - 측면직각충돌,안전운전불이행,건조,맑음,교차로 - 교차로부근,승합,남,68세,상해없음,이륜,남,75세,중상
2014041400100260,2014년 4월 14일 12시,월요일,전라남도 여수시 웅천동,경상사고,0,0,1,0,차대차 - 추돌 - 주정차중,안전운전불이행,건조,맑음,단일로 - 기타,승용,남,21세,상해없음,승용,남,33세,상해없음
2014041400100295,2014년 4월 14일 13시,월요일,전라남도 목포시 대성동,경상사고,0,0,1,0,차대차 - 기타,기타,건조,맑음,기타 - 기타,자전거,여,67세,경상,승용,남,40세,상해없음
2014041400100296,2014년 4월 14일 13시,월요일,전라남도 완도군 군외면,사망사고,1,0,0,0,차대차 - 추돌 - 진행중,안전운전불이행,건조,맑음,단일로 - 기타,승합,남,64세,상해없음,이륜,남,74세,사망
2014041400100297,2014년 4월 14일 13시,월요일,전라남도 무안군 무안읍,경상사고,0,0,1,0,차대사람 - 기타,안전운전불이행,건조,맑음,교차로 - 교차로부근,승용,남,31세,상해없음,보행자,남,76세,경상
2014041400100320,2014년 4월 14일 14시,월요일,전라남도 목포시 상동,중상사고,0,1,0,0,차대사람 - 기타,안전운전불이행,건조,맑음,기타 - 기타,승합,남,33세,상해없음,보행자,남,10세,중상
2014041400100321,2014년 4월 14일 14시,월요일,전라남도 해남군 해남읍,경상사고,0,0,2,1,차대차 - 추돌 - 진행중,안전운전불이행,건조,맑음,단일로 - 기타,화물,남,47세,부상신고,건설기계,남,50세,경상
2014041400100357,2014년 4월 14일 15시,월요일,전라남도 목포시 상동,경상사고,0,0,1,0,차대차 - 기타,안전운전불이행,건조,맑음,기타 - 기타,화물,남,59세,상해없음,원동기,남,31세,경상
2014041400100358,2014년 4월 14일 15시,월요일,전라남도 나주시 남외동,중상사고,0,1,1,0,차대차 - 측면직각충돌,안전운전불이행,건조,맑음,단일로 - 기타,승용,여,32세,상해없음,이륜,여,47세,중상
2014041400100359,2014년 4월 14일 15시,월요일,전라남도 나주시 노안면,중상사고,0,1,0,0,차대사람 - 기타,안전운전불이행,건조,맑음,단일로 - 기타,승합,남,52세,상해없음,보행자,여,76세,중상
2014041400100394,2014년 4월 14일 16시,월요일,전라남도 여수시 율촌면,부상신고사고,0,0,0,1,차량단독 - 전도전복,안전운전불이행,건조,맑음,기타 - 기타,화물,남,54세,부상신고,,,,
2014041400100395,2014년 4월 14일 16시,월요일,전라남도 장성군 동화면,중상사고,0,1,1,0,차대차 - 측면직각충돌,안전운전불이행,건조,맑음,교차로 - 교차로안,승용,남,31세,경상,승용,남,39세,중상
2014041400100436,2014년 4월 14일 17시,월요일,전라남도 광양시 광양읍,중상사고,0,1,0,0,차대차 - 측면직각충돌,안전거리미확보,건조,맑음,단일로 - 기타,승용,남,19세,상해없음,승용,여,36세,중상
2014041400100476,2014년 4월 14일 18시,월요일,전라남도 순천시 서면,경상사고,0,0,2,0,차대차 - 측면직각충돌,안전운전불이행,건조,맑음,교차로 - 교차로부근,승용,여,54세,상해없음,승용,여,34세,경상
2014041400100477,2014년 4월 14일 18시,월요일,전라남도 나주시 남평읍,중상사고,0,1,0,0,차량단독 - 공작물충돌,안전운전불이행,건조,맑음,단일로 - 기타,승용,남,35세,중상,,,,
2014041400100478,2014년 4월 14일 18시,월요일,전라남도 보성군 보성읍,중상사고,0,1,0,0,차대사람 - 기타,안전운전불이행,건조,맑음,단일로 - 기타,화물,남,64세,상해없음,보행자,남,46세,중상
2014041400100479,2014년 4월 14일 18시,월요일,전라남도 광양시 중동,경상사고,0,0,1,0,차대사람 - 횡단중,안전운전불이행,건조,맑음,단일로 - 횡단보도상,승용,남,46세,상해없음,보행자,남,9세,경상
2014041400100520,2014년 4월 14일 19시,월요일,전라남도 목포시 상동,경상사고,0,0,2,0,차대차 - 측면직각충돌,안전운전불이행,건조,맑음,교차로 - 교차로부근,승용,여,48세,상해없음,자전거,남,14세,경상
2014041400100521,2014년 4월 14일 19시,월요일,전라남도 순천시 조례동,경상사고,0,0,2,1,차대차 - 기타,안전운전불이행,건조,맑음,단일로 - 기타,승합,남,56세,상해없음,화물,남,54세,상해없음
2014041400100522,2014년 4월 14일 19시,월요일,전라남도 고흥군 남양면,중상사고,0,2,1,0,차대차 - 측면직각충돌,차로위반,건조,맑음,단일로 - 기타,화물,남,50세,상해없음,승용,남,70세,상해없음
2014041400100554,2014년 4월 14일 20시,월요일,전라남도 해남군 옥천면,경상사고,0,0,2,0,차량단독 - 전도전복,안전운전불이행,건조,맑음,단일로 - 기타,승합,남,34세,상해없음,,,,
2014041400100575,2014년 4월 14일 21시,월요일,전라남도 화순군 화순읍,경상사고,0,0,1,0,차대차 - 정면충돌,안전운전불이행,건조,맑음,단일로 - 기타,승용,남,62세,상해없음,원동기,남,19세,경상
2014041500100014,2014년 4월 15일 00시,화요일,전라남도 영암군 삼호읍,경상사고,0,0,1,0,차량단독 - 공작물충돌,안전운전불이행,건조,맑음,단일로 - 기타,승용,남,44세,경상,,,,
2014041500100031,2014년 4월 15일 01시,화요일,전라남도 목포시 산정동,경상사고,0,0,1,0,차대사람 - 기타,안전운전불이행,건조,맑음,기타 - 기타,승용,남,30세,상해없음,보행자,남,62세,경상
2014041500100054,2014년 4월 15일 04시,화요일,전라남도 광양시 광양읍,경상사고,0,0,1,0,차대차 - 추돌 - 주정차중,안전운전불이행,기타,안개,교차로 - 교차로부근,승용,남,38세,상해없음,화물,남,52세,경상
2014041500100096,2014년 4월 15일 07시,화요일,전라남도 나주시 용산동,중상사고,0,1,0,0,차대차 - 측면직각충돌,신호위반,건조,맑음,교차로 - 교차로안,승용,남,67세,상해없음,승합,여,44세,중상
2014041500100097,2014년 4월 15일 07시,화요일,전라남도 나주시 송월동,경상사고,0,0,1,0,차대차 - 기타,안전운전불이행,건조,맑음,교차로 - 교차로부근,승용,남,49세,상해없음,자전거,여,54세,경상
2014041500100098,2014년 4월 15일 07시,화요일,전라남도 해남군 해남읍,중상사고,0,1,0,0,차대차 - 기타,안전운전불이행,건조,맑음,교차로 - 교차로안,승용,여,32세,상해없음,원동기,남,65세,중상
2014041500100157,2014년 4월 15일 08시,화요일,전라남도 강진군 강진읍,경상사고,0,0,3,0,차대차 - 기타,교차로운행방법위반,건조,맑음,교차로 - 교차로안,화물,남,29세,상해없음,승용,여,41세,경상
2014041500100158,2014년 4월 15일 08시,화요일,전라남도 곡성군 옥과면,중상사고,0,1,0,0,차대차 - 기타,안전운전불이행,건조,맑음,교차로 - 교차로안,승용,남,47세,상해없음,승용,여,39세,중상
2014041500100217,2014년 4월 15일 10시,화요일,전라남도 영암군 영암읍,경상사고,0,0,1,0,차대차 - 측면직각충돌,신호위반,건조,맑음,교차로 - 교차로안,화물,남,49세,상해없음,원동기,남,73세,경상
2014041500100218,2014년 4월 15일 10시,화요일,전라남도 무안군 현경면,중상사고,0,1,0,0,차대차 - 기타,안전운전불이행,건조,맑음,교차로 - 교차로안,화물,남,64세,상해없음,이륜,남,73세,중상
2014041500100291,2014년 4월 15일 13시,화요일,전라남도 진도군 진도읍,중상사고,0,1,0,0,차대차 - 기타,교차로운행방법위반,건조,맑음,교차로 - 교차로안,승용,여,52세,상해없음,이륜,남,74세,중상
2014041500100322,2014년 4월 15일 14시,화요일,전라남도 담양군 수북면,중상사고,0,1,3,0,차대차 - 기타,안전운전불이행,건조,맑음,교차로 - 교차로부근,승용,남,49세,상해없음,승용,여,51세,경상
2014041500100323,2014년 4월 15일 14시,화요일,전라남도 담양군 대전면,경상사고,0,0,1,0,차대차 - 기타,안전운전불이행,건조,맑음,교차로 - 교차로안,화물,여,55세,상해없음,승용,남,80세,상해없음
2014041500100374,2014년 4월 15일 16시,화요일,전라남도 목포시 상동,경상사고,0,0,1,0,차대차 - 측면직각충돌,신호위반,건조,맑음,교차로 - 교차로안,승용,여,65세,상해없음,승용,여,52세,경상
2014041500100375,2014년 4월 15일 16시,화요일,전라남도 고흥군 고흥읍,중상사고,0,1,0,0,차대사람 - 기타,안전운전불이행,건조,맑음,단일로 - 기타,승용,여,34세,상해없음,보행자,남,10세,중상
2014041500100376,2014년 4월 15일 16시,화요일,전라남도 해남군 해남읍,중상사고,0,1,0,0,차대사람 - 기타,안전운전불이행,건조,맑음,기타 - 기타,승합,남,36세,상해없음,보행자,남,72세,중상
2014041500100377,2014년 4월 15일 16시,화요일,전라남도 강진군 강진읍,경상사고,0,0,1,0,차대사람 - 기타,안전운전불이행,건조,맑음,단일로 - 기타,승용,남,60세,상해없음,보행자,남,48세,경상
2014041500100408,2014년 4월 15일 17시,화요일,전라남도 구례군 토지면,부상신고사고,0,0,0,1,차대차 - 기타,중앙선침범,건조,맑음,단일로 - 기타,기타불명,기타불명,기타불명,기타불명,승합,남,59세,상해없음
2014041500100444,2014년 4월 15일 18시,화요일,전라남도 무안군 무안읍,중상사고,0,1,1,0,차대차 - 기타,안전거리미확보,건조,맑음,단일로 - 기타,화물,남,38세,상해없음,승용,남,33세,중상
2014041500100445,2014년 4월 15일 18시,화요일,전라남도 광양시 광양읍,경상사고,0,0,1,0,차대차 - 측면직각충돌,안전운전불이행,건조,흐림,기타 - 기타,화물,남,26세,상해없음,승용,남,38세,경상
2014041500100479,2014년 4월 15일 19시,화요일,전라남도 장흥군 관산읍,중상사고,0,1,0,0,차대차 - 기타,안전운전불이행,건조,맑음,교차로 - 교차로부근,승용,여,53세,상해없음,원동기,남,58세,상해없음
2014041500100535,2014년 4월 15일 21시,화요일,전라남도 목포시 용당동,경상사고,0,0,1,0,차대차 - 측면직각충돌,중앙선침범,건조,맑음,단일로 - 횡단보도부근,승용,여,28세,상해없음,이륜,남,17세,경상
2014041500100536,2014년 4월 15일 21시,화요일,전라남도 강진군 성전면,경상사고,0,0,1,0,차량단독 - 공작물충돌,기타,건조,흐림,단일로 - 기타,승용,여,46세,경상,,,,
2014041500100569,2014년 4월 15일 22시,화요일,전라남도 목포시 상동,중상사고,0,1,0,0,차대차 - 기타,안전운전불이행,건조,맑음,교차로 - 교차로안,승용,남,58세,상해없음,자전거,남,67세,중상
2014041500100591,2014년 4월 15일 23시,화요일,전라남도 목포시 상동,경상사고,0,0,1,0,차대차 - 추돌 - 진행중,안전거리미확보,건조,맑음,교차로 - 교차로부근,승합,남,47세,상해없음,이륜,남,43세,경상
2014041600100010,2014년 4월 16일 00시,수요일,전라남도 순천시 조례동,중상사고,0,3,1,0,차대차 - 측면직각충돌,직진우회전진행방해,건조,맑음,교차로 - 교차로안,승용,남,22세,상해없음,승용,남,44세,중상
2014041600100022,2014년 4월 16일 01시,수요일,전라남도 광양시 중동,경상사고,0,0,2,0,차대차 - 측면직각충돌,교차로운행방법위반,건조,맑음,교차로 - 교차로안,승용,남,44세,경상,화물,남,33세,경상
2014041600100057,2014년 4월 16일 05시,수요일,전라남도 여수시 오림동,중상사고,0,1,0,0,차량단독 - 공작물충돌,안전운전불이행,건조,맑음,교차로 - 교차로부근,승용,남,23세,중상,,,,
2014041600100073,2014년 4월 16일 06시,수요일,전라남도 무안군 삼향읍,경상사고,0,0,3,0,차대차 - 기타,신호위반,건조,맑음,교차로 - 교차로안,승용,남,29세,상해없음,승용,남,49세,경상
2014041600100090,2014년 4월 16일 07시,수요일,전라남도 강진군 마량면,경상사고,0,0,1,0,차대차 - 측면직각충돌,교차로운행방법위반,건조,흐림,교차로 - 교차로안,승용,여,42세,상해없음,원동기,남,67세,경상
2014041600100122,2014년 4월 16일 08시,수요일,전라남도 장성군 장성읍,경상사고,0,0,1,0,차량단독 - 도로외이탈 - 기타,안전운전불이행,건조,맑음,단일로 - 기타,승용,남,73세,경상,,,,
2014041600100185,2014년 4월 16일 10시,수요일,전라남도 순천시 서면,경상사고,0,0,1,0,차대차 - 측면직각충돌,안전운전불이행,건조,맑음,단일로 - 기타,승용,남,35세,상해없음,승용,남,41세,경상
2014041600100186,2014년 4월 16일 10시,수요일,전라남도 강진군 성전면,경상사고,0,0,1,0,차대차 - 측면직각충돌,안전운전불이행,건조,맑음,단일로 - 기타,승용,남,51세,상해없음,자전거,남,74세,경상
2014041600100206,2014년 4월 16일 11시,수요일,전라남도 순천시 연향동,경상사고,0,0,1,0,차대사람 - 보도통행중,신호위반,건조,맑음,교차로 - 교차로부근,승용,여,47세,상해없음,보행자,남,35세,경상
2014041600100207,2014년 4월 16일 11시,수요일,전라남도 영광군 영광읍,중상사고,0,1,0,0,차대차 - 기타,안전운전불이행,건조,맑음,단일로 - 기타,화물,남,39세,상해없음,이륜,남,66세,중상
2014041600100260,2014년 4월 16일 13시,수요일,전라남도 고흥군 고흥읍,경상사고,0,0,1,0,차대사람 - 기타,안전운전불이행,건조,맑음,단일로 - 횡단보도상,화물,남,26세,상해없음,보행자,남,83세,경상
2014041600100287,2014년 4월 16일 14시,수요일,전라남도 목포시 상동,경상사고,0,0,1,0,차대차 - 측면직각충돌,안전운전불이행,건조,맑음,교차로 - 교차로부근,승용,남,63세,상해없음,자전거,여,63세,경상
2014041600100288,2014년 4월 16일 14시,수요일,전라남도 담양군 대전면,중상사고,0,1,0,0,차대사람 - 기타,안전운전불이행,건조,맑음,단일로 - 기타,승용,남,59세,상해없음,보행자,남,52세,중상
2014041600100289,2014년 4월 16일 14시,수요일,전라남도 곡성군 곡성읍,중상사고,0,1,0,0,차대차 - 기타,안전운전불이행,건조,맑음,단일로 - 기타,승용,여,56세,상해없음,자전거,남,71세,중상
2014041600100317,2014년 4월 16일 15시,수요일,전라남도 여수시 소라면,부상신고사고,0,0,0,1,차대차 - 측면직각충돌,중앙선침범,건조,맑음,교차로 - 교차로안,자전거,남,49세,부상신고,화물,남,53세,상해없음
2014041600100318,2014년 4월 16일 15시,수요일,전라남도 순천시 장천동,사망사고,1,0,0,0,차대사람 - 횡단중,안전운전불이행,건조,맑음,단일로 - 기타,화물,남,52세,상해없음,보행자,여,72세,사망
2014041600100319,2014년 4월 16일 15시,수요일,전라남도 나주시 토계동,중상사고,0,1,1,0,차대차 - 기타,직진우회전진행방해,건조,맑음,교차로 - 교차로안,승용,남,32세,경상,승용,남,46세,중상
2014041600100353,2014년 4월 16일 16시,수요일,전라남도 광양시 중동,중상사고,0,1,0,0,차대차 - 측면직각충돌,직진우회전진행방해,건조,맑음,교차로 - 교차로안,승용,남,43세,중상,승합,여,36세,상해없음
2014041600100393,2014년 4월 16일 17시,수요일,전라남도 해남군 해남읍,경상사고,0,0,2,1,차량단독 - 공작물충돌,안전운전불이행,건조,맑음,단일로 - 기타,화물,남,38세,부상신고,,,,
2014041600100437,2014년 4월 16일 18시,수요일,전라남도 목포시 용당동,경상사고,0,0,2,1,차대차 - 추돌 - 주정차중,안전운전불이행,건조,맑음,교차로 - 교차로부근,승용,여,19세,부상신고,승합,남,50세,경상
2014041600100438,2014년 4월 16일 18시,수요일,전라남도 여수시 율촌면,경상사고,0,0,3,0,차대차 - 기타,차로위반,건조,맑음,단일로 - 기타,화물,남,50세,상해없음,승용,여,21세,경상
2014041600100439,2014년 4월 16일 18시,수요일,전라남도 구례군 구례읍,경상사고,0,0,1,0,차대사람 - 횡단중,안전운전불이행,건조,맑음,단일로 - 기타,승용,남,53세,상해없음,보행자,여,3세,경상