사고번호,사고일시,요일,시군구,사고내용,사망자수,중상자수,경상자수,부상신고자수,사고유형,법규위반,노면상태,기상상태,도로형태,가해운전자 차종,가해운전자 성별,가해운전자 연령,가해운전자 상해정도,피해운전자 차종,피해운전자 성별,피해운전자 연령,피해운전자 상해정도
2014041600100472,2014년 4월 16일 19시,수요일,전라남도 여수시 문수동,경상사고,0,0,1,0,차대사람 - 횡단중,안전운전불이행,건조,맑음,단일로 - 기타,원동기,남,18세,상해없음,보행자,남,41세,경상
2014041600100473,2014년 4월 16일 19시,수요일,전라남도 순천시 조례동,부상신고사고,0,0,0,1,차대차 - 기타,안전운전불이행,건조,맑음,단일로 - 기타,이륜,남,47세,부상신고,승용,남,30세,상해없음
2014041600100507,2014년 4월 16일 20시,수요일,전라남도 목포시 대양동,경상사고,0,0,2,0,차대차 - 측면직각충돌,안전거리미확보,건조,맑음,단일로 - 기타,승용,남,64세,상해없음,승합,남,55세,경상
2014041600100508,2014년 4월 16일 20시,수요일,전라남도 여수시 화장동,경상사고,0,0,1,0,차대차 - 추돌 - 주정차중,안전운전불이행,건조,맑음,교차로 - 교차로부근,승용,남,37세,상해없음,승용,남,52세,경상
2014041600100545,2014년 4월 16일 21시,수요일,전라남도 순천시 덕월동,경상사고,0,0,1,0,차대차 - 추돌 - 주정차중,안전운전불이행,건조,맑음,단일로 - 기타,화물,남,31세,상해없음,화물,남,28세,경상
2014041600100546,2014년 4월 16일 21시,수요일,전라남도 광양시 금호동,경상사고,0,0,2,0,차대차 - 추돌 - 주정차중,안전운전불이행,건조,맑음,단일로 - 기타,승용,남,24세,상해없음,승용,남,61세,경상
2014041600100603,2014년 4월 16일 23시,수요일,전라남도 여수시 여서동,경상사고,0,0,1,0,차대차 - 측면직각충돌,안전운전불이행,건조,맑음,교차로 - 교차로안,승용,남,34세,상해없음,승용,여,57세,상해없음
2014041700100013,2014년 4월 17일 00시,목요일,전라남도 영암군 삼호읍,중상사고,0,1,2,0,차대차 - 추돌 - 진행중,안전운전불이행,건조,맑음,단일로 - 기타,승용,남,24세,중상,승용,여,44세,경상
2014041700100026,2014년 4월 17일 01시,목요일,전라남도 영광군 묘량면,경상사고,0,0,3,0,차량단독 - 공작물충돌,안전운전불이행,건조,맑음,단일로 - 기타,승용,남,24세,경상,,,,
2014041700100027,2014년 4월 17일 01시,목요일,전라남도 무안군 삼향읍,중상사고,0,3,0,0,차대차 - 측면직각충돌,교차로운행방법위반,건조,맑음,교차로 - 교차로안,승용,여,41세,기타불명,승용,남,40세,중상
2014041700100049,2014년 4월 17일 04시,목요일,전라남도 광양시 옥곡면,중상사고,0,1,0,0,차량단독 - 공작물충돌,안전운전불이행,건조,맑음,단일로 - 기타,화물,남,27세,중상,,,,
2014041700100069,2014년 4월 17일 06시,목요일,전라남도 목포시 용해동,중상사고,0,1,0,0,차량단독 - 기타,기타,건조,맑음,단일로 - 기타,화물,남,57세,상해없음,,,,
2014041700100070,2014년 4월 17일 06시,목요일,전라남도 목포시 석현동,경상사고,0,0,1,0,차대차 - 측면직각충돌,안전운전불이행,건조,맑음,단일로 - 기타,승용,남,31세,상해없음,승용,남,60세,경상
2014041700100162,2014년 4월 17일 09시,목요일,전라남도 순천시 해룡면,경상사고,0,0,1,0,차대차 - 측면직각충돌,신호위반,건조,맑음,교차로 - 교차로안,승합,남,50세,상해없음,승용,여,43세,경상
2014041700100163,2014년 4월 17일 09시,목요일,전라남도 광양시 옥곡면,경상사고,0,0,2,0,차대차 - 측면직각충돌,직진우회전진행방해,건조,맑음,교차로 - 교차로안,승용,남,36세,경상,승용,여,46세,경상
2014041700100188,2014년 4월 17일 10시,목요일,전라남도 무안군 무안읍,경상사고,0,0,3,0,차대차 - 측면직각충돌,직진우회전진행방해,건조,흐림,교차로 - 교차로안,화물,남,43세,경상,승용,여,51세,경상
2014041700100217,2014년 4월 17일 11시,목요일,전라남도 함평군 함평읍,경상사고,0,0,1,0,차대차 - 기타,안전운전불이행,건조,맑음,단일로 - 기타,화물,남,61세,상해없음,승용,남,54세,상해없음
2014041700100244,2014년 4월 17일 12시,목요일,전라남도 장흥군 장흥읍,중상사고,0,1,0,0,차대차 - 측면직각충돌,교차로운행방법위반,습기,비,교차로 - 교차로안,화물,남,67세,상해없음,원동기,남,71세,중상
2014041700100245,2014년 4월 17일 12시,목요일,전라남도 해남군 삼산면,경상사고,0,0,1,0,차대차 - 기타,중앙선침범,습기,비,단일로 - 기타,화물,남,47세,상해없음,승용,남,66세,경상
2014041700100268,2014년 4월 17일 13시,목요일,전라남도 순천시 서면,경상사고,0,0,1,1,차대차 - 측면직각충돌,안전거리미확보,습기,비,단일로 - 기타,승용,남,46세,상해없음,화물,남,25세,경상
2014041700100269,2014년 4월 17일 13시,목요일,전라남도 해남군 옥천면,경상사고,0,0,1,0,차량단독 - 공작물충돌,안전운전불이행,습기,비,단일로 - 기타,승용,남,39세,경상,,,,
2014041700100297,2014년 4월 17일 14시,목요일,전라남도 광양시 중동,중상사고,0,1,0,0,차량단독 - 기타,안전운전불이행,습기,비,교차로 - 교차로부근,승합,남,61세,상해없음,,,,
2014041700100364,2014년 4월 17일 16시,목요일,전라남도 무안군 삼향읍,중상사고,0,1,0,0,차대사람 - 횡단중,보행자보호의무위반,습기,비,교차로 - 교차로부근,승용,여,41세,상해없음,보행자,남,8세,중상
2014041700100399,2014년 4월 17일 17시,목요일,전라남도 순천시 해룡면,중상사고,0,1,0,0,차량단독 - 공작물충돌,안전운전불이행,습기,흐림,단일로 - 기타,승용,남,45세,중상,,,,
2014041700100400,2014년 4월 17일 17시,목요일,전라남도 순천시 주암면,경상사고,0,0,1,0,차대차 - 기타,안전운전불이행,습기,흐림,교차로 - 교차로부근,승용,여,38세,경상,화물,남,49세,상해없음
2014041700100401,2014년 4월 17일 17시,목요일,전라남도 해남군 해남읍,경상사고,0,0,1,0,차대사람 - 횡단중,보행자보호의무위반,습기,비,교차로 - 교차로안,승합,남,74세,상해없음,보행자,남,39세,경상
2014041700100402,2014년 4월 17일 17시,목요일,전라남도 광양시 중동,경상사고,0,0,2,0,차대차 - 기타,신호위반,습기,비,단일로 - 기타,승용,남,51세,상해없음,승용,남,31세,경상
2014041700100513,2014년 4월 17일 19시,목요일,전라남도 목포시 옥암동,중상사고,0,1,0,0,차대사람 - 기타,안전운전불이행,습기,비,단일로 - 기타,승용,남,47세,상해없음,보행자,남,43세,중상
2014041700100514,2014년 4월 17일 19시,목요일,전라남도 영광군 염산면,경상사고,0,0,1,0,차대차 - 정면충돌,중앙선침범,습기,비,단일로 - 기타,화물,남,53세,상해없음,화물,남,68세,경상
2014041700100581,2014년 4월 17일 20시,목요일,전라남도 목포시 대양동,경상사고,0,0,1,0,차대차 - 추돌 - 주정차중,안전운전불이행,습기,비,교차로 - 교차로부근,승용,남,45세,상해없음,승용,남,58세,경상
2014041700100582,2014년 4월 17일 20시,목요일,전라남도 순천시 조곡동,부상신고사고,0,0,0,1,차대차 - 측면직각충돌,교차로운행방법위반,습기,비,교차로 - 교차로안,화물,기타불명,기타불명,기타불명,승용,남,67세,부상신고
2014041700100583,2014년 4월 17일 20시,목요일,전라남도 순천시 용당동,경상사고,0,0,1,0,차대차 - 측면직각충돌,보행자보호의무위반,습기,비,단일로 - 횡단보도상,승용,여,57세,상해없음,승용,남,32세,상해없음
2014041700100584,2014년 4월 17일 20시,목요일,전라남도 고흥군 동강면,중상사고,0,1,1,0,차대차 - 추돌 - 진행중,안전운전불이행,습기,비,단일로 - 기타,화물,남,39세,경상,건설기계,남,47세,중상
2014041700100585,2014년 4월 17일 20시,목요일,전라남도 무안군 현경면,중상사고,0,3,0,0,차대차 - 추돌 - 진행중,안전운전불이행,습기,비,교차로 - 교차로부근,화물,남,56세,중상,승용,남,48세,중상
2014041700100647,2014년 4월 17일 21시,목요일,전라남도 순천시 조례동,경상사고,0,0,3,0,차대차 - 추돌 - 주정차중,안전운전불이행,습기,비,단일로 - 기타,승용,여,29세,상해없음,승용,남,27세,경상
2014041700100648,2014년 4월 17일 21시,목요일,전라남도 장성군 남면,경상사고,0,0,2,0,차대차 - 정면충돌,중앙선침범,건조,맑음,단일로 - 기타,승용,남,62세,상해없음,승용,여,53세,경상
2014041700100649,2014년 4월 17일 21시,목요일,전라남도 강진군 칠량면,경상사고,0,0,1,0,차대차 - 기타,안전운전불이행,습기,비,단일로 - 기타,화물,남,38세,상해없음,승용,여,56세,경상
2014041700100650,2014년 4월 17일 21시,목요일,전라남도 광양시 광양읍,경상사고,0,0,1,0,차대차 - 측면직각충돌,신호위반,습기,비,교차로 - 교차로안,승용,남,42세,상해없음,승용,여,47세,경상
2014041700100702,2014년 4월 17일 22시,목요일,전라남도 여수시 만흥동,경상사고,0,0,1,0,차대차 - 측면직각충돌,신호위반,습기,흐림,교차로 - 교차로안,승용,남,39세,상해없음,승용,남,21세,경상
2014041700100703,2014년 4월 17일 22시,목요일,전라남도 순천시 동외동,중상사고,0,1,0,0,차대사람 - 기타,안전운전불이행,습기,비,교차로 - 교차로안,승용,남,28세,상해없음,보행자,여,64세,중상
2014041800100040,2014년 4월 18일 02시,금요일,전라남도 목포시 상동,경상사고,0,0,1,0,차대차 - 기타,안전운전불이행,습기,비,단일로 - 기타,승용,남,34세,상해없음,승용,남,27세,경상
2014041800100041,2014년 4월 18일 02시,금요일,전라남도 순천시 연향동,중상사고,0,1,1,0,차대차 - 측면직각충돌,신호위반,습기,비,교차로 - 교차로안,승용,남,55세,상해없음,승용,여,61세,중상
2014041800100112,2014년 4월 18일 07시,금요일,전라남도 목포시 산정동,중상사고,0,1,0,0,차대사람 - 횡단중,신호위반,습기,비,단일로 - 횡단보도상,승용,남,60세,상해없음,보행자,남,15세,중상
2014041800100113,2014년 4월 18일 07시,금요일,전라남도 목포시 옥암동,경상사고,0,0,4,0,차대차 - 기타,신호위반,습기,비,교차로 - 교차로안,승용,남,48세,경상,승용,남,31세,경상
2014041800100114,2014년 4월 18일 07시,금요일,전라남도 영암군 삼호읍,경상사고,0,0,3,0,차대차 - 측면직각충돌,직진우회전진행방해,건조,맑음,교차로 - 교차로안,승용,남,18세,경상,화물,남,41세,상해없음
2014041800100142,2014년 4월 18일 08시,금요일,전라남도 목포시 용당동,중상사고,0,1,0,0,차대차 - 기타,안전운전불이행,습기,비,단일로 - 횡단보도상,승합,남,59세,상해없음,자전거,여,54세,중상
2014041800100143,2014년 4월 18일 08시,금요일,전라남도 해남군 화원면,경상사고,0,0,1,0,차대차 - 추돌 - 주정차중,안전운전불이행,건조,맑음,단일로 - 기타,이륜,남,65세,경상,화물,남,59세,상해없음
2014041800100170,2014년 4월 18일 09시,금요일,전라남도 목포시 산정동,중상사고,0,1,1,0,차대차 - 추돌 - 주정차중,중앙선침범,습기,비,단일로 - 기타,승용,남,31세,상해없음,승용,남,72세,상해없음
2014041800100171,2014년 4월 18일 09시,금요일,전라남도 나주시 이창동,경상사고,0,0,1,0,차대차 - 기타,안전운전불이행,건조,맑음,교차로 - 교차로부근,화물,남,33세,상해없음,원동기,남,29세,경상
2014041800100172,2014년 4월 18일 09시,금요일,전라남도 나주시 동강면,중상사고,0,2,1,0,차대차 - 정면충돌,중앙선침범,습기,비,단일로 - 기타,화물,남,64세,경상,승용,여,49세,중상
2014041800100173,2014년 4월 18일 09시,금요일,전라남도 보성군 율어면,경상사고,0,0,1,0,차량단독 - 전도전복,안전운전불이행,건조,맑음,단일로 - 기타,이륜,남,77세,경상,,,,
2014041800100193,2014년 4월 18일 10시,금요일,전라남도 강진군 칠량면,경상사고,0,0,2,0,차대차 - 추돌 - 주정차중,안전운전불이행,건조,흐림,교차로 - 교차로부근,화물,남,21세,상해없음,승용,남,47세,경상
2014041800100385,2014년 4월 18일 16시,금요일,전라남도 장성군 황룡면,경상사고,0,0,3,0,차대차 - 측면직각충돌,중앙선침범,건조,맑음,단일로 - 기타,승용,남,66세,경상,특수,여,42세,경상
2014041800100409,2014년 4월 18일 17시,금요일,전라남도 순천시 연향동,경상사고,0,0,1,0,차대사람 - 횡단중,보행자보호의무위반,건조,맑음,단일로 - 횡단보도상,승용,남,88세,상해없음,보행자,남,22세,경상
2014041800100410,2014년 4월 18일 17시,금요일,전라남도 화순군 동면,경상사고,0,0,1,0,차대차 - 기타,안전거리미확보,건조,맑음,단일로 - 기타,승용,여,55세,상해없음,화물,남,42세,상해없음
2014041800100482,2014년 4월 18일 19시,금요일,전라남도 목포시 산정동,경상사고,0,0,1,0,차대차 - 측면직각충돌,안전운전불이행,건조,맑음,단일로 - 기타,승용,남,22세,상해없음,이륜,남,18세,경상
2014041800100508,2014년 4월 18일 20시,금요일,전라남도 진도군 진도읍,중상사고,0,1,0,0,차량단독 - 전도전복,안전운전불이행,건조,맑음,단일로 - 기타,승용,남,56세,기타불명,,,,
2014041800100509,2014년 4월 18일 20시,금요일,전라남도 광양시 광양읍,사망사고,1,0,0,0,차대사람 - 횡단중,보행자보호의무위반,건조,맑음,교차로 - 교차로부근,승용,남,26세,상해없음,보행자,여,78세,사망
2014041800100537,2014년 4월 18일 21시,금요일,전라남도 목포시 옥암동,경상사고,0,0,1,0,차대차 - 측면직각충돌,안전운전불이행,건조,맑음,단일로 - 기타,승용,남,40세,상해없음,이륜,남,17세,경상
2014041800100594,2014년 4월 18일 23시,금요일,전라남도 여수시 둔덕동,중상사고,0,1,1,1,차대차 - 추돌 - 진행중,안전운전불이행,건조,맑음,기타 - 기타,승용,남,64세,상해없음,승용,남,43세,경상
2014041800100595,2014년 4월 18일 23시,금요일,전라남도 여수시 문수동,중상사고,0,1,0,0,차대차 - 측면직각충돌,신호위반,건조,맑음,교차로 - 교차로안,승용,남,24세,상해없음,원동기,남,24세,중상
2014041900100016,2014년 4월 19일 00시,토요일,전라남도 여수시 소호동,경상사고,0,0,1,0,차대차 - 기타,안전운전불이행,건조,맑음,단일로 - 기타,승용,남,59세,상해없음,이륜,남,19세,경상
2014041900100017,2014년 4월 19일 00시,토요일,전라남도 광양시 마동,중상사고,0,3,0,0,차량단독 - 공작물충돌,안전운전불이행,건조,맑음,교차로 - 교차로부근,승용,남,35세,중상,,,,
2014041900100033,2014년 4월 19일 01시,토요일,전라남도 광양시 성황동,경상사고,0,0,1,0,차량단독 - 공작물충돌,안전운전불이행,건조,맑음,단일로 - 기타,승용,남,53세,경상,,,,
2014041900100067,2014년 4월 19일 04시,토요일,전라남도 목포시 무안동,경상사고,0,0,1,0,차대차 - 측면직각충돌,안전운전불이행,습기,안개,단일로 - 기타,승용,남,30세,상해없음,화물,남,55세,경상
2014041900100092,2014년 4월 19일 06시,토요일,전라남도 구례군 구례읍,경상사고,0,0,1,0,차대차 - 기타,안전운전불이행,건조,맑음,단일로 - 기타,승용,남,33세,기타불명,승용,남,59세,경상
2014041900100123,2014년 4월 19일 08시,토요일,전라남도 고흥군 고흥읍,경상사고,0,0,1,0,차대사람 - 기타,보행자보호의무위반,건조,맑음,단일로 - 횡단보도상,승용,여,30세,상해없음,보행자,남,12세,경상
2014041900100124,2014년 4월 19일 08시,토요일,전라남도 장성군 황룡면,경상사고,0,0,2,0,차대차 - 기타,안전거리미확보,건조,맑음,단일로 - 기타,화물,남,70세,상해없음,승용,남,28세,경상
2014041900100125,2014년 4월 19일 08시,토요일,전라남도 광양시 광양읍,경상사고,0,0,1,0,차대차 - 측면직각충돌,안전운전불이행,건조,맑음,단일로 - 기타,승합,남,56세,상해없음,자전거,남,10세,경상
2014041900100153,2014년 4월 19일 09시,토요일,전라남도 목포시 상동,경상사고,0,0,1,0,차대사람 - 기타,기타,건조,맑음,단일로 - 기타,승합,남,63세,상해없음,보행자,여,70세,경상
2014041900100154,2014년 4월 19일 09시,토요일,전라남도 영암군 삼호읍,중상사고,0,1,3,0,차대차 - 기타,안전거리미확보,건조,맑음,교차로 - 교차로부근,승용,여,43세,경상,화물,남,46세,경상
2014041900100178,2014년 4월 19일 10시,토요일,전라남도 여수시 율촌면,중상사고,0,1,2,1,차대차 - 측면직각충돌,교차로운행방법위반,건조,맑음,교차로 - 교차로안,화물,남,68세,부상신고,승용,여,32세,경상
2014041900100203,2014년 4월 19일 11시,토요일,전라남도 순천시 중앙동,중상사고,0,1,1,0,차대차 - 기타,신호위반,건조,맑음,교차로 - 교차로부근,자전거,남,75세,중상,승용,남,49세,상해없음
2014041900100204,2014년 4월 19일 11시,토요일,전라남도 광양시 중동,경상사고,0,0,2,1,차대차 - 추돌 - 주정차중,안전운전불이행,건조,흐림,교차로 - 교차로부근,승용,남,54세,부상신고,승용,여,47세,경상
2014041900100229,2014년 4월 19일 12시,토요일,전라남도 강진군 강진읍,경상사고,0,0,3,0,차대차 - 측면직각충돌,직진우회전진행방해,건조,맑음,교차로 - 교차로안,승용,여,43세,경상,승용,남,40세,상해없음
2014041900100230,2014년 4월 19일 12시,토요일,전라남도 무안군 삼향읍,경상사고,0,0,5,0,차대차 - 측면직각충돌,직진우회전진행방해,건조,맑음,교차로 - 교차로안,승용,여,42세,경상,승용,남,65세,경상
2014041900100231,2014년 4월 19일 12시,토요일,전라남도 진도군 의신면,중상사고,0,1,0,0,차대사람 - 기타,안전운전불이행,건조,맑음,교차로 - 교차로부근,승용,남,36세,상해없음,보행자,남,72세,중상
2014041900100261,2014년 4월 19일 13시,토요일,전라남도 목포시 용당동,경상사고,0,0,5,0,차대차 - 측면직각충돌,직진우회전진행방해,건조,맑음,교차로 - 교차로안,이륜,남,18세,경상,승용,남,35세,경상
2014041900100286,2014년 4월 19일 14시,토요일,전라남도 담양군 담양읍,경상사고,0,0,1,0,차대차 - 측면직각충돌,신호위반,건조,맑음,교차로 - 교차로안,특수,남,40세,상해없음,화물,남,56세,경상
2014041900100391,2014년 4월 19일 17시,토요일,전라남도 장성군 동화면,중상사고,0,1,1,0,차대차 - 기타,신호위반,건조,맑음,교차로 - 교차로안,승용,남,56세,중상,승용,남,46세,경상
2014041900100414,2014년 4월 19일 18시,토요일,전라남도 곡성군 옥과면,중상사고,0,1,0,0,차대차 - 기타,안전운전불이행,건조,맑음,단일로 - 기타,화물,남,56세,상해없음,자전거,여,57세,중상
2014041900100445,2014년 4월 19일 19시,토요일,전라남도 여수시 학동,경상사고,0,0,2,0,차대차 - 측면직각충돌,안전운전불이행,건조,맑음,교차로 - 교차로안,화물,남,64세,상해없음,승용,여,30세,경상
2014041900100485,2014년 4월 19일 20시,토요일,전라남도 곡성군 입면,중상사고,0,1,0,0,차대사람 - 기타,안전운전불이행,건조,맑음,기타 - 기타,승용,여,47세,상해없음,보행자,여,71세,중상
2014041900100523,2014년 4월 19일 21시,토요일,전라남도 순천시 연향동,경상사고,0,0,2,0,차대차 - 기타,안전운전불이행,건조,맑음,교차로 - 교차로안,승용,남,41세,상해없음,승용,여,23세,경상
2014041900100545,2014년 4월 19일 22시,토요일,전라남도 목포시 산정동,중상사고,0,1,0,0,차대사람 - 차도통행중,안전운전불이행,건조,맑음,단일로 - 기타,승용,남,54세,상해없음,보행자,남,40세,중상
2014041900100546,2014년 4월 19일 22시,토요일,전라남도 여수시 오림동,사망사고,1,0,0,0,차대사람 - 횡단중,안전운전불이행,건조,맑음,단일로 - 기타,승합,남,51세,상해없음,보행자,남,78세,사망
2014041900100547,2014년 4월 19일 22시,토요일,전라남도 여수시 선원동,경상사고,0,0,1,0,차대차 - 측면직각충돌,안전운전불이행,건조,맑음,단일로 - 기타,승용,남,54세,상해없음,이륜,남,18세,경상
2014042000100048,2014년 4월 20일 02시,일요일,전라남도 순천시 상사면,경상사고,0,0,1,0,차대사람 - 기타,안전운전불이행,건조,맑음,단일로 - 기타,승용,남,47세,상해없음,보행자,여,71세,경상
2014042000100086,2014년 4월 20일 05시,일요일,전라남도 순천시 연향동,경상사고,0,0,2,0,차대차 - 추돌 - 주정차중,안전운전불이행,건조,맑음,교차로 - 교차로안,승용,남,26세,경상,승용,남,28세,경상
2014042000100110,2014년 4월 20일 07시,일요일,전라남도 진도군 군내면,경상사고,0,0,1,1,차대차 - 측면직각충돌,중앙선침범,건조,맑음,단일로 - 기타,승용,남,28세,상해없음,승합,남,48세,경상
2014042000100135,2014년 4월 20일 09시,일요일,전라남도 나주시 영산동,경상사고,0,0,3,0,차대차 - 기타,신호위반,건조,맑음,교차로 - 교차로안,승용,남,38세,상해없음,승용,남,57세,경상
2014042000100136,2014년 4월 20일 09시,일요일,전라남도 장흥군 대덕읍,중상사고,0,2,0,0,차대차 - 추돌 - 진행중,안전운전불이행,건조,맑음,단일로 - 기타,원동기,남,80세,중상,승용,남,74세,상해없음
2014042000100184,2014년 4월 20일 11시,일요일,전라남도 해남군 북평면,중상사고,0,1,0,0,차량단독 - 전도전복,기타,기타,맑음,단일로 - 기타,화물,남,48세,중상,,,,
2014042000100207,2014년 4월 20일 12시,일요일,전라남도 순천시 조례동,경상사고,0,0,1,0,차대차 - 측면직각충돌,교차로운행방법위반,건조,맑음,교차로 - 교차로안,승용,남,30세,상해없음,자전거,남,10세,경상
2014042000100233,2014년 4월 20일 13시,일요일,전라남도 영암군 삼호읍,경상사고,0,0,1,0,차대차 - 기타,신호위반,건조,맑음,교차로 - 교차로안,승용,남,67세,상해없음,승용,남,37세,상해없음
2014042000100259,2014년 4월 20일 14시,일요일,전라남도 영암군 신북면,경상사고,0,0,2,0,차대차 - 추돌 - 진행중,안전운전불이행,건조,맑음,교차로 - 교차로부근,승용,여,57세,상해없음,승용,남,65세,경상
2014042000100260,2014년 4월 20일 14시,일요일,전라남도 담양군 담양읍,경상사고,0,0,2,0,차대차 - 기타,안전운전불이행,건조,맑음,교차로 - 교차로안,승용,남,73세,상해없음,승용,남,30세,경상
2014042000100318,2014년 4월 20일 16시,일요일,전라남도 보성군 보성읍,경상사고,0,0,1,0,차대차 - 측면직각충돌,안전운전불이행,건조,맑음,교차로 - 교차로안,화물,남,53세,경상,승합,남,55세,상해없음
2014042000100351,2014년 4월 20일 17시,일요일,전라남도 목포시 상동,중상사고,0,1,2,0,차대차 - 기타,차로위반,건조,맑음,단일로 - 기타,승용,남,35세,경상,승용,여,59세,중상
2014042000100423,2014년 4월 20일 19시,일요일,전라남도 장흥군 관산읍,중상사고,0,4,0,0,차량단독 - 공작물충돌,안전운전불이행,건조,맑음,단일로 - 기타,화물,남,66세,중상,,,,
2014042000100424,2014년 4월 20일 19시,일요일,전라남도 무안군 삼향읍,중상사고,0,1,0,0,차대차 - 측면직각충돌,교차로운행방법위반,건조,맑음,교차로 - 교차로안,승용,남,38세,상해없음,이륜,남,17세,중상
2014042000100447,2014년 4월 20일 20시,일요일,전라남도 여수시 신기동,경상사고,0,0,1,0,차대차 - 측면직각충돌,안전운전불이행,건조,맑음,단일로 - 기타,원동기,남,19세,경상,승용,남,39세,상해없음
2014042100100020,2014년 4월 21일 02시,월요일,전라남도 여수시 선원동,경상사고,0,0,1,0,차대차 - 측면직각충돌,차로위반,건조,맑음,단일로 - 기타,승용,남,32세,상해없음,승용,남,24세,경상
2014042100100039,2014년 4월 21일 05시,월요일,전라남도 영광군 염산면,중상사고,0,2,1,0,차대차 - 측면직각충돌,직진우회전진행방해,건조,맑음,교차로 - 교차로안,화물,남,72세,상해없음,승용,남,45세,중상
2014042100100072,2014년 4월 21일 07시,월요일,전라남도 목포시 석현동,경상사고,0,0,1,0,차대사람 - 기타,안전운전불이행,건조,맑음,단일로 - 기타,승용,남,34세,상해없음,보행자,여,23세,경상
2014042100100073,2014년 4월 21일 07시,월요일,전라남도 목포시 석현동,경상사고,0,0,1,0,차대사람 - 기타,안전운전불이행,건조,맑음,단일로 - 기타,승합,남,54세,상해없음,보행자,남,15세,경상
2014042100100107,2014년 4월 21일 08시,월요일,전라남도 순천시 연향동,부상신고사고,0,0,0,1,차대사람 - 길가장자리구역통행중,안전운전불이행,건조,맑음,교차로 - 교차로안,승용,기타불명,기타불명,기타불명,보행자,여,14세,부상신고
2014042100100108,2014년 4월 21일 08시,월요일,전라남도 장성군 삼서면,중상사고,0,1,0,0,차대차 - 기타,안전운전불이행,건조,맑음,교차로 - 교차로안,화물,남,60세,상해없음,승용,여,56세,중상
2014042100100148,2014년 4월 21일 09시,월요일,전라남도 목포시 대의동1가,경상사고,0,0,1,0,차대차 - 측면직각충돌,신호위반,건조,맑음,교차로 - 교차로안,승합,남,57세,상해없음,이륜,남,67세,경상
2014042100100149,2014년 4월 21일 09시,월요일,전라남도 순천시 해룡면,경상사고,0,0,1,0,차대차 - 추돌 - 주정차중,안전운전불이행,건조,맑음,교차로 - 교차로부근,건설기계,남,54세,상해없음,승합,남,49세,경상
2014042100100150,2014년 4월 21일 09시,월요일,전라남도 영암군 덕진면,중상사고,0,1,0,0,차대차 - 추돌 - 진행중,기타,건조,맑음,교차로 - 교차로안,화물,여,64세,상해없음,이륜,남,80세,중상
2014042100100151,2014년 4월 21일 09시,월요일,전라남도 완도군 고금면,부상신고사고,0,0,0,1,차대사람 - 기타,안전운전불이행,건조,맑음,단일로 - 기타,화물,남,62세,상해없음,보행자,남,69세,부상신고
2014042100100182,2014년 4월 21일 10시,월요일,전라남도 목포시 산정동,경상사고,0,0,3,0,차대차 - 정면충돌,중앙선침범,건조,맑음,단일로 - 기타,승용,남,75세,상해없음,승용,여,46세,경상
2014042100100183,2014년 4월 21일 10시,월요일,전라남도 나주시 산포면,중상사고,0,1,0,0,차대사람 - 기타,안전운전불이행,건조,맑음,단일로 - 기타,승용,남,66세,상해없음,보행자,남,53세,중상
2014042100100208,2014년 4월 21일 11시,월요일,전라남도 영광군 영광읍,중상사고,0,1,0,0,차대차 - 기타,안전운전불이행,건조,맑음,단일로 - 기타,건설기계,남,47세,상해없음,이륜,남,68세,중상
2014042100100233,2014년 4월 21일 12시,월요일,전라남도 광양시 중동,경상사고,0,0,1,0,차대사람 - 차도통행중,안전운전불이행,건조,맑음,단일로 - 기타,승용,여,45세,상해없음,보행자,여,21세,경상
2014042100100260,2014년 4월 21일 13시,월요일,전라남도 순천시 생목동,경상사고,0,0,4,0,차대차 - 기타,안전거리미확보,건조,맑음,교차로 - 교차로부근,승용,여,45세,상해없음,승용,여,65세,경상
2014042100100261,2014년 4월 21일 13시,월요일,전라남도 고흥군 남양면,사망사고,1,0,0,0,차량단독 - 전도전복,안전운전불이행,건조,맑음,단일로 - 기타,건설기계,남,58세,사망,,,,
2014042100100262,2014년 4월 21일 13시,월요일,전라남도 해남군 삼산면,중상사고,0,1,0,0,차대차 - 측면직각충돌,기타,건조,맑음,단일로 - 기타,원동기,남,52세,중상,승용,남,74세,상해없음
2014042100100263,2014년 4월 21일 13시,월요일,전라남도 보성군 벌교읍,경상사고,0,0,1,0,차대차 - 기타,안전운전불이행,건조,맑음,단일로 - 기타,승용,여,34세,상해없음,자전거,남,53세,경상
2014042100100286,2014년 4월 21일 14시,월요일,전라남도 순천시 동외동,경상사고,0,0,1,0,차대차 - 측면직각충돌,직진우회전진행방해,건조,맑음,교차로 - 교차로안,승용,여,55세,상해없음,이륜,남,70세,경상
2014042100100287,2014년 4월 21일 14시,월요일,전라남도 나주시 동수동,경상사고,0,0,1,0,차대차 - 기타,안전운전불이행,건조,맑음,교차로 - 교차로안,승용,남,30세,상해없음,자전거,남,73세,경상
2014042100100288,2014년 4월 21일 14시,월요일,전라남도 나주시 다도면,경상사고,0,0,1,0,차대차 - 기타,안전운전불이행,건조,맑음,교차로 - 교차로안,승용,여,45세,상해없음,자전거,남,77세,경상
2014042100100384,2014년 4월 21일 17시,월요일,전라남도 순천시 주암면,중상사고,0,1,0,0,차대사람 - 기타,안전운전불이행,기타,맑음,단일로 - 기타,화물,남,65세,상해없음,보행자,여,77세,중상