사고번호,사고일시,요일,시군구,사고내용,사망자수,중상자수,경상자수,부상신고자수,사고유형,법규위반,노면상태,기상상태,도로형태,가해운전자 차종,가해운전자 성별,가해운전자 연령,가해운전자 상해정도,피해운전자 차종,피해운전자 성별,피해운전자 연령,피해운전자 상해정도
2014042100100385,2014년 4월 21일 17시,월요일,전라남도 나주시 송월동,경상사고,0,0,1,0,차대차 - 기타,안전운전불이행,건조,맑음,교차로 - 교차로안,승용,남,54세,상해없음,원동기,남,54세,경상
2014042100100415,2014년 4월 21일 18시,월요일,전라남도 담양군 담양읍,경상사고,0,0,1,0,차대차 - 기타,안전운전불이행,건조,맑음,단일로 - 기타,자전거,여,72세,경상,승용,남,55세,상해없음
2014042100100438,2014년 4월 21일 19시,월요일,전라남도 순천시 인제동,중상사고,0,2,0,0,차대차 - 기타,차로위반,건조,맑음,단일로 - 기타,화물,남,57세,상해없음,승용,남,24세,중상
2014042100100439,2014년 4월 21일 19시,월요일,전라남도 담양군 담양읍,중상사고,0,1,1,0,차대차 - 기타,안전운전불이행,건조,기타,교차로 - 교차로안,승용,남,32세,상해없음,이륜,남,24세,중상
2014042100100440,2014년 4월 21일 19시,월요일,전라남도 완도군 군외면,사망사고,1,0,0,0,차량단독 - 공작물충돌,안전운전불이행,건조,맑음,단일로 - 기타,승용,여,40세,사망,,,,
2014042100100441,2014년 4월 21일 19시,월요일,전라남도 무안군 삼향읍,경상사고,0,0,2,0,차대차 - 측면직각충돌,신호위반,건조,맑음,교차로 - 교차로안,승용,남,24세,상해없음,승용,남,32세,경상
2014042100100507,2014년 4월 21일 21시,월요일,전라남도 목포시 상동,경상사고,0,0,1,0,차대사람 - 기타,안전운전불이행,건조,맑음,단일로 - 기타,승용,남,39세,상해없음,보행자,남,68세,경상
2014042100100526,2014년 4월 21일 22시,월요일,전라남도 곡성군 옥과면,중상사고,0,1,5,0,차대차 - 기타,직진우회전진행방해,건조,맑음,교차로 - 교차로안,승용,남,53세,경상,승용,남,58세,경상
2014042100100549,2014년 4월 21일 23시,월요일,전라남도 광양시 광양읍,경상사고,0,0,1,0,차대사람 - 길가장자리구역통행중,안전운전불이행,건조,맑음,단일로 - 기타,승용,남,55세,상해없음,보행자,남,39세,경상
2014042200100043,2014년 4월 22일 04시,화요일,전라남도 목포시 산정동,경상사고,0,0,2,0,차대차 - 측면직각충돌,교차로운행방법위반,건조,맑음,교차로 - 교차로안,승용,남,72세,경상,승용,남,46세,경상
2014042200100094,2014년 4월 22일 07시,화요일,전라남도 여수시 율촌면,사망사고,1,0,0,0,차량단독 - 전도전복,안전운전불이행,건조,맑음,단일로 - 기타,원동기,남,73세,사망,,,,
2014042200100095,2014년 4월 22일 07시,화요일,전라남도 진도군 진도읍,중상사고,0,1,2,0,차대차 - 기타,중앙선침범,건조,맑음,단일로 - 기타,화물,남,47세,상해없음,화물,남,72세,경상
2014042200100135,2014년 4월 22일 08시,화요일,전라남도 화순군 화순읍,중상사고,0,1,0,0,차대차 - 측면직각충돌,차로위반,건조,맑음,단일로 - 기타,승용,여,40세,상해없음,원동기,남,61세,중상
2014042200100136,2014년 4월 22일 08시,화요일,전라남도 영암군 영암읍,경상사고,0,0,1,0,차대사람 - 보도통행중,안전운전불이행,건조,맑음,단일로 - 기타,승용,남,60세,상해없음,보행자,남,45세,경상
2014042200100137,2014년 4월 22일 08시,화요일,전라남도 무안군 삼향읍,경상사고,0,0,2,0,차대차 - 측면직각충돌,신호위반,건조,맑음,교차로 - 교차로안,승용,남,38세,경상,승용,남,31세,경상
2014042200100176,2014년 4월 22일 09시,화요일,전라남도 목포시 대성동,경상사고,0,0,1,0,차대사람 - 횡단중,보행자보호의무위반,건조,맑음,단일로 - 횡단보도상,승용,남,32세,상해없음,보행자,여,73세,경상
2014042200100177,2014년 4월 22일 09시,화요일,전라남도 순천시 풍덕동,경상사고,0,0,1,0,차대차 - 측면직각충돌,안전운전불이행,건조,맑음,교차로 - 교차로안,승합,남,38세,상해없음,승용,남,32세,경상
2014042200100178,2014년 4월 22일 09시,화요일,전라남도 나주시 금천면,경상사고,0,0,1,0,차량단독 - 공작물충돌,안전운전불이행,건조,맑음,교차로 - 교차로안,이륜,남,24세,경상,,,,
2014042200100270,2014년 4월 22일 13시,화요일,전라남도 나주시 산포면,경상사고,0,0,1,0,차대차 - 추돌 - 진행중,안전거리미확보,건조,맑음,미분류 - 미분류,승합,여,58세,상해없음,승용,여,45세,경상
2014042200100333,2014년 4월 22일 15시,화요일,전라남도 순천시 서면,경상사고,0,0,2,0,차대차 - 추돌 - 주정차중,안전운전불이행,건조,맑음,교차로 - 교차로부근,화물,남,60세,상해없음,화물,남,60세,경상
2014042200100334,2014년 4월 22일 15시,화요일,전라남도 무안군 현경면,경상사고,0,0,2,0,차대차 - 추돌 - 진행중,안전거리미확보,건조,맑음,단일로 - 기타,승용,여,56세,상해없음,승용,남,32세,경상
2014042200100335,2014년 4월 22일 15시,화요일,전라남도 진도군 진도읍,경상사고,0,0,1,0,차대차 - 추돌 - 진행중,안전운전불이행,건조,맑음,기타 - 기타,화물,남,56세,상해없음,승용,여,41세,경상
2014042200100389,2014년 4월 22일 17시,화요일,전라남도 목포시 연산동,경상사고,0,0,1,0,차대차 - 정면충돌,안전운전불이행,건조,맑음,단일로 - 기타,이륜,남,18세,경상,승용,남,71세,상해없음
2014042200100390,2014년 4월 22일 17시,화요일,전라남도 나주시 반남면,중상사고,0,1,0,0,차대차 - 기타,안전운전불이행,건조,맑음,교차로 - 교차로안,화물,남,71세,상해없음,이륜,남,72세,중상
2014042200100391,2014년 4월 22일 17시,화요일,전라남도 영광군 묘량면,경상사고,0,0,1,0,차대차 - 측면직각충돌,중앙선침범,건조,맑음,교차로 - 교차로안,화물,남,73세,상해없음,승합,남,44세,경상
2014042200100438,2014년 4월 22일 18시,화요일,전라남도 목포시 석현동,경상사고,0,0,2,0,차대차 - 추돌 - 주정차중,안전거리미확보,건조,맑음,단일로 - 기타,승용,남,59세,경상,화물,남,54세,상해없음
2014042200100439,2014년 4월 22일 18시,화요일,전라남도 목포시 산정동,경상사고,0,0,1,0,차대사람 - 기타,안전운전불이행,건조,맑음,단일로 - 기타,기타불명,기타불명,기타불명,기타불명,보행자,여,30세,경상
2014042200100440,2014년 4월 22일 18시,화요일,전라남도 목포시 상동,경상사고,0,0,7,0,차대차 - 기타,교차로운행방법위반,건조,맑음,교차로 - 교차로안,승용,남,51세,경상,승용,여,33세,경상
2014042200100441,2014년 4월 22일 18시,화요일,전라남도 순천시 연향동,경상사고,0,0,2,0,차대차 - 추돌 - 주정차중,안전운전불이행,건조,맑음,단일로 - 교량,승용,남,28세,경상,승용,남,55세,경상
2014042200100475,2014년 4월 22일 19시,화요일,전라남도 순천시 매곡동,경상사고,0,0,1,0,차대사람 - 기타,안전운전불이행,건조,맑음,단일로 - 기타,승용,여,62세,상해없음,보행자,여,22세,경상
2014042200100476,2014년 4월 22일 19시,화요일,전라남도 화순군 화순읍,경상사고,0,0,1,0,차대차 - 측면직각충돌,안전운전불이행,건조,맑음,교차로 - 교차로안,기타불명,기타불명,기타불명,기타불명,자전거,남,11세,경상
2014042200100508,2014년 4월 22일 20시,화요일,전라남도 순천시 연향동,경상사고,0,0,1,0,차대차 - 기타,안전운전불이행,건조,맑음,교차로 - 교차로안,승용,남,38세,상해없음,화물,남,42세,경상
2014042200100509,2014년 4월 22일 20시,화요일,전라남도 영광군 백수읍,경상사고,0,0,1,0,차대사람 - 길가장자리구역통행중,안전운전불이행,건조,맑음,교차로 - 교차로안,화물,남,59세,상해없음,보행자,남,52세,경상
2014042200100510,2014년 4월 22일 20시,화요일,전라남도 영암군 신북면,경상사고,0,0,2,0,차대차 - 추돌 - 주정차중,안전운전불이행,건조,맑음,교차로 - 교차로부근,승용,남,60세,상해없음,화물,남,50세,경상
2014042200100534,2014년 4월 22일 21시,화요일,전라남도 목포시 상동,경상사고,0,0,1,0,차대차 - 기타,안전운전불이행,건조,맑음,교차로 - 교차로부근,승용,남,32세,상해없음,승용,남,39세,경상
2014042200100535,2014년 4월 22일 21시,화요일,전라남도 여수시 미평동,경상사고,0,0,1,0,차대차 - 측면직각충돌,중앙선침범,건조,맑음,단일로 - 기타,승용,남,41세,상해없음,원동기,남,16세,경상
2014042200100536,2014년 4월 22일 21시,화요일,전라남도 나주시 남외동,경상사고,0,0,3,0,차대차 - 추돌 - 주정차중,안전운전불이행,건조,맑음,단일로 - 기타,승용,남,37세,경상,화물,남,40세,경상
2014042200100537,2014년 4월 22일 21시,화요일,전라남도 보성군 벌교읍,경상사고,0,0,1,0,차대차 - 정면충돌,중앙선침범,건조,맑음,단일로 - 기타,원동기,남,47세,경상,승용,남,40세,상해없음
2014042200100568,2014년 4월 22일 22시,화요일,전라남도 목포시 상동,중상사고,0,2,2,0,차대차 - 측면직각충돌,신호위반,건조,맑음,교차로 - 교차로안,승용,남,22세,상해없음,승용,남,27세,경상
2014042200100600,2014년 4월 22일 23시,화요일,전라남도 여수시 신기동,경상사고,0,0,4,0,차대차 - 기타,안전운전불이행,건조,맑음,단일로 - 기타,승용,남,35세,상해없음,승용,남,65세,경상
2014042300100016,2014년 4월 23일 00시,수요일,전라남도 순천시 해룡면,중상사고,0,1,1,0,차대차 - 측면직각충돌,중앙선침범,습기,흐림,단일로 - 기타,승용,남,68세,상해없음,화물,남,46세,중상
2014042300100072,2014년 4월 23일 05시,수요일,전라남도 목포시 동명동,경상사고,0,0,1,0,차대차 - 기타,중앙선침범,건조,맑음,단일로 - 기타,승용,남,55세,상해없음,승용,남,25세,경상
2014042300100082,2014년 4월 23일 06시,수요일,전라남도 목포시 용당동,경상사고,0,0,4,1,차대차 - 추돌 - 주정차중,안전운전불이행,건조,맑음,단일로 - 기타,승용,여,22세,부상신고,승용,남,38세,경상
2014042300100105,2014년 4월 23일 07시,수요일,전라남도 여수시 신기동,경상사고,0,0,1,0,차대차 - 측면직각충돌,교차로운행방법위반,건조,맑음,교차로 - 교차로안,승용,남,33세,상해없음,승용,남,44세,경상
2014042300100140,2014년 4월 23일 08시,수요일,전라남도 여수시 웅천동,경상사고,0,0,2,0,차대차 - 추돌 - 주정차중,안전운전불이행,건조,맑음,단일로 - 기타,승용,남,38세,상해없음,승합,남,61세,상해없음
2014042300100170,2014년 4월 23일 09시,수요일,전라남도 나주시 중앙동,경상사고,0,0,1,0,차대차 - 기타,안전운전불이행,건조,맑음,단일로 - 기타,승용,남,45세,상해없음,승용,남,40세,경상
2014042300100215,2014년 4월 23일 11시,수요일,전라남도 목포시 산정동,경상사고,0,0,1,0,차대차 - 측면직각충돌,안전운전불이행,건조,맑음,교차로 - 교차로안,자전거,남,77세,경상,승용,남,33세,상해없음
2014042300100216,2014년 4월 23일 11시,수요일,전라남도 여수시 광무동,경상사고,0,0,2,0,차대차 - 추돌 - 주정차중,안전운전불이행,건조,맑음,단일로 - 기타,승용,여,49세,상해없음,이륜,남,68세,경상
2014042300100217,2014년 4월 23일 11시,수요일,전라남도 여수시 웅천동,경상사고,0,0,1,0,차대차 - 추돌 - 진행중,안전운전불이행,건조,맑음,단일로 - 기타,승용,남,56세,상해없음,승용,남,43세,경상
2014042300100218,2014년 4월 23일 11시,수요일,전라남도 무안군 청계면,경상사고,0,0,2,0,차대차 - 추돌 - 진행중,안전운전불이행,건조,맑음,단일로 - 기타,건설기계,남,39세,상해없음,승용,여,41세,경상
2014042300100272,2014년 4월 23일 13시,수요일,전라남도 신안군 도초면,중상사고,0,1,0,0,차대차 - 측면직각충돌,교차로운행방법위반,건조,맑음,교차로 - 교차로안,화물,남,69세,상해없음,화물,여,47세,중상
2014042300100292,2014년 4월 23일 14시,수요일,전라남도 보성군 조성면,중상사고,0,1,0,0,차대사람 - 횡단중,안전운전불이행,건조,맑음,단일로 - 기타,승합,남,59세,상해없음,보행자,남,9세,중상
2014042300100293,2014년 4월 23일 14시,수요일,전라남도 강진군 강진읍,경상사고,0,0,1,0,차대사람 - 횡단중,보행자보호의무위반,건조,맑음,교차로 - 교차로안,승용,여,48세,상해없음,보행자,여,84세,경상
2014042300100294,2014년 4월 23일 14시,수요일,전라남도 광양시 광양읍,중상사고,0,1,1,0,차대차 - 기타,신호위반,건조,맑음,교차로 - 교차로안,승용,여,26세,상해없음,승용,남,68세,경상
2014042300100318,2014년 4월 23일 15시,수요일,전라남도 목포시 무안동,경상사고,0,0,1,0,차대사람 - 횡단중,안전운전불이행,건조,맑음,교차로 - 교차로안,승용,남,71세,상해없음,보행자,여,83세,경상
2014042300100349,2014년 4월 23일 16시,수요일,전라남도 보성군 벌교읍,경상사고,0,0,1,0,차대차 - 측면직각충돌,중앙선침범,건조,맑음,교차로 - 교차로안,승합,남,63세,상해없음,원동기,남,53세,상해없음
2014042300100384,2014년 4월 23일 17시,수요일,전라남도 함평군 나산면,중상사고,0,1,0,0,차량단독 - 공작물충돌,안전운전불이행,건조,맑음,단일로 - 기타,화물,남,52세,중상,,,,
2014042300100408,2014년 4월 23일 18시,수요일,전라남도 광양시 중동,경상사고,0,0,1,0,차대차 - 기타,안전운전불이행,건조,맑음,단일로 - 기타,승용,여,46세,상해없음,승용,여,39세,경상
2014042300100444,2014년 4월 23일 19시,수요일,전라남도 해남군 해남읍,경상사고,0,0,1,0,차대차 - 기타,교차로운행방법위반,건조,맑음,교차로 - 교차로안,승용,여,48세,상해없음,이륜,남,53세,경상
2014042300100507,2014년 4월 23일 21시,수요일,전라남도 목포시 산정동,경상사고,0,0,1,0,차대차 - 측면직각충돌,안전운전불이행,건조,맑음,단일로 - 기타,화물,남,55세,상해없음,원동기,남,19세,경상
2014042300100508,2014년 4월 23일 21시,수요일,전라남도 화순군 화순읍,중상사고,0,1,1,0,차대차 - 측면직각충돌,신호위반,건조,맑음,교차로 - 교차로안,승용,남,25세,경상,화물,남,62세,중상
2014042300100534,2014년 4월 23일 22시,수요일,전라남도 담양군 담양읍,경상사고,0,0,1,0,차대차 - 기타,신호위반,건조,맑음,교차로 - 교차로안,화물,남,20세,상해없음,화물,여,55세,경상
2014042300100563,2014년 4월 23일 23시,수요일,전라남도 신안군 신의면,중상사고,0,1,0,0,차량단독 - 도로외이탈 - 추락,안전운전불이행,건조,맑음,단일로 - 기타,화물,남,31세,중상,,,,
2014042300100564,2014년 4월 23일 23시,수요일,전라남도 목포시 용당동,중상사고,0,1,0,0,차대차 - 측면직각충돌,신호위반,건조,맑음,교차로 - 교차로안,원동기,남,22세,중상,승용,남,63세,상해없음
2014042300100565,2014년 4월 23일 23시,수요일,전라남도 완도군 완도읍,중상사고,0,1,0,0,차량단독 - 공작물충돌,안전운전불이행,건조,맑음,단일로 - 기타,승용,남,28세,중상,,,,
2014042400100011,2014년 4월 24일 00시,목요일,전라남도 목포시 산정동,경상사고,0,0,1,0,차대사람 - 횡단중,안전운전불이행,건조,맑음,단일로 - 기타,승용,남,28세,상해없음,보행자,남,37세,경상
2014042400100012,2014년 4월 24일 00시,목요일,전라남도 순천시 해룡면,사망사고,1,0,1,0,차대차 - 기타,안전운전불이행,건조,맑음,단일로 - 기타,승용,남,32세,사망,승용,남,32세,경상
2014042400100031,2014년 4월 24일 02시,목요일,전라남도 나주시 동수동,경상사고,0,0,1,0,차량단독 - 전도전복,안전운전불이행,건조,기타,교차로 - 교차로부근,화물,남,51세,경상,,,,
2014042400100032,2014년 4월 24일 02시,목요일,전라남도 담양군 고서면,경상사고,0,0,1,0,차대차 - 추돌 - 진행중,안전운전불이행,건조,맑음,단일로 - 기타,승용,남,18세,상해없음,화물,남,44세,경상
2014042400100043,2014년 4월 24일 03시,목요일,전라남도 여수시 학동,중상사고,0,1,0,0,차대사람 - 횡단중,안전운전불이행,건조,맑음,교차로 - 교차로부근,승용,남,31세,상해없음,보행자,여,23세,중상
2014042400100051,2014년 4월 24일 04시,목요일,전라남도 여수시 충무동,경상사고,0,0,2,0,차대차 - 정면충돌,신호위반,건조,맑음,교차로 - 교차로안,승용,여,41세,경상,승용,남,43세,경상
2014042400100056,2014년 4월 24일 05시,목요일,전라남도 여수시 안산동,경상사고,0,0,1,0,차대차 - 추돌 - 주정차중,안전운전불이행,건조,맑음,단일로 - 기타,승용,남,30세,경상,승용,남,24세,상해없음
2014042400100081,2014년 4월 24일 07시,목요일,전라남도 나주시 중앙동,경상사고,0,0,1,0,차대차 - 기타,기타,건조,맑음,교차로 - 교차로안,승용,남,51세,경상,화물,남,33세,상해없음
2014042400100082,2014년 4월 24일 07시,목요일,전라남도 광양시 광양읍,경상사고,0,0,1,0,차대차 - 기타,신호위반,건조,맑음,교차로 - 교차로안,승용,남,55세,상해없음,승용,남,29세,경상
2014042400100122,2014년 4월 24일 08시,목요일,전라남도 순천시 낙안면,중상사고,0,1,0,0,차대차 - 정면충돌,중앙선침범,건조,맑음,단일로 - 기타,화물,남,54세,상해없음,승용,남,67세,중상
2014042400100123,2014년 4월 24일 08시,목요일,전라남도 보성군 미력면,경상사고,0,0,1,0,차대차 - 추돌 - 진행중,안전운전불이행,건조,맑음,단일로 - 기타,승용,남,31세,상해없음,승용,남,62세,경상
2014042400100124,2014년 4월 24일 08시,목요일,전라남도 영광군 영광읍,경상사고,0,0,1,0,차대차 - 추돌 - 진행중,안전운전불이행,건조,맑음,단일로 - 기타,화물,남,24세,상해없음,이륜,남,70세,경상
2014042400100148,2014년 4월 24일 09시,목요일,전라남도 목포시 산정동,경상사고,0,0,4,0,차대차 - 추돌 - 진행중,기타,건조,맑음,교차로 - 교차로안,화물,남,63세,경상,승용,여,37세,경상
2014042400100174,2014년 4월 24일 10시,목요일,전라남도 여수시 율촌면,경상사고,0,0,1,0,차대사람 - 횡단중,안전운전불이행,건조,맑음,기타 - 기타,승용,남,52세,상해없음,보행자,남,27세,경상
2014042400100175,2014년 4월 24일 10시,목요일,전라남도 나주시 왕곡면,경상사고,0,0,2,0,차대차 - 측면직각충돌,교차로운행방법위반,건조,맑음,교차로 - 교차로안,화물,남,53세,경상,건설기계,남,60세,경상
2014042400100176,2014년 4월 24일 10시,목요일,전라남도 담양군 담양읍,중상사고,0,1,0,0,차대차 - 기타,중앙선침범,건조,맑음,교차로 - 교차로부근,승용,남,51세,상해없음,원동기,남,21세,중상
2014042400100244,2014년 4월 24일 12시,목요일,전라남도 목포시 상동,경상사고,0,0,1,0,차대차 - 추돌 - 진행중,안전운전불이행,건조,맑음,교차로 - 교차로부근,승용,여,41세,상해없음,이륜,남,43세,경상
2014042400100332,2014년 4월 24일 15시,목요일,전라남도 목포시 석현동,중상사고,0,1,0,0,차대사람 - 횡단중,보행자보호의무위반,건조,맑음,단일로 - 기타,승용,남,37세,상해없음,보행자,여,7세,중상
2014042400100333,2014년 4월 24일 15시,목요일,전라남도 완도군 고금면,경상사고,0,0,1,0,차대차 - 추돌 - 주정차중,안전운전불이행,건조,맑음,교차로 - 교차로안,승용,여,54세,상해없음,농기계,남,74세,경상
2014042400100402,2014년 4월 24일 17시,목요일,전라남도 나주시 남평읍,경상사고,0,0,1,0,차량단독 - 전도전복,안전운전불이행,건조,맑음,단일로 - 기타,승용,남,48세,경상,,,,
2014042400100403,2014년 4월 24일 17시,목요일,전라남도 광양시 마동,경상사고,0,0,1,0,차대차 - 측면직각충돌,직진우회전진행방해,건조,맑음,교차로 - 교차로안,승용,남,53세,상해없음,승용,남,43세,경상
2014042400100451,2014년 4월 24일 18시,목요일,전라남도 순천시 주암면,경상사고,0,0,1,0,차대차 - 기타,교차로운행방법위반,건조,맑음,교차로 - 교차로부근,화물,남,49세,상해없음,승용,여,37세,경상
2014042400100452,2014년 4월 24일 18시,목요일,전라남도 순천시 조례동,중상사고,0,1,0,0,차대사람 - 횡단중,안전운전불이행,건조,맑음,단일로 - 기타,승용,남,67세,상해없음,보행자,여,7세,중상
2014042400100453,2014년 4월 24일 18시,목요일,전라남도 영암군 삼호읍,경상사고,0,0,1,0,차대차 - 추돌 - 주정차중,안전운전불이행,건조,맑음,단일로 - 기타,화물,남,32세,상해없음,승용,남,44세,경상
2014042400100490,2014년 4월 24일 19시,목요일,전라남도 목포시 산정동,경상사고,0,0,5,0,차대차 - 측면직각충돌,신호위반,건조,맑음,교차로 - 교차로안,승용,남,52세,상해없음,승용,남,68세,경상
2014042400100555,2014년 4월 24일 21시,목요일,전라남도 완도군 완도읍,경상사고,0,0,1,0,차대차 - 추돌 - 주정차중,차로위반,건조,맑음,단일로 - 기타,승용,남,33세,경상,승용,남,29세,상해없음
2014042400100589,2014년 4월 24일 22시,목요일,전라남도 여수시 신월동,경상사고,0,0,1,0,차대차 - 추돌 - 진행중,안전거리미확보,건조,맑음,교차로 - 교차로부근,승용,남,27세,상해없음,승용,남,38세,경상
2014042400100590,2014년 4월 24일 22시,목요일,전라남도 완도군 금일읍,경상사고,0,0,1,1,차대사람 - 길가장자리구역통행중,안전운전불이행,건조,맑음,단일로 - 기타,화물,남,41세,상해없음,보행자,남,15세,경상
2014042500100018,2014년 4월 25일 00시,금요일,전라남도 영암군 삼호읍,중상사고,0,2,1,0,차대차 - 정면충돌,중앙선침범,건조,맑음,단일로 - 기타,화물,남,34세,경상,승용,남,36세,중상
2014042500100076,2014년 4월 25일 06시,금요일,전라남도 목포시 산정동,경상사고,0,0,1,0,차대사람 - 횡단중,신호위반,건조,흐림,교차로 - 교차로안,승용,남,55세,상해없음,보행자,남,44세,경상
2014042500100098,2014년 4월 25일 07시,금요일,전라남도 목포시 상락동1가,중상사고,0,1,0,0,차량단독 - 공작물충돌,안전운전불이행,건조,맑음,단일로 - 기타,승용,남,68세,중상,,,,
2014042500100130,2014년 4월 25일 08시,금요일,전라남도 목포시 대성동,경상사고,0,0,1,0,차대사람 - 횡단중,신호위반,건조,맑음,교차로 - 교차로부근,승용,남,59세,상해없음,보행자,여,7세,경상
2014042500100131,2014년 4월 25일 08시,금요일,전라남도 장흥군 부산면,중상사고,0,1,0,0,차량단독 - 기타,안전운전불이행,건조,맑음,단일로 - 터널,원동기,남,53세,중상,,,,
2014042500100132,2014년 4월 25일 08시,금요일,전라남도 담양군 담양읍,경상사고,0,0,1,0,차대차 - 기타,직진우회전진행방해,건조,맑음,교차로 - 교차로안,승합,남,27세,상해없음,화물,남,53세,상해없음
2014042500100133,2014년 4월 25일 08시,금요일,전라남도 담양군 수북면,경상사고,0,0,3,0,차대차 - 기타,직진우회전진행방해,건조,맑음,교차로 - 교차로안,화물,남,67세,경상,승용,남,46세,경상
2014042500100167,2014년 4월 25일 09시,금요일,전라남도 목포시 용해동,경상사고,0,0,1,0,차대차 - 측면직각충돌,차로위반,건조,맑음,단일로 - 기타,승용,남,47세,상해없음,승용,여,32세,경상
2014042500100168,2014년 4월 25일 09시,금요일,전라남도 담양군 담양읍,중상사고,0,1,0,0,차대차 - 측면직각충돌,직진우회전진행방해,건조,맑음,교차로 - 교차로안,화물,남,52세,상해없음,자전거,남,71세,중상
2014042500100191,2014년 4월 25일 10시,금요일,전라남도 순천시 조례동,경상사고,0,0,2,0,차대차 - 측면직각충돌,교차로운행방법위반,건조,맑음,교차로 - 교차로안,승용,남,47세,경상,화물,남,22세,경상
2014042500100192,2014년 4월 25일 10시,금요일,전라남도 나주시 동수동,중상사고,0,1,0,0,차대사람 - 횡단중,안전운전불이행,건조,맑음,단일로 - 기타,화물,남,58세,상해없음,보행자,여,63세,중상
2014042500100215,2014년 4월 25일 11시,금요일,전라남도 목포시 상동,중상사고,0,1,0,0,차대차 - 측면직각충돌,교차로운행방법위반,건조,맑음,교차로 - 교차로안,승용,남,61세,상해없음,이륜,남,75세,중상
2014042500100216,2014년 4월 25일 11시,금요일,전라남도 여수시 학동,경상사고,0,0,1,0,차대사람 - 기타,안전운전불이행,건조,맑음,단일로 - 기타,승합,남,46세,기타불명,보행자,여,66세,경상
2014042500100217,2014년 4월 25일 11시,금요일,전라남도 순천시 남내동,부상신고사고,0,0,0,1,차대사람 - 기타,안전운전불이행,건조,맑음,교차로 - 교차로안,승용,기타불명,기타불명,기타불명,보행자,여,22세,부상신고
2014042500100262,2014년 4월 25일 13시,금요일,전라남도 순천시 장천동,경상사고,0,0,1,0,차대차 - 기타,안전운전불이행,건조,맑음,교차로 - 교차로부근,승용,남,17세,상해없음,승합,남,44세,경상
2014042500100297,2014년 4월 25일 14시,금요일,전라남도 순천시 서면,중상사고,0,2,1,0,차대차 - 추돌 - 진행중,안전거리미확보,건조,맑음,단일로 - 기타,이륜,남,61세,중상,승용,여,44세,경상
2014042500100298,2014년 4월 25일 14시,금요일,전라남도 해남군 옥천면,중상사고,0,1,0,0,차대차 - 추돌 - 주정차중,안전운전불이행,건조,맑음,단일로 - 기타,화물,남,70세,중상,승용,남,56세,상해없음
2014042500100299,2014년 4월 25일 14시,금요일,전라남도 장성군 장성읍,경상사고,0,0,1,0,차대차 - 측면직각충돌,안전운전불이행,건조,맑음,단일로 - 기타,승용,남,32세,상해없음,자전거,남,19세,경상
2014042500100300,2014년 4월 25일 14시,금요일,전라남도 강진군 성전면,사망사고,1,0,0,0,차량단독 - 기타,안전운전불이행,건조,맑음,단일로 - 기타,농기계,남,72세,사망,,,,
2014042500100301,2014년 4월 25일 14시,금요일,전라남도 무안군 현경면,중상사고,0,1,0,0,차대차 - 기타,중앙선침범,건조,맑음,단일로 - 기타,화물,남,47세,상해없음,화물,남,64세,중상
2014042500100337,2014년 4월 25일 15시,금요일,전라남도 여수시 미평동,경상사고,0,0,1,0,차대차 - 측면직각충돌,신호위반,건조,맑음,교차로 - 교차로안,승용,남,30세,상해없음,승용,여,57세,경상
2014042500100378,2014년 4월 25일 16시,금요일,전라남도 보성군 보성읍,경상사고,0,0,1,0,차대사람 - 횡단중,보행자보호의무위반,건조,맑음,단일로 - 횡단보도상,승용,남,30세,상해없음,보행자,남,6세,경상
2014042500100424,2014년 4월 25일 17시,금요일,전라남도 나주시 반남면,경상사고,0,0,1,0,차대차 - 측면직각충돌,안전운전불이행,건조,맑음,단일로 - 기타,승용,남,53세,상해없음,승용,남,50세,경상
2014042500100425,2014년 4월 25일 17시,금요일,전라남도 화순군 청풍면,중상사고,0,1,0,0,차대차 - 측면직각충돌,교차로운행방법위반,건조,맑음,교차로 - 교차로안,화물,남,75세,상해없음,원동기,남,77세,중상
2014042500100507,2014년 4월 25일 19시,금요일,전라남도 고흥군 동강면,경상사고,0,0,3,0,차대차 - 추돌 - 진행중,안전거리미확보,건조,맑음,교차로 - 교차로안,화물,남,51세,상해없음,승용,여,39세,경상
2014042500100508,2014년 4월 25일 19시,금요일,전라남도 광양시 진상면,경상사고,0,0,2,0,차량단독 - 기타,안전운전불이행,건조,맑음,단일로 - 기타,원동기,남,17세,경상,,,,
2014042500100550,2014년 4월 25일 20시,금요일,전라남도 화순군 화순읍,경상사고,0,0,4,0,차대차 - 추돌 - 주정차중,안전운전불이행,건조,맑음,단일로 - 기타,승용,여,41세,상해없음,승용,남,56세,경상
2014042500100626,2014년 4월 25일 22시,금요일,전라남도 구례군 구례읍,경상사고,0,0,3,0,차대차 - 기타,안전운전불이행,건조,맑음,교차로 - 교차로부근,승용,남,55세,상해없음,승용,여,47세,경상
2014042600100098,2014년 4월 26일 05시,토요일,전라남도 여수시 돌산읍,경상사고,0,0,2,0,차대차 - 측면직각충돌,안전운전불이행,건조,맑음,교차로 - 교차로부근,승용,남,31세,상해없음,승용,남,33세,경상
2014042600100119,2014년 4월 26일 07시,토요일,전라남도 목포시 동명동,경상사고,0,0,1,0,차대사람 - 횡단중,보행자보호의무위반,건조,맑음,단일로 - 횡단보도상,승용,남,66세,상해없음,보행자,남,73세,경상