사고번호,사고일시,요일,시군구,사고내용,사망자수,중상자수,경상자수,부상신고자수,사고유형,법규위반,노면상태,기상상태,도로형태,가해운전자 차종,가해운전자 성별,가해운전자 연령,가해운전자 상해정도,피해운전자 차종,피해운전자 성별,피해운전자 연령,피해운전자 상해정도
2014042600100120,2014년 4월 26일 07시,토요일,전라남도 여수시 문수동,중상사고,0,1,0,0,차대사람 - 횡단중,신호위반,건조,맑음,교차로 - 교차로부근,승용,남,42세,상해없음,보행자,여,74세,중상
2014042600100137,2014년 4월 26일 08시,토요일,전라남도 보성군 보성읍,경상사고,0,0,4,0,차대차 - 측면직각충돌,교차로운행방법위반,건조,맑음,교차로 - 교차로안,승용,남,76세,경상,화물,남,39세,경상
2014042600100138,2014년 4월 26일 08시,토요일,전라남도 진도군 의신면,경상사고,0,0,1,0,차대사람 - 횡단중,안전운전불이행,건조,맑음,단일로 - 기타,승용,남,38세,상해없음,보행자,여,72세,경상
2014042600100186,2014년 4월 26일 10시,토요일,전라남도 무안군 삼향읍,경상사고,0,0,4,0,차대차 - 측면직각충돌,안전운전불이행,건조,맑음,단일로 - 기타,승용,남,47세,상해없음,승용,남,52세,경상
2014042600100187,2014년 4월 26일 10시,토요일,전라남도 광양시 광양읍,중상사고,0,1,0,0,차대사람 - 횡단중,안전운전불이행,건조,맑음,교차로 - 교차로안,화물,남,66세,상해없음,보행자,여,53세,중상
2014042600100216,2014년 4월 26일 11시,토요일,전라남도 담양군 담양읍,경상사고,0,0,1,0,차대차 - 기타,중앙선침범,건조,맑음,단일로 - 기타,화물,남,37세,상해없음,승용,남,63세,상해없음
2014042600100243,2014년 4월 26일 12시,토요일,전라남도 여수시 소라면,중상사고,0,1,0,0,차량단독 - 전도전복,안전운전불이행,건조,맑음,단일로 - 기타,승용,남,67세,상해없음,,,,
2014042600100244,2014년 4월 26일 12시,토요일,전라남도 순천시 덕암동,경상사고,0,0,1,0,차대차 - 측면직각충돌,차로위반,건조,맑음,단일로 - 기타,이륜,남,18세,경상,승용,여,44세,상해없음
2014042600100245,2014년 4월 26일 12시,토요일,전라남도 광양시 중동,경상사고,0,0,2,0,차대차 - 측면직각충돌,직진우회전진행방해,건조,맑음,교차로 - 교차로안,승용,남,45세,상해없음,승용,여,43세,경상
2014042600100277,2014년 4월 26일 13시,토요일,전라남도 순천시 해룡면,경상사고,0,0,3,0,차대차 - 기타,신호위반,건조,맑음,교차로 - 교차로안,승용,여,21세,경상,승용,여,44세,경상
2014042600100315,2014년 4월 26일 14시,토요일,전라남도 목포시 연산동,경상사고,0,0,4,0,차대차 - 기타,안전운전불이행,건조,맑음,단일로 - 기타,승용,남,66세,경상,건설기계,남,53세,경상
2014042600100316,2014년 4월 26일 14시,토요일,전라남도 여수시 문수동,중상사고,0,1,0,0,차대사람 - 기타,안전운전불이행,건조,맑음,단일로 - 기타,화물,남,59세,상해없음,보행자,남,73세,중상
2014042600100347,2014년 4월 26일 15시,토요일,전라남도 여수시 군자동,경상사고,0,0,1,0,차대사람 - 차도통행중,안전운전불이행,건조,맑음,단일로 - 기타,승용,남,59세,상해없음,보행자,남,72세,경상
2014042600100385,2014년 4월 26일 16시,토요일,전라남도 진도군 지산면,중상사고,0,1,0,0,차량단독 - 전도전복,안전운전불이행,건조,맑음,단일로 - 기타,화물,여,36세,상해없음,,,,
2014042600100386,2014년 4월 26일 16시,토요일,전라남도 광양시 광양읍,경상사고,0,0,1,0,차대차 - 추돌 - 진행중,안전거리미확보,건조,맑음,교차로 - 교차로부근,승용,남,56세,상해없음,건설기계,남,48세,상해없음
2014042600100511,2014년 4월 26일 19시,토요일,전라남도 목포시 옥암동,중상사고,0,1,1,0,차대차 - 기타,안전운전불이행,건조,기타,단일로 - 기타,승용,남,22세,경상,원동기,남,34세,중상
2014042600100512,2014년 4월 26일 19시,토요일,전라남도 목포시 대성동,경상사고,0,0,1,1,차대차 - 기타,안전운전불이행,건조,기타,교차로 - 교차로안,승용,여,34세,부상신고,화물,남,53세,경상
2014042600100513,2014년 4월 26일 19시,토요일,전라남도 해남군 현산면,사망사고,1,0,0,1,차대차 - 측면직각충돌,교차로운행방법위반,건조,맑음,교차로 - 교차로안,화물,남,55세,부상신고,승용,남,71세,사망
2014042600100514,2014년 4월 26일 19시,토요일,전라남도 해남군 송지면,경상사고,0,0,1,0,차대차 - 기타,중앙선침범,건조,맑음,단일로 - 기타,승용,남,64세,상해없음,승용,여,45세,경상
2014042600100545,2014년 4월 26일 20시,토요일,전라남도 화순군 화순읍,경상사고,0,0,1,0,차대사람 - 기타,안전운전불이행,건조,맑음,단일로 - 기타,승용,여,39세,상해없음,보행자,남,21세,경상
2014042600100573,2014년 4월 26일 21시,토요일,전라남도 순천시 연향동,경상사고,0,0,1,0,차대차 - 기타,교차로운행방법위반,건조,맑음,교차로 - 교차로안,승용,기타불명,기타불명,기타불명,승용,여,44세,경상
2014042600100574,2014년 4월 26일 21시,토요일,전라남도 순천시 조례동,중상사고,0,1,0,0,차대사람 - 횡단중,안전운전불이행,건조,맑음,단일로 - 기타,승용,남,30세,상해없음,보행자,여,8세,중상
2014042700100016,2014년 4월 27일 00시,일요일,전라남도 목포시 상동,경상사고,0,0,1,0,차대차 - 기타,안전운전불이행,건조,기타,교차로 - 교차로부근,승용,남,29세,상해없음,승용,남,52세,경상
2014042700100038,2014년 4월 27일 01시,일요일,전라남도 목포시 용해동,사망사고,1,0,0,0,차량단독 - 전도전복,안전운전불이행,건조,흐림,교차로 - 교차로부근,승용,여,31세,사망,,,,
2014042700100039,2014년 4월 27일 01시,일요일,전라남도 고흥군 포두면,부상신고사고,0,0,0,1,차량단독 - 도로외이탈 - 기타,안전운전불이행,습기,비,교차로 - 교차로부근,승용,남,56세,부상신고,,,,
2014042700100141,2014년 4월 27일 08시,일요일,전라남도 나주시 왕곡면,경상사고,0,0,1,0,차대차 - 측면직각충돌,중앙선침범,습기,비,교차로 - 교차로안,승합,여,48세,상해없음,화물,남,66세,경상
2014042700100164,2014년 4월 27일 09시,일요일,전라남도 목포시 상동,경상사고,0,0,1,0,차대차 - 측면직각충돌,안전운전불이행,습기,비,단일로 - 기타,승용,남,51세,상해없음,승용,여,28세,경상
2014042700100219,2014년 4월 27일 12시,일요일,전라남도 여수시 여서동,경상사고,0,0,1,0,차대차 - 기타,안전운전불이행,건조,맑음,교차로 - 교차로안,승용,남,68세,상해없음,승용,여,51세,경상
2014042700100220,2014년 4월 27일 12시,일요일,전라남도 영광군 군서면,사망사고,1,1,0,0,차대차 - 정면충돌,중앙선침범,습기,비,단일로 - 기타,화물,남,66세,상해없음,승용,남,59세,사망
2014042700100251,2014년 4월 27일 13시,일요일,전라남도 목포시 상동,경상사고,0,0,1,0,차대차 - 추돌 - 주정차중,안전운전불이행,습기,비,단일로 - 기타,승용,여,43세,상해없음,이륜,남,16세,경상
2014042700100252,2014년 4월 27일 13시,일요일,전라남도 나주시 남평읍,경상사고,0,0,2,0,차대차 - 기타,안전운전불이행,습기,비,교차로 - 교차로안,승용,여,43세,상해없음,승용,남,43세,상해없음
2014042700100287,2014년 4월 27일 14시,일요일,전라남도 순천시 조례동,경상사고,0,0,1,0,차대차 - 기타,신호위반,건조,맑음,교차로 - 교차로안,기타불명,기타불명,기타불명,기타불명,승합,남,52세,상해없음
2014042700100288,2014년 4월 27일 14시,일요일,전라남도 무안군 삼향읍,경상사고,0,0,2,0,차대차 - 기타,신호위반,습기,비,교차로 - 교차로안,승용,남,29세,상해없음,승용,여,40세,경상
2014042700100322,2014년 4월 27일 15시,일요일,전라남도 목포시 상동,경상사고,0,0,1,0,차대차 - 측면직각충돌,중앙선침범,습기,비,교차로 - 교차로안,이륜,남,22세,상해없음,이륜,남,17세,경상
2014042700100323,2014년 4월 27일 15시,일요일,전라남도 목포시 동명동,경상사고,0,0,1,0,차대차 - 추돌 - 주정차중,안전운전불이행,습기,비,단일로 - 기타,승용,남,63세,상해없음,승용,남,40세,경상
2014042700100350,2014년 4월 27일 16시,일요일,전라남도 영암군 도포면,중상사고,0,1,0,0,차량단독 - 도로외이탈 - 기타,안전운전불이행,습기,비,단일로 - 기타,화물,남,51세,중상,,,,
2014042700100351,2014년 4월 27일 16시,일요일,전라남도 무안군 무안읍,경상사고,0,0,1,1,차대차 - 기타,안전운전불이행,습기,비,단일로 - 기타,승용,여,61세,부상신고,승용,여,46세,경상
2014042700100372,2014년 4월 27일 17시,일요일,전라남도 해남군 삼산면,사망사고,1,0,0,0,차량단독 - 전도전복,안전운전불이행,습기,비,단일로 - 기타,승용,남,54세,사망,,,,
2014042700100442,2014년 4월 27일 19시,일요일,전라남도 목포시 호남동,경상사고,0,0,1,0,차대차 - 추돌 - 주정차중,안전운전불이행,습기,비,단일로 - 기타,화물,남,29세,상해없음,승용,남,45세,경상
2014042700100443,2014년 4월 27일 19시,일요일,전라남도 여수시 안산동,경상사고,0,0,1,0,차대사람 - 횡단중,안전운전불이행,습기,비,교차로 - 교차로안,승용,남,40세,상해없음,보행자,남,54세,경상
2014042700100444,2014년 4월 27일 19시,일요일,전라남도 순천시 덕월동,경상사고,0,0,1,0,차대차 - 추돌 - 진행중,안전운전불이행,건조,맑음,단일로 - 기타,승용,남,74세,상해없음,승합,남,52세,경상
2014042700100487,2014년 4월 27일 20시,일요일,전라남도 영암군 영암읍,경상사고,0,0,3,0,차대차 - 기타,교차로운행방법위반,습기,비,교차로 - 교차로부근,승용,남,39세,경상,승용,여,38세,경상
2014042700100536,2014년 4월 27일 21시,일요일,전라남도 나주시 송월동,경상사고,0,0,2,0,차대차 - 기타,안전운전불이행,건조,맑음,교차로 - 교차로안,승용,남,30세,상해없음,승용,남,53세,경상
2014042700100537,2014년 4월 27일 21시,일요일,전라남도 보성군 미력면,경상사고,0,0,1,0,차량단독 - 공작물충돌,안전운전불이행,습기,비,단일로 - 기타,화물,여,46세,경상,,,,
2014042700100579,2014년 4월 27일 22시,일요일,전라남도 해남군 옥천면,경상사고,0,0,1,0,차대차 - 추돌 - 주정차중,안전운전불이행,습기,비,단일로 - 기타,승합,남,42세,상해없음,승용,남,48세,상해없음
2014042700100580,2014년 4월 27일 22시,일요일,전라남도 화순군 화순읍,경상사고,0,0,1,0,차대차 - 측면직각충돌,안전운전불이행,습기,비,교차로 - 교차로안,승용,남,33세,상해없음,승용,남,49세,경상
2014042700100615,2014년 4월 27일 23시,일요일,전라남도 순천시 조례동,경상사고,0,0,1,0,차대차 - 측면직각충돌,직진우회전진행방해,습기,비,교차로 - 교차로안,승용,남,28세,상해없음,승용,남,41세,경상
2014042700100616,2014년 4월 27일 23시,일요일,전라남도 완도군 완도읍,사망사고,1,0,1,0,차대사람 - 횡단중,과속,습기,비,단일로 - 횡단보도상,승용,남,57세,상해없음,보행자,남,25세,사망
2014042800100071,2014년 4월 28일 05시,월요일,전라남도 영광군 영광읍,경상사고,0,0,1,0,차대차 - 추돌 - 진행중,안전운전불이행,건조,맑음,단일로 - 기타,승용,남,22세,상해없음,승용,남,35세,경상
2014042800100149,2014년 4월 28일 08시,월요일,전라남도 여수시 선원동,경상사고,0,0,2,0,차대차 - 기타,안전운전불이행,건조,맑음,단일로 - 기타,승용,여,46세,상해없음,승용,남,25세,경상
2014042800100150,2014년 4월 28일 08시,월요일,전라남도 장성군 장성읍,경상사고,0,0,1,0,차대차 - 측면직각충돌,안전운전불이행,습기,흐림,교차로 - 교차로부근,승용,남,62세,상해없음,자전거,남,82세,경상
2014042800100151,2014년 4월 28일 08시,월요일,전라남도 광양시 옥곡면,중상사고,0,1,0,0,차량단독 - 전도전복,안전운전불이행,습기,비,단일로 - 기타,승용,여,61세,중상,,,,
2014042800100215,2014년 4월 28일 10시,월요일,전라남도 영암군 군서면,중상사고,0,1,0,0,차대차 - 추돌 - 진행중,기타,습기,흐림,교차로 - 교차로안,화물,남,64세,상해없음,자전거,남,50세,중상
2014042800100252,2014년 4월 28일 11시,월요일,전라남도 담양군 고서면,경상사고,0,0,1,0,차대차 - 기타,안전운전불이행,건조,맑음,교차로 - 교차로부근,승용,남,46세,상해없음,이륜,남,56세,경상
2014042800100282,2014년 4월 28일 12시,월요일,전라남도 여수시 시전동,경상사고,0,0,1,0,차대차 - 추돌 - 주정차중,안전운전불이행,건조,맑음,단일로 - 기타,승합,남,32세,상해없음,화물,남,30세,경상
2014042800100283,2014년 4월 28일 12시,월요일,전라남도 광양시 마동,경상사고,0,0,1,0,차대차 - 기타,차로위반,습기,비,단일로 - 기타,승용,여,42세,경상,승용,남,42세,상해없음
2014042800100315,2014년 4월 28일 13시,월요일,전라남도 고흥군 도화면,중상사고,0,2,2,0,차량단독 - 전도전복,안전운전불이행,건조,맑음,교차로 - 교차로부근,화물,남,66세,중상,,,,
2014042800100316,2014년 4월 28일 13시,월요일,전라남도 곡성군 곡성읍,중상사고,0,1,0,0,차대차 - 기타,기타,건조,맑음,교차로 - 교차로안,승용,남,34세,상해없음,자전거,여,59세,중상
2014042800100350,2014년 4월 28일 14시,월요일,전라남도 무안군 삼향읍,경상사고,0,0,1,0,차대사람 - 기타,안전운전불이행,건조,맑음,단일로 - 기타,승용,여,36세,상해없음,보행자,여,7세,경상
2014042800100388,2014년 4월 28일 15시,월요일,전라남도 장성군 북하면,경상사고,0,0,1,0,차대차 - 측면직각충돌,안전운전불이행,건조,맑음,교차로 - 교차로안,승용,여,44세,상해없음,승용,남,35세,경상
2014042800100427,2014년 4월 28일 16시,월요일,전라남도 나주시 다시면,경상사고,0,0,1,0,차대차 - 기타,안전운전불이행,건조,맑음,교차로 - 교차로안,이륜,남,37세,경상,화물,남,77세,상해없음
2014042800100428,2014년 4월 28일 16시,월요일,전라남도 영암군 군서면,중상사고,0,1,0,0,차량단독 - 공작물충돌,안전운전불이행,습기,비,단일로 - 기타,화물,남,56세,중상,,,,
2014042800100489,2014년 4월 28일 18시,월요일,전라남도 여수시 신기동,경상사고,0,0,1,0,차대차 - 측면직각충돌,안전운전불이행,건조,맑음,단일로 - 기타,승용,남,48세,상해없음,원동기,남,29세,경상
2014042800100490,2014년 4월 28일 18시,월요일,전라남도 함평군 함평읍,경상사고,0,0,1,0,차대차 - 기타,안전운전불이행,습기,비,교차로 - 교차로부근,승용,남,31세,상해없음,자전거,남,61세,경상
2014042800100518,2014년 4월 28일 19시,월요일,전라남도 곡성군 옥과면,중상사고,0,1,0,0,차대차 - 기타,안전운전불이행,습기,비,기타 - 기타,화물,남,38세,상해없음,승용,여,38세,중상
2014042800100603,2014년 4월 28일 21시,월요일,전라남도 순천시 덕암동,경상사고,0,0,2,3,차대차 - 측면직각충돌,신호위반,습기,비,교차로 - 교차로안,화물,남,47세,부상신고,승용,남,55세,경상
2014042800100604,2014년 4월 28일 21시,월요일,전라남도 순천시 왕지동,경상사고,0,0,2,0,차대차 - 추돌 - 주정차중,안전운전불이행,건조,맑음,단일로 - 기타,승용,남,42세,상해없음,승용,남,30세,경상
2014042800100605,2014년 4월 28일 21시,월요일,전라남도 영광군 영광읍,경상사고,0,0,4,0,차대차 - 기타,안전운전불이행,습기,비,교차로 - 교차로안,승용,여,60세,경상,화물,남,45세,경상
2014042800100696,2014년 4월 28일 23시,월요일,전라남도 고흥군 도양읍,경상사고,0,0,1,0,차대차 - 추돌 - 진행중,안전거리미확보,습기,비,교차로 - 교차로안,승용,남,44세,상해없음,화물,남,55세,경상
2014042800100697,2014년 4월 28일 23시,월요일,전라남도 영암군 삼호읍,중상사고,0,1,0,0,차량단독 - 기타,안전운전불이행,습기,비,단일로 - 기타,원동기,남,36세,중상,,,,
2014042900100016,2014년 4월 29일 00시,화요일,전라남도 진도군 진도읍,중상사고,0,2,0,0,차대차 - 기타,안전운전불이행,습기,비,단일로 - 기타,승용,남,59세,중상,화물,남,56세,중상
2014042900100044,2014년 4월 29일 01시,화요일,전라남도 목포시 옥암동,경상사고,0,0,1,0,차대차 - 기타,중앙선침범,건조,맑음,교차로 - 교차로부근,승용,남,50세,상해없음,승용,남,42세,경상
2014042900100045,2014년 4월 29일 01시,화요일,전라남도 여수시 문수동,경상사고,0,0,1,0,차대차 - 추돌 - 주정차중,안전운전불이행,습기,비,단일로 - 기타,승용,남,43세,상해없음,승용,남,48세,경상
2014042900100046,2014년 4월 29일 01시,화요일,전라남도 담양군 고서면,부상신고사고,0,0,0,1,차량단독 - 기타,안전운전불이행,습기,비,단일로 - 기타,승용,남,38세,부상신고,,,,
2014042900100112,2014년 4월 29일 06시,화요일,전라남도 순천시 해룡면,중상사고,0,1,0,0,차대차 - 기타,안전운전불이행,건조,맑음,단일로 - 기타,기타불명,기타불명,기타불명,기타불명,승용,남,58세,중상
2014042900100129,2014년 4월 29일 07시,화요일,전라남도 고흥군 도덕면,중상사고,0,1,2,0,차대차 - 추돌 - 진행중,안전운전불이행,습기,맑음,단일로 - 기타,승합,남,53세,상해없음,화물,남,37세,상해없음
2014042900100130,2014년 4월 29일 07시,화요일,전라남도 장성군 남면,경상사고,0,0,1,0,차대차 - 측면직각충돌,교차로운행방법위반,건조,맑음,교차로 - 교차로안,승용,남,44세,경상,승용,남,66세,상해없음
2014042900100179,2014년 4월 29일 08시,화요일,전라남도 무안군 삼향읍,경상사고,0,0,1,0,차대차 - 기타,안전운전불이행,건조,맑음,교차로 - 교차로안,자전거,남,12세,경상,승용,남,29세,상해없음
2014042900100264,2014년 4월 29일 11시,화요일,전라남도 강진군 군동면,중상사고,0,1,0,0,차대차 - 기타,안전운전불이행,건조,맑음,단일로 - 기타,화물,남,56세,상해없음,이륜,여,47세,중상
2014042900100286,2014년 4월 29일 12시,화요일,전라남도 순천시 덕암동,중상사고,0,1,0,0,차대차 - 측면직각충돌,차로위반,건조,맑음,교차로 - 교차로부근,승합,남,45세,상해없음,승용,남,66세,중상
2014042900100287,2014년 4월 29일 12시,화요일,전라남도 해남군 해남읍,경상사고,0,0,6,0,차대차 - 측면직각충돌,안전거리미확보,건조,맑음,단일로 - 기타,승용,남,54세,상해없음,승합,남,51세,경상
2014042900100288,2014년 4월 29일 12시,화요일,전라남도 보성군 보성읍,중상사고,0,1,0,0,차대차 - 측면직각충돌,안전거리미확보,건조,맑음,단일로 - 기타,승용,남,28세,상해없음,이륜,남,37세,중상
2014042900100311,2014년 4월 29일 13시,화요일,전라남도 화순군 동면,경상사고,0,0,1,0,차대차 - 추돌 - 진행중,안전거리미확보,습기,비,교차로 - 교차로부근,건설기계,남,36세,상해없음,승용,여,47세,경상
2014042900100312,2014년 4월 29일 13시,화요일,전라남도 영암군 삼호읍,경상사고,0,0,3,0,차대차 - 측면직각충돌,직진우회전진행방해,건조,맑음,교차로 - 교차로안,승용,남,50세,경상,화물,남,46세,경상
2014042900100341,2014년 4월 29일 14시,화요일,전라남도 광양시 성황동,중상사고,0,1,1,0,차대차 - 추돌 - 진행중,안전운전불이행,습기,기타,단일로 - 기타,승용,여,32세,중상,승용,여,53세,경상
2014042900100342,2014년 4월 29일 14시,화요일,전라남도 광양시 태인동,경상사고,0,0,1,0,차대차 - 추돌 - 주정차중,안전운전불이행,습기,비,교차로 - 교차로부근,승용,여,69세,상해없음,승용,남,38세,경상
2014042900100373,2014년 4월 29일 15시,화요일,전라남도 순천시 연향동,경상사고,0,0,1,0,차대차 - 추돌 - 주정차중,안전운전불이행,건조,맑음,단일로 - 기타,승용,남,52세,상해없음,승용,남,41세,경상
2014042900100374,2014년 4월 29일 15시,화요일,전라남도 순천시 연향동,중상사고,0,1,0,0,차대사람 - 기타,안전운전불이행,건조,맑음,단일로 - 기타,승용,여,31세,상해없음,보행자,여,52세,중상
2014042900100414,2014년 4월 29일 16시,화요일,전라남도 신안군 장산면,중상사고,0,1,0,0,차대차 - 기타,안전운전불이행,건조,맑음,기타 - 기타,농기계,남,71세,중상,승용,남,58세,상해없음
2014042900100415,2014년 4월 29일 16시,화요일,전라남도 순천시 장천동,중상사고,0,1,0,0,차대차 - 기타,교차로운행방법위반,습기,비,교차로 - 교차로안,승용,남,61세,중상,승용,남,55세,상해없음
2014042900100444,2014년 4월 29일 17시,화요일,전라남도 목포시 상동,경상사고,0,0,1,0,차대차 - 기타,안전운전불이행,건조,맑음,기타 - 기타,승용,여,28세,경상,승용,남,66세,상해없음
2014042900100445,2014년 4월 29일 17시,화요일,전라남도 순천시 외서면,중상사고,0,1,1,0,차대차 - 기타,안전운전불이행,습기,비,단일로 - 기타,화물,여,42세,중상,승용,남,39세,경상
2014042900100446,2014년 4월 29일 17시,화요일,전라남도 순천시 해룡면,경상사고,0,0,1,0,차대차 - 추돌 - 진행중,안전거리미확보,습기,비,단일로 - 기타,화물,남,74세,상해없음,승용,남,61세,경상
2014042900100447,2014년 4월 29일 17시,화요일,전라남도 순천시 생목동,경상사고,0,0,2,0,차대차 - 측면직각충돌,직진우회전진행방해,습기,비,교차로 - 교차로안,승용,여,70세,경상,승용,여,51세,경상
2014042900100480,2014년 4월 29일 18시,화요일,전라남도 순천시 연향동,경상사고,0,0,1,0,차대차 - 기타,안전운전불이행,습기,흐림,교차로 - 교차로부근,승용,남,48세,상해없음,승용,남,40세,경상
2014042900100521,2014년 4월 29일 19시,화요일,전라남도 목포시 용해동,사망사고,1,0,1,0,차대차 - 기타,중앙선침범,건조,맑음,기타 - 기타,원동기,남,59세,사망,승용,남,49세,상해없음
2014042900100579,2014년 4월 29일 21시,화요일,전라남도 여수시 문수동,경상사고,0,0,1,0,차대차 - 측면직각충돌,안전운전불이행,건조,맑음,단일로 - 기타,승용,남,61세,상해없음,승용,남,59세,상해없음
2014042900100639,2014년 4월 29일 23시,화요일,전라남도 광양시 금호동,경상사고,0,0,1,0,차대차 - 추돌 - 주정차중,안전운전불이행,습기,비,교차로 - 교차로부근,승용,남,58세,상해없음,승용,남,45세,상해없음
2014043000100108,2014년 4월 30일 07시,수요일,전라남도 목포시 옥암동,경상사고,0,0,1,0,차대사람 - 기타,중앙선침범,건조,맑음,기타 - 기타,자전거,남,14세,상해없음,보행자,여,31세,경상
2014043000100109,2014년 4월 30일 07시,수요일,전라남도 함평군 월야면,경상사고,0,0,1,0,차대차 - 측면직각충돌,교차로운행방법위반,습기,안개,교차로 - 교차로안,화물,남,27세,상해없음,승용,남,50세,경상
2014043000100110,2014년 4월 30일 07시,수요일,전라남도 광양시 태인동,경상사고,0,0,1,0,차대차 - 정면충돌,중앙선침범,습기,흐림,단일로 - 기타,건설기계,남,43세,상해없음,특수,남,52세,경상
2014043000100154,2014년 4월 30일 08시,수요일,전라남도 함평군 해보면,경상사고,0,0,6,0,차대차 - 추돌 - 진행중,안전거리미확보,건조,맑음,교차로 - 교차로안,건설기계,남,59세,상해없음,화물,남,39세,경상
2014043000100188,2014년 4월 30일 09시,수요일,전라남도 순천시 장천동,중상사고,0,1,0,0,차대사람 - 기타,안전운전불이행,건조,맑음,단일로 - 기타,승합,남,23세,상해없음,보행자,여,77세,중상
2014043000100189,2014년 4월 30일 09시,수요일,전라남도 순천시 남정동,중상사고,0,1,1,0,차대차 - 기타,안전운전불이행,건조,맑음,교차로 - 교차로안,승용,여,44세,상해없음,화물,남,62세,경상
2014043000100190,2014년 4월 30일 09시,수요일,전라남도 나주시 부덕동,경상사고,0,0,3,0,차대차 - 기타,안전운전불이행,건조,맑음,교차로 - 교차로안,승용,여,47세,경상,특수,남,55세,경상
2014043000100214,2014년 4월 30일 10시,수요일,전라남도 광양시 진월면,경상사고,0,0,1,0,차대사람 - 기타,안전운전불이행,건조,맑음,교차로 - 교차로부근,승용,여,28세,상해없음,보행자,남,14세,경상
2014043000100262,2014년 4월 30일 12시,수요일,전라남도 목포시 산정동,경상사고,0,0,1,0,차대차 - 측면직각충돌,직진우회전진행방해,건조,맑음,교차로 - 교차로안,승용,여,30세,상해없음,이륜,남,37세,경상
2014043000100294,2014년 4월 30일 13시,수요일,전라남도 순천시 인월동,중상사고,0,1,0,0,차대차 - 추돌 - 진행중,차로위반,건조,맑음,교차로 - 교차로부근,화물,남,54세,상해없음,승용,남,58세,상해없음
2014043000100295,2014년 4월 30일 13시,수요일,전라남도 순천시 연향동,중상사고,0,1,0,0,차대사람 - 횡단중,신호위반,건조,맑음,교차로 - 교차로안,승용,여,52세,상해없음,보행자,여,75세,중상
2014043000100296,2014년 4월 30일 13시,수요일,전라남도 보성군 노동면,경상사고,0,0,2,0,차대차 - 측면직각충돌,안전운전불이행,건조,맑음,단일로 - 교량,승용,여,55세,경상,특수,남,50세,상해없음
2014043000100333,2014년 4월 30일 14시,수요일,전라남도 여수시 웅천동,중상사고,0,1,1,0,차대차 - 기타,안전운전불이행,건조,맑음,단일로 - 기타,승용,남,64세,중상,승용,남,51세,경상
2014043000100334,2014년 4월 30일 14시,수요일,전라남도 무안군 운남면,경상사고,0,0,1,0,차량단독 - 기타,안전운전불이행,건조,맑음,교차로 - 교차로안,화물,남,49세,기타불명,,,,
2014043000100373,2014년 4월 30일 15시,수요일,전라남도 담양군 창평면,경상사고,0,0,1,0,차대차 - 측면직각충돌,안전운전불이행,건조,맑음,단일로 - 기타,화물,남,54세,상해없음,승용,여,25세,경상
2014043000100400,2014년 4월 30일 16시,수요일,전라남도 목포시 산정동,경상사고,0,0,1,0,차대차 - 기타,기타,건조,기타,교차로 - 교차로안,화물,남,64세,상해없음,승용,여,31세,상해없음
2014043000100427,2014년 4월 30일 17시,수요일,전라남도 목포시 산정동,경상사고,0,0,1,0,차대차 - 측면직각충돌,교차로운행방법위반,건조,맑음,교차로 - 교차로안,이륜,남,35세,경상,승용,남,41세,상해없음
2014043000100459,2014년 4월 30일 18시,수요일,전라남도 함평군 함평읍,경상사고,0,0,3,0,차대차 - 추돌 - 진행중,교차로운행방법위반,건조,맑음,교차로 - 교차로안,승용,남,59세,상해없음,승용,여,37세,경상
2014043000100460,2014년 4월 30일 18시,수요일,전라남도 광양시 광영동,경상사고,0,0,1,0,차대차 - 기타,안전운전불이행,건조,맑음,교차로 - 교차로안,화물,남,27세,상해없음,승용,남,50세,경상
2014043000100461,2014년 4월 30일 18시,수요일,전라남도 광양시 중동,중상사고,0,1,1,0,차대차 - 기타,교차로운행방법위반,건조,흐림,교차로 - 교차로안,승용,남,54세,중상,승합,남,24세,경상
2014043000100499,2014년 4월 30일 19시,수요일,전라남도 순천시 조례동,경상사고,0,0,1,0,차대차 - 기타,직진우회전진행방해,건조,맑음,교차로 - 교차로안,승용,남,39세,상해없음,원동기,남,22세,경상
2014043000100532,2014년 4월 30일 20시,수요일,전라남도 여수시 소라면,중상사고,0,1,0,0,차대차 - 기타,안전운전불이행,건조,맑음,단일로 - 기타,승용,남,35세,상해없음,이륜,남,39세,중상
2014043000100533,2014년 4월 30일 20시,수요일,전라남도 순천시 조례동,경상사고,0,0,1,0,차대차 - 추돌 - 진행중,안전운전불이행,습기,흐림,단일로 - 기타,승용,남,64세,상해없음,승용,남,27세,상해없음
2014043000100534,2014년 4월 30일 20시,수요일,전라남도 순천시 행동,경상사고,0,0,1,0,차대사람 - 횡단중,보행자보호의무위반,건조,맑음,교차로 - 교차로안,승용,남,50세,상해없음,보행자,여,74세,경상
2014043000100535,2014년 4월 30일 20시,수요일,전라남도 화순군 화순읍,중상사고,0,1,0,0,차량단독 - 공작물충돌,안전운전불이행,건조,맑음,교차로 - 교차로안,승용,남,56세,중상,,,,
2014043000100536,2014년 4월 30일 20시,수요일,전라남도 영암군 삼호읍,중상사고,0,1,0,0,차대사람 - 횡단중,안전운전불이행,건조,맑음,단일로 - 기타,승용,남,52세,상해없음,보행자,남,67세,중상