사고번호,사고일시,요일,시군구,사고내용,사망자수,중상자수,경상자수,부상신고자수,사고유형,법규위반,노면상태,기상상태,도로형태,가해운전자 차종,가해운전자 성별,가해운전자 연령,가해운전자 상해정도,피해운전자 차종,피해운전자 성별,피해운전자 연령,피해운전자 상해정도
2014043000100537,2014년 4월 30일 20시,수요일,전라남도 광양시 중동,중상사고,0,1,1,0,차대차 - 측면직각충돌,신호위반,건조,맑음,교차로 - 교차로안,승용,남,38세,상해없음,승용,남,60세,중상
2014043000100584,2014년 4월 30일 21시,수요일,전라남도 광양시 중동,중상사고,0,1,0,0,차대사람 - 횡단중,보행자보호의무위반,건조,흐림,단일로 - 횡단보도상,승용,남,38세,상해없음,보행자,남,38세,중상
2014050100100059,2014년 5월 1일 03시,목요일,전라남도 순천시 덕암동,경상사고,0,0,1,0,차대사람 - 기타,안전운전불이행,건조,맑음,교차로 - 교차로안,승용,남,66세,상해없음,보행자,남,28세,경상
2014050100100072,2014년 5월 1일 04시,목요일,전라남도 여수시 월내동,경상사고,0,0,1,0,차량단독 - 공작물충돌,안전운전불이행,건조,맑음,기타 - 기타,승용,남,44세,경상,,,,
2014050100100107,2014년 5월 1일 07시,목요일,전라남도 여수시 남산동,중상사고,0,1,0,0,차대사람 - 횡단중,보행자보호의무위반,건조,맑음,교차로 - 교차로부근,승용,여,43세,상해없음,보행자,여,63세,중상
2014050100100108,2014년 5월 1일 07시,목요일,전라남도 순천시 가곡동,중상사고,0,1,0,0,차대차 - 기타,차로위반,건조,맑음,단일로 - 기타,자전거,남,79세,중상,승합,남,51세,상해없음
2014050100100109,2014년 5월 1일 07시,목요일,전라남도 순천시 조례동,경상사고,0,0,1,0,차대사람 - 횡단중,안전운전불이행,건조,맑음,교차로 - 교차로안,승용,여,44세,상해없음,보행자,여,22세,경상
2014050100100110,2014년 5월 1일 07시,목요일,전라남도 보성군 보성읍,중상사고,0,2,1,0,차량단독 - 공작물충돌,안전운전불이행,건조,맑음,단일로 - 기타,승용,여,29세,중상,,,,
2014050100100111,2014년 5월 1일 07시,목요일,전라남도 영암군 삼호읍,경상사고,0,0,3,0,차대차 - 측면직각충돌,신호위반,건조,맑음,교차로 - 교차로안,화물,남,63세,상해없음,승용,여,28세,경상
2014050100100143,2014년 5월 1일 08시,목요일,전라남도 구례군 용방면,경상사고,0,0,1,0,차대차 - 기타,교차로운행방법위반,건조,맑음,교차로 - 교차로안,승용,여,33세,상해없음,이륜,남,23세,경상
2014050100100168,2014년 5월 1일 09시,목요일,전라남도 함평군 손불면,중상사고,0,1,0,0,차대사람 - 길가장자리구역통행중,안전운전불이행,건조,맑음,단일로 - 기타,화물,남,38세,상해없음,보행자,남,83세,중상
2014050100100193,2014년 5월 1일 10시,목요일,전라남도 목포시 상동,중상사고,0,1,0,0,차대사람 - 횡단중,신호위반,건조,맑음,교차로 - 교차로부근,승용,남,56세,상해없음,보행자,여,36세,중상
2014050100100304,2014년 5월 1일 14시,목요일,전라남도 나주시 남평읍,경상사고,0,0,3,0,차대차 - 측면직각충돌,직진우회전진행방해,건조,맑음,교차로 - 교차로안,승용,남,69세,경상,승용,남,60세,경상
2014050100100305,2014년 5월 1일 14시,목요일,전라남도 광양시 광양읍,경상사고,0,0,1,0,차대사람 - 보도통행중,보행자보호의무위반,건조,맑음,단일로 - 횡단보도상,승용,남,65세,상해없음,보행자,남,14세,경상
2014050100100421,2014년 5월 1일 17시,목요일,전라남도 여수시 소라면,경상사고,0,0,1,0,차대차 - 추돌 - 진행중,안전운전불이행,건조,맑음,단일로 - 기타,승용,남,45세,상해없음,승용,여,46세,경상
2014050100100422,2014년 5월 1일 17시,목요일,전라남도 여수시 돌산읍,경상사고,0,0,1,0,차대차 - 추돌 - 주정차중,안전거리미확보,건조,맑음,단일로 - 기타,승용,남,36세,상해없음,승용,남,48세,경상
2014050100100423,2014년 5월 1일 17시,목요일,전라남도 광양시 광양읍,경상사고,0,0,1,0,차대차 - 측면직각충돌,직진우회전진행방해,건조,맑음,교차로 - 교차로안,원동기,남,64세,경상,승용,남,36세,상해없음
2014050100100457,2014년 5월 1일 18시,목요일,전라남도 순천시 덕암동,중상사고,0,1,0,0,차대차 - 기타,직진우회전진행방해,건조,맑음,교차로 - 교차로안,화물,남,66세,상해없음,이륜,남,74세,중상
2014050100100458,2014년 5월 1일 18시,목요일,전라남도 담양군 고서면,중상사고,0,1,0,0,차량단독 - 기타,안전운전불이행,건조,맑음,단일로 - 기타,이륜,남,61세,중상,,,,
2014050100100505,2014년 5월 1일 19시,목요일,전라남도 영광군 영광읍,경상사고,0,0,1,0,차대차 - 측면직각충돌,중앙선침범,건조,맑음,단일로 - 기타,이륜,남,74세,경상,승용,여,41세,상해없음
2014050100100534,2014년 5월 1일 20시,목요일,전라남도 순천시 연향동,경상사고,0,0,2,0,차대차 - 추돌 - 주정차중,안전운전불이행,건조,맑음,교차로 - 교차로부근,원동기,남,46세,상해없음,승용,여,37세,경상
2014050100100535,2014년 5월 1일 20시,목요일,전라남도 무안군 삼향읍,경상사고,0,0,1,0,차대차 - 정면충돌,중앙선침범,건조,맑음,단일로 - 기타,승용,남,44세,상해없음,승용,남,22세,경상
2014050100100565,2014년 5월 1일 21시,목요일,전라남도 여수시 학동,중상사고,0,1,0,0,차대사람 - 차도통행중,안전운전불이행,습기,비,교차로 - 교차로부근,승용,남,54세,상해없음,보행자,남,41세,중상
2014050100100596,2014년 5월 1일 22시,목요일,전라남도 나주시 중앙동,경상사고,0,0,2,0,차대차 - 측면직각충돌,직진우회전진행방해,건조,맑음,교차로 - 교차로안,승용,남,48세,경상,화물,여,52세,경상
2014050100100627,2014년 5월 1일 23시,목요일,전라남도 순천시 풍덕동,중상사고,0,1,0,0,차대사람 - 차도통행중,안전운전불이행,건조,맑음,단일로 - 기타,승용,남,56세,상해없음,보행자,여,43세,중상
2014050100100628,2014년 5월 1일 23시,목요일,전라남도 순천시 조례동,부상신고사고,0,0,0,2,차대차 - 측면직각충돌,교차로운행방법위반,건조,맑음,교차로 - 교차로안,승용,여,54세,상해없음,승용,남,42세,부상신고
2014050100100629,2014년 5월 1일 23시,목요일,전라남도 광양시 중동,경상사고,0,0,2,0,차대차 - 측면직각충돌,교차로운행방법위반,건조,맑음,교차로 - 교차로안,승용,남,28세,상해없음,승용,남,30세,경상
2014050200100016,2014년 5월 2일 00시,금요일,전라남도 순천시 가곡동,경상사고,0,0,3,0,차대차 - 정면충돌,신호위반,건조,맑음,교차로 - 교차로안,원동기,남,18세,경상,승용,여,53세,경상
2014050200100017,2014년 5월 2일 00시,금요일,전라남도 광양시 황길동,중상사고,0,1,0,0,차량단독 - 전도전복,안전운전불이행,건조,맑음,교차로 - 교차로부근,원동기,남,21세,중상,,,,
2014050200100044,2014년 5월 2일 02시,금요일,전라남도 목포시 용해동,중상사고,0,1,1,0,차대차 - 측면직각충돌,중앙선침범,건조,맑음,단일로 - 기타,승용,남,54세,중상,화물,남,20세,경상
2014050200100050,2014년 5월 2일 03시,금요일,전라남도 목포시 상동,경상사고,0,0,1,0,차대사람 - 차도통행중,안전운전불이행,건조,맑음,교차로 - 교차로부근,승합,남,46세,상해없음,보행자,남,37세,경상
2014050200100059,2014년 5월 2일 04시,금요일,전라남도 목포시 옥암동,경상사고,0,0,1,0,차대차 - 추돌 - 진행중,안전운전불이행,건조,맑음,단일로 - 기타,승합,여,33세,상해없음,승용,남,54세,상해없음
2014050200100082,2014년 5월 2일 06시,금요일,전라남도 목포시 상동,경상사고,0,0,2,0,차대차 - 추돌 - 주정차중,중앙선침범,건조,맑음,교차로 - 교차로부근,승용,남,42세,상해없음,승용,여,37세,상해없음
2014050200100102,2014년 5월 2일 07시,금요일,전라남도 담양군 봉산면,경상사고,0,0,1,0,차대차 - 기타,안전거리미확보,건조,맑음,단일로 - 기타,승용,남,50세,상해없음,승용,남,55세,경상
2014050200100103,2014년 5월 2일 07시,금요일,전라남도 광양시 옥곡면,경상사고,0,0,1,0,차대차 - 기타,안전운전불이행,건조,맑음,단일로 - 기타,이륜,남,42세,상해없음,이륜,여,56세,경상
2014050200100104,2014년 5월 2일 07시,금요일,전라남도 광양시 태인동,경상사고,0,0,1,0,차대차 - 측면직각충돌,안전운전불이행,건조,맑음,교차로 - 교차로안,특수,남,21세,상해없음,승용,남,26세,경상
2014050200100171,2014년 5월 2일 09시,금요일,전라남도 구례군 토지면,경상사고,0,0,1,0,차대차 - 기타,안전운전불이행,건조,맑음,단일로 - 기타,이륜,남,77세,경상,승용,여,58세,상해없음
2014050200100241,2014년 5월 2일 11시,금요일,전라남도 나주시 남평읍,경상사고,0,0,1,0,차량단독 - 공작물충돌,안전운전불이행,건조,맑음,단일로 - 기타,화물,남,59세,경상,,,,
2014050200100301,2014년 5월 2일 13시,금요일,전라남도 담양군 담양읍,경상사고,0,0,2,0,차대차 - 측면직각충돌,안전운전불이행,건조,맑음,교차로 - 교차로안,화물,남,54세,상해없음,승용,남,31세,경상
2014050200100342,2014년 5월 2일 14시,금요일,전라남도 보성군 벌교읍,중상사고,0,1,0,0,차대사람 - 기타,보행자보호의무위반,건조,맑음,단일로 - 기타,승용,남,37세,상해없음,보행자,여,74세,중상
2014050200100343,2014년 5월 2일 14시,금요일,전라남도 화순군 남면,사망사고,1,0,0,0,차대차 - 추돌 - 주정차중,안전운전불이행,건조,맑음,단일로 - 기타,원동기,여,63세,사망,화물,남,56세,상해없음
2014050200100344,2014년 5월 2일 14시,금요일,전라남도 영암군 삼호읍,중상사고,0,1,2,0,차대차 - 측면직각충돌,직진우회전진행방해,건조,맑음,교차로 - 교차로안,승용,여,37세,중상,승용,여,53세,경상
2014050200100385,2014년 5월 2일 15시,금요일,전라남도 신안군 압해읍,경상사고,0,0,1,0,차대차 - 기타,직진우회전진행방해,건조,맑음,교차로 - 교차로안,이륜,남,71세,경상,승용,남,50세,상해없음
2014050200100386,2014년 5월 2일 15시,금요일,전라남도 고흥군 고흥읍,부상신고사고,0,0,0,1,차대사람 - 기타,기타,건조,맑음,단일로 - 기타,기타불명,기타불명,기타불명,기타불명,보행자,남,55세,부상신고
2014050200100437,2014년 5월 2일 16시,금요일,전라남도 해남군 송지면,중상사고,0,4,0,0,차량단독 - 전도전복,안전운전불이행,건조,맑음,단일로 - 기타,승용,남,44세,중상,,,,
2014050200100438,2014년 5월 2일 16시,금요일,전라남도 해남군 황산면,중상사고,0,1,0,0,차대사람 - 기타,안전운전불이행,건조,맑음,단일로 - 기타,승용,여,52세,상해없음,보행자,남,78세,중상
2014050200100439,2014년 5월 2일 16시,금요일,전라남도 무안군 해제면,중상사고,0,1,0,0,차대차 - 측면직각충돌,안전운전불이행,건조,맑음,교차로 - 교차로부근,이륜,남,56세,중상,화물,남,49세,상해없음
2014050200100440,2014년 5월 2일 16시,금요일,전라남도 무안군 현경면,부상신고사고,0,0,0,1,차대차 - 측면직각충돌,안전운전불이행,건조,맑음,교차로 - 교차로안,이륜,남,66세,부상신고,화물,남,69세,상해없음
2014050200100486,2014년 5월 2일 17시,금요일,전라남도 여수시 여서동,중상사고,0,1,0,0,차대사람 - 횡단중,안전운전불이행,건조,맑음,단일로 - 기타,승용,여,30세,상해없음,보행자,남,55세,중상
2014050200100487,2014년 5월 2일 17시,금요일,전라남도 영암군 삼호읍,경상사고,0,0,3,0,차대차 - 측면직각충돌,기타,건조,맑음,교차로 - 교차로안,승용,남,45세,경상,승용,남,55세,경상
2014050200100488,2014년 5월 2일 17시,금요일,전라남도 담양군 담양읍,경상사고,0,0,2,0,차대차 - 추돌 - 진행중,안전운전불이행,건조,맑음,단일로 - 기타,원동기,남,63세,상해없음,자전거,남,8세,경상
2014050200100534,2014년 5월 2일 18시,금요일,전라남도 광양시 광양읍,경상사고,0,0,2,0,차대차 - 추돌 - 주정차중,안전운전불이행,건조,맑음,교차로 - 교차로안,승용,남,46세,상해없음,승용,여,37세,경상
2014050200100569,2014년 5월 2일 19시,금요일,전라남도 여수시 봉강동,경상사고,0,0,2,0,차대차 - 추돌 - 주정차중,안전운전불이행,건조,맑음,단일로 - 기타,승용,남,54세,상해없음,승용,남,33세,경상
2014050200100638,2014년 5월 2일 21시,금요일,전라남도 광양시 광양읍,중상사고,0,1,0,0,차대차 - 추돌 - 주정차중,안전운전불이행,건조,맑음,단일로 - 기타,승용,남,24세,상해없음,승합,남,52세,기타불명
2014050200100660,2014년 5월 2일 22시,금요일,전라남도 목포시 산정동,경상사고,0,0,1,0,차대사람 - 기타,안전운전불이행,건조,맑음,단일로 - 기타,승용,남,36세,상해없음,보행자,남,24세,경상
2014050200100661,2014년 5월 2일 22시,금요일,전라남도 순천시 동외동,경상사고,0,0,1,0,차대차 - 측면직각충돌,안전운전불이행,건조,맑음,교차로 - 교차로부근,승용,남,38세,상해없음,승용,남,35세,경상
2014050200100690,2014년 5월 2일 23시,금요일,전라남도 목포시 상동,경상사고,0,0,2,0,차대사람 - 횡단중,중앙선침범,건조,맑음,단일로 - 기타,승용,남,54세,상해없음,보행자,여,34세,경상
2014050200100691,2014년 5월 2일 23시,금요일,전라남도 해남군 해남읍,중상사고,0,1,0,1,차량단독 - 공작물충돌,안전운전불이행,건조,맑음,교차로 - 교차로부근,화물,남,30세,부상신고,,,,
2014050300100055,2014년 5월 3일 02시,토요일,전라남도 순천시 서면,경상사고,0,0,3,0,차대차 - 추돌 - 주정차중,안전운전불이행,건조,맑음,교차로 - 교차로부근,승용,남,40세,상해없음,승용,남,38세,경상
2014050300100057,2014년 5월 3일 02시,토요일,전라남도 장성군 서삼면,사망사고,1,1,2,0,차대차 - 기타,안전운전불이행,건조,맑음,단일로 - 기타,승용,남,34세,경상,승용,남,43세,경상
2014050300100075,2014년 5월 3일 03시,토요일,전라남도 광양시 중동,중상사고,0,1,1,0,차대차 - 추돌 - 주정차중,안전운전불이행,건조,맑음,교차로 - 교차로부근,화물,여,27세,경상,승용,여,33세,중상
2014050300100105,2014년 5월 3일 05시,토요일,전라남도 목포시 용당동,경상사고,0,0,2,0,차대차 - 기타,교차로운행방법위반,건조,맑음,교차로 - 교차로안,승용,남,27세,상해없음,승용,남,60세,경상
2014050300100143,2014년 5월 3일 08시,토요일,전라남도 장흥군 장흥읍,경상사고,0,0,3,0,차대차 - 측면직각충돌,안전운전불이행,건조,맑음,교차로 - 교차로안,승용,남,53세,상해없음,화물,남,62세,경상
2014050300100144,2014년 5월 3일 08시,토요일,전라남도 무안군 청계면,경상사고,0,0,2,0,차대차 - 기타,안전운전불이행,건조,맑음,교차로 - 교차로부근,화물,남,60세,상해없음,승용,여,45세,경상
2014050300100170,2014년 5월 3일 09시,토요일,전라남도 해남군 옥천면,경상사고,0,0,3,0,차대차 - 측면직각충돌,안전거리미확보,건조,맑음,단일로 - 기타,건설기계,남,43세,상해없음,승용,여,30세,경상
2014050300100171,2014년 5월 3일 09시,토요일,전라남도 보성군 조성면,경상사고,0,0,1,0,차대차 - 측면직각충돌,신호위반,건조,맑음,교차로 - 교차로안,승용,남,69세,상해없음,승용,남,82세,경상
2014050300100172,2014년 5월 3일 09시,토요일,전라남도 화순군 도곡면,경상사고,0,0,1,1,차대차 - 측면직각충돌,교차로운행방법위반,건조,맑음,교차로 - 교차로안,승용,여,48세,부상신고,화물,남,28세,경상
2014050300100208,2014년 5월 3일 10시,토요일,전라남도 순천시 교량동,경상사고,0,0,1,0,차대차 - 측면직각충돌,안전운전불이행,건조,맑음,교차로 - 교차로안,승용,여,41세,상해없음,원동기,남,60세,경상
2014050300100209,2014년 5월 3일 10시,토요일,전라남도 화순군 화순읍,경상사고,0,0,11,0,차대차 - 추돌 - 진행중,안전운전불이행,건조,맑음,단일로 - 기타,건설기계,남,50세,상해없음,승용,여,41세,경상
2014050300100249,2014년 5월 3일 11시,토요일,전라남도 순천시 대룡동,중상사고,0,1,0,0,차대사람 - 기타,안전운전불이행,건조,맑음,단일로 - 기타,승용,여,35세,상해없음,보행자,남,62세,중상
2014050300100250,2014년 5월 3일 11시,토요일,전라남도 보성군 보성읍,경상사고,0,0,1,0,차대차 - 측면직각충돌,안전거리미확보,건조,맑음,단일로 - 기타,화물,남,79세,상해없음,승용,남,20세,경상
2014050300100251,2014년 5월 3일 11시,토요일,전라남도 강진군 강진읍,부상신고사고,0,0,0,1,차대차 - 측면직각충돌,교차로운행방법위반,건조,맑음,교차로 - 교차로안,화물,남,66세,부상신고,승용,여,53세,상해없음
2014050300100295,2014년 5월 3일 12시,토요일,전라남도 해남군 옥천면,경상사고,0,0,1,0,차량단독 - 공작물충돌,안전운전불이행,건조,맑음,단일로 - 기타,승용,여,33세,경상,,,,
2014050300100296,2014년 5월 3일 12시,토요일,전라남도 함평군 학교면,중상사고,0,1,1,0,차대차 - 측면직각충돌,기타,건조,맑음,교차로 - 교차로안,화물,남,31세,중상,승용,남,57세,경상
2014050300100333,2014년 5월 3일 13시,토요일,전라남도 나주시 산포면,경상사고,0,0,1,0,차대차 - 기타,안전운전불이행,건조,맑음,교차로 - 교차로안,화물,남,45세,상해없음,원동기,남,61세,경상
2014050300100334,2014년 5월 3일 13시,토요일,전라남도 나주시 남평읍,경상사고,0,0,1,0,차대차 - 기타,안전운전불이행,건조,맑음,단일로 - 교량,승용,남,45세,상해없음,자전거,남,73세,경상
2014050300100335,2014년 5월 3일 13시,토요일,전라남도 고흥군 도양읍,경상사고,0,0,1,0,차대사람 - 횡단중,안전운전불이행,건조,맑음,교차로 - 교차로안,승용,여,53세,상해없음,보행자,여,90세,경상
2014050300100382,2014년 5월 3일 14시,토요일,전라남도 영암군 삼호읍,경상사고,0,0,1,0,차대차 - 측면직각충돌,안전거리미확보,건조,맑음,교차로 - 교차로안,화물,남,31세,상해없음,승용,여,50세,경상
2014050300100421,2014년 5월 3일 15시,토요일,전라남도 여수시 화치동,경상사고,0,0,4,0,차대차 - 측면직각충돌,안전운전불이행,건조,맑음,교차로 - 교차로안,승용,남,50세,상해없음,승용,남,40세,경상
2014050300100422,2014년 5월 3일 15시,토요일,전라남도 순천시 해룡면,경상사고,0,0,1,0,차대사람 - 횡단중,안전운전불이행,건조,맑음,단일로 - 기타,승용,남,61세,상해없음,보행자,남,42세,경상
2014050300100423,2014년 5월 3일 15시,토요일,전라남도 보성군 보성읍,중상사고,0,1,1,0,차대차 - 측면직각충돌,교차로운행방법위반,건조,맑음,단일로 - 기타,승용,남,47세,상해없음,화물,남,27세,경상
2014050300100424,2014년 5월 3일 15시,토요일,전라남도 영암군 삼호읍,경상사고,0,0,3,0,차대차 - 측면직각충돌,교차로운행방법위반,건조,맑음,교차로 - 교차로안,승합,여,59세,상해없음,승용,남,41세,경상
2014050300100425,2014년 5월 3일 15시,토요일,전라남도 구례군 구례읍,중상사고,0,1,0,0,차대차 - 기타,교차로운행방법위반,건조,맑음,교차로 - 교차로안,승용,남,41세,상해없음,이륜,남,92세,중상
2014050300100464,2014년 5월 3일 16시,토요일,전라남도 여수시 돌산읍,경상사고,0,0,1,0,차대차 - 측면직각충돌,교차로운행방법위반,건조,맑음,교차로 - 교차로안,승용,기타불명,기타불명,기타불명,승용,남,33세,경상
2014050300100465,2014년 5월 3일 16시,토요일,전라남도 여수시 삼산면,중상사고,0,1,0,0,차대차 - 기타,안전운전불이행,건조,맑음,단일로 - 기타,승용,남,52세,상해없음,원동기,여,40세,중상
2014050300100466,2014년 5월 3일 16시,토요일,전라남도 순천시 덕월동,중상사고,0,1,2,3,차대차 - 추돌 - 주정차중,안전거리미확보,건조,맑음,단일로 - 기타,승용,남,40세,상해없음,승용,남,24세,상해없음
2014050300100467,2014년 5월 3일 16시,토요일,전라남도 나주시 송월동,경상사고,0,0,1,0,차대차 - 기타,안전운전불이행,건조,맑음,교차로 - 교차로부근,승용,남,37세,상해없음,원동기,남,40세,경상
2014050300100468,2014년 5월 3일 16시,토요일,전라남도 곡성군 오곡면,경상사고,0,0,1,0,차대차 - 기타,안전운전불이행,건조,맑음,교차로 - 교차로부근,승용,남,38세,상해없음,승용,남,51세,경상
2014050300100469,2014년 5월 3일 16시,토요일,전라남도 함평군 함평읍,경상사고,0,0,1,0,차대사람 - 횡단중,안전운전불이행,건조,맑음,단일로 - 기타,승용,남,62세,상해없음,보행자,남,35세,경상
2014050300100518,2014년 5월 3일 17시,토요일,전라남도 영광군 홍농읍,경상사고,0,0,2,0,차대차 - 측면직각충돌,직진우회전진행방해,건조,맑음,교차로 - 교차로안,승합,남,54세,상해없음,승용,여,55세,경상
2014050300100560,2014년 5월 3일 18시,토요일,전라남도 목포시 대양동,중상사고,0,3,3,0,차량단독 - 전도전복,안전운전불이행,건조,맑음,단일로 - 기타,승용,남,19세,중상,,,,
2014050300100605,2014년 5월 3일 19시,토요일,전라남도 나주시 삼도동,중상사고,0,1,0,0,차량단독 - 공작물충돌,안전운전불이행,건조,맑음,교차로 - 교차로부근,이륜,남,57세,중상,,,,
2014050300100637,2014년 5월 3일 20시,토요일,전라남도 목포시 산정동,중상사고,0,1,0,0,차대사람 - 차도통행중,안전운전불이행,건조,맑음,단일로 - 기타,승합,남,55세,상해없음,보행자,여,83세,중상
2014050300100638,2014년 5월 3일 20시,토요일,전라남도 여수시 중앙동,경상사고,0,0,1,0,차대차 - 기타,안전운전불이행,건조,맑음,단일로 - 기타,자전거,남,17세,경상,승용,남,37세,상해없음
2014050300100639,2014년 5월 3일 20시,토요일,전라남도 순천시 조곡동,경상사고,0,0,2,0,차대차 - 기타,직진우회전진행방해,건조,맑음,교차로 - 교차로안,승용,남,33세,상해없음,승용,남,45세,경상
2014050400100013,2014년 5월 4일 00시,일요일,전라남도 순천시 조례동,경상사고,0,0,2,0,차대차 - 기타,안전운전불이행,건조,맑음,교차로 - 교차로부근,승용,여,44세,상해없음,승용,여,28세,경상
2014050400100014,2014년 5월 4일 00시,일요일,전라남도 순천시 교량동,경상사고,0,0,1,0,차대차 - 기타,안전운전불이행,건조,맑음,단일로 - 기타,승용,남,61세,상해없음,승용,남,34세,경상
2014050400100036,2014년 5월 4일 01시,일요일,전라남도 곡성군 곡성읍,중상사고,0,1,0,0,차대사람 - 기타,기타,건조,맑음,단일로 - 기타,승용,여,40세,상해없음,보행자,남,31세,중상
2014050400100047,2014년 5월 4일 02시,일요일,전라남도 순천시 조례동,경상사고,0,0,1,0,차대차 - 측면직각충돌,안전운전불이행,건조,맑음,교차로 - 교차로안,원동기,남,22세,상해없음,승용,남,60세,경상
2014050400100077,2014년 5월 4일 05시,일요일,전라남도 여수시 중흥동,사망사고,1,0,1,0,차량단독 - 공작물충돌,안전운전불이행,건조,맑음,단일로 - 기타,화물,남,32세,사망,,,,
2014050400100104,2014년 5월 4일 07시,일요일,전라남도 고흥군 도양읍,경상사고,0,0,3,0,차대차 - 측면직각충돌,교차로운행방법위반,건조,맑음,교차로 - 교차로안,승용,여,50세,경상,승용,남,45세,경상
2014050400100119,2014년 5월 4일 08시,일요일,전라남도 담양군 담양읍,경상사고,0,0,4,0,차대차 - 기타,안전운전불이행,건조,맑음,교차로 - 교차로안,승용,여,38세,경상,승용,남,47세,경상
2014050400100134,2014년 5월 4일 09시,일요일,전라남도 담양군 고서면,경상사고,0,0,1,0,차대차 - 측면직각충돌,교차로운행방법위반,건조,맑음,교차로 - 교차로안,승용,남,47세,상해없음,원동기,남,75세,경상
2014050400100148,2014년 5월 4일 10시,일요일,전라남도 순천시 서면,경상사고,0,0,2,0,차대차 - 추돌 - 진행중,안전운전불이행,건조,맑음,교차로 - 교차로부근,승용,남,42세,상해없음,승용,남,50세,경상
2014050400100149,2014년 5월 4일 10시,일요일,전라남도 순천시 해룡면,경상사고,0,0,1,0,차대차 - 기타,직진우회전진행방해,건조,맑음,교차로 - 교차로안,승용,남,27세,상해없음,승용,남,46세,경상
2014050400100188,2014년 5월 4일 12시,일요일,전라남도 고흥군 점암면,경상사고,0,0,1,0,차대차 - 추돌 - 진행중,안전거리미확보,건조,맑음,단일로 - 기타,승용,남,56세,상해없음,이륜,남,52세,경상
2014050400100189,2014년 5월 4일 12시,일요일,전라남도 곡성군 곡성읍,경상사고,0,0,5,0,차대차 - 기타,안전운전불이행,건조,맑음,교차로 - 교차로안,화물,남,56세,상해없음,승용,남,42세,경상
2014050400100215,2014년 5월 4일 13시,일요일,전라남도 강진군 강진읍,경상사고,0,0,1,0,차대사람 - 기타,안전운전불이행,건조,맑음,교차로 - 교차로안,화물,남,42세,상해없음,보행자,남,59세,경상
2014050400100230,2014년 5월 4일 14시,일요일,전라남도 무안군 현경면,부상신고사고,0,0,0,1,차량단독 - 전도전복,안전운전불이행,건조,맑음,단일로 - 기타,승용,여,27세,부상신고,,,,
2014050400100258,2014년 5월 4일 15시,일요일,전라남도 목포시 죽교동,중상사고,0,1,0,0,차대사람 - 횡단중,보행자보호의무위반,건조,맑음,교차로 - 교차로부근,화물,남,41세,상해없음,보행자,남,64세,중상
2014050400100259,2014년 5월 4일 15시,일요일,전라남도 순천시 서면,경상사고,0,0,3,0,차대차 - 기타,신호위반,건조,맑음,교차로 - 교차로안,승용,남,61세,상해없음,승용,남,53세,경상
2014050400100260,2014년 5월 4일 15시,일요일,전라남도 영광군 법성면,경상사고,0,0,4,0,차대차 - 기타,안전운전불이행,건조,맑음,교차로 - 교차로안,승용,여,34세,경상,화물,남,31세,경상
2014050400100289,2014년 5월 4일 16시,일요일,전라남도 강진군 성전면,경상사고,0,0,2,0,차대차 - 추돌 - 주정차중,안전운전불이행,건조,맑음,교차로 - 교차로안,승용,남,50세,기타불명,승용,남,64세,경상
2014050400100316,2014년 5월 4일 17시,일요일,전라남도 순천시 해룡면,중상사고,0,1,0,0,차대차 - 추돌 - 진행중,교차로운행방법위반,건조,맑음,교차로 - 교차로부근,원동기,남,76세,중상,승용,남,36세,상해없음
2014050400100342,2014년 5월 4일 18시,일요일,전라남도 목포시 산정동,중상사고,0,1,3,0,차대차 - 측면직각충돌,신호위반,건조,맑음,교차로 - 교차로안,승용,여,34세,경상,승합,남,27세,경상
2014050400100343,2014년 5월 4일 18시,일요일,전라남도 순천시 조례동,경상사고,0,0,1,0,차대사람 - 기타,안전운전불이행,건조,맑음,단일로 - 기타,승용,남,35세,상해없음,보행자,남,73세,경상
2014050400100373,2014년 5월 4일 19시,일요일,전라남도 함평군 함평읍,경상사고,0,0,1,0,차대사람 - 기타,안전운전불이행,건조,맑음,단일로 - 기타,승용,남,56세,상해없음,보행자,여,40세,경상
2014050400100374,2014년 5월 4일 19시,일요일,전라남도 담양군 고서면,중상사고,0,1,2,0,차대차 - 기타,안전거리미확보,건조,맑음,단일로 - 기타,승용,남,52세,상해없음,승용,여,62세,경상
2014050400100375,2014년 5월 4일 19시,일요일,전라남도 무안군 무안읍,경상사고,0,0,1,0,차대사람 - 기타,보행자보호의무위반,건조,맑음,단일로 - 횡단보도상,승용,남,47세,상해없음,보행자,여,64세,경상
2014050400100414,2014년 5월 4일 20시,일요일,전라남도 순천시 해룡면,중상사고,0,1,2,0,차대차 - 기타,직진우회전진행방해,건조,맑음,교차로 - 교차로안,승용,남,57세,경상,승용,남,51세,중상
2014050400100455,2014년 5월 4일 21시,일요일,전라남도 목포시 산정동,경상사고,0,0,4,0,차대차 - 측면직각충돌,신호위반,습기,비,교차로 - 교차로안,승용,남,27세,경상,승용,남,55세,경상
2014050400100484,2014년 5월 4일 22시,일요일,전라남도 보성군 벌교읍,경상사고,0,0,2,0,차대차 - 추돌 - 진행중,안전운전불이행,건조,맑음,단일로 - 기타,승용,남,39세,상해없음,승용,남,54세,경상
2014050400100512,2014년 5월 4일 23시,일요일,전라남도 나주시 송월동,경상사고,0,0,1,0,차대차 - 기타,직진우회전진행방해,습기,비,교차로 - 교차로안,승용,여,45세,상해없음,승용,남,24세,경상