사고번호,사고일시,요일,시군구,사고내용,사망자수,중상자수,경상자수,부상신고자수,사고유형,법규위반,노면상태,기상상태,도로형태,가해운전자 차종,가해운전자 성별,가해운전자 연령,가해운전자 상해정도,피해운전자 차종,피해운전자 성별,피해운전자 연령,피해운전자 상해정도
2014050400100513,2014년 5월 4일 23시,일요일,전라남도 완도군 완도읍,중상사고,0,1,0,0,차대사람 - 길가장자리구역통행중,안전운전불이행,습기,비,단일로 - 기타,승용,남,50세,상해없음,보행자,남,42세,중상
2014050400100514,2014년 5월 4일 23시,일요일,전라남도 광양시 옥곡면,중상사고,0,1,1,0,차대차 - 측면직각충돌,신호위반,습기,비,교차로 - 교차로안,승용,남,47세,상해없음,승용,여,33세,중상
2014050500100012,2014년 5월 5일 00시,월요일,전라남도 순천시 장천동,경상사고,0,0,1,1,차대차 - 기타,직진우회전진행방해,습기,비,교차로 - 교차로안,원동기,남,17세,경상,승합,남,30세,상해없음
2014050500100030,2014년 5월 5일 01시,월요일,전라남도 여수시 여서동,경상사고,0,0,3,0,차대차 - 기타,중앙선침범,습기,비,단일로 - 기타,승용,남,30세,상해없음,승용,남,32세,경상
2014050500100075,2014년 5월 5일 05시,월요일,전라남도 함평군 학교면,경상사고,0,0,1,0,차대차 - 기타,안전운전불이행,건조,맑음,단일로 - 기타,화물,남,43세,상해없음,화물,남,57세,경상
2014050500100110,2014년 5월 5일 08시,월요일,전라남도 신안군 지도읍,경상사고,0,0,1,0,차대차 - 측면직각충돌,직진우회전진행방해,건조,맑음,교차로 - 교차로안,승합,남,40세,상해없음,승용,남,42세,경상
2014050500100111,2014년 5월 5일 08시,월요일,전라남도 곡성군 겸면,부상신고사고,0,0,0,2,차대차 - 기타,안전운전불이행,건조,맑음,단일로 - 기타,화물,남,30세,상해없음,승용,남,44세,부상신고
2014050500100132,2014년 5월 5일 09시,월요일,전라남도 장흥군 장평면,중상사고,0,1,0,0,차량단독 - 기타,안전운전불이행,건조,맑음,단일로 - 기타,화물,남,44세,상해없음,,,,
2014050500100148,2014년 5월 5일 10시,월요일,전라남도 나주시 중앙동,경상사고,0,0,1,0,차대사람 - 길가장자리구역통행중,안전운전불이행,건조,맑음,단일로 - 기타,승용,남,72세,상해없음,보행자,여,40세,경상
2014050500100149,2014년 5월 5일 10시,월요일,전라남도 영암군 삼호읍,경상사고,0,0,1,1,차대차 - 측면직각충돌,직진우회전진행방해,건조,맑음,교차로 - 교차로안,승용,남,25세,상해없음,승용,남,36세,경상
2014050500100150,2014년 5월 5일 10시,월요일,전라남도 영암군 영암읍,경상사고,0,0,1,0,차대차 - 추돌 - 진행중,안전운전불이행,건조,맑음,단일로 - 기타,화물,남,34세,상해없음,원동기,남,84세,경상
2014050500100151,2014년 5월 5일 10시,월요일,전라남도 장성군 서삼면,경상사고,0,0,1,0,차대차 - 기타,안전운전불이행,건조,맑음,단일로 - 기타,승합,여,51세,상해없음,승용,남,65세,경상
2014050500100152,2014년 5월 5일 10시,월요일,전라남도 장성군 북이면,중상사고,0,1,4,0,차대차 - 기타,안전운전불이행,습기,맑음,기타 - 기타,승합,남,61세,상해없음,승용,여,60세,기타불명
2014050500100238,2014년 5월 5일 13시,월요일,전라남도 여수시 교동,경상사고,0,0,1,0,차대사람 - 기타,안전운전불이행,건조,맑음,단일로 - 기타,승용,여,42세,상해없음,보행자,여,17세,경상
2014050500100239,2014년 5월 5일 13시,월요일,전라남도 영광군 영광읍,경상사고,0,0,1,0,차대사람 - 기타,안전운전불이행,건조,맑음,단일로 - 기타,승용,남,43세,상해없음,보행자,남,7세,경상
2014050500100240,2014년 5월 5일 13시,월요일,전라남도 장성군 장성읍,사망사고,1,0,0,0,차대차 - 기타,안전운전불이행,건조,맑음,교차로 - 교차로안,자전거,남,12세,사망,화물,남,34세,상해없음
2014050500100241,2014년 5월 5일 13시,월요일,전라남도 강진군 성전면,경상사고,0,0,1,0,차대차 - 측면직각충돌,직진우회전진행방해,건조,맑음,교차로 - 교차로안,승용,남,35세,상해없음,승용,남,53세,상해없음
2014050500100242,2014년 5월 5일 13시,월요일,전라남도 순천시 황전면,경상사고,0,0,1,0,차대차 - 추돌 - 주정차중,안전운전불이행,건조,맑음,단일로 - 기타,승용,남,52세,상해없음,승용,여,29세,경상
2014050500100282,2014년 5월 5일 14시,월요일,전라남도 여수시 만흥동,경상사고,0,0,3,3,차대차 - 추돌 - 진행중,안전운전불이행,건조,맑음,단일로 - 터널,승용,남,22세,상해없음,승용,남,43세,경상
2014050500100283,2014년 5월 5일 14시,월요일,전라남도 순천시 장천동,중상사고,0,1,0,0,차대사람 - 횡단중,보행자보호의무위반,건조,맑음,단일로 - 횡단보도상,승용,남,46세,상해없음,보행자,남,72세,중상
2014050500100284,2014년 5월 5일 14시,월요일,전라남도 담양군 담양읍,부상신고사고,0,0,0,1,차대사람 - 기타,안전운전불이행,건조,맑음,교차로 - 교차로안,승용,남,59세,상해없음,보행자,남,21세,부상신고
2014050500100313,2014년 5월 5일 15시,월요일,전라남도 여수시 여서동,경상사고,0,0,3,0,차대차 - 정면충돌,신호위반,건조,맑음,교차로 - 교차로안,화물,남,47세,상해없음,승용,여,36세,경상
2014050500100314,2014년 5월 5일 15시,월요일,전라남도 담양군 담양읍,경상사고,0,0,9,2,차대차 - 추돌 - 주정차중,안전거리미확보,건조,맑음,기타 - 기타,승용,여,32세,상해없음,승용,남,57세,경상
2014050500100315,2014년 5월 5일 15시,월요일,전라남도 곡성군 곡성읍,중상사고,0,1,0,0,차대사람 - 기타,안전운전불이행,건조,맑음,단일로 - 기타,이륜,남,47세,상해없음,보행자,남,78세,중상
2014050500100316,2014년 5월 5일 15시,월요일,전라남도 곡성군 고달면,경상사고,0,0,1,0,차대차 - 기타,안전운전불이행,건조,맑음,단일로 - 기타,자전거,남,52세,경상,승용,남,49세,상해없음
2014050500100354,2014년 5월 5일 16시,월요일,전라남도 영암군 영암읍,중상사고,0,1,0,0,차대차 - 측면직각충돌,신호위반,건조,맑음,교차로 - 교차로안,승용,남,43세,상해없음,원동기,남,67세,중상
2014050500100385,2014년 5월 5일 17시,월요일,전라남도 나주시 성북동,경상사고,0,0,2,0,차대차 - 추돌 - 진행중,안전거리미확보,건조,맑음,단일로 - 기타,승용,남,50세,상해없음,승용,여,50세,경상
2014050500100386,2014년 5월 5일 17시,월요일,전라남도 진도군 고군면,경상사고,0,0,3,0,차대차 - 측면직각충돌,중앙선침범,건조,맑음,단일로 - 기타,화물,남,76세,상해없음,승용,남,64세,경상
2014050500100423,2014년 5월 5일 18시,월요일,전라남도 영광군 불갑면,중상사고,0,3,2,0,차대차 - 기타,직진우회전진행방해,건조,맑음,교차로 - 교차로안,화물,남,60세,경상,승용,남,47세,중상
2014050500100424,2014년 5월 5일 18시,월요일,전라남도 영암군 삼호읍,중상사고,0,1,0,0,차대차 - 측면직각충돌,중앙선침범,건조,맑음,단일로 - 기타,농기계,남,71세,중상,승용,남,48세,상해없음
2014050500100459,2014년 5월 5일 19시,월요일,전라남도 여수시 학동,경상사고,0,0,1,0,차대차 - 추돌 - 진행중,교차로운행방법위반,건조,맑음,교차로 - 교차로안,승용,남,55세,상해없음,이륜,남,23세,경상
2014050500100506,2014년 5월 5일 21시,월요일,전라남도 여수시 남산동,경상사고,0,0,1,0,차대차 - 추돌 - 주정차중,안전거리미확보,건조,맑음,단일로 - 기타,화물,남,46세,상해없음,승용,여,57세,경상
2014050500100538,2014년 5월 5일 22시,월요일,전라남도 화순군 화순읍,부상신고사고,0,0,0,1,차대차 - 기타,교차로운행방법위반,건조,맑음,교차로 - 교차로부근,승합,남,52세,상해없음,이륜,남,17세,부상신고
2014050500100561,2014년 5월 5일 23시,월요일,전라남도 목포시 상동,경상사고,0,0,2,0,차대차 - 기타,차로위반,건조,맑음,단일로 - 기타,승용,남,65세,상해없음,승용,남,59세,상해없음
2014050600100010,2014년 5월 6일 00시,화요일,전라남도 여수시 여서동,경상사고,0,0,1,0,차대차 - 추돌 - 주정차중,안전운전불이행,건조,맑음,단일로 - 기타,승용,남,29세,경상,승용,남,30세,상해없음
2014050600100023,2014년 5월 6일 01시,화요일,전라남도 광양시 광양읍,부상신고사고,0,0,0,1,차대차 - 추돌 - 주정차중,안전운전불이행,건조,맑음,단일로 - 기타,승용,여,24세,부상신고,건설기계,남,36세,기타불명
2014050600100043,2014년 5월 6일 02시,화요일,전라남도 광양시 광양읍,중상사고,0,2,0,0,차대차 - 측면직각충돌,교차로운행방법위반,건조,맑음,교차로 - 교차로안,승용,남,22세,상해없음,승용,남,62세,중상
2014050600100090,2014년 5월 6일 07시,화요일,전라남도 곡성군 오산면,중상사고,0,2,4,0,차대차 - 기타,신호위반,건조,맑음,교차로 - 교차로안,승용,여,41세,경상,화물,남,46세,경상
2014050600100101,2014년 5월 6일 08시,화요일,전라남도 고흥군 금산면,중상사고,0,1,0,0,차대차 - 정면충돌,중앙선침범,건조,맑음,단일로 - 기타,승용,남,74세,상해없음,이륜,남,55세,중상
2014050600100111,2014년 5월 6일 09시,화요일,전라남도 나주시 산포면,중상사고,0,1,0,0,차량단독 - 전도전복,안전운전불이행,건조,맑음,교차로 - 교차로안,농기계,남,72세,중상,,,,
2014050600100112,2014년 5월 6일 09시,화요일,전라남도 장흥군 장평면,중상사고,0,1,0,0,차대차 - 측면직각충돌,중앙선침범,건조,맑음,단일로 - 기타,원동기,남,81세,중상,승용,남,51세,상해없음
2014050600100133,2014년 5월 6일 10시,화요일,전라남도 화순군 화순읍,경상사고,0,0,1,0,차대차 - 측면직각충돌,신호위반,건조,맑음,교차로 - 교차로안,승용,남,43세,상해없음,자전거,여,48세,경상
2014050600100156,2014년 5월 6일 11시,화요일,전라남도 순천시 장천동,경상사고,0,0,1,0,차대차 - 추돌 - 주정차중,안전운전불이행,건조,맑음,단일로 - 기타,승용,여,35세,상해없음,승용,남,42세,경상
2014050600100219,2014년 5월 6일 13시,화요일,전라남도 여수시 봉산동,경상사고,0,0,4,0,차대차 - 측면직각충돌,교차로운행방법위반,건조,맑음,교차로 - 교차로안,승용,여,53세,상해없음,승용,남,59세,상해없음
2014050600100252,2014년 5월 6일 14시,화요일,전라남도 나주시 산포면,경상사고,0,0,2,0,차대차 - 추돌 - 진행중,안전운전불이행,건조,맑음,교차로 - 교차로부근,승용,남,68세,경상,승용,남,22세,경상
2014050600100253,2014년 5월 6일 14시,화요일,전라남도 고흥군 동강면,경상사고,0,0,1,0,차대차 - 추돌 - 진행중,안전운전불이행,건조,맑음,교차로 - 교차로부근,화물,남,65세,상해없음,이륜,남,60세,경상
2014050600100285,2014년 5월 6일 15시,화요일,전라남도 해남군 옥천면,경상사고,0,0,1,0,차대차 - 기타,중앙선침범,건조,맑음,단일로 - 기타,승용,여,26세,경상,화물,남,56세,기타불명
2014050600100286,2014년 5월 6일 15시,화요일,전라남도 화순군 화순읍,경상사고,0,0,1,0,차대차 - 추돌 - 진행중,안전거리미확보,건조,맑음,단일로 - 기타,승용,남,38세,상해없음,승용,남,49세,상해없음
2014050600100319,2014년 5월 6일 16시,화요일,전라남도 나주시 금계동,경상사고,0,0,2,0,차대차 - 기타,교차로운행방법위반,건조,맑음,교차로 - 교차로안,자전거,여,36세,경상,승용,여,31세,상해없음
2014050600100359,2014년 5월 6일 17시,화요일,전라남도 목포시 대양동,경상사고,0,0,1,1,차대차 - 측면직각충돌,안전거리미확보,건조,맑음,단일로 - 기타,승용,남,59세,상해없음,승용,남,53세,경상
2014050600100360,2014년 5월 6일 17시,화요일,전라남도 여수시 돌산읍,경상사고,0,0,3,0,차대차 - 추돌 - 주정차중,안전운전불이행,건조,맑음,단일로 - 기타,승용,남,57세,상해없음,승용,남,30세,경상
2014050600100361,2014년 5월 6일 17시,화요일,전라남도 영암군 삼호읍,중상사고,0,1,3,0,차대차 - 측면직각충돌,직진우회전진행방해,건조,맑음,교차로 - 교차로안,승용,남,31세,경상,승용,남,69세,중상
2014050600100390,2014년 5월 6일 18시,화요일,전라남도 나주시 영산동,경상사고,0,0,1,0,차대차 - 정면충돌,중앙선침범,건조,맑음,단일로 - 기타,승용,남,37세,기타불명,승용,남,45세,경상
2014050600100417,2014년 5월 6일 19시,화요일,전라남도 영암군 미암면,경상사고,0,0,1,0,차대차 - 기타,안전운전불이행,건조,맑음,단일로 - 기타,승용,남,68세,상해없음,승용,남,55세,경상
2014050600100418,2014년 5월 6일 19시,화요일,전라남도 영암군 삼호읍,경상사고,0,0,1,0,차대차 - 측면직각충돌,안전운전불이행,건조,맑음,단일로 - 기타,승용,남,49세,상해없음,승용,남,47세,경상
2014050600100490,2014년 5월 6일 22시,화요일,전라남도 영광군 영광읍,부상신고사고,0,0,0,1,차대차 - 측면직각충돌,안전운전불이행,건조,맑음,교차로 - 교차로안,승용,여,42세,상해없음,승용,여,45세,부상신고
2014050600100513,2014년 5월 6일 23시,화요일,전라남도 순천시 연향동,중상사고,0,1,0,0,차대차 - 측면직각충돌,중앙선침범,건조,맑음,단일로 - 기타,승용,남,29세,상해없음,원동기,남,17세,중상
2014050700100009,2014년 5월 7일 00시,수요일,전라남도 목포시 용당동,경상사고,0,0,1,0,차대차 - 정면충돌,중앙선침범,건조,맑음,교차로 - 교차로부근,승용,남,29세,상해없음,승용,남,39세,경상
2014050700100010,2014년 5월 7일 00시,수요일,전라남도 순천시 조례동,경상사고,0,0,1,0,차대차 - 측면직각충돌,신호위반,건조,맑음,교차로 - 교차로안,승용,여,44세,상해없음,승용,남,29세,경상
2014050700100053,2014년 5월 7일 06시,수요일,전라남도 화순군 화순읍,경상사고,0,0,1,0,차대차 - 측면직각충돌,신호위반,건조,맑음,교차로 - 교차로안,화물,남,51세,상해없음,승용,남,53세,경상
2014050700100078,2014년 5월 7일 07시,수요일,전라남도 순천시 조례동,경상사고,0,0,1,0,차대차 - 측면직각충돌,중앙선침범,건조,맑음,교차로 - 교차로부근,화물,남,40세,상해없음,승용,남,48세,경상
2014050700100079,2014년 5월 7일 07시,수요일,전라남도 담양군 수북면,사망사고,1,0,1,0,차대차 - 기타,안전운전불이행,건조,맑음,교차로 - 교차로부근,화물,남,45세,상해없음,승용,남,44세,경상
2014050700100080,2014년 5월 7일 07시,수요일,전라남도 광양시 중동,경상사고,0,0,1,0,차대차 - 측면직각충돌,신호위반,건조,맑음,교차로 - 교차로안,화물,남,59세,상해없음,승용,남,26세,경상
2014050700100115,2014년 5월 7일 08시,수요일,전라남도 나주시 왕곡면,경상사고,0,0,1,0,차대차 - 기타,안전운전불이행,건조,맑음,교차로 - 교차로부근,원동기,남,76세,경상,화물,남,56세,상해없음
2014050700100116,2014년 5월 7일 08시,수요일,전라남도 보성군 벌교읍,중상사고,0,1,0,0,차대사람 - 횡단중,기타,건조,맑음,단일로 - 기타,승용,남,27세,상해없음,보행자,남,4세,중상
2014050700100117,2014년 5월 7일 08시,수요일,전라남도 곡성군 옥과면,경상사고,0,0,1,1,차대차 - 기타,중앙선침범,건조,맑음,단일로 - 기타,원동기,남,58세,부상신고,승용,남,29세,상해없음
2014050700100154,2014년 5월 7일 09시,수요일,전라남도 해남군 북평면,경상사고,0,0,4,1,차대차 - 추돌 - 진행중,안전운전불이행,건조,맑음,단일로 - 기타,승용,여,35세,부상신고,승용,남,49세,경상
2014050700100155,2014년 5월 7일 09시,수요일,전라남도 담양군 봉산면,사망사고,1,0,0,0,차량단독 - 도로외이탈 - 추락,안전운전불이행,건조,맑음,단일로 - 기타,건설기계,남,67세,사망,,,,
2014050700100247,2014년 5월 7일 12시,수요일,전라남도 장흥군 장흥읍,사망사고,1,0,0,0,차량단독 - 기타,안전운전불이행,건조,맑음,단일로 - 기타,승용,남,40세,사망,,,,
2014050700100248,2014년 5월 7일 12시,수요일,전라남도 완도군 완도읍,사망사고,1,0,0,0,차량단독 - 도로외이탈 - 추락,안전운전불이행,건조,맑음,기타 - 기타,승용,남,64세,사망,,,,
2014050700100249,2014년 5월 7일 12시,수요일,전라남도 광양시 중동,경상사고,0,0,2,0,차대차 - 기타,직진우회전진행방해,건조,맑음,교차로 - 교차로안,승용,남,59세,경상,승용,여,29세,경상
2014050700100313,2014년 5월 7일 14시,수요일,전라남도 목포시 상동,경상사고,0,0,4,0,차대차 - 측면직각충돌,교차로운행방법위반,건조,맑음,교차로 - 교차로안,승용,남,48세,상해없음,승용,남,48세,상해없음
2014050700100314,2014년 5월 7일 14시,수요일,전라남도 구례군 구례읍,경상사고,0,0,1,0,차대차 - 기타,안전운전불이행,건조,맑음,단일로 - 기타,승용,남,40세,상해없음,이륜,남,65세,경상
2014050700100349,2014년 5월 7일 15시,수요일,전라남도 목포시 옥암동,경상사고,0,0,1,0,차대차 - 기타,안전거리미확보,건조,맑음,단일로 - 기타,승용,남,63세,기타불명,승용,여,66세,경상
2014050700100350,2014년 5월 7일 15시,수요일,전라남도 함평군 나산면,중상사고,0,1,0,0,차량단독 - 도로외이탈 - 추락,안전운전불이행,건조,맑음,단일로 - 기타,이륜,남,64세,상해없음,,,,
2014050700100351,2014년 5월 7일 15시,수요일,전라남도 강진군 도암면,경상사고,0,0,1,0,차대차 - 정면충돌,중앙선침범,건조,맑음,단일로 - 기타,화물,남,72세,기타불명,화물,남,54세,경상
2014050700100352,2014년 5월 7일 15시,수요일,전라남도 광양시 광양읍,경상사고,0,0,2,0,차대차 - 측면직각충돌,직진우회전진행방해,건조,맑음,교차로 - 교차로안,이륜,남,28세,경상,승용,남,66세,상해없음
2014050700100384,2014년 5월 7일 16시,수요일,전라남도 여수시 문수동,경상사고,0,0,3,0,차대차 - 기타,안전운전불이행,건조,맑음,단일로 - 기타,승용,여,45세,상해없음,승용,남,70세,상해없음
2014050700100385,2014년 5월 7일 16시,수요일,전라남도 강진군 강진읍,중상사고,0,1,0,0,차대사람 - 기타,안전운전불이행,건조,맑음,단일로 - 기타,승용,남,43세,상해없음,보행자,여,64세,중상
2014050700100386,2014년 5월 7일 16시,수요일,전라남도 담양군 담양읍,경상사고,0,0,1,0,차대차 - 기타,안전운전불이행,건조,맑음,단일로 - 기타,원동기,남,59세,경상,승용,남,64세,상해없음
2014050700100421,2014년 5월 7일 17시,수요일,전라남도 목포시 상동,경상사고,0,0,3,0,차대차 - 기타,신호위반,건조,맑음,교차로 - 교차로안,이륜,남,17세,경상,승용,남,56세,경상
2014050700100422,2014년 5월 7일 17시,수요일,전라남도 여수시 화장동,경상사고,0,0,1,0,차대사람 - 길가장자리구역통행중,안전운전불이행,건조,맑음,단일로 - 기타,승용,남,56세,상해없음,보행자,여,51세,경상
2014050700100423,2014년 5월 7일 17시,수요일,전라남도 순천시 조곡동,경상사고,0,0,1,0,차대차 - 추돌 - 주정차중,안전운전불이행,건조,맑음,단일로 - 기타,화물,남,51세,상해없음,승용,여,42세,경상
2014050700100424,2014년 5월 7일 17시,수요일,전라남도 영암군 삼호읍,경상사고,0,0,1,0,차대차 - 측면직각충돌,안전운전불이행,건조,맑음,교차로 - 교차로안,승용,남,56세,상해없음,승용,여,34세,경상
2014050700100425,2014년 5월 7일 17시,수요일,전라남도 담양군 고서면,중상사고,0,1,0,0,차대차 - 측면직각충돌,직진우회전진행방해,건조,맑음,교차로 - 교차로안,이륜,여,61세,중상,승용,남,34세,상해없음
2014050700100470,2014년 5월 7일 18시,수요일,전라남도 여수시 학동,경상사고,0,0,1,0,차대차 - 기타,안전운전불이행,건조,맑음,교차로 - 교차로안,원동기,남,21세,경상,승용,여,41세,상해없음
2014050700100471,2014년 5월 7일 18시,수요일,전라남도 고흥군 봉래면,경상사고,0,0,2,0,차대차 - 정면충돌,안전운전불이행,건조,맑음,교차로 - 교차로안,승용,남,42세,상해없음,화물,남,64세,경상
2014050700100472,2014년 5월 7일 18시,수요일,전라남도 화순군 화순읍,경상사고,0,0,1,0,차대차 - 측면직각충돌,안전운전불이행,건조,맑음,단일로 - 기타,승용,남,59세,상해없음,원동기,남,17세,경상
2014050700100512,2014년 5월 7일 19시,수요일,전라남도 목포시 용해동,경상사고,0,0,3,0,차대차 - 기타,교차로운행방법위반,건조,맑음,교차로 - 교차로안,승용,남,50세,상해없음,승용,여,41세,경상
2014050700100513,2014년 5월 7일 19시,수요일,전라남도 순천시 덕암동,경상사고,0,0,1,0,차대차 - 기타,안전운전불이행,건조,맑음,단일로 - 기타,승용,여,45세,상해없음,승합,남,49세,상해없음
2014050700100554,2014년 5월 7일 20시,수요일,전라남도 해남군 황산면,중상사고,0,1,0,0,차대사람 - 횡단중,안전운전불이행,건조,맑음,교차로 - 교차로부근,화물,남,55세,상해없음,보행자,여,72세,중상
2014050700100595,2014년 5월 7일 21시,수요일,전라남도 목포시 상동,경상사고,0,0,3,0,차대차 - 추돌 - 주정차중,안전운전불이행,건조,맑음,단일로 - 횡단보도부근,승용,여,44세,상해없음,승용,여,34세,경상
2014050700100666,2014년 5월 7일 23시,수요일,전라남도 여수시 돌산읍,중상사고,0,1,0,0,차대사람 - 기타,안전운전불이행,건조,맑음,교차로 - 교차로부근,화물,남,52세,상해없음,보행자,남,57세,중상
2014050800100059,2014년 5월 8일 03시,목요일,전라남도 신안군 신의면,중상사고,0,1,0,0,차량단독 - 전도전복,안전운전불이행,건조,맑음,단일로 - 기타,승용,남,21세,중상,,,,
2014050800100109,2014년 5월 8일 07시,목요일,전라남도 신안군 안좌면,경상사고,0,0,2,0,차대차 - 기타,교차로운행방법위반,건조,맑음,단일로 - 기타,승용,남,48세,상해없음,승용,여,53세,경상
2014050800100110,2014년 5월 8일 07시,목요일,전라남도 영암군 삼호읍,중상사고,0,1,2,0,차대차 - 기타,신호위반,건조,맑음,교차로 - 교차로안,승용,남,26세,기타불명,승용,남,28세,경상
2014050800100245,2014년 5월 8일 11시,목요일,전라남도 나주시 봉황면,중상사고,0,1,0,0,차대차 - 측면직각충돌,직진우회전진행방해,건조,맑음,교차로 - 교차로안,승용,남,50세,상해없음,원동기,남,67세,중상
2014050800100279,2014년 5월 8일 12시,목요일,전라남도 여수시 학동,경상사고,0,0,1,0,차대사람 - 기타,안전운전불이행,건조,맑음,단일로 - 기타,승용,여,58세,상해없음,보행자,남,49세,경상
2014050800100280,2014년 5월 8일 12시,목요일,전라남도 무안군 청계면,중상사고,0,1,0,0,차대차 - 기타,안전운전불이행,건조,맑음,단일로 - 기타,승용,남,61세,상해없음,기타불명,여,78세,중상
2014050800100340,2014년 5월 8일 14시,목요일,전라남도 화순군 능주면,경상사고,0,0,1,2,차대차 - 추돌 - 진행중,안전운전불이행,건조,맑음,단일로 - 기타,승용,남,57세,상해없음,승용,남,45세,부상신고
2014050800100341,2014년 5월 8일 14시,목요일,전라남도 무안군 무안읍,경상사고,0,0,1,0,차대차 - 기타,직진우회전진행방해,건조,맑음,교차로 - 교차로안,이륜,남,31세,경상,화물,여,36세,상해없음
2014050800100375,2014년 5월 8일 15시,목요일,전라남도 목포시 옥암동,경상사고,0,0,1,0,차대차 - 측면직각충돌,신호위반,건조,맑음,교차로 - 교차로안,승용,여,29세,상해없음,승용,남,68세,경상
2014050800100376,2014년 5월 8일 15시,목요일,전라남도 여수시 교동,중상사고,0,2,0,0,차대차 - 측면직각충돌,교차로운행방법위반,건조,맑음,교차로 - 교차로안,원동기,남,78세,중상,승합,남,52세,상해없음
2014050800100377,2014년 5월 8일 15시,목요일,전라남도 구례군 구례읍,중상사고,0,3,1,0,차량단독 - 전도전복,안전운전불이행,건조,맑음,단일로 - 기타,승용,남,64세,상해없음,,,,
2014050800100422,2014년 5월 8일 16시,목요일,전라남도 영암군 삼호읍,중상사고,0,1,1,0,차대차 - 측면직각충돌,안전거리미확보,건조,맑음,단일로 - 기타,화물,남,39세,상해없음,승용,여,39세,경상
2014050800100423,2014년 5월 8일 16시,목요일,전라남도 광양시 진월면,중상사고,0,1,2,0,차대차 - 측면직각충돌,안전운전불이행,건조,맑음,교차로 - 교차로부근,승용,남,26세,경상,건설기계,남,38세,중상
2014050800100457,2014년 5월 8일 17시,목요일,전라남도 여수시 미평동,경상사고,0,0,1,0,차대차 - 측면직각충돌,안전운전불이행,건조,맑음,단일로 - 기타,건설기계,남,38세,상해없음,승용,여,55세,경상
2014050800100458,2014년 5월 8일 17시,목요일,전라남도 장성군 남면,경상사고,0,0,1,0,차대차 - 기타,안전운전불이행,건조,맑음,교차로 - 교차로안,승용,남,24세,상해없음,승용,남,48세,경상
2014050800100513,2014년 5월 8일 18시,목요일,전라남도 목포시 대양동,경상사고,0,0,2,0,차대차 - 추돌 - 주정차중,안전운전불이행,건조,맑음,단일로 - 기타,화물,남,36세,상해없음,승용,여,53세,경상
2014050800100514,2014년 5월 8일 18시,목요일,전라남도 목포시 산정동,경상사고,0,0,1,0,차대사람 - 길가장자리구역통행중,안전운전불이행,건조,맑음,교차로 - 교차로부근,승용,남,39세,상해없음,보행자,여,35세,경상
2014050800100515,2014년 5월 8일 18시,목요일,전라남도 나주시 왕곡면,경상사고,0,0,7,0,차대차 - 측면직각충돌,직진우회전진행방해,건조,맑음,교차로 - 교차로안,승용,여,45세,경상,화물,여,56세,경상
2014050800100516,2014년 5월 8일 18시,목요일,전라남도 영암군 삼호읍,경상사고,0,0,1,0,차대차 - 추돌 - 진행중,안전거리미확보,건조,맑음,교차로 - 교차로부근,화물,남,31세,상해없음,승용,남,24세,경상
2014050800100558,2014년 5월 8일 19시,목요일,전라남도 순천시 연향동,경상사고,0,0,7,0,차대차 - 기타,직진우회전진행방해,건조,맑음,교차로 - 교차로안,승용,남,28세,상해없음,승용,여,30세,경상
2014050800100559,2014년 5월 8일 19시,목요일,전라남도 영암군 학산면,중상사고,0,1,6,0,차대차 - 정면충돌,안전운전불이행,건조,맑음,교차로 - 교차로안,화물,남,63세,상해없음,승용,남,31세,경상
2014050800100629,2014년 5월 8일 21시,목요일,전라남도 목포시 대양동,경상사고,0,0,1,0,차대사람 - 횡단중,안전운전불이행,건조,맑음,단일로 - 기타,승용,남,55세,상해없음,보행자,남,44세,경상
2014050800100630,2014년 5월 8일 21시,목요일,전라남도 여수시 선원동,중상사고,0,2,0,0,차대차 - 추돌 - 진행중,안전운전불이행,건조,맑음,교차로 - 교차로안,승용,남,54세,상해없음,승용,남,74세,중상
2014050800100631,2014년 5월 8일 21시,목요일,전라남도 담양군 대전면,경상사고,0,0,4,0,차대차 - 추돌 - 주정차중,안전운전불이행,건조,맑음,교차로 - 교차로부근,화물,남,58세,상해없음,승용,남,35세,경상
2014050800100662,2014년 5월 8일 22시,목요일,전라남도 목포시 옥암동,경상사고,0,0,1,0,차대차 - 측면직각충돌,교차로운행방법위반,건조,맑음,교차로 - 교차로안,승용,남,47세,상해없음,원동기,남,21세,경상
2014050800100663,2014년 5월 8일 22시,목요일,전라남도 여수시 광무동,중상사고,0,1,0,0,차대사람 - 횡단중,안전운전불이행,건조,맑음,단일로 - 기타,승용,남,50세,상해없음,보행자,여,69세,중상
2014050900100125,2014년 5월 9일 08시,금요일,전라남도 장흥군 장흥읍,경상사고,0,0,1,0,차대차 - 추돌 - 진행중,안전운전불이행,건조,맑음,단일로 - 기타,화물,남,47세,기타불명,화물,남,49세,경상
2014050900100126,2014년 5월 9일 08시,금요일,전라남도 고흥군 도양읍,경상사고,0,0,2,0,차대차 - 기타,중앙선침범,건조,맑음,교차로 - 교차로안,승용,남,75세,상해없음,승용,남,32세,경상
2014050900100164,2014년 5월 9일 09시,금요일,전라남도 여수시 신덕동,중상사고,0,1,0,0,차대차 - 측면직각충돌,안전운전불이행,건조,맑음,단일로 - 기타,농기계,남,65세,중상,특수,남,43세,상해없음
2014050900100165,2014년 5월 9일 09시,금요일,전라남도 고흥군 고흥읍,중상사고,0,1,0,0,차대사람 - 기타,안전운전불이행,건조,맑음,단일로 - 기타,화물,남,46세,상해없음,보행자,여,74세,중상
2014050900100166,2014년 5월 9일 09시,금요일,전라남도 해남군 옥천면,경상사고,0,0,1,0,차대사람 - 기타,안전운전불이행,기타,맑음,단일로 - 기타,화물,남,56세,상해없음,보행자,남,80세,경상