사고번호,사고일시,요일,시군구,사고내용,사망자수,중상자수,경상자수,부상신고자수,사고유형,법규위반,노면상태,기상상태,도로형태,가해운전자 차종,가해운전자 성별,가해운전자 연령,가해운전자 상해정도,피해운전자 차종,피해운전자 성별,피해운전자 연령,피해운전자 상해정도
2014050900100167,2014년 5월 9일 09시,금요일,전라남도 영암군 삼호읍,경상사고,0,0,1,0,차대차 - 측면직각충돌,교차로운행방법위반,건조,맑음,교차로 - 교차로안,승용,여,27세,상해없음,승용,여,35세,경상
2014050900100168,2014년 5월 9일 09시,금요일,전라남도 광양시 광양읍,경상사고,0,0,1,0,차대사람 - 횡단중,보행자보호의무위반,건조,맑음,교차로 - 교차로부근,승용,여,32세,상해없음,보행자,여,55세,경상
2014050900100260,2014년 5월 9일 12시,금요일,전라남도 함평군 대동면,경상사고,0,0,2,0,차대사람 - 기타,안전운전불이행,건조,맑음,단일로 - 기타,승용,남,65세,상해없음,보행자,여,48세,경상
2014050900100261,2014년 5월 9일 12시,금요일,전라남도 광양시 광양읍,경상사고,0,0,1,0,차대차 - 기타,안전운전불이행,건조,맑음,교차로 - 교차로부근,이륜,남,69세,경상,승용,남,38세,상해없음
2014050900100289,2014년 5월 9일 13시,금요일,전라남도 담양군 담양읍,경상사고,0,0,1,0,차대사람 - 기타,불법유턴,건조,맑음,단일로 - 기타,승용,남,48세,상해없음,보행자,남,65세,경상
2014050900100290,2014년 5월 9일 13시,금요일,전라남도 완도군 완도읍,중상사고,0,1,0,0,차대차 - 추돌 - 주정차중,안전운전불이행,건조,맑음,교차로 - 교차로부근,승합,남,74세,상해없음,승용,남,58세,중상
2014050900100321,2014년 5월 9일 14시,금요일,전라남도 목포시 상동,부상신고사고,0,0,0,1,차대사람 - 횡단중,보행자보호의무위반,건조,맑음,교차로 - 교차로안,승용,남,74세,상해없음,보행자,여,71세,부상신고
2014050900100322,2014년 5월 9일 14시,금요일,전라남도 해남군 해남읍,경상사고,0,0,1,0,차대차 - 기타,안전거리미확보,건조,맑음,단일로 - 기타,화물,남,69세,상해없음,승용,여,57세,경상
2014050900100323,2014년 5월 9일 14시,금요일,전라남도 담양군 용면,사망사고,1,0,1,0,차대차 - 기타,중앙선침범,건조,맑음,단일로 - 기타,승합,남,70세,사망,건설기계,남,55세,경상
2014050900100324,2014년 5월 9일 14시,금요일,전라남도 광양시 금호동,경상사고,0,0,1,0,차량단독 - 공작물충돌,안전운전불이행,건조,맑음,미분류 - 미분류,화물,남,44세,경상,,,,
2014050900100360,2014년 5월 9일 15시,금요일,전라남도 여수시 묘도동,중상사고,0,3,2,0,차대차 - 추돌 - 진행중,안전운전불이행,건조,맑음,단일로 - 기타,화물,남,39세,상해없음,승용,남,54세,중상
2014050900100361,2014년 5월 9일 15시,금요일,전라남도 완도군 금일읍,경상사고,0,0,1,0,차대차 - 측면직각충돌,직진우회전진행방해,건조,맑음,교차로 - 교차로안,화물,남,53세,상해없음,승용,남,72세,경상
2014050900100362,2014년 5월 9일 15시,금요일,전라남도 광양시 광영동,중상사고,0,1,0,0,차대차 - 측면직각충돌,직진우회전진행방해,건조,맑음,교차로 - 교차로안,이륜,남,75세,중상,승용,남,52세,상해없음
2014050900100408,2014년 5월 9일 16시,금요일,전라남도 광양시 중동,경상사고,0,0,3,0,차대차 - 추돌 - 주정차중,안전운전불이행,건조,맑음,교차로 - 교차로부근,승용,남,45세,상해없음,승용,남,53세,경상
2014050900100453,2014년 5월 9일 17시,금요일,전라남도 나주시 대호동,경상사고,0,0,1,0,차대차 - 기타,안전운전불이행,건조,맑음,단일로 - 기타,승용,남,55세,상해없음,자전거,남,19세,경상
2014050900100454,2014년 5월 9일 17시,금요일,전라남도 보성군 득량면,중상사고,0,1,0,0,차대차 - 추돌 - 주정차중,안전운전불이행,건조,맑음,단일로 - 기타,자전거,남,17세,중상,화물,남,73세,기타불명
2014050900100455,2014년 5월 9일 17시,금요일,전라남도 곡성군 겸면,경상사고,0,0,1,0,차대차 - 기타,차로위반,건조,맑음,단일로 - 기타,화물,남,50세,상해없음,승용,여,44세,경상
2014050900100555,2014년 5월 9일 19시,금요일,전라남도 여수시 화양면,경상사고,0,0,3,0,차대차 - 정면충돌,중앙선침범,건조,맑음,단일로 - 기타,승용,여,60세,경상,화물,남,62세,경상
2014050900100589,2014년 5월 9일 20시,금요일,전라남도 여수시 문수동,중상사고,0,1,0,0,차대차 - 추돌 - 진행중,교차로운행방법위반,건조,맑음,교차로 - 교차로안,승용,여,57세,상해없음,원동기,남,22세,중상
2014050900100590,2014년 5월 9일 20시,금요일,전라남도 순천시 조례동,경상사고,0,0,1,0,차대차 - 기타,신호위반,건조,맑음,교차로 - 교차로안,원동기,남,21세,경상,승용,남,24세,상해없음
2014050900100627,2014년 5월 9일 21시,금요일,전라남도 목포시 용당동,경상사고,0,0,2,0,차대차 - 추돌 - 진행중,차로위반,건조,맑음,교차로 - 교차로안,승용,남,47세,상해없음,승용,남,27세,경상
2014050900100628,2014년 5월 9일 21시,금요일,전라남도 순천시 연향동,중상사고,0,1,0,0,차대사람 - 기타,안전운전불이행,건조,맑음,단일로 - 기타,승용,남,22세,상해없음,보행자,남,17세,중상
2014050900100629,2014년 5월 9일 21시,금요일,전라남도 무안군 해제면,부상신고사고,0,0,0,1,차량단독 - 기타,안전운전불이행,건조,맑음,단일로 - 기타,승합,남,63세,부상신고,,,,
2014050900100677,2014년 5월 9일 22시,금요일,전라남도 곡성군 곡성읍,중상사고,0,1,1,0,차대사람 - 기타,안전운전불이행,건조,맑음,단일로 - 기타,원동기,남,67세,경상,보행자,남,53세,중상
2014050900100678,2014년 5월 9일 22시,금요일,전라남도 무안군 무안읍,부상신고사고,0,0,0,1,차대차 - 기타,안전운전불이행,건조,맑음,단일로 - 기타,승용,여,39세,부상신고,특수,남,33세,상해없음
2014050900100713,2014년 5월 9일 23시,금요일,전라남도 여수시 서교동,사망사고,1,0,0,0,차대사람 - 횡단중,안전운전불이행,건조,맑음,교차로 - 교차로부근,승합,남,53세,상해없음,보행자,남,43세,사망
2014050900100714,2014년 5월 9일 23시,금요일,전라남도 순천시 해룡면,경상사고,0,0,3,0,차대차 - 추돌 - 주정차중,안전운전불이행,건조,맑음,교차로 - 교차로부근,화물,남,32세,경상,승합,남,55세,경상
2014051000100041,2014년 5월 10일 01시,토요일,전라남도 목포시 용당동,경상사고,0,0,2,0,차대차 - 추돌 - 진행중,안전거리미확보,건조,맑음,교차로 - 교차로부근,이륜,남,35세,경상,승용,남,46세,경상
2014051000100053,2014년 5월 10일 02시,토요일,전라남도 구례군 용방면,경상사고,0,0,1,0,차량단독 - 기타,안전운전불이행,건조,맑음,단일로 - 기타,승합,남,35세,경상,,,,
2014051000100113,2014년 5월 10일 06시,토요일,전라남도 순천시 생목동,경상사고,0,0,3,0,차대차 - 측면직각충돌,신호위반,건조,맑음,교차로 - 교차로안,승용,남,68세,경상,승용,남,38세,경상
2014051000100143,2014년 5월 10일 08시,토요일,전라남도 목포시 옥암동,경상사고,0,0,3,0,차대차 - 측면직각충돌,직진우회전진행방해,건조,맑음,교차로 - 교차로안,승용,여,43세,경상,승용,여,41세,경상
2014051000100144,2014년 5월 10일 08시,토요일,전라남도 강진군 대구면,경상사고,0,0,1,0,차대차 - 추돌 - 진행중,안전운전불이행,건조,맑음,단일로 - 기타,화물,남,67세,상해없음,승용,남,45세,경상
2014051000100164,2014년 5월 10일 09시,토요일,전라남도 순천시 용당동,중상사고,0,1,0,0,차대차 - 측면직각충돌,안전운전불이행,건조,맑음,교차로 - 교차로안,승용,남,58세,상해없음,승용,여,75세,중상
2014051000100165,2014년 5월 10일 09시,토요일,전라남도 담양군 담양읍,중상사고,0,1,1,0,차대차 - 측면직각충돌,신호위반,건조,맑음,교차로 - 교차로안,승용,남,23세,상해없음,승용,남,35세,중상
2014051000100208,2014년 5월 10일 10시,토요일,전라남도 강진군 강진읍,경상사고,0,0,1,0,차대차 - 측면직각충돌,교차로운행방법위반,건조,맑음,교차로 - 교차로안,원동기,여,66세,경상,승용,남,59세,상해없음
2014051000100245,2014년 5월 10일 11시,토요일,전라남도 순천시 용당동,경상사고,0,0,1,0,차대차 - 기타,중앙선침범,건조,맑음,교차로 - 교차로부근,승합,남,33세,상해없음,승용,여,41세,경상
2014051000100246,2014년 5월 10일 11시,토요일,전라남도 보성군 보성읍,경상사고,0,0,6,0,차대차 - 측면직각충돌,안전운전불이행,건조,맑음,교차로 - 교차로안,승용,남,26세,경상,승용,남,27세,경상
2014051000100284,2014년 5월 10일 12시,토요일,전라남도 목포시 옥암동,중상사고,0,1,0,0,차대차 - 측면직각충돌,신호위반,건조,맑음,교차로 - 교차로안,승용,남,73세,상해없음,승용,남,25세,중상
2014051000100321,2014년 5월 10일 13시,토요일,전라남도 해남군 화산면,부상신고사고,0,0,0,4,차대차 - 기타,안전운전불이행,기타,맑음,단일로 - 기타,승용,남,62세,부상신고,화물,남,46세,기타불명
2014051000100369,2014년 5월 10일 14시,토요일,전라남도 함평군 학교면,부상신고사고,0,0,0,1,차대차 - 추돌 - 주정차중,안전운전불이행,건조,맑음,단일로 - 기타,화물,남,43세,상해없음,승용,남,43세,부상신고
2014051000100370,2014년 5월 10일 14시,토요일,전라남도 구례군 구례읍,경상사고,0,0,1,0,차대사람 - 기타,안전운전불이행,건조,맑음,단일로 - 기타,화물,남,41세,상해없음,보행자,여,55세,경상
2014051000100393,2014년 5월 10일 15시,토요일,전라남도 순천시 해룡면,경상사고,0,0,1,0,차대차 - 추돌 - 진행중,안전운전불이행,건조,맑음,단일로 - 터널,승용,남,24세,상해없음,승용,남,32세,경상
2014051000100422,2014년 5월 10일 16시,토요일,전라남도 순천시 동외동,경상사고,0,0,1,0,차대사람 - 횡단중,신호위반,건조,맑음,단일로 - 기타,이륜,남,36세,상해없음,보행자,남,7세,경상
2014051000100423,2014년 5월 10일 16시,토요일,전라남도 해남군 화원면,중상사고,0,1,0,0,차대차 - 기타,안전운전불이행,건조,맑음,교차로 - 교차로부근,화물,남,50세,상해없음,이륜,남,60세,중상
2014051000100473,2014년 5월 10일 17시,토요일,전라남도 신안군 압해읍,경상사고,0,0,1,0,차대사람 - 차도통행중,안전운전불이행,건조,맑음,단일로 - 기타,화물,남,51세,상해없음,보행자,여,15세,경상
2014051000100474,2014년 5월 10일 17시,토요일,전라남도 여수시 고소동,중상사고,0,1,1,0,차대사람 - 보도통행중,안전운전불이행,건조,맑음,단일로 - 기타,승용,남,62세,상해없음,보행자,여,64세,중상
2014051000100475,2014년 5월 10일 17시,토요일,전라남도 화순군 화순읍,중상사고,0,1,0,0,차대차 - 측면직각충돌,신호위반,건조,맑음,교차로 - 교차로부근,승용,여,44세,상해없음,원동기,남,59세,중상
2014051000100476,2014년 5월 10일 17시,토요일,전라남도 구례군 구례읍,중상사고,0,1,0,0,차대사람 - 기타,안전운전불이행,건조,맑음,교차로 - 교차로안,승용,남,53세,상해없음,보행자,여,75세,중상
2014051000100514,2014년 5월 10일 18시,토요일,전라남도 진도군 진도읍,경상사고,0,0,1,0,차대차 - 기타,안전거리미확보,건조,맑음,단일로 - 기타,이륜,여,60세,경상,승용,남,45세,상해없음
2014051000100515,2014년 5월 10일 18시,토요일,전라남도 광양시 광영동,경상사고,0,0,2,0,차대차 - 측면직각충돌,안전운전불이행,건조,맑음,교차로 - 교차로안,승용,여,37세,상해없음,승용,남,47세,상해없음
2014051000100553,2014년 5월 10일 19시,토요일,전라남도 무안군 무안읍,중상사고,0,1,0,0,차대사람 - 횡단중,안전운전불이행,건조,맑음,단일로 - 기타,이륜,남,22세,상해없음,보행자,남,44세,중상
2014051000100591,2014년 5월 10일 20시,토요일,전라남도 목포시 유달동,중상사고,0,1,0,0,차대사람 - 차도통행중,안전운전불이행,건조,맑음,교차로 - 교차로안,승용,남,75세,상해없음,보행자,여,66세,중상
2014051000100592,2014년 5월 10일 20시,토요일,전라남도 순천시 연향동,중상사고,0,1,0,0,차대차 - 측면직각충돌,신호위반,건조,맑음,교차로 - 교차로안,승용,남,45세,상해없음,이륜,남,21세,중상
2014051000100593,2014년 5월 10일 20시,토요일,전라남도 장성군 북이면,중상사고,0,1,0,0,차대차 - 추돌 - 진행중,안전운전불이행,건조,맑음,단일로 - 기타,승용,남,53세,상해없음,농기계,남,64세,중상
2014051000100594,2014년 5월 10일 20시,토요일,전라남도 곡성군 삼기면,경상사고,0,0,1,0,차대사람 - 기타,안전운전불이행,건조,맑음,단일로 - 기타,화물,남,53세,상해없음,보행자,여,14세,경상
2014051000100618,2014년 5월 10일 21시,토요일,전라남도 여수시 돌산읍,경상사고,0,0,2,0,차대차 - 측면직각충돌,차로위반,건조,맑음,단일로 - 기타,승용,남,26세,상해없음,승용,남,48세,경상
2014051000100619,2014년 5월 10일 21시,토요일,전라남도 강진군 강진읍,중상사고,0,1,0,0,차대사람 - 횡단중,안전운전불이행,건조,맑음,단일로 - 기타,승용,남,46세,상해없음,보행자,남,46세,중상
2014051100100016,2014년 5월 11일 00시,일요일,전라남도 여수시 둔덕동,경상사고,0,0,1,0,차대차 - 측면직각충돌,중앙선침범,건조,맑음,교차로 - 교차로부근,승용,남,23세,상해없음,화물,남,50세,경상
2014051100100017,2014년 5월 11일 00시,일요일,전라남도 광양시 광영동,부상신고사고,0,0,0,1,차대차 - 기타,안전운전불이행,건조,맑음,단일로 - 기타,승용,여,55세,부상신고,승용,여,44세,기타불명
2014051100100124,2014년 5월 11일 08시,일요일,전라남도 무안군 무안읍,경상사고,0,0,1,0,차대사람 - 기타,안전운전불이행,건조,맑음,교차로 - 교차로부근,승용,남,58세,상해없음,보행자,남,43세,경상
2014051100100153,2014년 5월 11일 10시,일요일,전라남도 여수시 남산동,경상사고,0,0,1,0,차대차 - 기타,안전운전불이행,건조,맑음,단일로 - 기타,승용,남,30세,상해없음,승용,남,48세,기타불명
2014051100100154,2014년 5월 11일 10시,일요일,전라남도 나주시 성북동,중상사고,0,1,4,0,차대차 - 기타,중앙선침범,건조,맑음,교차로 - 교차로부근,승용,남,43세,상해없음,승용,남,32세,중상
2014051100100155,2014년 5월 11일 10시,일요일,전라남도 나주시 부덕동,경상사고,0,0,1,0,차대차 - 기타,안전운전불이행,건조,맑음,단일로 - 기타,승용,남,38세,상해없음,승용,남,60세,상해없음
2014051100100156,2014년 5월 11일 10시,일요일,전라남도 고흥군 동강면,경상사고,0,0,1,0,차대차 - 측면직각충돌,중앙선침범,건조,맑음,교차로 - 교차로부근,이륜,여,72세,경상,화물,남,57세,상해없음
2014051100100173,2014년 5월 11일 11시,일요일,전라남도 함평군 함평읍,경상사고,0,0,1,0,차대차 - 추돌 - 주정차중,안전운전불이행,건조,맑음,교차로 - 교차로부근,승합,남,63세,상해없음,화물,남,45세,경상
2014051100100204,2014년 5월 11일 13시,일요일,전라남도 순천시 덕월동,경상사고,0,0,1,0,차대차 - 측면직각충돌,차로위반,건조,맑음,교차로 - 교차로안,승용,여,53세,상해없음,승용,남,30세,경상
2014051100100205,2014년 5월 11일 13시,일요일,전라남도 순천시 주암면,경상사고,0,0,2,0,차대차 - 기타,중앙선침범,건조,맑음,단일로 - 터널,승용,남,49세,상해없음,승용,남,60세,경상
2014051100100206,2014년 5월 11일 13시,일요일,전라남도 순천시 해룡면,중상사고,0,1,0,0,차대사람 - 차도통행중,보행자보호의무위반,건조,맑음,단일로 - 기타,승용,기타불명,기타불명,기타불명,보행자,남,10세,중상
2014051100100207,2014년 5월 11일 13시,일요일,전라남도 화순군 화순읍,경상사고,0,0,2,0,차대차 - 측면직각충돌,안전운전불이행,건조,맑음,단일로 - 기타,승용,남,64세,상해없음,승용,남,28세,경상
2014051100100232,2014년 5월 11일 14시,일요일,전라남도 영광군 대마면,경상사고,0,0,1,0,차대차 - 기타,안전운전불이행,건조,맑음,단일로 - 기타,승용,남,30세,상해없음,농기계,남,66세,경상
2014051100100256,2014년 5월 11일 15시,일요일,전라남도 목포시 대성동,경상사고,0,0,2,0,차대차 - 기타,안전운전불이행,습기,비,교차로 - 교차로안,원동기,남,47세,경상,승용,여,41세,경상
2014051100100257,2014년 5월 11일 15시,일요일,전라남도 영광군 불갑면,경상사고,0,0,2,0,차대차 - 측면직각충돌,안전운전불이행,습기,비,교차로 - 교차로안,화물,여,57세,경상,승용,남,54세,경상
2014051100100258,2014년 5월 11일 15시,일요일,전라남도 화순군 화순읍,중상사고,0,1,3,0,차대차 - 추돌 - 진행중,안전거리미확보,습기,비,단일로 - 터널,승용,남,47세,중상,승용,남,37세,상해없음
2014051100100259,2014년 5월 11일 15시,일요일,전라남도 함평군 해보면,경상사고,0,0,2,0,차대차 - 측면직각충돌,중앙선침범,습기,비,단일로 - 기타,승합,남,58세,상해없음,승용,남,61세,경상
2014051100100282,2014년 5월 11일 16시,일요일,전라남도 무안군 삼향읍,경상사고,0,0,4,0,차대차 - 기타,안전운전불이행,습기,비,교차로 - 교차로안,승용,남,24세,경상,승용,남,32세,경상
2014051100100283,2014년 5월 11일 16시,일요일,전라남도 보성군 복내면,중상사고,0,1,0,0,차대차 - 추돌 - 진행중,안전운전불이행,습기,비,단일로 - 기타,승용,남,54세,상해없음,이륜,남,74세,중상
2014051100100319,2014년 5월 11일 17시,일요일,전라남도 순천시 서면,중상사고,0,1,1,0,차대차 - 추돌 - 주정차중,안전운전불이행,건조,맑음,교차로 - 교차로부근,승용,남,30세,상해없음,승용,남,25세,중상
2014051100100320,2014년 5월 11일 17시,일요일,전라남도 보성군 벌교읍,경상사고,0,0,2,0,차대차 - 기타,중앙선침범,습기,비,교차로 - 교차로부근,승용,남,50세,상해없음,승용,남,36세,경상
2014051100100363,2014년 5월 11일 18시,일요일,전라남도 보성군 벌교읍,경상사고,0,0,4,0,차대차 - 측면직각충돌,교차로운행방법위반,습기,비,교차로 - 교차로안,승용,남,76세,상해없음,화물,남,47세,경상
2014051100100364,2014년 5월 11일 18시,일요일,전라남도 광양시 금호동,경상사고,0,0,1,0,차대사람 - 횡단중,안전운전불이행,건조,맑음,단일로 - 기타,기타불명,기타불명,기타불명,기타불명,보행자,여,24세,경상
2014051100100404,2014년 5월 11일 19시,일요일,전라남도 여수시 남산동,경상사고,0,0,1,0,차대차 - 추돌 - 진행중,안전운전불이행,습기,비,교차로 - 교차로부근,승용,남,45세,상해없음,승용,남,70세,경상
2014051100100405,2014년 5월 11일 19시,일요일,전라남도 영광군 법성면,중상사고,0,2,1,0,차대차 - 측면직각충돌,직진우회전진행방해,습기,비,교차로 - 교차로안,화물,남,62세,상해없음,승용,남,36세,경상
2014051100100406,2014년 5월 11일 19시,일요일,전라남도 구례군 구례읍,경상사고,0,0,2,1,차대차 - 기타,안전운전불이행,습기,비,단일로 - 기타,화물,남,51세,부상신고,승용,남,53세,경상
2014051100100447,2014년 5월 11일 20시,일요일,전라남도 여수시 문수동,중상사고,0,1,0,0,차대사람 - 기타,안전운전불이행,습기,비,교차로 - 교차로안,승용,남,71세,기타불명,보행자,남,51세,중상
2014051100100448,2014년 5월 11일 20시,일요일,전라남도 진도군 진도읍,경상사고,0,0,2,0,차대차 - 측면직각충돌,안전운전불이행,습기,비,교차로 - 교차로부근,승용,남,28세,상해없음,승용,남,20세,경상
2014051100100449,2014년 5월 11일 20시,일요일,전라남도 곡성군 삼기면,경상사고,0,0,5,0,차량단독 - 공작물충돌,안전운전불이행,습기,비,단일로 - 기타,승용,남,18세,경상,,,,
2014051100100485,2014년 5월 11일 21시,일요일,전라남도 순천시 중앙동,중상사고,0,1,0,0,차대사람 - 기타,안전운전불이행,습기,비,교차로 - 교차로안,승용,남,30세,상해없음,보행자,남,56세,중상
2014051100100486,2014년 5월 11일 21시,일요일,전라남도 장성군 장성읍,경상사고,0,0,6,0,차대차 - 기타,중앙선침범,습기,비,단일로 - 기타,승용,남,24세,상해없음,승용,남,55세,경상
2014051100100523,2014년 5월 11일 22시,일요일,전라남도 순천시 덕암동,경상사고,0,0,1,0,차대차 - 정면충돌,중앙선침범,습기,비,교차로 - 교차로안,승용,여,55세,상해없음,승용,여,66세,경상
2014051100100551,2014년 5월 11일 23시,일요일,전라남도 목포시 산정동,경상사고,0,0,1,0,차대차 - 추돌 - 진행중,안전운전불이행,습기,비,단일로 - 기타,기타불명,기타불명,기타불명,기타불명,승용,남,26세,경상
2014051100100552,2014년 5월 11일 23시,일요일,전라남도 여수시 율촌면,부상신고사고,0,0,0,1,차량단독 - 기타,안전운전불이행,습기,비,단일로 - 기타,승용,남,29세,부상신고,,,,
2014051200100019,2014년 5월 12일 00시,월요일,전라남도 순천시 조례동,경상사고,0,0,1,0,차대차 - 기타,신호위반,습기,비,교차로 - 교차로안,승용,남,37세,상해없음,승용,남,53세,경상
2014051200100020,2014년 5월 12일 00시,월요일,전라남도 보성군 조성면,경상사고,0,0,1,0,차대사람 - 기타,안전운전불이행,습기,비,단일로 - 기타,승용,남,33세,상해없음,보행자,남,42세,경상
2014051200100100,2014년 5월 12일 07시,월요일,전라남도 고흥군 두원면,경상사고,0,0,1,0,차량단독 - 공작물충돌,안전운전불이행,건조,맑음,단일로 - 기타,승용,남,45세,경상,,,,
2014051200100124,2014년 5월 12일 08시,월요일,전라남도 무안군 무안읍,경상사고,0,0,2,0,차대차 - 기타,안전운전불이행,건조,맑음,단일로 - 기타,화물,여,45세,상해없음,화물,남,36세,경상
2014051200100155,2014년 5월 12일 09시,월요일,전라남도 목포시 석현동,경상사고,0,0,1,0,차대사람 - 기타,안전운전불이행,건조,맑음,단일로 - 기타,승용,남,33세,상해없음,보행자,여,52세,경상
2014051200100156,2014년 5월 12일 09시,월요일,전라남도 곡성군 옥과면,중상사고,0,1,0,0,차대차 - 기타,안전운전불이행,건조,맑음,교차로 - 교차로안,승용,여,34세,상해없음,자전거,남,49세,중상
2014051200100188,2014년 5월 12일 10시,월요일,전라남도 화순군 이양면,경상사고,0,0,1,0,차대차 - 추돌 - 진행중,안전운전불이행,건조,맑음,단일로 - 기타,승용,남,71세,경상,승합,남,52세,상해없음
2014051200100189,2014년 5월 12일 10시,월요일,전라남도 강진군 강진읍,경상사고,0,0,2,0,차대차 - 측면직각충돌,직진우회전진행방해,건조,맑음,교차로 - 교차로안,승용,여,45세,경상,승용,남,32세,경상
2014051200100190,2014년 5월 12일 10시,월요일,전라남도 무안군 청계면,경상사고,0,0,5,0,차대차 - 측면직각충돌,안전운전불이행,건조,맑음,교차로 - 교차로안,승용,남,68세,경상,화물,남,62세,경상
2014051200100216,2014년 5월 12일 11시,월요일,전라남도 여수시 여천동,경상사고,0,0,1,0,차대차 - 기타,중앙선침범,건조,맑음,단일로 - 기타,화물,남,38세,상해없음,승용,남,66세,경상
2014051200100217,2014년 5월 12일 11시,월요일,전라남도 나주시 공산면,경상사고,0,0,1,0,차량단독 - 도로외이탈 - 기타,안전운전불이행,건조,맑음,단일로 - 기타,이륜,남,77세,경상,,,,
2014051200100244,2014년 5월 12일 12시,월요일,전라남도 순천시 조례동,경상사고,0,0,1,0,차대차 - 기타,직진우회전진행방해,건조,맑음,교차로 - 교차로안,승용,여,37세,상해없음,화물,남,24세,경상
2014051200100245,2014년 5월 12일 12시,월요일,전라남도 나주시 다도면,경상사고,0,0,1,0,차량단독 - 공작물충돌,안전운전불이행,건조,맑음,단일로 - 기타,화물,남,46세,경상,,,,
2014051200100282,2014년 5월 12일 13시,월요일,전라남도 목포시 상동,경상사고,0,0,4,0,차대차 - 측면직각충돌,교차로운행방법위반,건조,맑음,교차로 - 교차로안,승용,남,36세,경상,승용,여,61세,경상
2014051200100283,2014년 5월 12일 13시,월요일,전라남도 보성군 벌교읍,부상신고사고,0,0,0,1,차량단독 - 공작물충돌,안전운전불이행,건조,맑음,단일로 - 기타,이륜,남,79세,부상신고,,,,
2014051200100284,2014년 5월 12일 13시,월요일,전라남도 곡성군 석곡면,경상사고,0,0,1,0,차대사람 - 기타,안전운전불이행,건조,맑음,기타 - 기타,화물,남,43세,상해없음,보행자,남,49세,경상
2014051200100302,2014년 5월 12일 14시,월요일,전라남도 여수시 신기동,경상사고,0,0,1,0,차대차 - 추돌 - 주정차중,안전운전불이행,건조,맑음,단일로 - 기타,승용,여,34세,상해없음,화물,남,33세,경상
2014051200100303,2014년 5월 12일 14시,월요일,전라남도 광양시 봉강면,중상사고,0,1,0,0,차대차 - 측면직각충돌,직진우회전진행방해,건조,맑음,교차로 - 교차로안,승용,남,66세,상해없음,이륜,남,52세,중상
2014051200100338,2014년 5월 12일 15시,월요일,전라남도 장흥군 장흥읍,경상사고,0,0,2,0,차대차 - 측면직각충돌,교차로운행방법위반,건조,맑음,교차로 - 교차로안,승용,남,60세,상해없음,승용,남,63세,경상
2014051200100339,2014년 5월 12일 15시,월요일,전라남도 화순군 이양면,사망사고,1,0,1,0,차대차 - 추돌 - 주정차중,안전운전불이행,건조,맑음,교차로 - 교차로부근,특수,남,44세,사망,화물,남,53세,경상
2014051200100340,2014년 5월 12일 15시,월요일,전라남도 무안군 망운면,경상사고,0,0,2,0,차대차 - 측면직각충돌,안전운전불이행,건조,맑음,단일로 - 기타,승용,여,52세,경상,화물,남,54세,경상
2014051200100380,2014년 5월 12일 16시,월요일,전라남도 신안군 압해읍,중상사고,0,1,1,0,차대차 - 측면직각충돌,기타,건조,맑음,교차로 - 교차로안,화물,남,61세,경상,화물,남,54세,중상
2014051200100381,2014년 5월 12일 16시,월요일,전라남도 순천시 중앙동,경상사고,0,0,2,0,차대차 - 추돌 - 진행중,안전거리미확보,건조,맑음,단일로 - 기타,승용,여,45세,상해없음,승용,남,26세,경상
2014051200100382,2014년 5월 12일 16시,월요일,전라남도 함평군 손불면,경상사고,0,0,1,0,차량단독 - 전도전복,안전운전불이행,건조,맑음,단일로 - 기타,승용,여,46세,경상,,,,
2014051200100383,2014년 5월 12일 16시,월요일,전라남도 무안군 무안읍,중상사고,0,1,0,0,차대사람 - 기타,안전운전불이행,건조,맑음,교차로 - 교차로부근,승합,남,46세,상해없음,보행자,여,47세,중상
2014051200100422,2014년 5월 12일 17시,월요일,전라남도 여수시 수정동,중상사고,0,1,0,0,차대사람 - 횡단중,안전운전불이행,건조,맑음,단일로 - 횡단보도상,승용,남,53세,상해없음,보행자,여,39세,중상
2014051200100423,2014년 5월 12일 17시,월요일,전라남도 해남군 계곡면,중상사고,0,1,0,0,차대차 - 기타,직진우회전진행방해,건조,맑음,교차로 - 교차로안,승합,남,51세,상해없음,승용,남,47세,중상
2014051200100463,2014년 5월 12일 18시,월요일,전라남도 여수시 충무동,사망사고,1,0,0,0,차대사람 - 기타,안전운전불이행,건조,맑음,기타 - 기타,승용,남,75세,상해없음,보행자,여,85세,사망
2014051200100464,2014년 5월 12일 18시,월요일,전라남도 여수시 서교동,경상사고,0,0,1,0,차대차 - 기타,교차로운행방법위반,건조,맑음,교차로 - 교차로안,화물,남,60세,상해없음,승합,남,52세,상해없음
2014051200100465,2014년 5월 12일 18시,월요일,전라남도 여수시 선원동,중상사고,0,1,0,0,차량단독 - 기타,안전운전불이행,건조,맑음,단일로 - 기타,자전거,남,10세,중상,,,,
2014051200100466,2014년 5월 12일 18시,월요일,전라남도 장흥군 장흥읍,경상사고,0,0,1,0,차대사람 - 차도통행중,안전운전불이행,건조,맑음,교차로 - 교차로부근,승용,여,59세,기타불명,보행자,남,7세,경상
2014051200100467,2014년 5월 12일 18시,월요일,전라남도 장성군 남면,경상사고,0,0,7,0,차대차 - 추돌 - 주정차중,안전운전불이행,건조,맑음,단일로 - 기타,승용,남,65세,경상,승용,여,47세,경상