사고번호,사고일시,요일,시군구,사고내용,사망자수,중상자수,경상자수,부상신고자수,사고유형,법규위반,노면상태,기상상태,도로형태,가해운전자 차종,가해운전자 성별,가해운전자 연령,가해운전자 상해정도,피해운전자 차종,피해운전자 성별,피해운전자 연령,피해운전자 상해정도
2014051200100583,2014년 5월 12일 22시,월요일,전라남도 목포시 용당동,경상사고,0,0,4,0,차대차 - 추돌 - 주정차중,안전운전불이행,건조,맑음,단일로 - 기타,승용,여,48세,경상,승용,여,39세,경상
2014051200100605,2014년 5월 12일 23시,월요일,전라남도 해남군 해남읍,경상사고,0,0,3,1,차대차 - 측면직각충돌,직진우회전진행방해,건조,맑음,교차로 - 교차로안,승용,여,23세,부상신고,화물,남,48세,경상
2014051200100606,2014년 5월 12일 23시,월요일,전라남도 담양군 담양읍,경상사고,0,0,5,0,차대차 - 측면직각충돌,직진우회전진행방해,건조,맑음,교차로 - 교차로안,화물,남,44세,상해없음,승용,남,30세,경상
2014051300100060,2014년 5월 13일 06시,화요일,전라남도 강진군 병영면,경상사고,0,0,1,0,차대차 - 기타,안전운전불이행,기타,안개,단일로 - 기타,이륜,남,72세,경상,화물,남,63세,상해없음
2014051300100087,2014년 5월 13일 07시,화요일,전라남도 목포시 용당동,중상사고,0,1,0,0,차대차 - 측면직각충돌,중앙선침범,건조,맑음,단일로 - 기타,자전거,남,75세,중상,승합,여,53세,상해없음
2014051300100132,2014년 5월 13일 08시,화요일,전라남도 목포시 용당동,경상사고,0,0,1,0,차대차 - 기타,안전운전불이행,건조,맑음,단일로 - 횡단보도상,승용,남,55세,상해없음,자전거,남,57세,경상
2014051300100133,2014년 5월 13일 08시,화요일,전라남도 영광군 홍농읍,경상사고,0,0,3,0,차대차 - 기타,안전운전불이행,건조,맑음,단일로 - 기타,승용,여,43세,상해없음,승용,남,38세,경상
2014051300100134,2014년 5월 13일 08시,화요일,전라남도 광양시 금호동,중상사고,0,1,0,0,차대차 - 추돌 - 진행중,안전운전불이행,건조,맑음,교차로 - 교차로안,이륜,남,48세,중상,승용,남,58세,상해없음
2014051300100174,2014년 5월 13일 09시,화요일,전라남도 장흥군 부산면,경상사고,0,0,1,0,차대차 - 추돌 - 주정차중,안전운전불이행,건조,맑음,교차로 - 교차로부근,화물,남,44세,상해없음,승용,남,34세,경상
2014051300100175,2014년 5월 13일 09시,화요일,전라남도 해남군 옥천면,중상사고,0,1,0,0,차대차 - 정면충돌,중앙선침범,건조,맑음,단일로 - 기타,화물,남,52세,상해없음,화물,남,66세,중상
2014051300100197,2014년 5월 13일 10시,화요일,전라남도 해남군 산이면,사망사고,1,1,2,0,차대차 - 정면충돌,신호위반,건조,맑음,교차로 - 교차로안,승용,남,68세,경상,화물,남,67세,중상
2014051300100198,2014년 5월 13일 10시,화요일,전라남도 영암군 덕진면,중상사고,0,1,0,0,차대차 - 기타,안전거리미확보,건조,맑음,단일로 - 교량,이륜,남,79세,중상,승용,남,52세,상해없음
2014051300100199,2014년 5월 13일 10시,화요일,전라남도 강진군 강진읍,중상사고,0,1,0,0,차대차 - 기타,직진우회전진행방해,건조,맑음,교차로 - 교차로안,승용,남,34세,상해없음,이륜,남,55세,중상
2014051300100234,2014년 5월 13일 11시,화요일,전라남도 장성군 장성읍,중상사고,0,1,0,0,차대차 - 기타,교차로운행방법위반,건조,맑음,교차로 - 교차로안,승용,여,30세,상해없음,승용,남,71세,상해없음
2014051300100257,2014년 5월 13일 12시,화요일,전라남도 순천시 조례동,경상사고,0,0,1,0,차대차 - 추돌 - 주정차중,안전거리미확보,건조,맑음,단일로 - 기타,화물,남,56세,상해없음,승용,남,42세,경상
2014051300100258,2014년 5월 13일 12시,화요일,전라남도 나주시 남평읍,경상사고,0,0,1,0,차대차 - 기타,신호위반,건조,맑음,교차로 - 교차로안,자전거,남,76세,경상,건설기계,남,53세,상해없음
2014051300100259,2014년 5월 13일 12시,화요일,전라남도 구례군 구례읍,경상사고,0,0,1,0,차대차 - 기타,안전운전불이행,건조,맑음,교차로 - 교차로안,승용,여,51세,상해없음,자전거,남,41세,경상
2014051300100315,2014년 5월 13일 14시,화요일,전라남도 여수시 덕충동,중상사고,0,1,0,0,차대사람 - 횡단중,안전운전불이행,건조,맑음,단일로 - 기타,승합,남,43세,상해없음,보행자,남,67세,중상
2014051300100316,2014년 5월 13일 14시,화요일,전라남도 나주시 남평읍,경상사고,0,0,1,1,차대차 - 측면직각충돌,직진우회전진행방해,건조,맑음,교차로 - 교차로안,승용,여,53세,부상신고,승용,남,42세,경상
2014051300100317,2014년 5월 13일 14시,화요일,전라남도 장성군 황룡면,경상사고,0,0,1,0,차대차 - 기타,안전운전불이행,건조,맑음,단일로 - 기타,승용,여,58세,상해없음,승용,남,52세,상해없음
2014051300100318,2014년 5월 13일 14시,화요일,전라남도 담양군 담양읍,경상사고,0,0,1,0,차대차 - 기타,직진우회전진행방해,건조,맑음,교차로 - 교차로안,승용,남,58세,상해없음,원동기,여,59세,경상
2014051300100319,2014년 5월 13일 14시,화요일,전라남도 담양군 대전면,중상사고,0,1,0,0,차대차 - 기타,신호위반,건조,맑음,교차로 - 교차로안,건설기계,남,41세,상해없음,원동기,여,71세,중상
2014051300100357,2014년 5월 13일 15시,화요일,전라남도 여수시 중흥동,중상사고,0,1,1,0,차대차 - 측면직각충돌,신호위반,건조,맑음,교차로 - 교차로안,화물,남,54세,상해없음,승용,여,51세,중상
2014051300100358,2014년 5월 13일 15시,화요일,전라남도 화순군 이양면,중상사고,0,3,2,0,차대차 - 측면직각충돌,안전운전불이행,건조,맑음,단일로 - 기타,승용,여,45세,경상,승용,남,58세,경상
2014051300100402,2014년 5월 13일 16시,화요일,전라남도 여수시 소라면,경상사고,0,0,1,0,차량단독 - 공작물충돌,안전운전불이행,건조,맑음,단일로 - 기타,화물,여,38세,경상,,,,
2014051300100403,2014년 5월 13일 16시,화요일,전라남도 순천시 조례동,경상사고,0,0,1,0,차대사람 - 기타,안전운전불이행,건조,맑음,교차로 - 교차로안,승용,남,67세,상해없음,보행자,남,47세,경상
2014051300100404,2014년 5월 13일 16시,화요일,전라남도 광양시 진상면,경상사고,0,0,1,0,차대차 - 기타,안전운전불이행,건조,맑음,교차로 - 교차로안,농기계,남,78세,경상,화물,남,63세,상해없음
2014051300100430,2014년 5월 13일 17시,화요일,전라남도 순천시 중앙동,경상사고,0,0,1,0,차대사람 - 횡단중,보행자보호의무위반,건조,맑음,단일로 - 기타,승용,남,60세,상해없음,보행자,여,9세,경상
2014051300100431,2014년 5월 13일 17시,화요일,전라남도 담양군 수북면,중상사고,0,2,1,0,차대차 - 기타,신호위반,건조,맑음,교차로 - 교차로안,화물,남,57세,경상,승용,남,66세,중상
2014051300100472,2014년 5월 13일 18시,화요일,전라남도 함평군 월야면,경상사고,0,0,2,0,차대차 - 추돌 - 진행중,안전거리미확보,건조,맑음,단일로 - 기타,승용,남,38세,상해없음,승용,남,52세,상해없음
2014051300100473,2014년 5월 13일 18시,화요일,전라남도 광양시 광양읍,경상사고,0,0,1,0,차대차 - 측면직각충돌,안전운전불이행,건조,맑음,단일로 - 기타,승용,남,56세,상해없음,승용,남,41세,경상
2014051300100510,2014년 5월 13일 19시,화요일,전라남도 여수시 오림동,경상사고,0,0,1,0,차대사람 - 횡단중,안전운전불이행,건조,맑음,단일로 - 기타,승용,남,54세,상해없음,보행자,남,59세,경상
2014051300100511,2014년 5월 13일 19시,화요일,전라남도 보성군 벌교읍,경상사고,0,0,1,0,차대차 - 추돌 - 주정차중,안전운전불이행,건조,맑음,단일로 - 기타,이륜,남,65세,경상,승용,여,42세,상해없음
2014051300100541,2014년 5월 13일 20시,화요일,전라남도 목포시 옥암동,경상사고,0,0,1,0,차대사람 - 횡단중,안전운전불이행,건조,맑음,단일로 - 횡단보도상,화물,남,47세,상해없음,보행자,여,13세,경상
2014051300100542,2014년 5월 13일 20시,화요일,전라남도 목포시 옥암동,경상사고,0,0,1,0,차대차 - 추돌 - 진행중,안전거리미확보,건조,맑음,단일로 - 기타,승용,남,27세,상해없음,승용,여,33세,경상
2014051300100543,2014년 5월 13일 20시,화요일,전라남도 고흥군 동강면,경상사고,0,0,1,0,차대차 - 기타,안전운전불이행,건조,맑음,단일로 - 기타,승용,남,24세,기타불명,승용,남,32세,기타불명
2014051300100569,2014년 5월 13일 21시,화요일,전라남도 영암군 삼호읍,경상사고,0,0,1,0,차대차 - 기타,안전거리미확보,건조,맑음,교차로 - 교차로부근,승용,남,44세,상해없음,이륜,남,41세,경상
2014051300100570,2014년 5월 13일 21시,화요일,전라남도 광양시 중동,경상사고,0,0,1,0,차대차 - 기타,안전운전불이행,건조,맑음,교차로 - 교차로부근,승용,남,30세,상해없음,승용,여,45세,경상
2014051300100628,2014년 5월 13일 23시,화요일,전라남도 목포시 상동,경상사고,0,0,1,0,차대차 - 측면직각충돌,중앙선침범,건조,맑음,단일로 - 기타,승용,남,47세,상해없음,승용,남,46세,경상
2014051400100014,2014년 5월 14일 00시,수요일,전라남도 여수시 봉산동,중상사고,0,1,0,0,차대차 - 정면충돌,중앙선침범,건조,맑음,단일로 - 기타,승용,남,26세,상해없음,승용,남,47세,중상
2014051400100081,2014년 5월 14일 06시,수요일,전라남도 목포시 산정동,경상사고,0,0,1,0,차대차 - 측면직각충돌,차로위반,습기,비,단일로 - 기타,승용,남,60세,상해없음,승용,남,35세,경상
2014051400100102,2014년 5월 14일 07시,수요일,전라남도 목포시 옥암동,경상사고,0,0,1,0,차대차 - 측면직각충돌,안전거리미확보,습기,비,단일로 - 기타,승합,남,53세,상해없음,승용,남,61세,경상
2014051400100103,2014년 5월 14일 07시,수요일,전라남도 나주시 성북동,경상사고,0,0,1,0,차대차 - 측면직각충돌,직진우회전진행방해,습기,비,교차로 - 교차로안,승용,여,51세,상해없음,승용,여,32세,경상
2014051400100134,2014년 5월 14일 08시,수요일,전라남도 목포시 산정동,경상사고,0,0,2,0,차대차 - 추돌 - 진행중,안전거리미확보,습기,비,교차로 - 교차로부근,승용,남,51세,경상,승용,여,39세,경상
2014051400100135,2014년 5월 14일 08시,수요일,전라남도 순천시 연향동,경상사고,0,0,1,0,차대사람 - 기타,안전운전불이행,습기,비,기타 - 기타,화물,남,23세,상해없음,보행자,남,61세,경상
2014051400100136,2014년 5월 14일 08시,수요일,전라남도 고흥군 영남면,경상사고,0,0,1,0,차대차 - 측면직각충돌,직진우회전진행방해,건조,맑음,교차로 - 교차로안,화물,남,67세,상해없음,화물,남,57세,상해없음
2014051400100137,2014년 5월 14일 08시,수요일,전라남도 화순군 화순읍,경상사고,0,0,2,0,차대차 - 측면직각충돌,신호위반,건조,맑음,교차로 - 교차로안,승용,남,41세,상해없음,승용,여,31세,경상
2014051400100138,2014년 5월 14일 08시,수요일,전라남도 화순군 화순읍,경상사고,0,0,2,0,차대차 - 측면직각충돌,교차로운행방법위반,습기,비,교차로 - 교차로안,승용,남,44세,상해없음,승용,여,45세,경상
2014051400100170,2014년 5월 14일 09시,수요일,전라남도 화순군 화순읍,경상사고,0,0,1,0,차대차 - 측면직각충돌,신호위반,건조,맑음,교차로 - 교차로안,승용,여,42세,상해없음,승용,여,55세,경상
2014051400100171,2014년 5월 14일 09시,수요일,전라남도 무안군 현경면,중상사고,0,2,0,0,차대차 - 기타,중앙선침범,습기,비,단일로 - 기타,화물,남,46세,중상,승용,남,66세,중상
2014051400100172,2014년 5월 14일 09시,수요일,전라남도 무안군 무안읍,중상사고,0,2,0,0,차대차 - 기타,안전운전불이행,습기,흐림,단일로 - 기타,승용,여,46세,상해없음,이륜,남,75세,중상
2014051400100196,2014년 5월 14일 10시,수요일,전라남도 여수시 돌산읍,경상사고,0,0,2,0,차대차 - 측면직각충돌,직진우회전진행방해,건조,맑음,교차로 - 교차로안,승용,남,63세,상해없음,화물,남,55세,경상
2014051400100197,2014년 5월 14일 10시,수요일,전라남도 고흥군 도양읍,경상사고,0,0,3,0,차대차 - 추돌 - 주정차중,안전운전불이행,습기,비,교차로 - 교차로부근,승용,남,49세,상해없음,승용,남,34세,경상
2014051400100231,2014년 5월 14일 11시,수요일,전라남도 여수시 신기동,경상사고,0,0,1,0,차대차 - 측면직각충돌,안전운전불이행,건조,맑음,기타 - 기타,승용,여,58세,상해없음,승용,여,40세,경상
2014051400100232,2014년 5월 14일 11시,수요일,전라남도 강진군 작천면,경상사고,0,0,3,0,차대차 - 측면직각충돌,교차로운행방법위반,습기,비,교차로 - 교차로안,승용,남,43세,경상,화물,남,62세,경상
2014051400100233,2014년 5월 14일 11시,수요일,전라남도 담양군 담양읍,경상사고,0,0,1,0,차량단독 - 기타,안전운전불이행,습기,비,단일로 - 기타,승합,남,56세,상해없음,,,,
2014051400100263,2014년 5월 14일 12시,수요일,전라남도 신안군 비금면,경상사고,0,0,1,0,차대차 - 기타,안전운전불이행,습기,비,기타 - 기타,화물,남,55세,상해없음,원동기,남,34세,경상
2014051400100264,2014년 5월 14일 12시,수요일,전라남도 장성군 장성읍,중상사고,0,2,0,0,차대차 - 추돌 - 진행중,중앙선침범,건조,흐림,단일로 - 기타,승용,남,60세,상해없음,이륜,남,78세,중상
2014051400100265,2014년 5월 14일 12시,수요일,전라남도 담양군 담양읍,중상사고,0,1,0,0,차대차 - 기타,교차로운행방법위반,습기,비,교차로 - 교차로안,화물,남,59세,상해없음,화물,남,36세,중상
2014051400100299,2014년 5월 14일 13시,수요일,전라남도 순천시 조례동,중상사고,0,1,0,0,차대사람 - 기타,안전운전불이행,습기,비,교차로 - 교차로부근,화물,남,43세,상해없음,보행자,여,21세,중상
2014051400100300,2014년 5월 14일 13시,수요일,전라남도 영광군 영광읍,중상사고,0,1,0,0,차대사람 - 기타,안전운전불이행,건조,맑음,단일로 - 기타,승용,여,57세,상해없음,보행자,남,44세,중상
2014051400100301,2014년 5월 14일 13시,수요일,전라남도 영암군 학산면,경상사고,0,0,1,0,차대사람 - 기타,안전운전불이행,습기,비,단일로 - 기타,승용,남,64세,상해없음,보행자,여,34세,경상
2014051400100302,2014년 5월 14일 13시,수요일,전라남도 광양시 광양읍,중상사고,0,1,1,0,차대차 - 추돌 - 주정차중,안전운전불이행,습기,비,교차로 - 교차로부근,승용,남,51세,상해없음,승용,여,30세,중상
2014051400100376,2014년 5월 14일 15시,수요일,전라남도 순천시 연향동,경상사고,0,0,1,0,차대사람 - 보도통행중,보행자보호의무위반,습기,흐림,단일로 - 횡단보도상,승용,남,33세,상해없음,보행자,여,39세,경상
2014051400100377,2014년 5월 14일 15시,수요일,전라남도 해남군 옥천면,경상사고,0,0,1,1,차대차 - 기타,중앙선침범,습기,흐림,단일로 - 기타,화물,남,69세,부상신고,화물,남,67세,경상
2014051400100378,2014년 5월 14일 15시,수요일,전라남도 무안군 무안읍,경상사고,0,0,1,0,차대차 - 기타,안전운전불이행,건조,맑음,교차로 - 교차로안,승용,남,76세,경상,화물,남,46세,상해없음
2014051400100379,2014년 5월 14일 15시,수요일,전라남도 광양시 중동,중상사고,0,1,0,0,차대사람 - 횡단중,보행자보호의무위반,습기,비,단일로 - 횡단보도상,승용,남,44세,상해없음,보행자,남,12세,중상
2014051400100380,2014년 5월 14일 15시,수요일,전라남도 구례군 토지면,경상사고,0,0,1,1,차량단독 - 기타,안전운전불이행,습기,맑음,단일로 - 기타,이륜,남,74세,부상신고,,,,
2014051400100415,2014년 5월 14일 16시,수요일,전라남도 곡성군 곡성읍,중상사고,0,1,0,0,차대차 - 기타,안전운전불이행,건조,맑음,단일로 - 기타,승용,남,72세,상해없음,원동기,남,50세,중상
2014051400100572,2014년 5월 14일 20시,수요일,전라남도 목포시 상동,경상사고,0,0,2,0,차대차 - 기타,안전운전불이행,습기,비,기타 - 기타,승용,남,31세,상해없음,승용,남,33세,경상
2014051400100624,2014년 5월 14일 21시,수요일,전라남도 목포시 복만동,경상사고,0,0,2,0,차대차 - 기타,안전운전불이행,습기,비,기타 - 기타,승용,남,26세,상해없음,승용,남,59세,경상
2014051400100689,2014년 5월 14일 23시,수요일,전라남도 광양시 마동,경상사고,0,0,2,0,차대차 - 정면충돌,중앙선침범,건조,맑음,단일로 - 기타,승용,남,43세,경상,승용,남,52세,경상
2014051500100063,2014년 5월 15일 03시,목요일,전라남도 나주시 금천면,중상사고,0,1,0,0,차량단독 - 공작물충돌,안전운전불이행,건조,흐림,단일로 - 기타,승용,남,42세,중상,,,,
2014051500100071,2014년 5월 15일 04시,목요일,전라남도 순천시 송광면,부상신고사고,0,0,0,1,차량단독 - 기타,안전운전불이행,건조,맑음,단일로 - 기타,승용,남,54세,상해없음,,,,
2014051500100151,2014년 5월 15일 08시,목요일,전라남도 함평군 함평읍,경상사고,0,0,1,0,차대차 - 추돌 - 진행중,안전운전불이행,건조,맑음,교차로 - 교차로부근,승용,남,76세,상해없음,이륜,여,44세,경상
2014051500100188,2014년 5월 15일 09시,목요일,전라남도 여수시 둔덕동,사망사고,1,0,0,0,차대사람 - 횡단중,신호위반,건조,맑음,교차로 - 교차로안,화물,남,25세,상해없음,보행자,여,18세,사망
2014051500100189,2014년 5월 15일 09시,목요일,전라남도 화순군 화순읍,경상사고,0,0,4,0,차대차 - 추돌 - 주정차중,안전운전불이행,건조,맑음,단일로 - 기타,화물,남,45세,상해없음,승용,여,51세,경상
2014051500100190,2014년 5월 15일 09시,목요일,전라남도 무안군 해제면,중상사고,0,2,0,0,차대차 - 측면직각충돌,안전운전불이행,건조,맑음,교차로 - 교차로안,승합,남,47세,상해없음,이륜,남,78세,중상
2014051500100224,2014년 5월 15일 10시,목요일,전라남도 영암군 삼호읍,중상사고,0,1,0,0,차대차 - 기타,직진우회전진행방해,건조,맑음,교차로 - 교차로안,승용,남,35세,상해없음,이륜,여,33세,중상
2014051500100225,2014년 5월 15일 10시,목요일,전라남도 무안군 현경면,중상사고,0,1,1,0,차대차 - 측면직각충돌,안전운전불이행,건조,맑음,교차로 - 교차로안,이륜,남,80세,중상,승용,남,59세,경상
2014051500100254,2014년 5월 15일 11시,목요일,전라남도 순천시 조례동,경상사고,0,0,2,0,차대차 - 기타,직진우회전진행방해,건조,맑음,교차로 - 교차로안,승용,여,60세,경상,승용,남,62세,경상
2014051500100255,2014년 5월 15일 11시,목요일,전라남도 해남군 화원면,중상사고,0,1,0,0,차대차 - 기타,중앙선침범,건조,맑음,교차로 - 교차로부근,이륜,남,77세,중상,승용,남,48세,상해없음
2014051500100256,2014년 5월 15일 11시,목요일,전라남도 보성군 보성읍,경상사고,0,0,1,0,차대차 - 측면직각충돌,안전운전불이행,건조,맑음,단일로 - 기타,원동기,남,78세,경상,승용,여,41세,상해없음
2014051500100257,2014년 5월 15일 11시,목요일,전라남도 완도군 고금면,중상사고,0,1,0,0,차대차 - 정면충돌,안전운전불이행,건조,맑음,교차로 - 교차로부근,화물,남,50세,상해없음,농기계,남,75세,중상
2014051500100288,2014년 5월 15일 12시,목요일,전라남도 담양군 담양읍,경상사고,0,0,2,0,차대차 - 측면직각충돌,안전운전불이행,건조,맑음,교차로 - 교차로부근,승용,남,66세,상해없음,원동기,여,74세,경상
2014051500100349,2014년 5월 15일 14시,목요일,전라남도 강진군 군동면,경상사고,0,0,1,0,차대차 - 기타,안전운전불이행,건조,맑음,단일로 - 기타,화물,남,52세,상해없음,원동기,여,52세,경상
2014051500100395,2014년 5월 15일 15시,목요일,전라남도 목포시 산정동,부상신고사고,0,0,0,1,차대사람 - 보도통행중,안전운전불이행,건조,맑음,단일로 - 기타,승용,기타불명,기타불명,기타불명,보행자,남,29세,부상신고
2014051500100396,2014년 5월 15일 15시,목요일,전라남도 영광군 홍농읍,경상사고,0,0,3,0,차대차 - 기타,안전운전불이행,건조,맑음,단일로 - 기타,화물,남,33세,상해없음,승용,남,41세,경상
2014051500100397,2014년 5월 15일 15시,목요일,전라남도 함평군 학교면,경상사고,0,0,1,0,차대차 - 측면직각충돌,안전운전불이행,건조,맑음,단일로 - 기타,화물,남,62세,상해없음,이륜,남,75세,경상
2014051500100398,2014년 5월 15일 15시,목요일,전라남도 담양군 창평면,경상사고,0,0,3,0,차대차 - 기타,안전운전불이행,건조,맑음,단일로 - 기타,승용,여,43세,상해없음,화물,남,60세,경상
2014051500100399,2014년 5월 15일 15시,목요일,전라남도 담양군 담양읍,경상사고,0,0,1,0,차대차 - 기타,안전거리미확보,건조,맑음,교차로 - 교차로부근,화물,남,40세,상해없음,화물,남,63세,경상
2014051500100447,2014년 5월 15일 16시,목요일,전라남도 목포시 옥암동,경상사고,0,0,1,0,차대차 - 추돌 - 주정차중,안전거리미확보,건조,맑음,단일로 - 기타,승용,남,35세,상해없음,승용,남,47세,경상
2014051500100448,2014년 5월 15일 16시,목요일,전라남도 여수시 화장동,경상사고,0,0,1,0,차대차 - 추돌 - 주정차중,안전운전불이행,건조,맑음,교차로 - 교차로부근,승용,남,39세,상해없음,승용,남,34세,경상
2014051500100449,2014년 5월 15일 16시,목요일,전라남도 해남군 해남읍,경상사고,0,0,1,0,차대차 - 측면직각충돌,교차로운행방법위반,건조,맑음,교차로 - 교차로안,승용,남,35세,상해없음,승합,남,53세,상해없음
2014051500100508,2014년 5월 15일 17시,목요일,전라남도 목포시 상동,중상사고,0,1,0,0,차대차 - 기타,신호위반,건조,맑음,단일로 - 기타,승용,여,44세,상해없음,이륜,남,75세,중상
2014051500100509,2014년 5월 15일 17시,목요일,전라남도 순천시 금곡동,부상신고사고,0,0,0,1,차대사람 - 길가장자리구역통행중,안전운전불이행,건조,맑음,단일로 - 기타,승합,여,60세,상해없음,보행자,남,52세,부상신고
2014051500100510,2014년 5월 15일 17시,목요일,전라남도 순천시 연향동,중상사고,0,1,0,0,차대사람 - 횡단중,보행자보호의무위반,건조,맑음,단일로 - 기타,승용,남,53세,상해없음,보행자,여,59세,중상
2014051500100511,2014년 5월 15일 17시,목요일,전라남도 화순군 화순읍,경상사고,0,0,1,0,차대사람 - 기타,안전운전불이행,건조,맑음,단일로 - 기타,승용,여,39세,상해없음,보행자,남,19세,경상
2014051500100512,2014년 5월 15일 17시,목요일,전라남도 영암군 영암읍,중상사고,0,1,0,0,차대차 - 추돌 - 진행중,안전운전불이행,건조,맑음,단일로 - 기타,승용,남,45세,상해없음,승용,여,32세,중상
2014051500100513,2014년 5월 15일 17시,목요일,전라남도 광양시 진상면,중상사고,0,1,2,0,차대차 - 측면직각충돌,교차로운행방법위반,건조,맑음,교차로 - 교차로안,승용,여,47세,경상,화물,여,49세,중상
2014051500100571,2014년 5월 15일 18시,목요일,전라남도 여수시 학동,경상사고,0,0,1,0,차대차 - 추돌 - 진행중,안전거리미확보,건조,맑음,교차로 - 교차로부근,승용,남,24세,상해없음,승용,여,45세,경상
2014051500100610,2014년 5월 15일 19시,목요일,전라남도 영암군 삼호읍,중상사고,0,1,0,0,차량단독 - 공작물충돌,안전운전불이행,건조,맑음,단일로 - 기타,승용,남,51세,중상,,,,
2014051500100649,2014년 5월 15일 20시,목요일,전라남도 함평군 해보면,중상사고,0,1,0,0,차대사람 - 기타,안전운전불이행,건조,맑음,단일로 - 기타,승용,여,43세,상해없음,보행자,남,53세,중상
2014051500100684,2014년 5월 15일 21시,목요일,전라남도 목포시 상동,경상사고,0,0,1,0,차대차 - 기타,안전운전불이행,건조,맑음,교차로 - 교차로부근,승용,남,23세,상해없음,승용,남,46세,경상
2014051500100685,2014년 5월 15일 21시,목요일,전라남도 나주시 이창동,사망사고,1,0,0,0,차대차 - 추돌 - 주정차중,안전운전불이행,건조,맑음,단일로 - 기타,화물,남,69세,사망,화물,남,48세,상해없음
2014051500100723,2014년 5월 15일 22시,목요일,전라남도 나주시 왕곡면,경상사고,0,0,3,0,차대차 - 기타,중앙선침범,건조,맑음,단일로 - 기타,승용,여,31세,경상,승용,여,54세,경상
2014051500100753,2014년 5월 15일 23시,목요일,전라남도 순천시 동외동,경상사고,0,0,1,0,차대차 - 기타,직진우회전진행방해,건조,맑음,단일로 - 기타,승용,남,63세,상해없음,승용,남,29세,상해없음
2014051600100082,2014년 5월 16일 06시,금요일,전라남도 여수시 율촌면,경상사고,0,0,2,0,차대차 - 측면직각충돌,안전거리미확보,건조,맑음,단일로 - 기타,기타불명,기타불명,기타불명,기타불명,화물,남,50세,경상
2014051600100083,2014년 5월 16일 06시,금요일,전라남도 영암군 삼호읍,중상사고,0,1,1,0,차량단독 - 기타,안전운전불이행,건조,맑음,단일로 - 기타,이륜,남,66세,중상,,,,
2014051600100084,2014년 5월 16일 06시,금요일,전라남도 무안군 망운면,경상사고,0,0,1,6,차대차 - 측면직각충돌,안전운전불이행,건조,맑음,교차로 - 교차로안,화물,기타불명,기타불명,기타불명,화물,남,64세,상해없음
2014051600100101,2014년 5월 16일 07시,금요일,전라남도 광양시 중동,중상사고,0,1,0,0,차대사람 - 차도통행중,안전운전불이행,건조,맑음,교차로 - 교차로안,승용,여,24세,상해없음,보행자,여,18세,중상
2014051600100135,2014년 5월 16일 08시,금요일,전라남도 구례군 구례읍,경상사고,0,0,2,0,차대사람 - 횡단중,보행자보호의무위반,건조,맑음,단일로 - 횡단보도상,승합,남,60세,기타불명,보행자,여,12세,경상
2014051600100201,2014년 5월 16일 10시,금요일,전라남도 영광군 묘량면,중상사고,0,1,0,0,차대차 - 추돌 - 진행중,안전운전불이행,건조,맑음,단일로 - 기타,화물,남,60세,상해없음,화물,남,45세,중상
2014051600100225,2014년 5월 16일 11시,금요일,전라남도 순천시 해룡면,중상사고,0,1,0,0,차대차 - 기타,안전거리미확보,건조,맑음,단일로 - 기타,승용,여,39세,상해없음,이륜,남,74세,중상
2014051600100226,2014년 5월 16일 11시,금요일,전라남도 순천시 장천동,경상사고,0,0,1,0,차대차 - 추돌 - 진행중,안전운전불이행,건조,맑음,단일로 - 기타,승용,남,53세,상해없음,이륜,남,19세,경상
2014051600100227,2014년 5월 16일 11시,금요일,전라남도 나주시 반남면,중상사고,0,2,1,0,차대차 - 정면충돌,중앙선침범,건조,맑음,단일로 - 기타,승용,여,36세,경상,승용,남,32세,중상
2014051600100264,2014년 5월 16일 12시,금요일,전라남도 장흥군 부산면,중상사고,0,1,0,0,차대차 - 측면직각충돌,안전운전불이행,건조,맑음,기타 - 기타,승용,남,30세,상해없음,농기계,남,59세,중상
2014051600100291,2014년 5월 16일 13시,금요일,전라남도 목포시 달동,중상사고,0,1,0,0,차대사람 - 기타,안전운전불이행,건조,맑음,단일로 - 기타,화물,남,55세,상해없음,보행자,여,74세,중상
2014051600100292,2014년 5월 16일 13시,금요일,전라남도 영암군 삼호읍,경상사고,0,0,1,0,차대차 - 기타,안전운전불이행,건조,맑음,단일로 - 기타,승합,남,44세,상해없음,화물,남,62세,기타불명
2014051600100293,2014년 5월 16일 13시,금요일,전라남도 광양시 도이동,경상사고,0,0,2,0,차대차 - 측면직각충돌,직진우회전진행방해,건조,맑음,교차로 - 교차로안,화물,남,68세,상해없음,승용,남,63세,경상
2014051600100332,2014년 5월 16일 14시,금요일,전라남도 목포시 용해동,중상사고,0,1,0,0,차대사람 - 횡단중,안전운전불이행,건조,맑음,단일로 - 기타,승용,여,46세,상해없음,보행자,여,25세,중상
2014051600100333,2014년 5월 16일 14시,금요일,전라남도 여수시 문수동,경상사고,0,0,1,0,차대사람 - 보도통행중,안전운전불이행,건조,맑음,단일로 - 기타,승용,여,48세,상해없음,보행자,여,9세,경상
2014051600100365,2014년 5월 16일 15시,금요일,전라남도 영광군 영광읍,중상사고,0,1,1,0,차대차 - 측면직각충돌,안전운전불이행,건조,맑음,교차로 - 교차로안,화물,남,62세,상해없음,이륜,남,64세,중상