사고번호,사고일시,요일,시군구,사고내용,사망자수,중상자수,경상자수,부상신고자수,사고유형,법규위반,노면상태,기상상태,도로형태,가해운전자 차종,가해운전자 성별,가해운전자 연령,가해운전자 상해정도,피해운전자 차종,피해운전자 성별,피해운전자 연령,피해운전자 상해정도
2014051600100458,2014년 5월 16일 17시,금요일,전라남도 순천시 남정동,경상사고,0,0,1,0,차대차 - 기타,중앙선침범,건조,맑음,단일로 - 기타,승용,남,63세,상해없음,화물,남,37세,경상
2014051600100459,2014년 5월 16일 17시,금요일,전라남도 고흥군 도양읍,경상사고,0,0,3,0,차대차 - 추돌 - 진행중,안전거리미확보,건조,맑음,교차로 - 교차로안,승용,남,30세,경상,승용,남,51세,상해없음
2014051600100460,2014년 5월 16일 17시,금요일,전라남도 보성군 벌교읍,경상사고,0,0,1,0,차대사람 - 횡단중,안전운전불이행,건조,맑음,단일로 - 기타,승용,남,71세,상해없음,보행자,남,7세,경상
2014051600100461,2014년 5월 16일 17시,금요일,전라남도 영암군 도포면,사망사고,1,0,0,0,차대차 - 측면직각충돌,안전운전불이행,건조,맑음,교차로 - 교차로부근,승용,남,35세,상해없음,화물,여,55세,사망
2014051600100551,2014년 5월 16일 19시,금요일,전라남도 화순군 화순읍,중상사고,0,1,0,0,차대사람 - 횡단중,보행자보호의무위반,건조,맑음,단일로 - 횡단보도상,화물,남,54세,상해없음,보행자,여,9세,중상
2014051600100552,2014년 5월 16일 19시,금요일,전라남도 영암군 덕진면,중상사고,0,1,2,0,차대차 - 추돌 - 진행중,안전운전불이행,건조,맑음,교차로 - 교차로부근,승용,여,31세,중상,승용,여,52세,경상
2014051600100553,2014년 5월 16일 19시,금요일,전라남도 광양시 광양읍,경상사고,0,0,1,0,차대차 - 기타,안전운전불이행,건조,맑음,교차로 - 교차로안,이륜,남,22세,경상,승용,여,43세,상해없음
2014051600100588,2014년 5월 16일 20시,금요일,전라남도 순천시 덕월동,중상사고,0,1,2,0,차대차 - 기타,안전운전불이행,건조,맑음,교차로 - 교차로부근,화물,남,55세,중상,화물,남,78세,경상
2014051600100589,2014년 5월 16일 20시,금요일,전라남도 순천시 대대동,중상사고,0,1,0,0,차대차 - 추돌 - 주정차중,안전운전불이행,건조,맑음,단일로 - 기타,화물,남,59세,상해없음,승용,남,30세,중상
2014051600100590,2014년 5월 16일 20시,금요일,전라남도 나주시 산포면,경상사고,0,0,2,0,차대차 - 기타,안전운전불이행,건조,맑음,단일로 - 기타,승용,남,27세,상해없음,승용,남,40세,경상
2014051600100591,2014년 5월 16일 20시,금요일,전라남도 영광군 불갑면,중상사고,0,1,0,0,차대차 - 정면충돌,중앙선침범,건조,맑음,단일로 - 기타,자전거,남,87세,중상,화물,남,60세,상해없음
2014051600100592,2014년 5월 16일 20시,금요일,전라남도 무안군 무안읍,경상사고,0,0,1,0,차대차 - 측면직각충돌,안전운전불이행,건조,맑음,교차로 - 교차로부근,이륜,남,15세,경상,승용,여,48세,상해없음
2014051600100676,2014년 5월 16일 22시,금요일,전라남도 화순군 남면,중상사고,0,1,0,0,차대차 - 기타,중앙선침범,건조,맑음,단일로 - 기타,승용,남,59세,상해없음,자전거,남,66세,중상
2014051600100708,2014년 5월 16일 23시,금요일,전라남도 여수시 관문동,중상사고,0,1,0,0,차대사람 - 횡단중,신호위반,건조,맑음,단일로 - 기타,승용,남,35세,상해없음,보행자,여,50세,중상
2014051700100047,2014년 5월 17일 01시,토요일,전라남도 영암군 삼호읍,경상사고,0,0,1,0,차량단독 - 기타,안전운전불이행,건조,맑음,단일로 - 기타,승용,남,43세,경상,,,,
2014051700100118,2014년 5월 17일 06시,토요일,전라남도 광양시 중동,경상사고,0,0,1,1,차대차 - 측면직각충돌,직진우회전진행방해,건조,맑음,교차로 - 교차로안,승용,여,50세,부상신고,승용,남,38세,경상
2014051700100134,2014년 5월 17일 07시,토요일,전라남도 장흥군 장흥읍,경상사고,0,0,1,0,차량단독 - 기타,기타,건조,맑음,교차로 - 교차로부근,승합,남,43세,상해없음,,,,
2014051700100187,2014년 5월 17일 09시,토요일,전라남도 무안군 무안읍,부상신고사고,0,0,0,1,차대차 - 기타,안전운전불이행,건조,맑음,교차로 - 교차로안,승용,남,43세,부상신고,화물,남,66세,상해없음
2014051700100245,2014년 5월 17일 11시,토요일,전라남도 목포시 옥암동,경상사고,0,0,2,0,차대차 - 기타,차로위반,건조,맑음,단일로 - 기타,특수,남,45세,상해없음,승용,여,56세,경상
2014051700100246,2014년 5월 17일 11시,토요일,전라남도 여수시 소라면,경상사고,0,0,1,0,차대차 - 추돌 - 주정차중,안전운전불이행,건조,맑음,기타 - 기타,승용,남,46세,상해없음,승용,여,29세,경상
2014051700100247,2014년 5월 17일 11시,토요일,전라남도 영광군 영광읍,중상사고,0,1,0,0,차대사람 - 기타,안전운전불이행,건조,맑음,기타 - 기타,승합,남,50세,상해없음,보행자,여,64세,중상
2014051700100276,2014년 5월 17일 12시,토요일,전라남도 목포시 용당동,경상사고,0,0,1,0,차대차 - 기타,교차로운행방법위반,건조,맑음,교차로 - 교차로안,승용,남,44세,상해없음,이륜,여,62세,경상
2014051700100277,2014년 5월 17일 12시,토요일,전라남도 보성군 보성읍,경상사고,0,0,1,0,차대사람 - 기타,안전운전불이행,건조,맑음,교차로 - 교차로안,화물,남,50세,상해없음,보행자,남,57세,경상
2014051700100312,2014년 5월 17일 13시,토요일,전라남도 여수시 선원동,경상사고,0,0,1,0,차대차 - 측면직각충돌,교차로운행방법위반,건조,맑음,교차로 - 교차로안,승용,남,36세,상해없음,화물,여,47세,경상
2014051700100358,2014년 5월 17일 14시,토요일,전라남도 영암군 영암읍,경상사고,0,0,1,0,차대차 - 측면직각충돌,직진우회전진행방해,건조,맑음,교차로 - 교차로안,승용,남,73세,상해없음,이륜,남,73세,경상
2014051700100402,2014년 5월 17일 15시,토요일,전라남도 목포시 동명동,경상사고,0,0,1,0,차대차 - 기타,안전거리미확보,건조,맑음,단일로 - 기타,승용,여,59세,상해없음,화물,남,27세,경상
2014051700100403,2014년 5월 17일 15시,토요일,전라남도 여수시 여서동,경상사고,0,0,1,0,차대차 - 추돌 - 주정차중,안전운전불이행,건조,맑음,단일로 - 기타,승용,여,34세,상해없음,승용,남,35세,경상
2014051700100404,2014년 5월 17일 15시,토요일,전라남도 장흥군 대덕읍,경상사고,0,0,3,0,차량단독 - 공작물충돌,안전운전불이행,건조,맑음,단일로 - 기타,승용,남,19세,상해없음,,,,
2014051700100405,2014년 5월 17일 15시,토요일,전라남도 보성군 득량면,사망사고,1,0,1,0,차대차 - 추돌 - 진행중,안전운전불이행,건조,맑음,단일로 - 기타,화물,남,36세,상해없음,농기계,남,85세,사망
2014051700100406,2014년 5월 17일 15시,토요일,전라남도 영암군 삼호읍,경상사고,0,0,5,0,차대차 - 측면직각충돌,직진우회전진행방해,건조,맑음,교차로 - 교차로안,승용,여,42세,경상,승용,남,58세,경상
2014051700100441,2014년 5월 17일 16시,토요일,전라남도 여수시 신기동,중상사고,0,1,0,0,차대사람 - 차도통행중,안전운전불이행,건조,맑음,교차로 - 교차로안,승합,남,46세,상해없음,보행자,남,13세,중상
2014051700100442,2014년 5월 17일 16시,토요일,전라남도 나주시 노안면,경상사고,0,0,2,0,차대차 - 기타,안전운전불이행,건조,맑음,교차로 - 교차로부근,화물,남,43세,경상,승용,여,50세,경상
2014051700100443,2014년 5월 17일 16시,토요일,전라남도 무안군 청계면,중상사고,0,1,0,0,차대사람 - 기타,안전운전불이행,건조,맑음,단일로 - 기타,화물,남,57세,상해없음,보행자,남,48세,중상
2014051700100477,2014년 5월 17일 17시,토요일,전라남도 여수시 서교동,경상사고,0,0,1,0,차대사람 - 횡단중,보행자보호의무위반,건조,맑음,단일로 - 기타,기타불명,기타불명,기타불명,기타불명,보행자,여,51세,경상
2014051700100478,2014년 5월 17일 17시,토요일,전라남도 무안군 현경면,경상사고,0,0,2,1,차대차 - 측면직각충돌,교차로운행방법위반,건조,맑음,교차로 - 교차로안,승용,남,68세,부상신고,건설기계,남,50세,경상
2014051700100525,2014년 5월 17일 18시,토요일,전라남도 보성군 보성읍,경상사고,0,0,1,0,차대사람 - 횡단중,안전운전불이행,건조,맑음,단일로 - 기타,화물,남,37세,상해없음,보행자,남,5세,경상
2014051700100526,2014년 5월 17일 18시,토요일,전라남도 광양시 광양읍,중상사고,0,2,0,0,차대차 - 측면직각충돌,안전운전불이행,건조,맑음,단일로 - 기타,화물,남,33세,상해없음,화물,남,65세,중상
2014051700100561,2014년 5월 17일 19시,토요일,전라남도 목포시 옥암동,경상사고,0,0,1,0,차대차 - 추돌 - 주정차중,안전운전불이행,건조,맑음,단일로 - 기타,승용,여,42세,상해없음,승용,여,30세,경상
2014051700100597,2014년 5월 17일 20시,토요일,전라남도 순천시 연향동,경상사고,0,0,1,0,차대차 - 측면직각충돌,차로위반,건조,맑음,교차로 - 교차로부근,이륜,남,20세,경상,승용,남,34세,상해없음
2014051700100625,2014년 5월 17일 21시,토요일,전라남도 여수시 문수동,경상사고,0,0,2,0,차대차 - 추돌 - 진행중,안전거리미확보,건조,맑음,단일로 - 기타,승용,남,23세,상해없음,승용,남,54세,경상
2014051700100668,2014년 5월 17일 22시,토요일,전라남도 영광군 홍농읍,중상사고,0,1,4,0,차대차 - 측면직각충돌,중앙선침범,건조,맑음,단일로 - 기타,화물,여,59세,중상,화물,남,30세,경상
2014051700100704,2014년 5월 17일 23시,토요일,전라남도 여수시 여서동,경상사고,0,0,2,0,차대차 - 추돌 - 주정차중,안전운전불이행,건조,맑음,단일로 - 기타,승용,남,30세,상해없음,승용,남,32세,경상
2014051800100013,2014년 5월 18일 00시,일요일,전라남도 목포시 동명동,경상사고,0,0,1,0,차대차 - 측면직각충돌,교차로운행방법위반,건조,맑음,교차로 - 교차로안,승용,남,58세,상해없음,승용,남,39세,경상
2014051800100014,2014년 5월 18일 00시,일요일,전라남도 순천시 조례동,중상사고,0,1,0,0,차대차 - 측면직각충돌,신호위반,건조,맑음,교차로 - 교차로안,승용,남,47세,상해없음,이륜,남,29세,중상
2014051800100046,2014년 5월 18일 01시,일요일,전라남도 순천시 인제동,중상사고,0,1,0,0,차대사람 - 기타,안전운전불이행,건조,맑음,교차로 - 교차로부근,승용,여,34세,상해없음,보행자,남,28세,중상
2014051800100077,2014년 5월 18일 03시,일요일,전라남도 여수시 돌산읍,중상사고,0,1,1,0,차량단독 - 기타,안전운전불이행,건조,흐림,단일로 - 기타,승용,남,54세,경상,,,,
2014051800100078,2014년 5월 18일 03시,일요일,전라남도 순천시 가곡동,중상사고,0,1,0,0,차량단독 - 기타,안전운전불이행,건조,맑음,단일로 - 기타,승용,여,30세,중상,,,,
2014051800100079,2014년 5월 18일 03시,일요일,전라남도 광양시 도이동,사망사고,1,0,0,0,차대차 - 측면직각충돌,안전운전불이행,건조,맑음,교차로 - 교차로안,승용,남,29세,사망,화물,남,46세,상해없음
2014051800100192,2014년 5월 18일 10시,일요일,전라남도 무안군 망운면,중상사고,0,1,1,0,차대사람 - 기타,안전운전불이행,건조,맑음,단일로 - 기타,화물,남,52세,상해없음,보행자,여,57세,중상
2014051800100219,2014년 5월 18일 11시,일요일,전라남도 보성군 조성면,중상사고,0,1,0,0,차대차 - 측면직각충돌,직진우회전진행방해,건조,맑음,단일로 - 기타,원동기,남,76세,중상,승합,남,54세,상해없음
2014051800100220,2014년 5월 18일 11시,일요일,전라남도 화순군 화순읍,경상사고,0,0,1,0,차대사람 - 기타,안전운전불이행,건조,맑음,단일로 - 기타,기타불명,기타불명,기타불명,기타불명,보행자,여,56세,경상
2014051800100247,2014년 5월 18일 12시,일요일,전라남도 나주시 이창동,경상사고,0,0,1,0,차대차 - 추돌 - 주정차중,안전운전불이행,건조,맑음,교차로 - 교차로부근,승용,남,77세,경상,승합,남,60세,상해없음
2014051800100248,2014년 5월 18일 12시,일요일,전라남도 담양군 대전면,경상사고,0,0,1,0,차대차 - 기타,중앙선침범,건조,맑음,단일로 - 기타,승용,남,20세,상해없음,자전거,남,31세,경상
2014051800100282,2014년 5월 18일 13시,일요일,전라남도 화순군 동복면,사망사고,1,0,0,0,차대차 - 추돌 - 주정차중,안전운전불이행,건조,맑음,단일로 - 기타,승합,남,59세,상해없음,화물,남,66세,사망
2014051800100283,2014년 5월 18일 13시,일요일,전라남도 영암군 영암읍,경상사고,0,0,1,0,차대차 - 기타,안전운전불이행,건조,맑음,단일로 - 기타,승용,남,44세,상해없음,원동기,남,38세,경상
2014051800100518,2014년 5월 18일 20시,일요일,전라남도 무안군 무안읍,사망사고,1,0,0,0,차대사람 - 횡단중,안전운전불이행,건조,맑음,교차로 - 교차로안,승합,남,48세,상해없음,보행자,남,87세,사망
2014051800100552,2014년 5월 18일 21시,일요일,전라남도 신안군 도초면,중상사고,0,2,0,0,차대차 - 측면직각충돌,안전운전불이행,건조,맑음,단일로 - 기타,이륜,남,16세,중상,화물,남,33세,상해없음
2014051900100010,2014년 5월 19일 00시,월요일,전라남도 무안군 삼향읍,경상사고,0,0,1,0,차대차 - 측면직각충돌,교차로운행방법위반,건조,맑음,교차로 - 교차로안,승용,남,31세,상해없음,승용,남,19세,경상
2014051900100044,2014년 5월 19일 06시,월요일,전라남도 순천시 저전동,중상사고,0,1,0,0,차대차 - 기타,안전운전불이행,건조,맑음,단일로 - 기타,승용,여,41세,상해없음,원동기,남,59세,중상
2014051900100061,2014년 5월 19일 07시,월요일,전라남도 순천시 조례동,중상사고,0,1,0,0,차대차 - 기타,교차로운행방법위반,건조,맑음,교차로 - 교차로안,승용,남,62세,상해없음,자전거,남,39세,중상
2014051900100098,2014년 5월 19일 08시,월요일,전라남도 나주시 봉황면,부상신고사고,0,0,0,1,차량단독 - 공작물충돌,안전운전불이행,습기,비,단일로 - 기타,화물,남,50세,부상신고,,,,
2014051900100099,2014년 5월 19일 08시,월요일,전라남도 영광군 홍농읍,중상사고,0,1,0,0,차대차 - 측면직각충돌,직진우회전진행방해,건조,맑음,교차로 - 교차로안,승용,남,51세,상해없음,이륜,남,69세,중상
2014051900100135,2014년 5월 19일 09시,월요일,전라남도 순천시 장천동,경상사고,0,0,1,0,차대사람 - 기타,안전운전불이행,건조,맑음,단일로 - 기타,승용,남,41세,상해없음,보행자,남,52세,경상
2014051900100136,2014년 5월 19일 09시,월요일,전라남도 진도군 진도읍,중상사고,0,1,0,0,차대사람 - 횡단중,안전운전불이행,건조,맑음,단일로 - 기타,승용,여,55세,상해없음,보행자,여,65세,중상
2014051900100137,2014년 5월 19일 09시,월요일,전라남도 광양시 중동,경상사고,0,0,1,0,차대차 - 추돌 - 주정차중,안전운전불이행,습기,흐림,교차로 - 교차로부근,승용,여,44세,상해없음,승용,남,30세,경상
2014051900100171,2014년 5월 19일 10시,월요일,전라남도 영암군 군서면,경상사고,0,0,2,0,차대차 - 기타,직진우회전진행방해,건조,맑음,교차로 - 교차로안,승용,남,73세,경상,승용,남,53세,경상
2014051900100172,2014년 5월 19일 10시,월요일,전라남도 강진군 성전면,중상사고,0,1,0,0,차량단독 - 기타,안전운전불이행,건조,맑음,단일로 - 기타,이륜,남,62세,중상,,,,
2014051900100209,2014년 5월 19일 11시,월요일,전라남도 여수시 봉산동,중상사고,0,1,1,0,차대차 - 기타,중앙선침범,건조,맑음,단일로 - 기타,화물,남,72세,중상,화물,남,46세,경상
2014051900100210,2014년 5월 19일 11시,월요일,전라남도 나주시 세지면,중상사고,0,1,0,0,차대차 - 측면직각충돌,안전운전불이행,건조,맑음,단일로 - 기타,화물,남,51세,상해없음,원동기,남,83세,중상
2014051900100268,2014년 5월 19일 13시,월요일,전라남도 여수시 율촌면,중상사고,0,3,0,0,차대차 - 기타,중앙선침범,건조,맑음,단일로 - 기타,승용,남,26세,상해없음,승용,남,75세,중상
2014051900100269,2014년 5월 19일 13시,월요일,전라남도 장흥군 장흥읍,경상사고,0,0,1,0,차대사람 - 길가장자리구역통행중,안전운전불이행,건조,맑음,단일로 - 기타,화물,남,68세,상해없음,보행자,남,64세,경상
2014051900100293,2014년 5월 19일 14시,월요일,전라남도 목포시 상동,경상사고,0,0,1,0,차대차 - 측면직각충돌,신호위반,건조,맑음,교차로 - 교차로안,이륜,남,17세,상해없음,승용,여,40세,경상
2014051900100294,2014년 5월 19일 14시,월요일,전라남도 순천시 왕지동,경상사고,0,0,1,0,차대차 - 기타,안전운전불이행,건조,맑음,단일로 - 기타,승용,남,46세,상해없음,승용,남,37세,경상
2014051900100327,2014년 5월 19일 15시,월요일,전라남도 순천시 매곡동,중상사고,0,1,0,0,차대차 - 기타,차로위반,건조,맑음,교차로 - 교차로안,자전거,남,70세,중상,승용,남,46세,상해없음
2014051900100328,2014년 5월 19일 15시,월요일,전라남도 보성군 득량면,경상사고,0,0,1,0,차대차 - 추돌 - 진행중,안전운전불이행,건조,흐림,단일로 - 기타,이륜,남,53세,경상,화물,남,66세,상해없음
2014051900100329,2014년 5월 19일 15시,월요일,전라남도 광양시 금호동,중상사고,0,1,0,0,차대차 - 측면직각충돌,안전운전불이행,건조,맑음,교차로 - 교차로부근,승합,남,48세,상해없음,승용,여,52세,중상
2014051900100402,2014년 5월 19일 17시,월요일,전라남도 순천시 영동,부상신고사고,0,0,0,1,차대사람 - 기타,안전운전불이행,건조,맑음,단일로 - 기타,승용,기타불명,기타불명,기타불명,보행자,여,20세,부상신고
2014051900100403,2014년 5월 19일 17시,월요일,전라남도 순천시 연향동,경상사고,0,0,1,0,차대차 - 기타,안전운전불이행,건조,맑음,단일로 - 기타,승용,남,49세,상해없음,자전거,남,11세,경상
2014051900100404,2014년 5월 19일 17시,월요일,전라남도 고흥군 풍양면,사망사고,1,0,0,0,차량단독 - 기타,안전운전불이행,건조,맑음,교차로 - 교차로안,농기계,남,74세,사망,,,,
2014051900100448,2014년 5월 19일 18시,월요일,전라남도 나주시 운곡동,중상사고,0,1,5,0,차대차 - 측면직각충돌,직진우회전진행방해,건조,맑음,교차로 - 교차로안,승용,여,45세,중상,승용,남,41세,경상
2014051900100449,2014년 5월 19일 18시,월요일,전라남도 화순군 화순읍,중상사고,0,1,0,0,차대사람 - 횡단중,안전운전불이행,건조,맑음,교차로 - 교차로안,화물,남,48세,상해없음,보행자,남,64세,중상
2014051900100484,2014년 5월 19일 19시,월요일,전라남도 나주시 다시면,경상사고,0,0,1,0,차대차 - 측면직각충돌,안전운전불이행,건조,맑음,단일로 - 기타,승합,남,56세,상해없음,승용,남,36세,경상
2014051900100485,2014년 5월 19일 19시,월요일,전라남도 나주시 중앙동,경상사고,0,0,1,0,차대사람 - 횡단중,안전운전불이행,건조,맑음,단일로 - 기타,승용,남,19세,상해없음,보행자,남,14세,경상
2014051900100486,2014년 5월 19일 19시,월요일,전라남도 진도군 조도면,중상사고,0,1,0,0,차량단독 - 도로외이탈 - 기타,안전운전불이행,건조,맑음,교차로 - 교차로부근,이륜,남,54세,중상,,,,
2014051900100519,2014년 5월 19일 20시,월요일,전라남도 목포시 옥암동,경상사고,0,0,1,0,차대차 - 추돌 - 주정차중,안전거리미확보,건조,흐림,교차로 - 교차로부근,승용,여,27세,상해없음,승용,여,32세,경상
2014051900100562,2014년 5월 19일 21시,월요일,전라남도 곡성군 옥과면,경상사고,0,0,1,0,차대차 - 기타,안전운전불이행,건조,맑음,교차로 - 교차로안,승용,여,30세,상해없음,승용,남,70세,경상
2014051900100594,2014년 5월 19일 22시,월요일,전라남도 고흥군 풍양면,중상사고,0,1,0,0,차대차 - 추돌 - 진행중,안전운전불이행,건조,맑음,단일로 - 기타,화물,남,33세,상해없음,승용,여,52세,중상
2014051900100595,2014년 5월 19일 22시,월요일,전라남도 영광군 영광읍,중상사고,0,1,1,0,차대차 - 측면직각충돌,안전운전불이행,건조,맑음,단일로 - 교량,화물,남,55세,중상,농기계,남,25세,경상
2014052000100015,2014년 5월 20일 00시,화요일,전라남도 순천시 해룡면,사망사고,1,0,0,0,차량단독 - 공작물충돌,안전운전불이행,건조,흐림,단일로 - 기타,승용,남,31세,사망,,,,
2014052000100033,2014년 5월 20일 01시,화요일,전라남도 목포시 상락동1가,중상사고,0,1,0,0,차대사람 - 기타,안전운전불이행,건조,흐림,교차로 - 교차로부근,승용,남,40세,상해없음,보행자,여,57세,중상
2014052000100050,2014년 5월 20일 03시,화요일,전라남도 여수시 화장동,경상사고,0,0,1,0,차대차 - 측면직각충돌,안전운전불이행,건조,맑음,교차로 - 교차로부근,승용,남,30세,상해없음,승용,남,41세,상해없음
2014052000100052,2014년 5월 20일 04시,화요일,전라남도 고흥군 도양읍,사망사고,1,0,0,0,차대사람 - 횡단중,보행자보호의무위반,습기,비,단일로 - 횡단보도상,승용,남,60세,상해없음,보행자,여,84세,사망
2014052000100071,2014년 5월 20일 06시,화요일,전라남도 목포시 동명동,경상사고,0,0,1,0,차대사람 - 기타,안전운전불이행,습기,비,교차로 - 교차로안,화물,남,44세,상해없음,보행자,여,78세,경상
2014052000100123,2014년 5월 20일 08시,화요일,전라남도 목포시 용해동,중상사고,0,1,0,0,차대차 - 측면직각충돌,신호위반,습기,비,교차로 - 교차로부근,승용,여,43세,중상,승용,남,25세,상해없음
2014052000100124,2014년 5월 20일 08시,화요일,전라남도 목포시 옥암동,경상사고,0,0,1,0,차대차 - 추돌 - 주정차중,안전거리미확보,습기,비,교차로 - 교차로부근,승용,여,57세,상해없음,승용,여,39세,경상
2014052000100157,2014년 5월 20일 09시,화요일,전라남도 여수시 돌산읍,경상사고,0,0,2,0,차량단독 - 공작물충돌,안전운전불이행,습기,비,단일로 - 기타,화물,남,58세,경상,,,,
2014052000100158,2014년 5월 20일 09시,화요일,전라남도 고흥군 고흥읍,중상사고,0,1,0,0,차대사람 - 횡단중,보행자보호의무위반,습기,비,단일로 - 횡단보도상,화물,남,48세,상해없음,보행자,여,84세,중상
2014052000100159,2014년 5월 20일 09시,화요일,전라남도 광양시 금호동,경상사고,0,0,3,0,차대차 - 추돌 - 진행중,안전운전불이행,습기,비,단일로 - 기타,화물,남,62세,기타불명,승용,남,50세,경상
2014052000100181,2014년 5월 20일 10시,화요일,전라남도 여수시 연등동,중상사고,0,1,0,0,차대사람 - 횡단중,안전운전불이행,습기,비,단일로 - 기타,화물,남,40세,상해없음,보행자,여,84세,중상
2014052000100182,2014년 5월 20일 10시,화요일,전라남도 순천시 해룡면,중상사고,0,1,0,0,차대차 - 기타,신호위반,건조,맑음,교차로 - 교차로안,승용,여,49세,상해없음,승합,남,23세,중상
2014052000100183,2014년 5월 20일 10시,화요일,전라남도 해남군 삼산면,경상사고,0,0,2,0,차대차 - 기타,교차로운행방법위반,습기,비,교차로 - 교차로안,승합,남,52세,경상,승용,남,51세,상해없음
2014052000100239,2014년 5월 20일 12시,화요일,전라남도 목포시 옥암동,중상사고,0,3,0,0,차대차 - 기타,신호위반,습기,비,교차로 - 교차로안,승합,남,74세,중상,승용,여,30세,중상
2014052000100240,2014년 5월 20일 12시,화요일,전라남도 여수시 중흥동,사망사고,1,2,0,0,차대차 - 기타,신호위반,건조,흐림,교차로 - 교차로안,특수,남,40세,상해없음,화물,남,57세,사망
2014052000100241,2014년 5월 20일 12시,화요일,전라남도 광양시 금호동,중상사고,0,1,0,0,차대차 - 측면직각충돌,교차로운행방법위반,습기,비,교차로 - 교차로안,승용,남,64세,상해없음,승용,여,61세,중상
2014052000100272,2014년 5월 20일 13시,화요일,전라남도 영암군 삼호읍,경상사고,0,0,6,1,차대차 - 측면직각충돌,교차로운행방법위반,습기,비,교차로 - 교차로안,화물,남,50세,경상,승합,남,43세,경상
2014052000100304,2014년 5월 20일 14시,화요일,전라남도 담양군 담양읍,경상사고,0,0,2,0,차대차 - 측면직각충돌,안전거리미확보,습기,흐림,단일로 - 기타,화물,남,56세,경상,승용,남,37세,경상
2014052000100305,2014년 5월 20일 14시,화요일,전라남도 광양시 광양읍,중상사고,0,1,0,0,차대차 - 측면직각충돌,신호위반,습기,흐림,교차로 - 교차로안,승용,남,63세,상해없음,승용,남,37세,중상
2014052000100306,2014년 5월 20일 14시,화요일,전라남도 광양시 광영동,경상사고,0,0,1,0,차대차 - 추돌 - 주정차중,안전운전불이행,습기,비,단일로 - 기타,승용,남,54세,상해없음,승용,여,52세,경상
2014052000100344,2014년 5월 20일 15시,화요일,전라남도 해남군 북평면,중상사고,0,3,1,0,차대차 - 측면직각충돌,교차로운행방법위반,습기,비,교차로 - 교차로안,화물,남,49세,경상,승용,남,42세,중상
2014052000100345,2014년 5월 20일 15시,화요일,전라남도 무안군 현경면,사망사고,1,1,1,0,차대차 - 기타,중앙선침범,습기,맑음,단일로 - 기타,승용,남,71세,사망,화물,남,48세,경상
2014052000100346,2014년 5월 20일 15시,화요일,전라남도 무안군 해제면,경상사고,0,0,4,0,차대차 - 기타,안전운전불이행,건조,맑음,교차로 - 교차로안,화물,남,38세,상해없음,화물,남,53세,경상
2014052000100347,2014년 5월 20일 15시,화요일,전라남도 무안군 무안읍,경상사고,0,0,1,0,차대차 - 기타,신호위반,건조,맑음,교차로 - 교차로안,화물,여,22세,상해없음,승용,남,66세,상해없음
2014052000100390,2014년 5월 20일 16시,화요일,전라남도 광양시 중동,경상사고,0,0,2,0,차대차 - 추돌 - 진행중,안전운전불이행,습기,흐림,교차로 - 교차로부근,승용,남,33세,상해없음,승용,여,37세,경상
2014052000100427,2014년 5월 20일 17시,화요일,전라남도 여수시 중앙동,중상사고,0,1,0,0,차대차 - 기타,보행자보호의무위반,건조,맑음,단일로 - 횡단보도상,승용,남,49세,상해없음,승용,여,29세,상해없음
2014052000100458,2014년 5월 20일 18시,화요일,전라남도 여수시 신기동,경상사고,0,0,1,0,차대차 - 기타,안전운전불이행,건조,맑음,단일로 - 기타,승용,남,47세,상해없음,승용,여,56세,경상
2014052000100459,2014년 5월 20일 18시,화요일,전라남도 장흥군 장흥읍,경상사고,0,0,2,0,차대차 - 측면직각충돌,안전운전불이행,건조,맑음,교차로 - 교차로안,승용,남,61세,경상,승용,남,31세,경상
2014052000100460,2014년 5월 20일 18시,화요일,전라남도 영암군 삼호읍,경상사고,0,0,5,0,차대차 - 측면직각충돌,직진우회전진행방해,건조,맑음,교차로 - 교차로안,승용,남,32세,경상,승용,남,57세,경상
2014052000100489,2014년 5월 20일 19시,화요일,전라남도 장흥군 용산면,경상사고,0,0,1,0,차대사람 - 기타,안전운전불이행,건조,맑음,단일로 - 기타,화물,남,30세,상해없음,보행자,남,12세,경상
2014052000100519,2014년 5월 20일 20시,화요일,전라남도 영암군 삼호읍,중상사고,0,2,1,0,차대차 - 측면직각충돌,신호위반,건조,맑음,교차로 - 교차로안,원동기,남,29세,중상,승용,여,44세,경상
2014052000100520,2014년 5월 20일 20시,화요일,전라남도 광양시 진상면,중상사고,0,1,0,0,차대차 - 정면충돌,중앙선침범,건조,맑음,단일로 - 기타,농기계,남,76세,중상,화물,남,64세,상해없음
2014052000100576,2014년 5월 20일 22시,화요일,전라남도 목포시 상동,경상사고,0,0,3,0,차대차 - 기타,안전운전불이행,건조,맑음,교차로 - 교차로부근,승용,여,45세,상해없음,승용,남,33세,경상
2014052000100577,2014년 5월 20일 22시,화요일,전라남도 나주시 송월동,경상사고,0,0,4,0,차대차 - 추돌 - 주정차중,안전운전불이행,건조,흐림,교차로 - 교차로부근,승용,남,27세,상해없음,승용,남,49세,경상
2014052000100578,2014년 5월 20일 22시,화요일,전라남도 완도군 완도읍,중상사고,0,1,0,0,차대사람 - 횡단중,안전운전불이행,건조,맑음,단일로 - 횡단보도부근,화물,남,46세,상해없음,보행자,남,49세,중상