사고번호,사고일시,요일,시군구,사고내용,사망자수,중상자수,경상자수,부상신고자수,사고유형,법규위반,노면상태,기상상태,도로형태,가해운전자 차종,가해운전자 성별,가해운전자 연령,가해운전자 상해정도,피해운전자 차종,피해운전자 성별,피해운전자 연령,피해운전자 상해정도
2014052100100013,2014년 5월 21일 00시,수요일,전라남도 광양시 중동,경상사고,0,0,1,0,차대차 - 추돌 - 주정차중,안전운전불이행,건조,맑음,단일로 - 기타,승용,남,40세,상해없음,화물,남,40세,경상
2014052100100045,2014년 5월 21일 02시,수요일,전라남도 순천시 해룡면,중상사고,0,4,0,0,차량단독 - 공작물충돌,안전운전불이행,건조,맑음,교차로 - 교차로안,승용,남,35세,중상,,,,
2014052100100097,2014년 5월 21일 07시,수요일,전라남도 장흥군 장흥읍,중상사고,0,1,0,0,차대차 - 측면직각충돌,안전운전불이행,건조,맑음,교차로 - 교차로안,승용,여,45세,상해없음,이륜,남,75세,중상
2014052100100098,2014년 5월 21일 07시,수요일,전라남도 영암군 삼호읍,경상사고,0,0,2,0,차대차 - 측면직각충돌,직진우회전진행방해,건조,맑음,교차로 - 교차로안,승용,남,41세,상해없음,원동기,남,26세,경상
2014052100100099,2014년 5월 21일 07시,수요일,전라남도 광양시 옥곡면,경상사고,0,0,1,0,차대차 - 추돌 - 진행중,안전거리미확보,건조,맑음,단일로 - 기타,화물,남,65세,상해없음,승용,여,44세,경상
2014052100100100,2014년 5월 21일 07시,수요일,전라남도 구례군 마산면,경상사고,0,0,1,0,차대차 - 기타,안전운전불이행,건조,맑음,교차로 - 교차로안,화물,남,68세,상해없음,승용,남,50세,경상
2014052100100175,2014년 5월 21일 09시,수요일,전라남도 여수시 만흥동,경상사고,0,0,1,0,차대차 - 측면직각충돌,교차로운행방법위반,건조,맑음,교차로 - 교차로부근,승용,남,56세,상해없음,승용,여,42세,경상
2014052100100176,2014년 5월 21일 09시,수요일,전라남도 보성군 복내면,경상사고,0,0,1,0,차대차 - 측면직각충돌,교차로운행방법위반,건조,맑음,교차로 - 교차로안,승용,남,59세,경상,화물,남,46세,상해없음
2014052100100202,2014년 5월 21일 10시,수요일,전라남도 목포시 옥암동,중상사고,0,1,0,0,차대사람 - 기타,안전운전불이행,건조,맑음,단일로 - 기타,승합,남,59세,상해없음,보행자,여,59세,중상
2014052100100203,2014년 5월 21일 10시,수요일,전라남도 광양시 광영동,중상사고,0,1,0,0,차대차 - 측면직각충돌,직진우회전진행방해,건조,맑음,교차로 - 교차로안,승용,여,52세,상해없음,이륜,남,68세,중상
2014052100100230,2014년 5월 21일 11시,수요일,전라남도 목포시 용당동,경상사고,0,0,1,0,차대차 - 측면직각충돌,교차로운행방법위반,건조,맑음,교차로 - 교차로안,승용,여,62세,상해없음,승용,여,53세,경상
2014052100100231,2014년 5월 21일 11시,수요일,전라남도 여수시 충무동,경상사고,0,0,1,0,차대차 - 정면충돌,안전운전불이행,건조,맑음,단일로 - 횡단보도상,원동기,남,72세,경상,승용,남,35세,상해없음
2014052100100287,2014년 5월 21일 13시,수요일,전라남도 여수시 교동,경상사고,0,0,1,0,차대사람 - 길가장자리구역통행중,안전운전불이행,건조,맑음,단일로 - 기타,승합,남,38세,상해없음,보행자,남,42세,경상
2014052100100317,2014년 5월 21일 14시,수요일,전라남도 장성군 동화면,중상사고,0,1,1,0,차대차 - 정면충돌,중앙선침범,건조,맑음,단일로 - 기타,화물,남,28세,상해없음,승용,여,54세,경상
2014052100100357,2014년 5월 21일 15시,수요일,전라남도 목포시 상동,경상사고,0,0,1,0,차대사람 - 횡단중,안전운전불이행,건조,맑음,단일로 - 기타,승용,남,36세,상해없음,보행자,여,32세,경상
2014052100100358,2014년 5월 21일 15시,수요일,전라남도 여수시 안산동,경상사고,0,0,2,0,차대차 - 측면직각충돌,안전운전불이행,건조,맑음,교차로 - 교차로부근,승용,남,58세,경상,승용,여,44세,경상
2014052100100359,2014년 5월 21일 15시,수요일,전라남도 순천시 조례동,중상사고,0,1,0,0,차대차 - 기타,안전운전불이행,건조,맑음,교차로 - 교차로안,승용,여,45세,상해없음,승용,남,23세,중상
2014052100100360,2014년 5월 21일 15시,수요일,전라남도 구례군 구례읍,경상사고,0,0,1,0,차대사람 - 보도통행중,보행자보호의무위반,건조,맑음,단일로 - 기타,승용,여,33세,상해없음,보행자,여,8세,경상
2014052100100394,2014년 5월 21일 16시,수요일,전라남도 여수시 낙포동,중상사고,0,1,1,0,차대차 - 정면충돌,안전운전불이행,건조,맑음,교차로 - 교차로안,승용,남,49세,상해없음,승용,남,53세,중상
2014052100100395,2014년 5월 21일 16시,수요일,전라남도 순천시 송광면,중상사고,0,1,0,0,차대사람 - 기타,안전운전불이행,건조,맑음,단일로 - 기타,승용,남,76세,상해없음,보행자,여,74세,중상
2014052100100452,2014년 5월 21일 17시,수요일,전라남도 여수시 선원동,경상사고,0,0,1,0,차대사람 - 횡단중,신호위반,건조,맑음,교차로 - 교차로부근,승용,여,49세,상해없음,보행자,여,15세,경상
2014052100100453,2014년 5월 21일 17시,수요일,전라남도 광양시 중동,경상사고,0,0,1,1,차대차 - 추돌 - 진행중,안전거리미확보,건조,맑음,단일로 - 기타,승용,남,64세,부상신고,승용,남,47세,경상
2014052100100501,2014년 5월 21일 18시,수요일,전라남도 목포시 상동,경상사고,0,0,2,0,차대차 - 측면직각충돌,교차로운행방법위반,건조,맑음,교차로 - 교차로안,승용,여,44세,상해없음,승용,남,44세,경상
2014052100100502,2014년 5월 21일 18시,수요일,전라남도 여수시 여서동,중상사고,0,1,0,0,차대사람 - 횡단중,보행자보호의무위반,건조,맑음,단일로 - 횡단보도상,승합,여,36세,상해없음,보행자,여,17세,중상
2014052100100503,2014년 5월 21일 18시,수요일,전라남도 순천시 해룡면,중상사고,0,1,0,0,차대차 - 기타,신호위반,건조,맑음,교차로 - 교차로부근,승용,여,60세,상해없음,자전거,남,14세,중상
2014052100100504,2014년 5월 21일 18시,수요일,전라남도 순천시 남정동,경상사고,0,0,1,0,차대차 - 측면직각충돌,안전운전불이행,건조,맑음,기타 - 기타,승용,여,45세,상해없음,승용,여,29세,경상
2014052100100505,2014년 5월 21일 18시,수요일,전라남도 장흥군 관산읍,경상사고,0,0,1,0,차대차 - 기타,안전운전불이행,건조,맑음,단일로 - 기타,화물,남,64세,상해없음,승용,남,69세,경상
2014052100100532,2014년 5월 21일 19시,수요일,전라남도 화순군 북면,경상사고,0,0,1,0,차대사람 - 기타,안전운전불이행,건조,맑음,단일로 - 기타,화물,남,57세,상해없음,보행자,남,63세,경상
2014052100100572,2014년 5월 21일 20시,수요일,전라남도 순천시 석현동,경상사고,0,0,1,0,차대사람 - 차도통행중,안전운전불이행,건조,맑음,단일로 - 기타,기타불명,기타불명,기타불명,기타불명,보행자,남,23세,경상
2014052100100573,2014년 5월 21일 20시,수요일,전라남도 나주시 대호동,경상사고,0,0,2,0,차대차 - 기타,직진우회전진행방해,건조,맑음,교차로 - 교차로안,승용,여,42세,상해없음,승용,남,47세,경상
2014052100100574,2014년 5월 21일 20시,수요일,전라남도 광양시 중동,경상사고,0,0,1,0,차대차 - 측면직각충돌,교차로운행방법위반,건조,맑음,교차로 - 교차로안,승용,남,44세,상해없음,승용,여,40세,경상
2014052100100644,2014년 5월 21일 22시,수요일,전라남도 순천시 연향동,경상사고,0,0,1,0,차대차 - 기타,안전운전불이행,건조,맑음,단일로 - 기타,승용,남,30세,상해없음,승합,남,50세,경상
2014052100100645,2014년 5월 21일 22시,수요일,전라남도 구례군 간전면,중상사고,0,1,0,0,차량단독 - 전도전복,안전운전불이행,건조,맑음,단일로 - 기타,승용,남,41세,상해없음,,,,
2014052200100012,2014년 5월 22일 00시,목요일,전라남도 목포시 상동,경상사고,0,0,2,0,차대차 - 추돌 - 주정차중,안전운전불이행,건조,맑음,단일로 - 기타,화물,남,27세,상해없음,승용,여,39세,경상
2014052200100104,2014년 5월 22일 07시,목요일,전라남도 나주시 남평읍,경상사고,0,0,1,0,차대차 - 기타,안전운전불이행,건조,맑음,단일로 - 기타,화물,남,34세,상해없음,승용,여,45세,경상
2014052200100144,2014년 5월 22일 08시,목요일,전라남도 목포시 상동,경상사고,0,0,3,0,차대차 - 추돌 - 진행중,안전거리미확보,건조,맑음,단일로 - 기타,승합,남,24세,상해없음,화물,남,61세,경상
2014052200100175,2014년 5월 22일 09시,목요일,전라남도 목포시 옥암동,경상사고,0,0,2,0,차대차 - 측면직각충돌,교차로운행방법위반,건조,맑음,교차로 - 교차로안,승용,여,38세,경상,승용,남,49세,경상
2014052200100176,2014년 5월 22일 09시,목요일,전라남도 해남군 해남읍,경상사고,0,0,5,0,차대차 - 측면직각충돌,신호위반,건조,맑음,교차로 - 교차로안,승용,여,59세,경상,승용,남,31세,경상
2014052200100177,2014년 5월 22일 09시,목요일,전라남도 영암군 삼호읍,중상사고,0,1,0,0,차량단독 - 공작물충돌,안전운전불이행,건조,맑음,교차로 - 교차로부근,특수,남,28세,중상,,,,
2014052200100209,2014년 5월 22일 10시,목요일,전라남도 순천시 황전면,중상사고,0,1,1,0,차대차 - 기타,신호위반,건조,맑음,교차로 - 교차로안,승용,여,53세,경상,승용,남,41세,상해없음
2014052200100210,2014년 5월 22일 10시,목요일,전라남도 담양군 창평면,경상사고,0,0,1,0,차대차 - 측면직각충돌,직진우회전진행방해,건조,맑음,교차로 - 교차로안,화물,남,54세,경상,승용,여,58세,상해없음
2014052200100238,2014년 5월 22일 11시,목요일,전라남도 순천시 덕월동,경상사고,0,0,1,0,차대사람 - 기타,안전운전불이행,건조,맑음,교차로 - 교차로부근,승용,남,64세,상해없음,보행자,여,19세,경상
2014052200100264,2014년 5월 22일 12시,목요일,전라남도 나주시 왕곡면,경상사고,0,0,1,0,차대사람 - 기타,안전운전불이행,건조,맑음,단일로 - 기타,기타불명,기타불명,기타불명,기타불명,보행자,여,86세,경상
2014052200100302,2014년 5월 22일 13시,목요일,전라남도 보성군 벌교읍,사망사고,1,10,8,3,차대차 - 추돌 - 진행중,안전운전불이행,건조,맑음,교차로 - 교차로부근,승합,남,57세,경상,승용,남,68세,중상
2014052200100333,2014년 5월 22일 14시,목요일,전라남도 여수시 미평동,중상사고,0,1,0,0,차대사람 - 횡단중,안전운전불이행,건조,맑음,단일로 - 기타,화물,남,36세,상해없음,보행자,남,72세,중상
2014052200100334,2014년 5월 22일 14시,목요일,전라남도 순천시 옥천동,경상사고,0,0,1,0,차대사람 - 기타,보행자보호의무위반,건조,맑음,단일로 - 기타,승용,남,53세,상해없음,보행자,여,9세,경상
2014052200100367,2014년 5월 22일 15시,목요일,전라남도 담양군 수북면,중상사고,0,2,0,0,차대차 - 측면직각충돌,안전운전불이행,건조,맑음,단일로 - 기타,건설기계,남,48세,상해없음,원동기,남,77세,중상
2014052200100368,2014년 5월 22일 15시,목요일,전라남도 완도군 완도읍,중상사고,0,1,0,0,차대사람 - 차도통행중,안전운전불이행,건조,맑음,교차로 - 교차로부근,화물,남,69세,상해없음,보행자,여,76세,중상
2014052200100418,2014년 5월 22일 16시,목요일,전라남도 장흥군 관산읍,경상사고,0,0,2,0,차대차 - 추돌 - 주정차중,안전거리미확보,건조,맑음,교차로 - 교차로부근,화물,남,53세,상해없음,승용,여,43세,경상
2014052200100470,2014년 5월 22일 17시,목요일,전라남도 목포시 옥암동,경상사고,0,0,2,0,차대차 - 측면직각충돌,신호위반,건조,맑음,교차로 - 교차로안,승용,남,54세,상해없음,승용,여,30세,경상
2014052200100515,2014년 5월 22일 18시,목요일,전라남도 나주시 산포면,경상사고,0,0,1,0,차대차 - 추돌 - 주정차중,안전운전불이행,건조,맑음,교차로 - 교차로안,화물,남,64세,상해없음,승용,남,53세,경상
2014052200100516,2014년 5월 22일 18시,목요일,전라남도 광양시 중동,중상사고,0,1,1,0,차대차 - 측면직각충돌,신호위반,건조,맑음,교차로 - 교차로안,승용,남,49세,상해없음,승용,남,48세,경상
2014052200100551,2014년 5월 22일 19시,목요일,전라남도 목포시 죽교동,경상사고,0,0,1,0,차대차 - 측면직각충돌,중앙선침범,건조,맑음,단일로 - 횡단보도상,화물,남,46세,상해없음,승합,남,61세,경상
2014052200100552,2014년 5월 22일 19시,목요일,전라남도 여수시 서교동,경상사고,0,0,1,0,차대차 - 측면직각충돌,교차로운행방법위반,건조,맑음,교차로 - 교차로안,승합,남,54세,상해없음,승용,여,54세,경상
2014052200100553,2014년 5월 22일 19시,목요일,전라남도 광양시 중동,중상사고,0,1,0,0,차대차 - 측면직각충돌,직진우회전진행방해,건조,맑음,교차로 - 교차로안,승용,여,37세,상해없음,이륜,남,26세,중상
2014052200100597,2014년 5월 22일 20시,목요일,전라남도 목포시 상동,경상사고,0,0,2,0,차대차 - 추돌 - 주정차중,안전운전불이행,건조,맑음,단일로 - 기타,승용,남,59세,상해없음,승용,남,56세,경상
2014052200100598,2014년 5월 22일 20시,목요일,전라남도 여수시 둔덕동,경상사고,0,0,1,0,차대차 - 추돌 - 주정차중,안전운전불이행,건조,맑음,교차로 - 교차로안,승용,남,54세,상해없음,승용,여,34세,경상
2014052200100599,2014년 5월 22일 20시,목요일,전라남도 완도군 금일읍,중상사고,0,1,0,0,차대사람 - 기타,안전운전불이행,건조,맑음,단일로 - 기타,승용,남,68세,상해없음,보행자,남,62세,중상
2014052200100632,2014년 5월 22일 21시,목요일,전라남도 여수시 돌산읍,경상사고,0,0,1,0,차대차 - 기타,중앙선침범,건조,맑음,단일로 - 기타,화물,남,62세,상해없음,원동기,남,29세,경상
2014052200100633,2014년 5월 22일 21시,목요일,전라남도 순천시 덕암동,경상사고,0,0,1,0,차대차 - 기타,차로위반,건조,맑음,단일로 - 기타,승용,남,48세,상해없음,승합,남,36세,상해없음
2014052200100634,2014년 5월 22일 21시,목요일,전라남도 순천시 덕월동,경상사고,0,0,2,0,차대차 - 기타,교차로운행방법위반,건조,맑음,교차로 - 교차로안,승용,여,58세,상해없음,승용,남,70세,경상
2014052200100659,2014년 5월 22일 22시,목요일,전라남도 나주시 공산면,중상사고,0,2,2,0,차대차 - 기타,중앙선침범,건조,맑음,단일로 - 기타,화물,남,45세,중상,승용,여,26세,중상
2014052200100680,2014년 5월 22일 23시,목요일,전라남도 나주시 봉황면,경상사고,0,0,1,0,차량단독 - 공작물충돌,안전운전불이행,건조,맑음,단일로 - 기타,승용,여,46세,경상,,,,
2014052300100043,2014년 5월 23일 02시,금요일,전라남도 광양시 광양읍,경상사고,0,0,2,2,차대차 - 기타,안전운전불이행,건조,맑음,단일로 - 기타,승용,남,22세,경상,승용,여,54세,기타불명
2014052300100095,2014년 5월 23일 07시,금요일,전라남도 무안군 현경면,경상사고,0,0,3,0,차대차 - 추돌 - 진행중,교차로운행방법위반,건조,맑음,교차로 - 교차로안,화물,남,56세,경상,화물,남,43세,경상
2014052300100130,2014년 5월 23일 08시,금요일,전라남도 구례군 구례읍,부상신고사고,0,0,0,1,차대차 - 기타,중앙선침범,건조,맑음,단일로 - 기타,이륜,남,70세,부상신고,승용,남,74세,상해없음
2014052300100160,2014년 5월 23일 09시,금요일,전라남도 무안군 몽탄면,경상사고,0,0,1,0,차대차 - 측면직각충돌,안전운전불이행,건조,맑음,단일로 - 기타,농기계,남,65세,상해없음,이륜,남,76세,경상
2014052300100201,2014년 5월 23일 10시,금요일,전라남도 화순군 화순읍,경상사고,0,0,3,0,차대차 - 측면직각충돌,중앙선침범,건조,맑음,단일로 - 기타,화물,남,51세,상해없음,승용,남,44세,경상
2014052300100202,2014년 5월 23일 10시,금요일,전라남도 강진군 도암면,중상사고,0,2,0,0,차대차 - 측면직각충돌,안전운전불이행,건조,맑음,단일로 - 기타,승용,남,61세,중상,화물,남,43세,중상
2014052300100241,2014년 5월 23일 11시,금요일,전라남도 화순군 화순읍,중상사고,0,1,0,1,차대차 - 측면직각충돌,직진우회전진행방해,건조,맑음,교차로 - 교차로안,승용,여,56세,부상신고,승용,남,50세,중상
2014052300100242,2014년 5월 23일 11시,금요일,전라남도 구례군 구례읍,경상사고,0,0,1,0,차대사람 - 기타,안전운전불이행,건조,맑음,단일로 - 기타,승용,남,56세,상해없음,보행자,여,63세,경상
2014052300100263,2014년 5월 23일 12시,금요일,전라남도 목포시 명륜동,부상신고사고,0,0,0,1,차대사람 - 횡단중,보행자보호의무위반,습기,비,교차로 - 교차로안,승용,남,24세,상해없음,보행자,남,9세,부상신고
2014052300100264,2014년 5월 23일 12시,금요일,전라남도 강진군 군동면,중상사고,0,1,0,0,차대사람 - 기타,안전운전불이행,건조,맑음,단일로 - 기타,화물,남,52세,상해없음,보행자,여,83세,중상
2014052300100265,2014년 5월 23일 12시,금요일,전라남도 무안군 청계면,경상사고,0,0,4,0,차대차 - 측면직각충돌,신호위반,건조,맑음,교차로 - 교차로안,승용,여,73세,상해없음,승용,남,57세,경상
2014052300100291,2014년 5월 23일 13시,금요일,전라남도 여수시 봉산동,경상사고,0,0,1,0,차대차 - 기타,안전운전불이행,건조,맑음,교차로 - 교차로부근,승용,남,63세,상해없음,이륜,남,44세,경상
2014052300100323,2014년 5월 23일 14시,금요일,전라남도 목포시 광동1가,경상사고,0,0,1,0,차대사람 - 횡단중,보행자보호의무위반,건조,맑음,교차로 - 교차로안,화물,남,37세,상해없음,보행자,여,64세,경상
2014052300100324,2014년 5월 23일 14시,금요일,전라남도 완도군 고금면,경상사고,0,0,1,0,차량단독 - 기타,안전운전불이행,건조,맑음,단일로 - 기타,승용,남,28세,상해없음,,,,
2014052300100357,2014년 5월 23일 15시,금요일,전라남도 화순군 화순읍,경상사고,0,0,1,0,차대사람 - 기타,안전운전불이행,건조,맑음,단일로 - 기타,화물,남,58세,상해없음,보행자,남,67세,경상
2014052300100358,2014년 5월 23일 15시,금요일,전라남도 담양군 대전면,경상사고,0,0,1,0,차대차 - 기타,불법유턴,건조,맑음,교차로 - 교차로부근,원동기,남,75세,경상,승용,남,54세,상해없음
2014052300100399,2014년 5월 23일 16시,금요일,전라남도 고흥군 과역면,경상사고,0,0,1,0,차대차 - 측면직각충돌,교차로운행방법위반,건조,맑음,교차로 - 교차로안,화물,남,67세,상해없음,승용,남,30세,경상
2014052300100432,2014년 5월 23일 17시,금요일,전라남도 순천시 남정동,경상사고,0,0,1,4,차대차 - 측면직각충돌,직진우회전진행방해,건조,맑음,교차로 - 교차로안,승합,남,43세,상해없음,승용,남,21세,경상
2014052300100433,2014년 5월 23일 17시,금요일,전라남도 순천시 조례동,경상사고,0,0,1,0,차대차 - 추돌 - 주정차중,안전운전불이행,건조,맑음,교차로 - 교차로부근,승용,여,33세,상해없음,승용,여,46세,경상
2014052300100486,2014년 5월 23일 18시,금요일,전라남도 해남군 해남읍,경상사고,0,0,2,0,차대차 - 기타,교차로운행방법위반,건조,맑음,교차로 - 교차로안,화물,남,60세,경상,승용,남,54세,경상
2014052300100562,2014년 5월 23일 20시,금요일,전라남도 순천시 덕암동,중상사고,0,1,0,0,차대사람 - 횡단중,보행자보호의무위반,건조,맑음,단일로 - 횡단보도상,승용,여,44세,상해없음,보행자,여,72세,중상
2014052300100593,2014년 5월 23일 21시,금요일,전라남도 여수시 웅천동,경상사고,0,0,1,0,차대차 - 기타,안전운전불이행,건조,맑음,단일로 - 기타,승용,남,25세,상해없음,승용,여,26세,경상
2014052300100626,2014년 5월 23일 22시,금요일,전라남도 광양시 중동,경상사고,0,0,1,0,차대차 - 기타,안전운전불이행,건조,맑음,교차로 - 교차로안,승용,남,29세,상해없음,승용,여,31세,경상
2014052300100660,2014년 5월 23일 23시,금요일,전라남도 여수시 학동,중상사고,0,1,3,0,차대차 - 측면직각충돌,안전운전불이행,건조,맑음,교차로 - 교차로부근,원동기,남,16세,경상,승합,남,68세,상해없음
2014052400100078,2014년 5월 24일 03시,토요일,전라남도 목포시 상동,사망사고,1,0,0,0,차량단독 - 공작물충돌,안전운전불이행,건조,맑음,교차로 - 교차로부근,승용,여,56세,사망,,,,
2014052400100110,2014년 5월 24일 05시,토요일,전라남도 목포시 용당동,경상사고,0,0,1,0,차대차 - 측면직각충돌,안전거리미확보,건조,맑음,단일로 - 기타,승용,여,33세,상해없음,승용,남,55세,경상
2014052400100111,2014년 5월 24일 05시,토요일,전라남도 해남군 마산면,경상사고,0,0,2,0,차대차 - 기타,안전운전불이행,기타,기타,교차로 - 교차로안,승용,기타불명,기타불명,기타불명,승합,남,63세,경상
2014052400100130,2014년 5월 24일 06시,토요일,전라남도 무안군 삼향읍,경상사고,0,0,1,0,차대차 - 측면직각충돌,신호위반,건조,맑음,교차로 - 교차로안,화물,남,37세,상해없음,승용,남,69세,경상
2014052400100148,2014년 5월 24일 07시,토요일,전라남도 순천시 장천동,중상사고,0,1,0,0,차대차 - 기타,안전운전불이행,건조,맑음,교차로 - 교차로안,승용,남,27세,상해없음,자전거,남,71세,중상
2014052400100149,2014년 5월 24일 07시,토요일,전라남도 해남군 옥천면,중상사고,0,1,0,1,차량단독 - 기타,안전운전불이행,건조,맑음,단일로 - 기타,승용,남,18세,부상신고,,,,
2014052400100175,2014년 5월 24일 08시,토요일,전라남도 나주시 이창동,중상사고,0,1,0,0,차대사람 - 기타,신호위반,건조,맑음,단일로 - 횡단보도상,농기계,남,48세,상해없음,보행자,여,71세,중상
2014052400100176,2014년 5월 24일 08시,토요일,전라남도 해남군 문내면,경상사고,0,0,2,0,차대차 - 기타,중앙선침범,건조,맑음,단일로 - 기타,화물,여,56세,상해없음,이륜,남,65세,경상
2014052400100177,2014년 5월 24일 08시,토요일,전라남도 강진군 신전면,경상사고,0,0,1,0,차대차 - 추돌 - 진행중,안전운전불이행,건조,맑음,단일로 - 기타,농기계,남,54세,경상,화물,남,38세,상해없음
2014052400100206,2014년 5월 24일 09시,토요일,전라남도 목포시 양동,중상사고,0,1,0,0,차대사람 - 기타,안전운전불이행,건조,맑음,단일로 - 기타,승용,남,55세,상해없음,보행자,여,67세,중상
2014052400100207,2014년 5월 24일 09시,토요일,전라남도 강진군 작천면,경상사고,0,0,3,0,차대차 - 측면직각충돌,안전운전불이행,건조,맑음,단일로 - 기타,화물,남,39세,경상,농기계,남,53세,경상
2014052400100233,2014년 5월 24일 10시,토요일,전라남도 여수시 화양면,경상사고,0,0,1,0,차량단독 - 기타,안전운전불이행,건조,맑음,기타 - 기타,승합,남,54세,상해없음,,,,
2014052400100234,2014년 5월 24일 10시,토요일,전라남도 해남군 북일면,중상사고,0,2,2,0,차대차 - 정면충돌,중앙선침범,건조,맑음,단일로 - 기타,화물,남,32세,상해없음,승용,남,33세,경상
2014052400100235,2014년 5월 24일 10시,토요일,전라남도 장성군 북하면,경상사고,0,0,5,0,차대차 - 추돌 - 진행중,안전운전불이행,건조,맑음,단일로 - 기타,승합,남,28세,상해없음,승용,남,22세,경상
2014052400100236,2014년 5월 24일 10시,토요일,전라남도 무안군 청계면,경상사고,0,0,1,0,차대차 - 측면직각충돌,안전운전불이행,건조,맑음,교차로 - 교차로안,승용,남,37세,상해없음,승용,남,64세,경상
2014052400100267,2014년 5월 24일 11시,토요일,전라남도 함평군 손불면,중상사고,0,1,1,0,차대차 - 정면충돌,중앙선침범,건조,맑음,단일로 - 기타,이륜,남,69세,중상,승용,남,35세,경상
2014052400100268,2014년 5월 24일 11시,토요일,전라남도 무안군 현경면,중상사고,0,1,2,1,차량단독 - 기타,안전운전불이행,건조,맑음,단일로 - 기타,승합,남,42세,상해없음,,,,
2014052400100328,2014년 5월 24일 13시,토요일,전라남도 목포시 용당동,경상사고,0,0,2,0,차대차 - 측면직각충돌,직진우회전진행방해,건조,맑음,교차로 - 교차로안,승용,남,61세,경상,승용,여,55세,경상
2014052400100329,2014년 5월 24일 13시,토요일,전라남도 여수시 봉산동,경상사고,0,0,1,0,차대차 - 기타,안전운전불이행,건조,맑음,교차로 - 교차로부근,승용,남,31세,상해없음,승용,여,37세,상해없음
2014052400100330,2014년 5월 24일 13시,토요일,전라남도 순천시 가곡동,중상사고,0,2,0,0,차대차 - 기타,직진우회전진행방해,건조,맑음,교차로 - 교차로안,승합,여,40세,상해없음,원동기,남,52세,중상
2014052400100364,2014년 5월 24일 14시,토요일,전라남도 장성군 장성읍,중상사고,0,1,0,0,차대차 - 추돌 - 주정차중,안전운전불이행,건조,맑음,단일로 - 기타,승용,남,53세,상해없음,원동기,남,68세,중상
2014052400100400,2014년 5월 24일 15시,토요일,전라남도 순천시 연향동,경상사고,0,0,4,0,차대차 - 기타,직진우회전진행방해,건조,맑음,교차로 - 교차로안,승용,남,27세,상해없음,승용,남,61세,경상
2014052400100401,2014년 5월 24일 15시,토요일,전라남도 영광군 법성면,부상신고사고,0,0,0,1,차대차 - 측면직각충돌,중앙선침범,건조,맑음,단일로 - 기타,자전거,여,8세,부상신고,화물,남,39세,상해없음
2014052400100402,2014년 5월 24일 15시,토요일,전라남도 함평군 학교면,경상사고,0,0,1,0,차대차 - 추돌 - 진행중,직진우회전진행방해,건조,맑음,교차로 - 교차로안,승용,여,25세,상해없음,이륜,남,79세,경상
2014052400100403,2014년 5월 24일 15시,토요일,전라남도 곡성군 석곡면,중상사고,0,2,1,0,차대차 - 기타,중앙선침범,건조,맑음,교차로 - 교차로부근,승용,여,51세,경상,승용,남,72세,중상
2014052400100444,2014년 5월 24일 16시,토요일,전라남도 목포시 상동,경상사고,0,0,1,0,차대차 - 추돌 - 주정차중,안전운전불이행,건조,맑음,교차로 - 교차로부근,승용,남,76세,상해없음,승용,남,47세,상해없음
2014052400100483,2014년 5월 24일 17시,토요일,전라남도 진도군 고군면,중상사고,0,1,0,0,차대차 - 기타,안전운전불이행,건조,맑음,교차로 - 교차로안,이륜,남,73세,중상,농기계,남,73세,상해없음
2014052400100530,2014년 5월 24일 18시,토요일,전라남도 장흥군 장동면,경상사고,0,0,1,0,차대차 - 기타,안전운전불이행,건조,맑음,단일로 - 기타,승합,남,52세,상해없음,화물,남,35세,경상
2014052400100599,2014년 5월 24일 20시,토요일,전라남도 보성군 보성읍,중상사고,0,1,0,0,차대사람 - 횡단중,안전운전불이행,건조,맑음,교차로 - 교차로안,승용,남,56세,상해없음,보행자,남,34세,중상
2014052400100631,2014년 5월 24일 21시,토요일,전라남도 여수시 소라면,경상사고,0,0,1,0,차대차 - 측면직각충돌,안전운전불이행,건조,맑음,단일로 - 기타,승용,여,47세,상해없음,원동기,남,17세,경상
2014052400100632,2014년 5월 24일 21시,토요일,전라남도 순천시 인제동,부상신고사고,0,0,0,1,차대차 - 기타,안전운전불이행,건조,맑음,단일로 - 기타,승용,남,40세,상해없음,자전거,남,55세,부상신고
2014052400100633,2014년 5월 24일 21시,토요일,전라남도 영암군 덕진면,경상사고,0,0,3,0,차대차 - 추돌 - 주정차중,안전운전불이행,건조,맑음,교차로 - 교차로부근,승용,남,52세,상해없음,승용,남,44세,경상
2014052500100017,2014년 5월 25일 00시,일요일,전라남도 목포시 용해동,경상사고,0,0,3,0,차대차 - 측면직각충돌,신호위반,건조,맑음,교차로 - 교차로안,화물,남,35세,경상,승용,남,39세,경상
2014052500100018,2014년 5월 25일 00시,일요일,전라남도 장흥군 회진면,경상사고,0,0,1,1,차대차 - 기타,기타,건조,맑음,단일로 - 기타,기타불명,기타불명,기타불명,기타불명,승용,남,19세,경상
2014052500100037,2014년 5월 25일 01시,일요일,전라남도 여수시 둔덕동,중상사고,0,1,2,0,차대차 - 기타,안전운전불이행,건조,맑음,단일로 - 기타,승용,남,42세,중상,승용,남,33세,경상
2014052500100062,2014년 5월 25일 02시,일요일,전라남도 완도군 완도읍,중상사고,0,1,0,0,차대사람 - 횡단중,안전운전불이행,건조,맑음,단일로 - 기타,화물,남,58세,상해없음,보행자,남,43세,중상