사고번호,사고일시,요일,시군구,사고내용,사망자수,중상자수,경상자수,부상신고자수,사고유형,법규위반,노면상태,기상상태,도로형태,가해운전자 차종,가해운전자 성별,가해운전자 연령,가해운전자 상해정도,피해운전자 차종,피해운전자 성별,피해운전자 연령,피해운전자 상해정도
2014052500100114,2014년 5월 25일 07시,일요일,전라남도 나주시 남내동,경상사고,0,0,1,0,차대차 - 측면직각충돌,안전운전불이행,건조,맑음,교차로 - 교차로부근,화물,남,55세,상해없음,자전거,남,60세,경상
2014052500100183,2014년 5월 25일 11시,일요일,전라남도 해남군 황산면,경상사고,0,0,1,1,차대차 - 정면충돌,안전운전불이행,습기,비,단일로 - 기타,화물,여,49세,부상신고,승용,남,47세,경상
2014052500100184,2014년 5월 25일 11시,일요일,전라남도 무안군 삼향읍,경상사고,0,0,6,0,차대차 - 기타,신호위반,건조,맑음,교차로 - 교차로안,승용,남,66세,경상,승용,남,53세,경상
2014052500100185,2014년 5월 25일 11시,일요일,전라남도 진도군 의신면,중상사고,0,1,0,0,차대사람 - 횡단중,안전운전불이행,습기,비,단일로 - 기타,승용,남,38세,상해없음,보행자,여,73세,중상
2014052500100222,2014년 5월 25일 12시,일요일,전라남도 순천시 중앙동,경상사고,0,0,1,0,차대사람 - 기타,안전운전불이행,건조,맑음,단일로 - 기타,원동기,남,20세,상해없음,보행자,여,26세,경상
2014052500100257,2014년 5월 25일 13시,일요일,전라남도 목포시 죽교동,경상사고,0,0,3,0,차대차 - 측면직각충돌,안전운전불이행,습기,비,교차로 - 교차로안,승합,남,72세,상해없음,승용,남,32세,경상
2014052500100258,2014년 5월 25일 13시,일요일,전라남도 여수시 종화동,경상사고,0,0,2,0,차대차 - 추돌 - 진행중,안전거리미확보,건조,맑음,단일로 - 기타,화물,남,59세,상해없음,승용,남,32세,경상
2014052500100278,2014년 5월 25일 14시,일요일,전라남도 순천시 연향동,경상사고,0,0,1,0,차대사람 - 횡단중,안전운전불이행,건조,맑음,단일로 - 기타,승용,남,32세,상해없음,보행자,남,16세,경상
2014052500100279,2014년 5월 25일 14시,일요일,전라남도 무안군 청계면,경상사고,0,0,2,0,차대차 - 기타,안전운전불이행,건조,맑음,기타 - 기타,승용,여,33세,상해없음,승용,남,39세,경상
2014052500100280,2014년 5월 25일 14시,일요일,전라남도 진도군 진도읍,경상사고,0,0,1,0,차대차 - 측면직각충돌,직진우회전진행방해,습기,비,교차로 - 교차로안,승용,남,77세,상해없음,화물,남,65세,경상
2014052500100281,2014년 5월 25일 14시,일요일,전라남도 구례군 구례읍,경상사고,0,0,1,0,차대차 - 추돌 - 진행중,안전운전불이행,건조,맑음,단일로 - 기타,승용,남,24세,상해없음,이륜,남,20세,경상
2014052500100356,2014년 5월 25일 16시,일요일,전라남도 무안군 일로읍,부상신고사고,0,0,0,4,차량단독 - 전도전복,안전운전불이행,건조,맑음,단일로 - 기타,승용,여,38세,부상신고,,,,
2014052500100357,2014년 5월 25일 16시,일요일,전라남도 광양시 광양읍,경상사고,0,0,3,0,차대차 - 추돌 - 진행중,안전운전불이행,습기,비,단일로 - 기타,승용,남,48세,경상,승용,여,30세,경상
2014052500100358,2014년 5월 25일 16시,일요일,전라남도 광양시 광양읍,중상사고,0,1,0,0,차대차 - 측면직각충돌,직진우회전진행방해,습기,비,교차로 - 교차로안,승용,남,53세,상해없음,원동기,남,68세,중상
2014052500100359,2014년 5월 25일 16시,일요일,전라남도 광양시 광양읍,중상사고,0,1,0,0,차대차 - 측면직각충돌,교차로운행방법위반,습기,비,교차로 - 교차로안,원동기,여,54세,중상,승용,여,33세,상해없음
2014052500100460,2014년 5월 25일 19시,일요일,전라남도 여수시 서교동,중상사고,0,1,0,0,차대사람 - 횡단중,안전운전불이행,습기,비,교차로 - 교차로안,화물,남,33세,상해없음,보행자,남,64세,중상
2014052500100461,2014년 5월 25일 19시,일요일,전라남도 여수시 둔덕동,경상사고,0,0,4,0,차대차 - 기타,신호위반,건조,맑음,교차로 - 교차로안,승합,남,57세,상해없음,승용,남,43세,경상
2014052500100462,2014년 5월 25일 19시,일요일,전라남도 화순군 화순읍,경상사고,0,0,3,0,차대차 - 측면직각충돌,안전거리미확보,건조,맑음,단일로 - 기타,승용,여,64세,상해없음,승용,여,38세,경상
2014052500100463,2014년 5월 25일 19시,일요일,전라남도 담양군 담양읍,경상사고,0,0,1,0,차대차 - 추돌 - 주정차중,안전운전불이행,습기,비,교차로 - 교차로부근,승용,남,56세,상해없음,승용,여,35세,경상
2014052500100519,2014년 5월 25일 20시,일요일,전라남도 나주시 송월동,경상사고,0,0,3,0,차대차 - 측면직각충돌,직진우회전진행방해,습기,비,교차로 - 교차로안,승용,남,66세,상해없음,승용,남,27세,경상
2014052500100576,2014년 5월 25일 21시,일요일,전라남도 목포시 옥암동,경상사고,0,0,1,0,차대차 - 추돌 - 진행중,안전운전불이행,습기,비,단일로 - 기타,승용,남,36세,상해없음,승용,남,55세,경상
2014052500100577,2014년 5월 25일 21시,일요일,전라남도 나주시 공산면,부상신고사고,0,0,0,1,차량단독 - 공작물충돌,안전운전불이행,습기,비,단일로 - 기타,화물,남,42세,부상신고,,,,
2014052500100578,2014년 5월 25일 21시,일요일,전라남도 보성군 벌교읍,경상사고,0,0,2,0,차대차 - 추돌 - 진행중,안전운전불이행,습기,비,단일로 - 기타,승용,남,41세,상해없음,승용,남,52세,경상
2014052500100579,2014년 5월 25일 21시,일요일,전라남도 광양시 광영동,중상사고,0,1,0,0,차대사람 - 횡단중,안전운전불이행,습기,비,단일로 - 기타,승용,남,26세,상해없음,보행자,남,63세,중상
2014052500100616,2014년 5월 25일 22시,일요일,전라남도 여수시 소라면,중상사고,0,1,0,0,차대사람 - 길가장자리구역통행중,안전운전불이행,습기,비,교차로 - 교차로안,화물,남,45세,상해없음,보행자,남,49세,중상
2014052500100617,2014년 5월 25일 22시,일요일,전라남도 광양시 광양읍,경상사고,0,0,3,0,차대차 - 기타,안전운전불이행,건조,맑음,단일로 - 기타,승용,남,27세,상해없음,승용,남,30세,경상
2014052500100644,2014년 5월 25일 23시,일요일,전라남도 여수시 둔덕동,경상사고,0,0,1,0,차대차 - 측면직각충돌,안전거리미확보,습기,흐림,단일로 - 기타,기타불명,기타불명,기타불명,기타불명,이륜,남,18세,경상
2014052500100645,2014년 5월 25일 23시,일요일,전라남도 여수시 문수동,중상사고,0,1,0,0,차대사람 - 차도통행중,안전운전불이행,건조,맑음,단일로 - 기타,승용,남,71세,상해없음,보행자,여,60세,중상
2014052600100012,2014년 5월 26일 00시,월요일,전라남도 여수시 신기동,경상사고,0,0,2,0,차대차 - 추돌 - 진행중,안전운전불이행,습기,비,단일로 - 기타,승용,남,53세,경상,승용,남,70세,경상
2014052600100013,2014년 5월 26일 00시,월요일,전라남도 영광군 법성면,부상신고사고,0,0,0,1,차량단독 - 공작물충돌,안전운전불이행,습기,비,단일로 - 기타,승용,남,42세,부상신고,,,,
2014052600100014,2014년 5월 26일 00시,월요일,전라남도 무안군 청계면,경상사고,0,0,1,1,차대차 - 기타,안전운전불이행,습기,비,단일로 - 기타,승용,남,24세,부상신고,화물,남,39세,경상
2014052600100036,2014년 5월 26일 02시,월요일,전라남도 순천시 연향동,경상사고,0,0,3,0,차대차 - 측면직각충돌,교차로운행방법위반,습기,비,교차로 - 교차로안,승용,남,29세,상해없음,승용,남,24세,경상
2014052600100055,2014년 5월 26일 04시,월요일,전라남도 영광군 염산면,중상사고,0,2,0,0,차대차 - 기타,안전운전불이행,건조,맑음,단일로 - 기타,농기계,남,66세,상해없음,이륜,남,66세,중상
2014052600100065,2014년 5월 26일 05시,월요일,전라남도 무안군 삼향읍,중상사고,0,1,0,0,차량단독 - 공작물충돌,안전운전불이행,건조,맑음,단일로 - 기타,승용,남,26세,중상,,,,
2014052600100079,2014년 5월 26일 06시,월요일,전라남도 순천시 가곡동,경상사고,0,0,1,0,차대사람 - 기타,안전운전불이행,건조,맑음,단일로 - 기타,화물,남,69세,상해없음,보행자,남,20세,경상
2014052600100101,2014년 5월 26일 07시,월요일,전라남도 목포시 용당동,경상사고,0,0,1,0,차대사람 - 차도통행중,안전운전불이행,건조,맑음,단일로 - 기타,승용,남,26세,상해없음,보행자,남,16세,경상
2014052600100102,2014년 5월 26일 07시,월요일,전라남도 순천시 중앙동,경상사고,0,0,1,0,차대차 - 기타,안전운전불이행,건조,맑음,단일로 - 기타,승용,남,37세,상해없음,승용,남,49세,상해없음
2014052600100135,2014년 5월 26일 08시,월요일,전라남도 순천시 가곡동,경상사고,0,0,3,0,차대차 - 측면직각충돌,직진우회전진행방해,건조,맑음,교차로 - 교차로안,승용,남,53세,경상,승용,남,64세,경상
2014052600100136,2014년 5월 26일 08시,월요일,전라남도 고흥군 도양읍,중상사고,0,1,0,0,차대차 - 기타,기타,건조,맑음,교차로 - 교차로안,이륜,남,34세,중상,승용,남,39세,상해없음
2014052600100137,2014년 5월 26일 08시,월요일,전라남도 완도군 완도읍,경상사고,0,0,2,0,차대차 - 측면직각충돌,과속,건조,맑음,교차로 - 교차로안,화물,남,39세,상해없음,승용,남,61세,경상
2014052600100197,2014년 5월 26일 10시,월요일,전라남도 강진군 도암면,중상사고,0,1,0,0,차량단독 - 전도전복,안전운전불이행,건조,맑음,단일로 - 기타,농기계,남,70세,중상,,,,
2014052600100230,2014년 5월 26일 11시,월요일,전라남도 나주시 다도면,중상사고,0,1,3,0,차량단독 - 전도전복,안전운전불이행,건조,맑음,단일로 - 기타,승용,남,74세,중상,,,,
2014052600100231,2014년 5월 26일 11시,월요일,전라남도 장흥군 장흥읍,사망사고,1,0,0,0,차대차 - 정면충돌,중앙선침범,건조,맑음,단일로 - 기타,화물,남,58세,상해없음,원동기,남,46세,사망
2014052600100232,2014년 5월 26일 11시,월요일,전라남도 강진군 강진읍,중상사고,0,1,0,0,차대사람 - 기타,안전운전불이행,건조,맑음,단일로 - 기타,건설기계,남,42세,상해없음,보행자,남,47세,중상
2014052600100261,2014년 5월 26일 12시,월요일,전라남도 순천시 동외동,경상사고,0,0,2,0,차대차 - 기타,기타,건조,맑음,교차로 - 교차로안,화물,남,61세,경상,승용,남,62세,경상
2014052600100262,2014년 5월 26일 12시,월요일,전라남도 장흥군 장흥읍,중상사고,0,1,0,0,차대사람 - 횡단중,안전운전불이행,건조,맑음,단일로 - 기타,원동기,남,45세,상해없음,보행자,여,57세,중상
2014052600100317,2014년 5월 26일 14시,월요일,전라남도 나주시 남평읍,중상사고,0,1,0,0,차대차 - 기타,안전운전불이행,건조,맑음,단일로 - 기타,승용,남,70세,상해없음,원동기,남,67세,중상
2014052600100351,2014년 5월 26일 15시,월요일,전라남도 순천시 연향동,중상사고,0,1,1,0,차대차 - 추돌 - 진행중,안전거리미확보,건조,맑음,단일로 - 교량,승용,여,54세,중상,화물,남,28세,상해없음
2014052600100392,2014년 5월 26일 16시,월요일,전라남도 고흥군 점암면,중상사고,0,1,0,0,차대차 - 측면직각충돌,안전운전불이행,건조,맑음,단일로 - 기타,승용,남,51세,상해없음,이륜,여,65세,중상
2014052600100393,2014년 5월 26일 16시,월요일,전라남도 함평군 함평읍,경상사고,0,0,1,0,차대사람 - 기타,보행자보호의무위반,건조,맑음,교차로 - 교차로부근,승용,여,37세,상해없음,보행자,남,62세,경상
2014052600100430,2014년 5월 26일 17시,월요일,전라남도 목포시 유달동,경상사고,0,0,1,0,차대차 - 기타,직진우회전진행방해,건조,기타,교차로 - 교차로안,원동기,남,60세,경상,승용,남,62세,상해없음
2014052600100431,2014년 5월 26일 17시,월요일,전라남도 순천시 교량동,중상사고,0,1,0,0,차대차 - 기타,안전운전불이행,건조,맑음,교차로 - 교차로부근,승용,남,43세,상해없음,자전거,남,60세,중상
2014052600100432,2014년 5월 26일 17시,월요일,전라남도 화순군 화순읍,부상신고사고,0,0,0,1,차대차 - 기타,중앙선침범,건조,맑음,교차로 - 교차로안,자전거,남,10세,부상신고,승용,남,27세,상해없음
2014052600100433,2014년 5월 26일 17시,월요일,전라남도 무안군 무안읍,중상사고,0,1,0,0,차대차 - 측면직각충돌,직진우회전진행방해,건조,맑음,교차로 - 교차로안,이륜,남,58세,중상,승용,남,52세,상해없음
2014052600100480,2014년 5월 26일 18시,월요일,전라남도 함평군 함평읍,경상사고,0,0,2,0,차대차 - 측면직각충돌,직진우회전진행방해,건조,맑음,교차로 - 교차로안,화물,남,56세,경상,승용,남,39세,경상
2014052600100481,2014년 5월 26일 18시,월요일,전라남도 광양시 마동,경상사고,0,0,1,0,차대차 - 추돌 - 진행중,안전거리미확보,건조,맑음,교차로 - 교차로부근,화물,남,35세,상해없음,승용,남,55세,경상
2014052600100526,2014년 5월 26일 19시,월요일,전라남도 여수시 학동,경상사고,0,0,1,0,차대차 - 측면직각충돌,교차로운행방법위반,건조,맑음,교차로 - 교차로안,승용,남,32세,상해없음,이륜,남,18세,경상
2014052600100527,2014년 5월 26일 19시,월요일,전라남도 해남군 산이면,중상사고,0,1,0,0,차대차 - 추돌 - 진행중,안전운전불이행,건조,맑음,단일로 - 기타,화물,남,58세,상해없음,농기계,남,56세,중상
2014052600100528,2014년 5월 26일 19시,월요일,전라남도 영암군 삼호읍,중상사고,0,1,0,0,차대차 - 측면직각충돌,중앙선침범,건조,맑음,교차로 - 교차로안,승용,남,49세,상해없음,승용,남,29세,중상
2014052600100554,2014년 5월 26일 20시,월요일,전라남도 순천시 주암면,부상신고사고,0,0,0,1,차대차 - 측면직각충돌,안전운전불이행,건조,맑음,단일로 - 기타,승용,남,46세,상해없음,이륜,여,60세,부상신고
2014052600100586,2014년 5월 26일 21시,월요일,전라남도 무안군 삼향읍,중상사고,0,1,0,0,차대사람 - 기타,안전운전불이행,건조,맑음,교차로 - 교차로안,승용,여,35세,상해없음,보행자,남,52세,중상
2014052600100643,2014년 5월 26일 23시,월요일,전라남도 순천시 해룡면,경상사고,0,0,5,0,차대차 - 추돌 - 진행중,안전운전불이행,건조,맑음,단일로 - 기타,승용,남,49세,상해없음,승용,남,51세,경상
2014052700100074,2014년 5월 27일 06시,화요일,전라남도 순천시 연향동,경상사고,0,0,1,0,차대차 - 기타,교차로운행방법위반,건조,맑음,교차로 - 교차로안,승용,여,51세,상해없음,승용,남,64세,경상
2014052700100075,2014년 5월 27일 06시,화요일,전라남도 무안군 청계면,부상신고사고,0,0,0,1,차량단독 - 전도전복,안전운전불이행,건조,맑음,단일로 - 기타,승용,남,40세,부상신고,,,,
2014052700100100,2014년 5월 27일 07시,화요일,전라남도 여수시 신기동,경상사고,0,0,2,0,차대차 - 기타,안전운전불이행,건조,맑음,단일로 - 기타,승용,남,42세,상해없음,승용,남,53세,상해없음
2014052700100150,2014년 5월 27일 08시,화요일,전라남도 나주시 산포면,경상사고,0,0,1,0,차대차 - 정면충돌,안전운전불이행,건조,맑음,단일로 - 기타,화물,남,54세,상해없음,원동기,여,68세,경상
2014052700100198,2014년 5월 27일 09시,화요일,전라남도 장성군 동화면,중상사고,0,2,3,0,차대차 - 정면충돌,중앙선침범,건조,맑음,단일로 - 기타,승용,남,72세,경상,화물,남,37세,경상
2014052700100199,2014년 5월 27일 09시,화요일,전라남도 장성군 황룡면,경상사고,0,0,1,0,차대사람 - 기타,중앙선침범,건조,맑음,단일로 - 기타,화물,남,64세,상해없음,보행자,여,40세,경상
2014052700100200,2014년 5월 27일 09시,화요일,전라남도 광양시 광양읍,중상사고,0,1,2,0,차대차 - 측면직각충돌,직진우회전진행방해,건조,맑음,교차로 - 교차로안,승용,남,55세,경상,승용,여,61세,중상
2014052700100227,2014년 5월 27일 10시,화요일,전라남도 여수시 선원동,경상사고,0,0,2,0,차대차 - 측면직각충돌,안전운전불이행,건조,맑음,기타 - 기타,승용,여,43세,경상,승용,여,38세,경상
2014052700100248,2014년 5월 27일 11시,화요일,전라남도 화순군 화순읍,중상사고,0,1,0,0,차대차 - 기타,안전거리미확보,건조,맑음,단일로 - 기타,승용,여,37세,상해없음,자전거,남,77세,중상
2014052700100282,2014년 5월 27일 12시,화요일,전라남도 나주시 금천면,경상사고,0,0,1,0,차대차 - 기타,직진우회전진행방해,건조,맑음,교차로 - 교차로안,화물,남,67세,상해없음,자전거,여,54세,경상
2014052700100283,2014년 5월 27일 12시,화요일,전라남도 영암군 영암읍,경상사고,0,0,1,0,차대차 - 측면직각충돌,직진우회전진행방해,건조,맑음,교차로 - 교차로안,승용,남,20세,상해없음,원동기,여,47세,경상
2014052700100308,2014년 5월 27일 13시,화요일,전라남도 목포시 산정동,중상사고,0,1,0,0,차대사람 - 기타,안전운전불이행,건조,맑음,기타 - 기타,승용,남,42세,상해없음,보행자,남,84세,중상
2014052700100309,2014년 5월 27일 13시,화요일,전라남도 보성군 복내면,중상사고,0,1,0,0,차대차 - 측면직각충돌,기타,건조,맑음,교차로 - 교차로부근,화물,남,73세,상해없음,이륜,남,67세,중상
2014052700100338,2014년 5월 27일 14시,화요일,전라남도 순천시 서면,중상사고,0,1,0,0,차대사람 - 기타,보행자보호의무위반,건조,맑음,단일로 - 횡단보도상,화물,남,25세,상해없음,보행자,여,49세,중상
2014052700100339,2014년 5월 27일 14시,화요일,전라남도 완도군 보길면,중상사고,0,1,0,0,차대사람 - 차도통행중,안전운전불이행,건조,맑음,단일로 - 기타,화물,남,39세,상해없음,보행자,여,80세,중상
2014052700100380,2014년 5월 27일 15시,화요일,전라남도 신안군 임자면,중상사고,0,1,0,0,차대차 - 기타,안전운전불이행,건조,맑음,단일로 - 기타,이륜,남,71세,중상,승합,여,35세,상해없음
2014052700100381,2014년 5월 27일 15시,화요일,전라남도 장흥군 유치면,중상사고,0,1,0,0,차대사람 - 길가장자리구역통행중,안전운전불이행,건조,맑음,단일로 - 기타,화물,남,52세,상해없음,보행자,여,91세,중상
2014052700100382,2014년 5월 27일 15시,화요일,전라남도 무안군 일로읍,경상사고,0,0,1,0,차대차 - 추돌 - 진행중,안전운전불이행,건조,맑음,교차로 - 교차로부근,승용,남,55세,상해없음,화물,여,54세,상해없음
2014052700100419,2014년 5월 27일 16시,화요일,전라남도 보성군 미력면,경상사고,0,0,1,0,차대차 - 측면직각충돌,직진우회전진행방해,건조,맑음,교차로 - 교차로안,화물,남,28세,상해없음,승용,남,24세,경상
2014052700100468,2014년 5월 27일 17시,화요일,전라남도 목포시 북교동,경상사고,0,0,1,0,차대차 - 기타,안전운전불이행,건조,맑음,단일로 - 기타,승용,여,49세,상해없음,자전거,남,13세,경상
2014052700100469,2014년 5월 27일 17시,화요일,전라남도 나주시 대호동,경상사고,0,0,1,0,차대차 - 기타,직진우회전진행방해,건조,맑음,교차로 - 교차로안,화물,남,49세,상해없음,승용,남,59세,상해없음
2014052700100470,2014년 5월 27일 17시,화요일,전라남도 해남군 해남읍,경상사고,0,0,2,0,차대차 - 추돌 - 진행중,안전거리미확보,건조,맑음,단일로 - 기타,승합,남,44세,상해없음,승용,여,59세,경상
2014052700100569,2014년 5월 27일 20시,화요일,전라남도 광양시 광양읍,경상사고,0,0,1,0,차대차 - 측면직각충돌,신호위반,건조,맑음,교차로 - 교차로안,승용,남,62세,상해없음,승용,여,39세,경상
2014052700100644,2014년 5월 27일 23시,화요일,전라남도 순천시 승주읍,경상사고,0,0,1,0,차대차 - 추돌 - 진행중,안전운전불이행,건조,맑음,단일로 - 기타,기타불명,기타불명,기타불명,기타불명,승용,남,28세,상해없음
2014052800100035,2014년 5월 28일 02시,수요일,전라남도 목포시 상동,경상사고,0,0,1,0,차대차 - 기타,안전운전불이행,건조,맑음,단일로 - 기타,화물,남,29세,상해없음,승용,남,31세,경상
2014052800100074,2014년 5월 28일 06시,수요일,전라남도 순천시 서면,중상사고,0,1,0,0,차량단독 - 기타,안전운전불이행,건조,맑음,단일로 - 기타,원동기,여,58세,중상,,,,
2014052800100097,2014년 5월 28일 07시,수요일,전라남도 순천시 덕암동,경상사고,0,0,1,0,차대차 - 측면직각충돌,신호위반,건조,맑음,교차로 - 교차로안,승용,남,61세,상해없음,승용,여,48세,경상
2014052800100098,2014년 5월 28일 07시,수요일,전라남도 광양시 금호동,경상사고,0,0,1,0,차대차 - 추돌 - 진행중,안전운전불이행,건조,맑음,교차로 - 교차로안,승용,남,47세,경상,승용,남,41세,상해없음
2014052800100138,2014년 5월 28일 08시,수요일,전라남도 강진군 군동면,경상사고,0,0,2,0,차대차 - 기타,안전운전불이행,건조,맑음,단일로 - 기타,원동기,남,77세,경상,화물,남,32세,상해없음
2014052800100139,2014년 5월 28일 08시,수요일,전라남도 광양시 광양읍,중상사고,0,1,5,0,차대차 - 기타,교차로운행방법위반,습기,비,교차로 - 교차로안,승용,남,41세,경상,승용,여,46세,중상
2014052800100175,2014년 5월 28일 09시,수요일,전라남도 무안군 운남면,사망사고,1,0,0,0,차대차 - 측면직각충돌,안전운전불이행,건조,맑음,교차로 - 교차로안,원동기,남,82세,사망,화물,남,49세,상해없음
2014052800100176,2014년 5월 28일 09시,수요일,전라남도 무안군 몽탄면,부상신고사고,0,0,0,1,차대차 - 기타,안전운전불이행,건조,맑음,단일로 - 기타,농기계,남,70세,부상신고,건설기계,남,25세,상해없음
2014052800100198,2014년 5월 28일 10시,수요일,전라남도 담양군 수북면,경상사고,0,0,2,0,차대차 - 기타,신호위반,건조,맑음,교차로 - 교차로안,승용,여,33세,경상,화물,남,74세,경상
2014052800100221,2014년 5월 28일 11시,수요일,전라남도 고흥군 금산면,중상사고,0,1,1,0,차대차 - 추돌 - 진행중,안전운전불이행,건조,맑음,단일로 - 기타,승용,남,77세,상해없음,화물,남,64세,경상
2014052800100222,2014년 5월 28일 11시,수요일,전라남도 완도군 완도읍,중상사고,0,1,1,0,차대차 - 기타,안전운전불이행,건조,맑음,단일로 - 기타,승용,남,51세,상해없음,승용,여,47세,중상
2014052800100223,2014년 5월 28일 11시,수요일,전라남도 광양시 옥곡면,중상사고,0,1,0,0,차대차 - 기타,교차로운행방법위반,건조,맑음,교차로 - 교차로안,승용,여,49세,상해없음,이륜,남,87세,중상
2014052800100259,2014년 5월 28일 12시,수요일,전라남도 담양군 담양읍,경상사고,0,0,1,0,차대차 - 기타,중앙선침범,건조,맑음,단일로 - 기타,원동기,남,60세,경상,화물,남,55세,상해없음
2014052800100285,2014년 5월 28일 13시,수요일,전라남도 영암군 삼호읍,경상사고,0,0,2,0,차대차 - 기타,안전거리미확보,건조,맑음,단일로 - 기타,화물,남,51세,상해없음,승용,남,50세,경상
2014052800100286,2014년 5월 28일 13시,수요일,전라남도 구례군 구례읍,중상사고,0,1,0,0,차대차 - 기타,안전운전불이행,건조,맑음,단일로 - 기타,승용,남,28세,상해없음,자전거,남,80세,중상
2014052800100317,2014년 5월 28일 14시,수요일,전라남도 담양군 창평면,경상사고,0,0,1,0,차대차 - 기타,교차로운행방법위반,건조,맑음,교차로 - 교차로안,화물,남,62세,상해없음,승용,여,45세,경상
2014052800100318,2014년 5월 28일 14시,수요일,전라남도 광양시 광양읍,경상사고,0,0,3,0,차대차 - 측면직각충돌,교차로운행방법위반,습기,비,교차로 - 교차로안,승용,여,54세,경상,승용,여,45세,경상
2014052800100346,2014년 5월 28일 15시,수요일,전라남도 목포시 상동,경상사고,0,0,1,0,차대사람 - 횡단중,안전운전불이행,건조,맑음,단일로 - 기타,기타불명,기타불명,기타불명,기타불명,보행자,남,28세,경상
2014052800100387,2014년 5월 28일 16시,수요일,전라남도 순천시 생목동,경상사고,0,0,1,0,차대사람 - 기타,안전운전불이행,건조,맑음,단일로 - 기타,승합,여,49세,상해없음,보행자,남,8세,경상
2014052800100427,2014년 5월 28일 17시,수요일,전라남도 화순군 화순읍,경상사고,0,0,4,0,차대차 - 측면직각충돌,안전거리미확보,건조,맑음,단일로 - 터널,승용,남,29세,경상,승용,남,50세,상해없음
2014052800100428,2014년 5월 28일 17시,수요일,전라남도 화순군 청풍면,경상사고,0,0,2,0,차대차 - 정면충돌,중앙선침범,건조,맑음,단일로 - 기타,승용,여,51세,상해없음,승용,남,57세,경상
2014052800100429,2014년 5월 28일 17시,수요일,전라남도 광양시 중동,경상사고,0,0,2,0,차대차 - 기타,교차로운행방법위반,건조,맑음,교차로 - 교차로안,승용,여,43세,경상,승용,여,45세,경상
2014052800100471,2014년 5월 28일 18시,수요일,전라남도 광양시 마동,경상사고,0,0,2,0,차대차 - 기타,안전운전불이행,건조,맑음,교차로 - 교차로부근,승용,남,66세,상해없음,승용,남,54세,경상
2014052800100550,2014년 5월 28일 20시,수요일,전라남도 영광군 법성면,중상사고,0,2,2,0,차대차 - 기타,안전운전불이행,건조,맑음,단일로 - 기타,승용,여,41세,상해없음,승용,남,52세,중상
2014052800100600,2014년 5월 28일 21시,수요일,전라남도 순천시 해룡면,부상신고사고,0,0,0,1,차대사람 - 기타,안전운전불이행,건조,맑음,단일로 - 기타,승용,남,58세,상해없음,보행자,남,36세,부상신고
2014052800100635,2014년 5월 28일 22시,수요일,전라남도 목포시 옥암동,경상사고,0,0,2,0,차대차 - 측면직각충돌,안전운전불이행,건조,맑음,단일로 - 기타,화물,여,51세,상해없음,승용,여,29세,경상
2014052900100054,2014년 5월 29일 03시,목요일,전라남도 여수시 돌산읍,중상사고,0,3,0,0,차대차 - 추돌 - 진행중,안전운전불이행,건조,맑음,단일로 - 기타,승용,남,24세,중상,화물,남,61세,상해없음
2014052900100075,2014년 5월 29일 05시,목요일,전라남도 목포시 옥암동,경상사고,0,0,1,0,차대차 - 추돌 - 진행중,안전운전불이행,건조,맑음,단일로 - 기타,화물,남,52세,상해없음,이륜,남,35세,경상
2014052900100089,2014년 5월 29일 06시,목요일,전라남도 해남군 옥천면,중상사고,0,2,2,0,차대차 - 기타,직진우회전진행방해,건조,맑음,교차로 - 교차로안,승용,여,40세,경상,화물,남,65세,중상
2014052900100144,2014년 5월 29일 08시,목요일,전라남도 목포시 석현동,경상사고,0,0,1,0,차대차 - 추돌 - 진행중,안전거리미확보,건조,맑음,교차로 - 교차로부근,승용,여,45세,상해없음,승용,여,55세,경상
2014052900100145,2014년 5월 29일 08시,목요일,전라남도 화순군 화순읍,부상신고사고,0,0,0,1,차대차 - 기타,안전운전불이행,건조,맑음,단일로 - 기타,원동기,남,79세,부상신고,농기계,남,70세,상해없음
2014052900100146,2014년 5월 29일 08시,목요일,전라남도 화순군 남면,경상사고,0,0,1,0,차대차 - 추돌 - 진행중,안전거리미확보,건조,맑음,교차로 - 교차로부근,승용,남,64세,상해없음,승용,여,36세,경상
2014052900100180,2014년 5월 29일 09시,목요일,전라남도 나주시 이창동,경상사고,0,0,2,0,차대차 - 기타,신호위반,건조,맑음,교차로 - 교차로안,원동기,남,54세,경상,화물,남,68세,상해없음
2014052900100238,2014년 5월 29일 11시,목요일,전라남도 장성군 서삼면,경상사고,0,0,1,0,차대차 - 기타,안전운전불이행,건조,맑음,단일로 - 기타,화물,남,52세,상해없음,화물,남,57세,경상
2014052900100239,2014년 5월 29일 11시,목요일,전라남도 보성군 조성면,중상사고,0,5,0,0,차량단독 - 공작물충돌,안전운전불이행,건조,맑음,단일로 - 기타,승용,남,56세,중상,,,,
2014052900100270,2014년 5월 29일 12시,목요일,전라남도 순천시 별량면,경상사고,0,0,2,0,차대차 - 추돌 - 주정차중,안전운전불이행,건조,맑음,교차로 - 교차로부근,화물,남,33세,상해없음,승용,남,26세,경상
2014052900100271,2014년 5월 29일 12시,목요일,전라남도 무안군 일로읍,중상사고,0,1,0,0,차대차 - 측면직각충돌,직진우회전진행방해,건조,맑음,교차로 - 교차로안,승용,남,42세,상해없음,이륜,남,52세,중상