사고번호,사고일시,요일,시군구,사고내용,사망자수,중상자수,경상자수,부상신고자수,사고유형,법규위반,노면상태,기상상태,도로형태,가해운전자 차종,가해운전자 성별,가해운전자 연령,가해운전자 상해정도,피해운전자 차종,피해운전자 성별,피해운전자 연령,피해운전자 상해정도
2014060400100652,2014년 6월 4일 23시,수요일,전라남도 여수시 여서동,경상사고,0,0,1,0,차대사람 - 기타,안전운전불이행,건조,맑음,단일로 - 기타,승용,여,25세,상해없음,보행자,남,29세,경상
2014060400100653,2014년 6월 4일 23시,수요일,전라남도 나주시 송월동,경상사고,0,0,3,0,차대차 - 기타,안전거리미확보,건조,기타,단일로 - 기타,승용,남,20세,경상,승용,남,53세,경상
2014060500100020,2014년 6월 5일 01시,목요일,전라남도 목포시 상동,경상사고,0,0,6,0,차대차 - 기타,교차로운행방법위반,건조,맑음,교차로 - 교차로안,승용,남,19세,경상,승용,남,61세,경상
2014060500100045,2014년 6월 5일 03시,목요일,전라남도 영암군 영암읍,경상사고,0,0,1,0,차대차 - 측면직각충돌,안전운전불이행,건조,맑음,교차로 - 교차로안,승용,남,46세,상해없음,승용,남,64세,경상
2014060500100070,2014년 6월 5일 05시,목요일,전라남도 완도군 완도읍,경상사고,0,0,1,0,차대사람 - 기타,안전운전불이행,건조,맑음,교차로 - 교차로안,승용,남,42세,상해없음,보행자,여,61세,경상
2014060500100105,2014년 6월 5일 07시,목요일,전라남도 무안군 삼향읍,중상사고,0,1,3,1,차대차 - 측면직각충돌,안전운전불이행,건조,맑음,단일로 - 기타,화물,남,68세,부상신고,승용,여,34세,중상
2014060500100130,2014년 6월 5일 08시,목요일,전라남도 여수시 교동,경상사고,0,0,1,0,차대사람 - 기타,안전운전불이행,건조,맑음,교차로 - 교차로안,기타불명,기타불명,기타불명,기타불명,보행자,여,69세,경상
2014060500100131,2014년 6월 5일 08시,목요일,전라남도 담양군 월산면,경상사고,0,0,1,0,차대차 - 추돌 - 진행중,안전운전불이행,건조,맑음,기타 - 기타,이륜,여,63세,경상,승용,여,60세,상해없음
2014060500100163,2014년 6월 5일 09시,목요일,전라남도 완도군 완도읍,중상사고,0,1,0,0,차대차 - 기타,안전운전불이행,건조,맑음,단일로 - 기타,화물,남,55세,상해없음,승용,여,43세,상해없음
2014060500100196,2014년 6월 5일 10시,목요일,전라남도 무안군 삼향읍,경상사고,0,0,1,0,차대차 - 추돌 - 주정차중,안전운전불이행,건조,맑음,단일로 - 기타,화물,남,47세,상해없음,승용,남,28세,경상
2014060500100281,2014년 6월 5일 13시,목요일,전라남도 순천시 석현동,경상사고,0,0,1,0,차대차 - 기타,안전운전불이행,건조,맑음,교차로 - 교차로안,이륜,남,73세,경상,승합,남,53세,상해없음
2014060500100282,2014년 6월 5일 13시,목요일,전라남도 해남군 마산면,경상사고,0,0,3,0,차대차 - 추돌 - 진행중,안전거리미확보,건조,맑음,교차로 - 교차로부근,승용,남,57세,상해없음,승용,남,58세,경상
2014060500100283,2014년 6월 5일 13시,목요일,전라남도 영광군 영광읍,경상사고,0,0,1,0,차대차 - 추돌 - 주정차중,안전운전불이행,건조,맑음,교차로 - 교차로부근,승용,남,67세,상해없음,승용,남,72세,상해없음
2014060500100318,2014년 6월 5일 14시,목요일,전라남도 해남군 화원면,중상사고,0,1,0,0,차대차 - 기타,교차로운행방법위반,건조,맑음,교차로 - 교차로안,원동기,남,73세,중상,승용,남,27세,상해없음
2014060500100319,2014년 6월 5일 14시,목요일,전라남도 화순군 도곡면,경상사고,0,0,1,0,차량단독 - 공작물충돌,안전운전불이행,건조,맑음,교차로 - 교차로부근,승용,여,34세,상해없음,,,,
2014060500100320,2014년 6월 5일 14시,목요일,전라남도 영암군 덕진면,경상사고,0,0,1,0,차대차 - 기타,안전운전불이행,건조,맑음,교차로 - 교차로부근,화물,남,40세,상해없음,원동기,남,79세,경상
2014060500100346,2014년 6월 5일 15시,목요일,전라남도 목포시 상동,경상사고,0,0,1,0,차량단독 - 기타,신호위반,건조,맑음,교차로 - 교차로안,승용,남,32세,상해없음,,,,
2014060500100379,2014년 6월 5일 16시,목요일,전라남도 목포시 상동,경상사고,0,0,1,0,차대차 - 추돌 - 진행중,안전운전불이행,건조,맑음,단일로 - 기타,승용,남,28세,상해없음,승용,여,36세,경상
2014060500100380,2014년 6월 5일 16시,목요일,전라남도 함평군 신광면,경상사고,0,0,3,0,차대차 - 측면직각충돌,안전운전불이행,건조,맑음,단일로 - 기타,승용,남,56세,경상,승용,여,37세,경상
2014060500100418,2014년 6월 5일 17시,목요일,전라남도 해남군 계곡면,중상사고,0,1,0,0,차대차 - 기타,교차로운행방법위반,건조,맑음,교차로 - 교차로안,농기계,여,64세,중상,승합,남,61세,상해없음
2014060500100419,2014년 6월 5일 17시,목요일,전라남도 완도군 완도읍,경상사고,0,0,1,1,차대차 - 측면직각충돌,직진우회전진행방해,건조,맑음,교차로 - 교차로안,승용,여,34세,상해없음,원동기,남,18세,부상신고
2014060500100440,2014년 6월 5일 18시,목요일,전라남도 목포시 대양동,경상사고,0,0,2,0,차대차 - 추돌 - 진행중,안전거리미확보,건조,맑음,단일로 - 기타,승용,여,41세,상해없음,승용,남,28세,경상
2014060500100441,2014년 6월 5일 18시,목요일,전라남도 순천시 송광면,경상사고,0,0,1,0,차량단독 - 기타,안전운전불이행,건조,맑음,단일로 - 기타,원동기,남,58세,경상,,,,
2014060500100442,2014년 6월 5일 18시,목요일,전라남도 강진군 도암면,경상사고,0,0,1,0,차량단독 - 공작물충돌,안전운전불이행,건조,맑음,교차로 - 교차로안,화물,남,47세,경상,,,,
2014060500100476,2014년 6월 5일 19시,목요일,전라남도 무안군 무안읍,경상사고,0,0,1,0,차대차 - 측면직각충돌,안전운전불이행,건조,맑음,교차로 - 교차로안,승용,여,52세,상해없음,이륜,남,25세,경상
2014060500100505,2014년 6월 5일 20시,목요일,전라남도 목포시 대성동,경상사고,0,0,1,0,차대차 - 기타,교차로운행방법위반,건조,맑음,교차로 - 교차로안,화물,남,41세,상해없음,이륜,남,43세,경상
2014060500100506,2014년 6월 5일 20시,목요일,전라남도 목포시 상동,경상사고,0,0,1,0,차대차 - 측면직각충돌,신호위반,건조,맑음,교차로 - 교차로안,승용,남,44세,상해없음,승용,남,41세,경상
2014060500100507,2014년 6월 5일 20시,목요일,전라남도 여수시 교동,중상사고,0,1,0,0,차대사람 - 횡단중,안전운전불이행,건조,맑음,기타 - 기타,승용,남,18세,상해없음,보행자,여,75세,중상
2014060500100508,2014년 6월 5일 20시,목요일,전라남도 영암군 시종면,중상사고,0,2,0,0,차대차 - 정면충돌,중앙선침범,건조,맑음,단일로 - 기타,화물,남,73세,중상,화물,남,63세,중상
2014060500100581,2014년 6월 5일 22시,목요일,전라남도 광양시 중동,중상사고,0,1,0,0,차대차 - 추돌 - 진행중,안전운전불이행,건조,기타,교차로 - 교차로부근,승용,남,42세,상해없음,승용,여,36세,중상
2014060600100028,2014년 6월 6일 01시,금요일,전라남도 담양군 담양읍,경상사고,0,0,1,0,차대차 - 기타,안전운전불이행,건조,맑음,단일로 - 기타,화물,남,19세,상해없음,승용,남,48세,상해없음
2014060600100029,2014년 6월 6일 01시,금요일,전라남도 완도군 완도읍,중상사고,0,2,0,0,차대차 - 측면직각충돌,직진우회전진행방해,건조,맑음,교차로 - 교차로안,승용,남,47세,상해없음,이륜,남,15세,중상
2014060600100101,2014년 6월 6일 06시,금요일,전라남도 목포시 해안동2가,경상사고,0,0,2,0,차대차 - 측면직각충돌,교차로운행방법위반,건조,맑음,교차로 - 교차로안,승용,남,29세,상해없음,승용,남,69세,경상
2014060600100116,2014년 6월 6일 07시,금요일,전라남도 목포시 상동,중상사고,0,1,0,0,차대차 - 측면직각충돌,신호위반,건조,맑음,교차로 - 교차로안,이륜,남,17세,중상,승용,여,60세,상해없음
2014060600100117,2014년 6월 6일 07시,금요일,전라남도 나주시 봉황면,경상사고,0,0,1,0,차량단독 - 공작물충돌,안전운전불이행,건조,맑음,단일로 - 기타,화물,남,58세,경상,,,,
2014060600100133,2014년 6월 6일 08시,금요일,전라남도 해남군 해남읍,중상사고,0,2,0,0,차대차 - 측면직각충돌,신호위반,건조,맑음,교차로 - 교차로안,승용,여,29세,중상,화물,남,58세,중상
2014060600100134,2014년 6월 6일 08시,금요일,전라남도 화순군 동면,경상사고,0,0,1,0,차대차 - 추돌 - 주정차중,안전운전불이행,건조,맑음,단일로 - 터널,승용,남,71세,상해없음,승용,남,46세,경상
2014060600100158,2014년 6월 6일 09시,금요일,전라남도 순천시 해룡면,경상사고,0,0,1,0,차대차 - 기타,차로위반,건조,맑음,단일로 - 기타,원동기,남,83세,경상,승합,남,41세,상해없음
2014060600100159,2014년 6월 6일 09시,금요일,전라남도 영광군 백수읍,중상사고,0,2,0,0,차대차 - 측면직각충돌,기타,건조,맑음,교차로 - 교차로안,승용,여,52세,상해없음,이륜,남,76세,중상
2014060600100160,2014년 6월 6일 09시,금요일,전라남도 영광군 영광읍,경상사고,0,0,1,1,차대차 - 측면직각충돌,안전운전불이행,건조,맑음,교차로 - 교차로안,이륜,남,72세,부상신고,이륜,남,33세,경상
2014060600100189,2014년 6월 6일 10시,금요일,전라남도 장흥군 부산면,중상사고,0,1,0,0,차량단독 - 도로외이탈 - 추락,안전운전불이행,건조,맑음,단일로 - 기타,승용,남,28세,상해없음,,,,
2014060600100210,2014년 6월 6일 11시,금요일,전라남도 보성군 득량면,중상사고,0,1,0,0,차대차 - 측면직각충돌,안전운전불이행,건조,맑음,단일로 - 기타,화물,남,67세,상해없음,이륜,남,79세,중상
2014060600100229,2014년 6월 6일 12시,금요일,전라남도 나주시 영산동,경상사고,0,0,3,0,차대차 - 기타,안전운전불이행,건조,맑음,교차로 - 교차로안,승용,여,31세,경상,승용,여,29세,경상
2014060600100270,2014년 6월 6일 13시,금요일,전라남도 목포시 산정동,중상사고,0,1,0,0,차대차 - 기타,직진우회전진행방해,건조,맑음,교차로 - 교차로안,화물,남,29세,상해없음,이륜,남,49세,중상
2014060600100271,2014년 6월 6일 13시,금요일,전라남도 여수시 돌산읍,경상사고,0,0,1,0,차대차 - 추돌 - 주정차중,안전운전불이행,건조,맑음,단일로 - 기타,승용,남,46세,상해없음,이륜,남,75세,경상
2014060600100272,2014년 6월 6일 13시,금요일,전라남도 보성군 미력면,중상사고,0,1,5,0,차대차 - 측면직각충돌,신호위반,건조,맑음,교차로 - 교차로안,승합,남,54세,상해없음,승합,남,29세,경상
2014060600100273,2014년 6월 6일 13시,금요일,전라남도 강진군 강진읍,경상사고,0,0,6,0,차대차 - 기타,안전운전불이행,건조,맑음,단일로 - 기타,승용,남,55세,상해없음,승용,남,58세,상해없음
2014060600100274,2014년 6월 6일 13시,금요일,전라남도 담양군 담양읍,경상사고,0,0,2,0,차대차 - 추돌 - 진행중,안전운전불이행,건조,맑음,교차로 - 교차로부근,승용,남,30세,상해없음,승용,여,53세,경상
2014060600100275,2014년 6월 6일 13시,금요일,전라남도 곡성군 옥과면,경상사고,0,0,2,0,차대차 - 기타,안전운전불이행,건조,맑음,교차로 - 교차로안,화물,남,52세,상해없음,승용,남,54세,경상
2014060600100276,2014년 6월 6일 13시,금요일,전라남도 완도군 완도읍,중상사고,0,1,0,0,차대차 - 추돌 - 진행중,교차로운행방법위반,건조,맑음,교차로 - 교차로안,화물,남,48세,상해없음,이륜,남,80세,중상
2014060600100277,2014년 6월 6일 13시,금요일,전라남도 무안군 삼향읍,중상사고,0,1,0,0,차대사람 - 횡단중,보행자보호의무위반,건조,맑음,교차로 - 교차로안,승용,여,38세,상해없음,보행자,남,7세,중상
2014060600100310,2014년 6월 6일 14시,금요일,전라남도 장흥군 장흥읍,경상사고,0,0,1,0,차대차 - 기타,안전운전불이행,건조,맑음,교차로 - 교차로부근,승용,남,57세,상해없음,자전거,남,44세,경상
2014060600100311,2014년 6월 6일 14시,금요일,전라남도 장흥군 장흥읍,경상사고,0,0,1,0,차대차 - 측면직각충돌,교차로운행방법위반,건조,맑음,교차로 - 교차로안,원동기,여,58세,경상,승합,남,44세,상해없음
2014060600100312,2014년 6월 6일 14시,금요일,전라남도 보성군 회천면,경상사고,0,0,1,0,차대사람 - 기타,안전운전불이행,건조,맑음,단일로 - 기타,승용,남,71세,상해없음,보행자,남,36세,경상
2014060600100313,2014년 6월 6일 14시,금요일,전라남도 강진군 군동면,중상사고,0,2,0,0,차량단독 - 기타,안전운전불이행,건조,맑음,단일로 - 기타,농기계,여,63세,중상,,,,
2014060600100377,2014년 6월 6일 16시,금요일,전라남도 순천시 승주읍,경상사고,0,0,6,0,차량단독 - 공작물충돌,안전운전불이행,건조,맑음,단일로 - 기타,승용,남,46세,경상,,,,
2014060600100378,2014년 6월 6일 16시,금요일,전라남도 순천시 월등면,경상사고,0,0,2,0,차량단독 - 기타,안전운전불이행,건조,맑음,단일로 - 기타,화물,남,21세,경상,,,,
2014060600100379,2014년 6월 6일 16시,금요일,전라남도 장성군 황룡면,경상사고,0,0,1,0,차대차 - 측면직각충돌,안전운전불이행,건조,맑음,교차로 - 교차로부근,건설기계,남,67세,상해없음,승용,남,43세,경상
2014060600100417,2014년 6월 6일 17시,금요일,전라남도 여수시 돌산읍,경상사고,0,0,2,0,차대차 - 측면직각충돌,신호위반,건조,맑음,교차로 - 교차로안,화물,남,66세,상해없음,승용,남,49세,경상
2014060600100418,2014년 6월 6일 17시,금요일,전라남도 순천시 서면,경상사고,0,0,1,0,차대차 - 측면직각충돌,신호위반,건조,맑음,교차로 - 교차로안,자전거,남,45세,경상,승용,여,58세,상해없음
2014060600100419,2014년 6월 6일 17시,금요일,전라남도 영암군 삼호읍,경상사고,0,0,1,0,차대차 - 측면직각충돌,중앙선침범,건조,맑음,단일로 - 기타,승용,남,22세,상해없음,원동기,남,33세,경상
2014060600100420,2014년 6월 6일 17시,금요일,전라남도 강진군 칠량면,경상사고,0,0,3,0,차대차 - 측면직각충돌,안전운전불이행,건조,맑음,교차로 - 교차로안,화물,남,44세,경상,승용,여,51세,경상
2014060600100461,2014년 6월 6일 18시,금요일,전라남도 해남군 삼산면,경상사고,0,0,2,0,차대차 - 측면직각충돌,신호위반,건조,맑음,교차로 - 교차로안,화물,남,58세,상해없음,승용,남,64세,경상
2014060600100592,2014년 6월 6일 22시,금요일,전라남도 목포시 대성동,경상사고,0,0,5,0,차대차 - 기타,안전운전불이행,건조,맑음,단일로 - 기타,승용,남,72세,경상,승용,남,37세,경상
2014060600100620,2014년 6월 6일 23시,금요일,전라남도 순천시 조례동,경상사고,0,0,1,0,차대사람 - 길가장자리구역통행중,안전운전불이행,건조,맑음,단일로 - 기타,승용,여,25세,상해없음,보행자,남,57세,경상
2014060700100009,2014년 6월 7일 00시,토요일,전라남도 순천시 연향동,부상신고사고,0,0,0,1,차대사람 - 기타,안전운전불이행,건조,맑음,단일로 - 기타,기타불명,기타불명,기타불명,기타불명,보행자,남,42세,부상신고
2014060700100036,2014년 6월 7일 02시,토요일,전라남도 무안군 몽탄면,사망사고,2,6,2,0,차량단독 - 전도전복,안전운전불이행,건조,맑음,단일로 - 기타,승합,남,54세,중상,,,,
2014060700100045,2014년 6월 7일 03시,토요일,전라남도 목포시 산정동,경상사고,0,0,1,0,차대차 - 기타,안전운전불이행,건조,맑음,단일로 - 기타,승용,남,33세,상해없음,승용,남,53세,경상
2014060700100089,2014년 6월 7일 06시,토요일,전라남도 광양시 광양읍,중상사고,0,2,1,0,차대차 - 기타,교차로운행방법위반,건조,맑음,교차로 - 교차로안,화물,남,23세,상해없음,화물,남,52세,중상
2014060700100106,2014년 6월 7일 07시,토요일,전라남도 광양시 중동,사망사고,1,2,2,0,차대차 - 기타,신호위반,건조,맑음,교차로 - 교차로안,이륜,남,16세,사망,화물,남,39세,중상
2014060700100152,2014년 6월 7일 09시,토요일,전라남도 목포시 산정동,경상사고,0,0,3,0,차대차 - 기타,신호위반,건조,맑음,교차로 - 교차로안,승용,남,62세,상해없음,승합,남,68세,상해없음
2014060700100153,2014년 6월 7일 09시,토요일,전라남도 여수시 묘도동,중상사고,0,1,0,0,차량단독 - 전도전복,안전운전불이행,건조,맑음,단일로 - 기타,승용,여,60세,상해없음,,,,
2014060700100154,2014년 6월 7일 09시,토요일,전라남도 여수시 문수동,경상사고,0,0,2,0,차대차 - 기타,안전운전불이행,건조,맑음,기타 - 기타,승용,남,33세,경상,승용,남,73세,경상
2014060700100155,2014년 6월 7일 09시,토요일,전라남도 무안군 무안읍,중상사고,0,1,0,0,차대차 - 측면직각충돌,직진우회전진행방해,건조,맑음,교차로 - 교차로안,이륜,남,67세,중상,승용,남,71세,상해없음
2014060700100203,2014년 6월 7일 11시,토요일,전라남도 나주시 중앙동,경상사고,0,0,1,0,차대차 - 측면직각충돌,직진우회전진행방해,건조,맑음,교차로 - 교차로안,화물,남,41세,상해없음,자전거,남,10세,경상
2014060700100204,2014년 6월 7일 11시,토요일,전라남도 화순군 도암면,사망사고,1,0,0,0,차대차 - 측면직각충돌,직진우회전진행방해,건조,맑음,교차로 - 교차로부근,자전거,남,60세,사망,승합,남,53세,상해없음
2014060700100205,2014년 6월 7일 11시,토요일,전라남도 광양시 마동,경상사고,0,0,1,0,차대사람 - 기타,안전운전불이행,건조,맑음,단일로 - 기타,승용,남,44세,상해없음,보행자,남,54세,경상
2014060700100243,2014년 6월 7일 12시,토요일,전라남도 순천시 낙안면,경상사고,0,0,1,0,차대사람 - 기타,안전운전불이행,건조,맑음,단일로 - 기타,승용,남,39세,상해없음,보행자,여,56세,경상
2014060700100244,2014년 6월 7일 12시,토요일,전라남도 해남군 송지면,중상사고,0,2,2,0,차량단독 - 도로외이탈 - 기타,안전운전불이행,건조,맑음,단일로 - 기타,승용,남,37세,경상,,,,
2014060700100245,2014년 6월 7일 12시,토요일,전라남도 영광군 백수읍,경상사고,0,0,1,0,차대차 - 기타,안전운전불이행,건조,맑음,교차로 - 교차로안,승용,여,57세,상해없음,자전거,남,6세,경상
2014060700100246,2014년 6월 7일 12시,토요일,전라남도 함평군 해보면,경상사고,0,0,2,0,차대차 - 정면충돌,안전운전불이행,건조,맑음,단일로 - 기타,승용,남,37세,경상,특수,남,23세,경상
2014060700100278,2014년 6월 7일 13시,토요일,전라남도 순천시 덕암동,경상사고,0,0,6,0,차대차 - 추돌 - 주정차중,안전운전불이행,건조,맑음,교차로 - 교차로부근,승용,여,49세,경상,승용,남,44세,경상
2014060700100279,2014년 6월 7일 13시,토요일,전라남도 무안군 현경면,중상사고,0,1,0,0,차대차 - 추돌 - 진행중,안전거리미확보,건조,맑음,단일로 - 기타,화물,남,39세,상해없음,화물,남,32세,상해없음
2014060700100317,2014년 6월 7일 14시,토요일,전라남도 보성군 웅치면,경상사고,0,0,1,0,차대차 - 추돌 - 주정차중,안전운전불이행,건조,맑음,단일로 - 기타,이륜,남,81세,경상,농기계,남,56세,기타불명
2014060700100358,2014년 6월 7일 15시,토요일,전라남도 영암군 미암면,중상사고,0,1,0,0,차대차 - 기타,신호위반,건조,맑음,교차로 - 교차로안,이륜,남,76세,중상,승용,여,27세,상해없음
2014060700100404,2014년 6월 7일 16시,토요일,전라남도 보성군 벌교읍,중상사고,0,1,0,0,차대차 - 측면직각충돌,안전운전불이행,건조,맑음,교차로 - 교차로안,화물,남,60세,상해없음,자전거,남,10세,중상
2014060700100440,2014년 6월 7일 17시,토요일,전라남도 담양군 금성면,중상사고,0,1,0,0,차대사람 - 기타,신호위반,건조,맑음,교차로 - 교차로안,승용,여,55세,상해없음,보행자,남,85세,중상
2014060700100441,2014년 6월 7일 17시,토요일,전라남도 진도군 고군면,경상사고,0,0,1,0,차량단독 - 기타,안전운전불이행,건조,맑음,단일로 - 기타,이륜,남,59세,경상,,,,
2014060700100482,2014년 6월 7일 18시,토요일,전라남도 화순군 화순읍,경상사고,0,0,8,1,차대차 - 추돌 - 진행중,안전거리미확보,건조,맑음,단일로 - 터널,승용,남,42세,상해없음,승용,남,50세,경상
2014060700100612,2014년 6월 7일 22시,토요일,전라남도 목포시 상동,경상사고,0,0,1,0,차대사람 - 기타,안전운전불이행,건조,맑음,단일로 - 기타,승용,남,30세,상해없음,보행자,남,36세,경상
2014060700100613,2014년 6월 7일 22시,토요일,전라남도 나주시 송월동,경상사고,0,0,3,0,차대차 - 기타,중앙선침범,건조,맑음,단일로 - 기타,승용,남,41세,상해없음,승용,남,46세,경상
2014060700100614,2014년 6월 7일 22시,토요일,전라남도 영광군 영광읍,경상사고,0,0,1,0,차대차 - 추돌 - 진행중,안전운전불이행,건조,맑음,단일로 - 기타,승용,여,45세,상해없음,자전거,남,40세,경상
2014060800100045,2014년 6월 8일 02시,일요일,전라남도 순천시 조례동,경상사고,0,0,1,0,차대사람 - 차도통행중,안전운전불이행,건조,맑음,교차로 - 교차로부근,승용,남,37세,상해없음,보행자,여,23세,경상
2014060800100072,2014년 6월 8일 04시,일요일,전라남도 화순군 화순읍,중상사고,0,1,2,0,차대차 - 측면직각충돌,신호위반,건조,맑음,교차로 - 교차로안,승용,남,28세,경상,승용,남,63세,중상
2014060800100073,2014년 6월 8일 04시,일요일,전라남도 구례군 구례읍,경상사고,0,0,1,2,차대차 - 기타,직진우회전진행방해,건조,맑음,교차로 - 교차로안,승용,남,31세,상해없음,승용,남,40세,경상
2014060800100110,2014년 6월 8일 08시,일요일,전라남도 순천시 연향동,경상사고,0,0,1,0,차대차 - 기타,안전운전불이행,건조,맑음,단일로 - 기타,승용,남,29세,상해없음,승용,남,30세,경상
2014060800100141,2014년 6월 8일 10시,일요일,전라남도 광양시 광양읍,경상사고,0,0,3,0,차대차 - 측면직각충돌,안전거리미확보,건조,맑음,교차로 - 교차로안,승용,남,71세,경상,승합,남,52세,경상
2014060800100164,2014년 6월 8일 11시,일요일,전라남도 고흥군 도양읍,중상사고,0,1,0,0,차대사람 - 차도통행중,안전운전불이행,건조,맑음,단일로 - 기타,승용,남,37세,상해없음,보행자,여,57세,중상
2014060800100165,2014년 6월 8일 11시,일요일,전라남도 함평군 함평읍,경상사고,0,0,1,0,차대차 - 측면직각충돌,신호위반,건조,맑음,교차로 - 교차로안,승용,여,57세,상해없음,화물,남,70세,경상
2014060800100186,2014년 6월 8일 12시,일요일,전라남도 목포시 용해동,경상사고,0,0,4,0,차량단독 - 공작물충돌,안전운전불이행,건조,맑음,교차로 - 교차로부근,승용,남,72세,경상,,,,
2014060800100187,2014년 6월 8일 12시,일요일,전라남도 순천시 조례동,경상사고,0,0,2,0,차대차 - 추돌 - 주정차중,안전운전불이행,건조,맑음,단일로 - 기타,승용,남,33세,상해없음,승용,남,43세,경상
2014060800100236,2014년 6월 8일 14시,일요일,전라남도 장성군 삼계면,중상사고,0,1,0,0,차량단독 - 전도전복,안전운전불이행,건조,맑음,단일로 - 기타,이륜,남,74세,중상,,,,
2014060800100237,2014년 6월 8일 14시,일요일,전라남도 무안군 현경면,경상사고,0,0,2,0,차량단독 - 공작물충돌,안전운전불이행,건조,맑음,단일로 - 기타,화물,남,69세,경상,,,,
2014060800100325,2014년 6월 8일 17시,일요일,전라남도 영광군 군서면,경상사고,0,0,1,0,차대차 - 측면직각충돌,교차로운행방법위반,건조,맑음,교차로 - 교차로안,승용,여,29세,상해없음,승용,남,26세,경상
2014060800100326,2014년 6월 8일 17시,일요일,전라남도 화순군 화순읍,경상사고,0,0,2,0,차대차 - 추돌 - 진행중,안전거리미확보,건조,맑음,단일로 - 기타,화물,남,38세,상해없음,승용,남,39세,상해없음
2014060800100327,2014년 6월 8일 17시,일요일,전라남도 영암군 삼호읍,중상사고,0,2,3,0,차대차 - 측면직각충돌,직진우회전진행방해,건조,맑음,교차로 - 교차로안,승용,남,48세,경상,승용,여,47세,중상
2014060800100328,2014년 6월 8일 17시,일요일,전라남도 담양군 담양읍,경상사고,0,0,1,0,차대차 - 기타,중앙선침범,건조,맑음,교차로 - 교차로부근,승용,남,71세,상해없음,승용,남,22세,상해없음
2014060800100381,2014년 6월 8일 19시,일요일,전라남도 강진군 도암면,경상사고,0,0,2,0,차대차 - 측면직각충돌,교차로운행방법위반,건조,맑음,교차로 - 교차로안,승용,남,27세,경상,화물,남,33세,경상
2014060800100408,2014년 6월 8일 20시,일요일,전라남도 보성군 보성읍,부상신고사고,0,0,0,1,차량단독 - 공작물충돌,안전운전불이행,건조,맑음,단일로 - 기타,승용,남,43세,부상신고,,,,
2014060800100409,2014년 6월 8일 20시,일요일,전라남도 담양군 대전면,중상사고,0,1,0,0,차대차 - 정면충돌,직진우회전진행방해,건조,맑음,교차로 - 교차로안,승용,남,48세,상해없음,원동기,남,49세,중상
2014060800100451,2014년 6월 8일 22시,일요일,전라남도 순천시 조례동,경상사고,0,0,1,0,차대차 - 기타,신호위반,건조,맑음,교차로 - 교차로안,승용,남,47세,상해없음,승용,남,23세,경상
2014060900100107,2014년 6월 9일 08시,월요일,전라남도 영광군 영광읍,중상사고,0,1,0,0,차대사람 - 기타,기타,건조,맑음,단일로 - 기타,승합,남,58세,상해없음,보행자,여,72세,중상
2014060900100108,2014년 6월 9일 08시,월요일,전라남도 담양군 담양읍,중상사고,0,1,0,0,차대차 - 기타,직진우회전진행방해,건조,맑음,교차로 - 교차로안,화물,남,42세,상해없음,원동기,남,72세,중상
2014060900100109,2014년 6월 9일 08시,월요일,전라남도 무안군 해제면,경상사고,0,0,2,0,차대차 - 측면직각충돌,안전운전불이행,건조,맑음,교차로 - 교차로안,화물,남,58세,상해없음,화물,남,65세,경상
2014060900100141,2014년 6월 9일 09시,월요일,전라남도 보성군 회천면,경상사고,0,0,1,1,차대차 - 측면직각충돌,직진우회전진행방해,건조,맑음,교차로 - 교차로안,화물,남,31세,부상신고,승용,남,60세,상해없음
2014060900100142,2014년 6월 9일 09시,월요일,전라남도 장성군 삼계면,중상사고,0,1,0,0,차대차 - 측면직각충돌,직진우회전진행방해,건조,맑음,교차로 - 교차로안,화물,남,69세,상해없음,승용,여,34세,중상
2014060900100170,2014년 6월 9일 10시,월요일,전라남도 여수시 웅천동,경상사고,0,0,1,0,차대차 - 기타,안전운전불이행,건조,맑음,단일로 - 기타,승용,남,64세,상해없음,건설기계,남,52세,상해없음
2014060900100171,2014년 6월 9일 10시,월요일,전라남도 장성군 진원면,중상사고,0,1,0,0,차대차 - 측면직각충돌,교차로운행방법위반,건조,맑음,교차로 - 교차로안,화물,남,34세,상해없음,승용,남,26세,중상
2014060900100218,2014년 6월 9일 12시,월요일,전라남도 목포시 동명동,경상사고,0,0,1,0,차대차 - 측면직각충돌,차로위반,건조,맑음,단일로 - 기타,화물,남,40세,상해없음,자전거,남,63세,경상
2014060900100219,2014년 6월 9일 12시,월요일,전라남도 고흥군 포두면,중상사고,0,1,0,0,차대차 - 기타,중앙선침범,건조,맑음,단일로 - 기타,승용,남,31세,상해없음,승용,남,38세,중상
2014060900100247,2014년 6월 9일 13시,월요일,전라남도 영광군 영광읍,부상신고사고,0,0,0,1,차대차 - 측면직각충돌,안전운전불이행,건조,맑음,단일로 - 기타,이륜,남,70세,부상신고,승용,남,69세,상해없음
2014060900100248,2014년 6월 9일 13시,월요일,전라남도 무안군 삼향읍,경상사고,0,0,1,0,차대사람 - 횡단중,보행자보호의무위반,건조,맑음,교차로 - 교차로안,승용,여,35세,상해없음,보행자,여,22세,경상
2014060900100279,2014년 6월 9일 14시,월요일,전라남도 보성군 벌교읍,경상사고,0,0,2,0,차대차 - 측면직각충돌,안전운전불이행,건조,맑음,교차로 - 교차로안,승용,여,43세,상해없음,승용,남,53세,경상
2014060900100280,2014년 6월 9일 14시,월요일,전라남도 무안군 무안읍,경상사고,0,0,2,0,차대차 - 측면직각충돌,안전운전불이행,건조,맑음,기타 - 기타,승용,남,29세,상해없음,화물,남,66세,경상
2014060900100314,2014년 6월 9일 15시,월요일,전라남도 순천시 동외동,경상사고,0,0,1,0,차대사람 - 횡단중,안전운전불이행,건조,맑음,단일로 - 기타,이륜,남,17세,상해없음,보행자,남,3세,경상