사고번호,사고일시,요일,시군구,사고내용,사망자수,중상자수,경상자수,부상신고자수,사고유형,법규위반,노면상태,기상상태,도로형태,가해운전자 차종,가해운전자 성별,가해운전자 연령,가해운전자 상해정도,피해운전자 차종,피해운전자 성별,피해운전자 연령,피해운전자 상해정도
2014062700100075,2014년 6월 27일 06시,금요일,전라남도 목포시 광동1가,경상사고,0,0,1,0,차대사람 - 기타,안전운전불이행,건조,맑음,기타 - 기타,화물,남,51세,상해없음,보행자,남,40세,경상
2014062700100095,2014년 6월 27일 07시,금요일,전라남도 목포시 석현동,경상사고,0,0,1,0,차대차 - 기타,안전운전불이행,건조,맑음,교차로 - 교차로부근,기타불명,기타불명,기타불명,기타불명,자전거,남,15세,경상
2014062700100096,2014년 6월 27일 07시,금요일,전라남도 목포시 대성동,중상사고,0,1,0,0,차대차 - 기타,교차로운행방법위반,건조,맑음,교차로 - 교차로안,이륜,남,63세,중상,승합,남,51세,상해없음
2014062700100097,2014년 6월 27일 07시,금요일,전라남도 여수시 국동,경상사고,0,0,1,0,차대차 - 측면직각충돌,안전운전불이행,건조,맑음,교차로 - 교차로안,승용,남,29세,상해없음,승용,남,52세,경상
2014062700100098,2014년 6월 27일 07시,금요일,전라남도 함평군 나산면,중상사고,0,2,0,0,차량단독 - 기타,안전운전불이행,건조,맑음,기타 - 기타,농기계,남,81세,중상,,,,
2014062700100147,2014년 6월 27일 08시,금요일,전라남도 목포시 산정동,경상사고,0,0,3,0,차대차 - 기타,신호위반,건조,맑음,교차로 - 교차로안,승용,남,36세,경상,승용,남,55세,경상
2014062700100176,2014년 6월 27일 09시,금요일,전라남도 고흥군 포두면,중상사고,0,1,0,0,차대차 - 측면직각충돌,안전운전불이행,건조,맑음,단일로 - 기타,화물,남,72세,상해없음,이륜,남,81세,중상
2014062700100202,2014년 6월 27일 10시,금요일,전라남도 목포시 죽교동,경상사고,0,0,1,0,차대차 - 기타,안전운전불이행,건조,맑음,기타 - 기타,화물,남,57세,상해없음,승용,남,62세,경상
2014062700100203,2014년 6월 27일 10시,금요일,전라남도 순천시 영동,중상사고,0,1,0,0,차대차 - 측면직각충돌,안전운전불이행,건조,맑음,단일로 - 기타,승용,남,68세,상해없음,자전거,여,23세,중상
2014062700100204,2014년 6월 27일 10시,금요일,전라남도 화순군 춘양면,중상사고,0,1,0,0,차대차 - 측면직각충돌,직진우회전진행방해,건조,맑음,교차로 - 교차로안,화물,남,72세,상해없음,원동기,남,74세,중상
2014062700100229,2014년 6월 27일 11시,금요일,전라남도 강진군 성전면,경상사고,0,0,1,0,차대차 - 측면직각충돌,교차로운행방법위반,건조,맑음,교차로 - 교차로안,화물,남,66세,상해없음,원동기,남,58세,경상
2014062700100258,2014년 6월 27일 12시,금요일,전라남도 고흥군 고흥읍,경상사고,0,0,2,0,차량단독 - 공작물충돌,안전운전불이행,건조,맑음,단일로 - 기타,화물,남,65세,경상,,,,
2014062700100271,2014년 6월 27일 13시,금요일,전라남도 순천시 장천동,중상사고,0,1,0,0,차대사람 - 횡단중,안전운전불이행,건조,맑음,단일로 - 기타,승용,남,72세,상해없음,보행자,여,66세,중상
2014062700100298,2014년 6월 27일 14시,금요일,전라남도 여수시 화양면,경상사고,0,0,2,0,차대차 - 측면직각충돌,교차로운행방법위반,건조,맑음,교차로 - 교차로안,승용,여,25세,상해없음,승용,남,22세,경상
2014062700100299,2014년 6월 27일 14시,금요일,전라남도 순천시 남정동,경상사고,0,0,1,0,차대차 - 기타,교차로운행방법위반,건조,맑음,교차로 - 교차로안,승용,여,55세,상해없음,자전거,남,70세,경상
2014062700100300,2014년 6월 27일 14시,금요일,전라남도 나주시 왕곡면,경상사고,0,0,1,0,차대사람 - 횡단중,안전운전불이행,건조,맑음,교차로 - 교차로안,화물,남,67세,상해없음,보행자,남,82세,경상
2014062700100335,2014년 6월 27일 15시,금요일,전라남도 영광군 백수읍,중상사고,0,1,0,0,차대차 - 기타,교차로운행방법위반,건조,맑음,교차로 - 교차로안,승용,남,72세,상해없음,원동기,여,56세,중상
2014062700100336,2014년 6월 27일 15시,금요일,전라남도 함평군 나산면,중상사고,0,1,0,0,차대사람 - 기타,안전운전불이행,건조,맑음,교차로 - 교차로안,승용,여,57세,상해없음,보행자,남,9세,중상
2014062700100370,2014년 6월 27일 16시,금요일,전라남도 여수시 소라면,중상사고,0,1,0,0,차대차 - 측면직각충돌,안전운전불이행,건조,맑음,단일로 - 기타,승용,남,53세,상해없음,원동기,여,49세,중상
2014062700100371,2014년 6월 27일 16시,금요일,전라남도 영암군 삼호읍,경상사고,0,0,3,0,차대차 - 측면직각충돌,안전운전불이행,건조,맑음,단일로 - 기타,승용,여,42세,경상,승용,여,33세,경상
2014062700100412,2014년 6월 27일 17시,금요일,전라남도 여수시 문수동,중상사고,0,1,0,0,차대차 - 추돌 - 진행중,안전운전불이행,건조,맑음,단일로 - 기타,승용,여,44세,상해없음,자전거,남,9세,중상
2014062700100413,2014년 6월 27일 17시,금요일,전라남도 여수시 군자동,경상사고,0,0,1,0,차대사람 - 횡단중,안전운전불이행,건조,맑음,단일로 - 기타,이륜,남,55세,기타불명,보행자,남,17세,경상
2014062700100456,2014년 6월 27일 18시,금요일,전라남도 완도군 노화읍,중상사고,0,2,0,0,차대차 - 측면직각충돌,직진우회전진행방해,건조,맑음,교차로 - 교차로안,화물,남,63세,상해없음,승용,여,38세,중상
2014062700100457,2014년 6월 27일 18시,금요일,전라남도 광양시 광양읍,경상사고,0,0,3,0,차대차 - 기타,교차로운행방법위반,건조,맑음,교차로 - 교차로안,화물,남,27세,경상,승용,여,48세,경상
2014062700100486,2014년 6월 27일 19시,금요일,전라남도 순천시 해룡면,중상사고,0,1,0,0,차대차 - 추돌 - 주정차중,안전운전불이행,건조,맑음,교차로 - 교차로안,승용,남,56세,상해없음,원동기,남,17세,중상
2014062700100487,2014년 6월 27일 19시,금요일,전라남도 광양시 광양읍,경상사고,0,0,1,0,차대차 - 기타,안전운전불이행,건조,맑음,교차로 - 교차로부근,승용,여,29세,상해없음,승용,여,26세,경상
2014062700100527,2014년 6월 27일 20시,금요일,전라남도 여수시 충무동,경상사고,0,0,2,0,차대차 - 측면직각충돌,교차로운행방법위반,건조,맑음,교차로 - 교차로안,승용,남,24세,상해없음,이륜,남,16세,경상
2014062700100561,2014년 6월 27일 21시,금요일,전라남도 순천시 조례동,경상사고,0,0,1,0,차대차 - 기타,안전거리미확보,습기,흐림,단일로 - 기타,승합,남,26세,상해없음,승용,여,45세,경상
2014062700100562,2014년 6월 27일 21시,금요일,전라남도 나주시 중앙동,경상사고,0,0,5,0,차대차 - 측면직각충돌,교차로운행방법위반,건조,흐림,교차로 - 교차로안,승용,여,42세,경상,이륜,남,17세,경상
2014062700100563,2014년 6월 27일 21시,금요일,전라남도 장흥군 용산면,경상사고,0,0,1,0,차대차 - 추돌 - 주정차중,안전운전불이행,건조,맑음,단일로 - 기타,화물,남,74세,경상,화물,남,44세,기타불명
2014062700100564,2014년 6월 27일 21시,금요일,전라남도 광양시 태인동,경상사고,0,0,1,0,차대차 - 기타,교차로운행방법위반,건조,맑음,교차로 - 교차로안,승용,남,50세,상해없음,이륜,남,40세,경상
2014062700100608,2014년 6월 27일 22시,금요일,전라남도 여수시 둔덕동,경상사고,0,0,4,0,차대차 - 추돌 - 진행중,안전거리미확보,건조,맑음,단일로 - 기타,승용,남,53세,상해없음,승합,남,47세,경상
2014062700100609,2014년 6월 27일 22시,금요일,전라남도 여수시 신기동,경상사고,0,0,2,0,차대차 - 측면직각충돌,신호위반,건조,맑음,교차로 - 교차로부근,원동기,남,25세,경상,승용,남,61세,경상
2014062700100610,2014년 6월 27일 22시,금요일,전라남도 영암군 삼호읍,경상사고,0,0,1,0,차대차 - 측면직각충돌,안전거리미확보,건조,맑음,단일로 - 기타,승용,여,46세,상해없음,승용,여,34세,경상
2014062700100637,2014년 6월 27일 23시,금요일,전라남도 순천시 해룡면,중상사고,0,1,2,0,차대차 - 추돌 - 주정차중,안전운전불이행,건조,맑음,교차로 - 교차로부근,승용,남,56세,상해없음,승용,남,56세,경상
2014062800100017,2014년 6월 28일 00시,토요일,전라남도 담양군 담양읍,중상사고,0,1,1,0,차대사람 - 기타,안전운전불이행,건조,맑음,기타 - 기타,화물,남,26세,중상,보행자,남,26세,경상
2014062800100018,2014년 6월 28일 00시,토요일,전라남도 광양시 마동,중상사고,0,1,2,0,차대차 - 기타,안전운전불이행,건조,맑음,단일로 - 기타,승용,남,46세,상해없음,승용,남,68세,중상
2014062800100089,2014년 6월 28일 04시,토요일,전라남도 순천시 별량면,경상사고,0,0,1,0,차대차 - 추돌 - 진행중,안전운전불이행,건조,맑음,교차로 - 교차로부근,승합,남,22세,상해없음,화물,남,44세,경상
2014062800100135,2014년 6월 28일 07시,토요일,전라남도 고흥군 풍양면,중상사고,0,1,0,0,차대차 - 측면직각충돌,교차로운행방법위반,건조,맑음,교차로 - 교차로안,승용,남,32세,상해없음,이륜,남,63세,중상
2014062800100136,2014년 6월 28일 07시,토요일,전라남도 담양군 월산면,중상사고,0,1,0,0,차량단독 - 기타,안전운전불이행,건조,맑음,단일로 - 기타,원동기,남,65세,중상,,,,
2014062800100137,2014년 6월 28일 07시,토요일,전라남도 광양시 마동,경상사고,0,0,3,0,차대차 - 기타,교차로운행방법위반,건조,맑음,교차로 - 교차로안,승용,남,46세,상해없음,승용,여,42세,경상
2014062800100180,2014년 6월 28일 09시,토요일,전라남도 고흥군 도양읍,중상사고,0,2,0,0,차대사람 - 기타,안전운전불이행,건조,맑음,단일로 - 교량,원동기,남,55세,중상,보행자,남,71세,중상
2014062800100181,2014년 6월 28일 09시,토요일,전라남도 광양시 진상면,중상사고,0,1,0,0,차량단독 - 도로외이탈 - 기타,안전운전불이행,건조,맑음,교차로 - 교차로부근,화물,남,33세,상해없음,,,,
2014062800100309,2014년 6월 28일 13시,토요일,전라남도 여수시 신기동,경상사고,0,0,6,0,차대차 - 측면직각충돌,신호위반,건조,맑음,교차로 - 교차로안,승용,여,45세,상해없음,승용,여,32세,경상
2014062800100343,2014년 6월 28일 14시,토요일,전라남도 해남군 산이면,사망사고,1,0,0,0,차량단독 - 전도전복,안전운전불이행,기타,맑음,단일로 - 기타,농기계,남,80세,사망,,,,
2014062800100344,2014년 6월 28일 14시,토요일,전라남도 영암군 영암읍,경상사고,0,0,2,0,차대차 - 측면직각충돌,직진우회전진행방해,건조,흐림,교차로 - 교차로안,승용,남,62세,상해없음,승용,남,42세,경상
2014062800100374,2014년 6월 28일 15시,토요일,전라남도 나주시 금천면,중상사고,0,2,0,0,차대차 - 기타,안전운전불이행,건조,맑음,단일로 - 교량,화물,남,59세,상해없음,승용,여,39세,중상
2014062800100375,2014년 6월 28일 15시,토요일,전라남도 고흥군 금산면,사망사고,1,0,0,0,차량단독 - 전도전복,안전운전불이행,건조,맑음,단일로 - 기타,이륜,남,58세,사망,,,,
2014062800100411,2014년 6월 28일 16시,토요일,전라남도 고흥군 남양면,사망사고,1,0,0,0,차대차 - 측면직각충돌,중앙선침범,건조,맑음,교차로 - 교차로부근,화물,남,48세,상해없음,원동기,여,62세,사망
2014062800100412,2014년 6월 28일 16시,토요일,전라남도 해남군 해남읍,경상사고,0,0,1,1,차량단독 - 도로외이탈 - 추락,안전운전불이행,건조,맑음,단일로 - 기타,화물,남,70세,부상신고,,,,
2014062800100413,2014년 6월 28일 16시,토요일,전라남도 영광군 영광읍,중상사고,0,1,1,0,차대차 - 측면직각충돌,중앙선침범,건조,맑음,단일로 - 기타,승용,여,38세,경상,승용,여,55세,중상
2014062800100450,2014년 6월 28일 17시,토요일,전라남도 목포시 상동,경상사고,0,0,1,0,차대사람 - 길가장자리구역통행중,안전운전불이행,건조,맑음,단일로 - 기타,승용,여,52세,상해없음,보행자,여,71세,경상
2014062800100451,2014년 6월 28일 17시,토요일,전라남도 여수시 웅천동,중상사고,0,1,0,0,차대사람 - 기타,안전운전불이행,건조,맑음,단일로 - 기타,승용,여,48세,상해없음,보행자,남,4세,중상
2014062800100482,2014년 6월 28일 18시,토요일,전라남도 목포시 산정동,경상사고,0,0,2,0,차대차 - 기타,안전운전불이행,건조,맑음,기타 - 기타,화물,남,43세,상해없음,승용,여,54세,경상
2014062800100508,2014년 6월 28일 19시,토요일,전라남도 여수시 봉산동,경상사고,0,0,2,0,차대사람 - 횡단중,보행자보호의무위반,건조,맑음,단일로 - 기타,승용,남,42세,상해없음,보행자,여,22세,경상
2014062800100509,2014년 6월 28일 19시,토요일,전라남도 여수시 학동,경상사고,0,0,1,0,차대사람 - 횡단중,안전운전불이행,건조,맑음,단일로 - 기타,화물,남,43세,상해없음,보행자,여,6세,경상
2014062800100602,2014년 6월 28일 22시,토요일,전라남도 담양군 담양읍,경상사고,0,0,1,0,차대차 - 기타,안전운전불이행,건조,맑음,단일로 - 기타,승용,남,55세,상해없음,자전거,남,42세,경상
2014062800100634,2014년 6월 28일 23시,토요일,전라남도 목포시 용당동,중상사고,0,1,1,0,차대차 - 측면직각충돌,기타,건조,맑음,교차로 - 교차로부근,이륜,남,14세,중상,승용,남,25세,상해없음
2014062800100635,2014년 6월 28일 23시,토요일,전라남도 여수시 선원동,경상사고,0,0,2,0,차대차 - 측면직각충돌,불법유턴,건조,맑음,단일로 - 기타,승용,남,31세,경상,승용,남,26세,경상
2014062900100016,2014년 6월 29일 00시,일요일,전라남도 나주시 송월동,경상사고,0,0,1,0,차대차 - 추돌 - 진행중,안전운전불이행,습기,맑음,교차로 - 교차로안,화물,남,49세,상해없음,농기계,남,39세,경상
2014062900100017,2014년 6월 29일 00시,일요일,전라남도 구례군 토지면,경상사고,0,0,2,0,차대차 - 기타,중앙선침범,건조,맑음,단일로 - 기타,승용,남,49세,기타불명,승용,남,34세,경상
2014062900100088,2014년 6월 29일 04시,일요일,전라남도 순천시 장천동,중상사고,0,2,0,0,차대차 - 정면충돌,중앙선침범,건조,맑음,미분류 - 미분류,승용,남,48세,상해없음,화물,남,53세,중상
2014062900100089,2014년 6월 29일 04시,일요일,전라남도 완도군 신지면,경상사고,0,0,1,0,차량단독 - 공작물충돌,안전운전불이행,건조,맑음,단일로 - 기타,승용,여,19세,상해없음,,,,
2014062900100103,2014년 6월 29일 05시,일요일,전라남도 무안군 해제면,부상신고사고,0,0,0,1,차량단독 - 기타,안전운전불이행,건조,맑음,단일로 - 기타,자전거,남,87세,부상신고,,,,
2014062900100144,2014년 6월 29일 08시,일요일,전라남도 화순군 화순읍,경상사고,0,0,3,1,차대차 - 측면직각충돌,신호위반,건조,맑음,교차로 - 교차로안,승용,남,47세,상해없음,승용,남,23세,경상
2014062900100145,2014년 6월 29일 08시,일요일,전라남도 광양시 광양읍,경상사고,0,0,3,1,차대차 - 측면직각충돌,직진우회전진행방해,건조,맑음,교차로 - 교차로안,승합,남,47세,부상신고,승용,남,39세,상해없음
2014062900100166,2014년 6월 29일 09시,일요일,전라남도 순천시 연향동,중상사고,0,1,0,0,차대차 - 기타,신호위반,건조,맑음,교차로 - 교차로안,승용,남,22세,상해없음,승용,남,81세,중상
2014062900100188,2014년 6월 29일 10시,일요일,전라남도 고흥군 도양읍,경상사고,0,0,2,0,차대차 - 측면직각충돌,교차로운행방법위반,건조,맑음,교차로 - 교차로안,화물,여,52세,경상,승용,남,44세,경상
2014062900100206,2014년 6월 29일 11시,일요일,전라남도 순천시 승주읍,중상사고,0,1,1,0,차대차 - 추돌 - 진행중,안전운전불이행,건조,맑음,단일로 - 기타,원동기,남,75세,중상,원동기,남,58세,경상
2014062900100207,2014년 6월 29일 11시,일요일,전라남도 영암군 삼호읍,중상사고,0,1,1,0,차대차 - 측면직각충돌,신호위반,건조,맑음,교차로 - 교차로안,승합,남,31세,경상,승용,여,48세,중상
2014062900100208,2014년 6월 29일 11시,일요일,전라남도 광양시 광영동,중상사고,0,1,1,0,차대차 - 측면직각충돌,직진우회전진행방해,건조,맑음,교차로 - 교차로안,승용,남,57세,상해없음,승용,남,26세,경상
2014062900100225,2014년 6월 29일 12시,일요일,전라남도 순천시 해룡면,경상사고,0,0,4,0,차대차 - 기타,교차로운행방법위반,건조,맑음,교차로 - 교차로안,승용,여,37세,상해없음,화물,남,22세,경상
2014062900100388,2014년 6월 29일 17시,일요일,전라남도 광양시 중군동,경상사고,0,0,2,0,차대차 - 측면직각충돌,안전운전불이행,건조,맑음,단일로 - 기타,화물,남,50세,상해없음,승용,남,40세,경상
2014062900100415,2014년 6월 29일 18시,일요일,전라남도 여수시 문수동,경상사고,0,0,2,0,차대차 - 추돌 - 진행중,안전운전불이행,건조,맑음,단일로 - 기타,승용,남,54세,상해없음,승용,남,33세,경상
2014062900100416,2014년 6월 29일 18시,일요일,전라남도 강진군 강진읍,경상사고,0,0,1,0,차대차 - 추돌 - 주정차중,안전운전불이행,건조,맑음,교차로 - 교차로부근,화물,남,58세,상해없음,승용,남,68세,경상
2014062900100444,2014년 6월 29일 19시,일요일,전라남도 여수시 광무동,경상사고,0,0,4,0,차대차 - 측면직각충돌,신호위반,건조,맑음,교차로 - 교차로안,승용,남,52세,상해없음,승용,여,53세,경상
2014062900100534,2014년 6월 29일 23시,일요일,전라남도 순천시 조례동,경상사고,0,0,2,0,차대차 - 추돌 - 주정차중,안전운전불이행,건조,맑음,교차로 - 교차로부근,승용,남,48세,상해없음,승용,남,35세,경상
2014063000100007,2014년 6월 30일 00시,월요일,전라남도 여수시 소호동,경상사고,0,0,3,0,차대차 - 추돌 - 주정차중,안전운전불이행,건조,맑음,단일로 - 기타,승용,남,23세,상해없음,승용,남,45세,경상
2014063000100034,2014년 6월 30일 04시,월요일,전라남도 목포시 용해동,중상사고,0,2,2,0,차대차 - 추돌 - 주정차중,안전운전불이행,건조,맑음,교차로 - 교차로부근,승용,남,38세,경상,승합,남,29세,중상
2014063000100039,2014년 6월 30일 05시,월요일,전라남도 고흥군 포두면,중상사고,0,1,0,0,차대차 - 측면직각충돌,교차로운행방법위반,건조,맑음,교차로 - 교차로안,이륜,여,80세,중상,승용,남,64세,기타불명
2014063000100055,2014년 6월 30일 06시,월요일,전라남도 광양시 광영동,경상사고,0,0,1,0,차대차 - 정면충돌,교차로운행방법위반,건조,맑음,교차로 - 교차로안,화물,남,63세,상해없음,화물,남,39세,경상
2014063000100083,2014년 6월 30일 07시,월요일,전라남도 보성군 조성면,경상사고,0,0,1,0,차대사람 - 기타,안전운전불이행,건조,맑음,기타 - 기타,화물,남,27세,상해없음,보행자,여,75세,경상
2014063000100084,2014년 6월 30일 07시,월요일,전라남도 완도군 청산면,중상사고,0,4,0,0,차량단독 - 공작물충돌,안전운전불이행,건조,맑음,단일로 - 기타,화물,남,71세,중상,,,,
2014063000100118,2014년 6월 30일 08시,월요일,전라남도 보성군 벌교읍,중상사고,0,2,0,0,차대차 - 추돌 - 진행중,안전운전불이행,건조,맑음,단일로 - 기타,화물,남,66세,상해없음,원동기,남,78세,중상
2014063000100119,2014년 6월 30일 08시,월요일,전라남도 화순군 도곡면,경상사고,0,0,1,0,차대차 - 측면직각충돌,중앙선침범,건조,맑음,교차로 - 교차로부근,원동기,남,85세,경상,승용,여,57세,상해없음
2014063000100120,2014년 6월 30일 08시,월요일,전라남도 무안군 현경면,경상사고,0,0,1,0,차량단독 - 도로외이탈 - 추락,안전운전불이행,건조,맑음,단일로 - 기타,이륜,남,51세,경상,,,,
2014063000100153,2014년 6월 30일 09시,월요일,전라남도 신안군 지도읍,사망사고,1,0,0,0,차대사람 - 기타,안전운전불이행,건조,맑음,단일로 - 기타,건설기계,남,53세,상해없음,보행자,여,58세,사망
2014063000100154,2014년 6월 30일 09시,월요일,전라남도 목포시 산정동,중상사고,0,1,1,0,차대차 - 측면직각충돌,직진우회전진행방해,건조,맑음,교차로 - 교차로안,승용,남,34세,상해없음,이륜,남,23세,경상
2014063000100155,2014년 6월 30일 09시,월요일,전라남도 고흥군 풍양면,경상사고,0,0,4,0,차대차 - 추돌 - 진행중,안전운전불이행,건조,맑음,단일로 - 기타,승용,남,54세,상해없음,승합,남,44세,경상
2014063000100216,2014년 6월 30일 11시,월요일,전라남도 고흥군 대서면,경상사고,0,0,1,0,차대차 - 기타,직진우회전진행방해,건조,맑음,교차로 - 교차로안,화물,남,48세,상해없음,농기계,남,45세,경상
2014063000100217,2014년 6월 30일 11시,월요일,전라남도 강진군 강진읍,경상사고,0,0,1,0,차대차 - 측면직각충돌,중앙선침범,건조,맑음,교차로 - 교차로부근,화물,남,59세,상해없음,승용,남,58세,경상
2014063000100218,2014년 6월 30일 11시,월요일,전라남도 진도군 진도읍,경상사고,0,0,1,0,차량단독 - 공작물충돌,안전운전불이행,건조,맑음,단일로 - 기타,승용,남,52세,상해없음,,,,
2014063000100219,2014년 6월 30일 11시,월요일,전라남도 광양시 광양읍,경상사고,0,0,1,0,차대차 - 측면직각충돌,직진우회전진행방해,건조,맑음,교차로 - 교차로안,승용,여,54세,상해없음,화물,남,26세,경상
2014063000100247,2014년 6월 30일 12시,월요일,전라남도 순천시 용당동,중상사고,0,1,0,0,차대차 - 기타,신호위반,건조,맑음,단일로 - 교량,승용,남,64세,상해없음,이륜,남,87세,중상
2014063000100248,2014년 6월 30일 12시,월요일,전라남도 보성군 문덕면,경상사고,0,0,2,0,차대차 - 정면충돌,중앙선침범,건조,맑음,단일로 - 기타,건설기계,남,51세,상해없음,화물,남,57세,경상
2014063000100249,2014년 6월 30일 12시,월요일,전라남도 강진군 군동면,중상사고,0,1,1,0,차대차 - 측면직각충돌,직진우회전진행방해,건조,맑음,교차로 - 교차로안,승용,여,54세,중상,승용,여,45세,경상
2014063000100280,2014년 6월 30일 13시,월요일,전라남도 보성군 보성읍,사망사고,1,0,0,0,차대차 - 측면직각충돌,안전운전불이행,건조,맑음,단일로 - 기타,원동기,남,58세,상해없음,원동기,여,53세,사망
2014063000100349,2014년 6월 30일 15시,월요일,전라남도 여수시 덕충동,중상사고,0,1,2,0,차대차 - 측면직각충돌,안전운전불이행,건조,맑음,단일로 - 기타,화물,남,33세,경상,승용,남,45세,중상
2014063000100397,2014년 6월 30일 16시,월요일,전라남도 목포시 산정동,중상사고,0,1,0,0,차대사람 - 기타,안전운전불이행,건조,맑음,단일로 - 기타,승합,여,39세,상해없음,보행자,남,46세,중상
2014063000100398,2014년 6월 30일 16시,월요일,전라남도 여수시 여서동,경상사고,0,0,1,0,차대차 - 추돌 - 진행중,안전거리미확보,건조,맑음,단일로 - 기타,승용,남,73세,상해없음,승합,남,44세,경상
2014063000100399,2014년 6월 30일 16시,월요일,전라남도 함평군 함평읍,경상사고,0,0,2,0,차대차 - 추돌 - 주정차중,안전운전불이행,건조,맑음,단일로 - 기타,승용,남,56세,상해없음,화물,남,37세,경상
2014063000100400,2014년 6월 30일 16시,월요일,전라남도 장성군 황룡면,경상사고,0,0,1,0,차대차 - 추돌 - 진행중,안전운전불이행,건조,맑음,단일로 - 기타,화물,남,23세,상해없음,승용,여,43세,경상
2014063000100401,2014년 6월 30일 16시,월요일,전라남도 무안군 청계면,경상사고,0,0,2,1,차대차 - 기타,직진우회전진행방해,건조,맑음,교차로 - 교차로안,승용,여,55세,경상,화물,남,24세,부상신고
2014063000100477,2014년 6월 30일 18시,월요일,전라남도 장성군 장성읍,경상사고,0,0,1,0,차대차 - 측면직각충돌,신호위반,건조,맑음,교차로 - 교차로안,자전거,남,14세,경상,승용,여,24세,상해없음
2014063000100478,2014년 6월 30일 18시,월요일,전라남도 담양군 무정면,경상사고,0,0,1,0,차대차 - 추돌 - 진행중,안전운전불이행,건조,맑음,단일로 - 터널,승용,남,50세,상해없음,승용,여,38세,경상
2014063000100511,2014년 6월 30일 19시,월요일,전라남도 순천시 가곡동,중상사고,0,1,0,0,차대사람 - 기타,안전운전불이행,건조,맑음,단일로 - 기타,승용,남,32세,상해없음,보행자,여,8세,중상
2014063000100539,2014년 6월 30일 20시,월요일,전라남도 목포시 용해동,경상사고,0,0,1,0,차대차 - 추돌 - 주정차중,안전운전불이행,건조,맑음,교차로 - 교차로부근,화물,남,48세,상해없음,승용,남,43세,경상
2014063000100540,2014년 6월 30일 20시,월요일,전라남도 목포시 산정동,경상사고,0,0,1,0,차대사람 - 기타,안전운전불이행,건조,맑음,단일로 - 기타,원동기,남,20세,상해없음,보행자,여,9세,경상
2014063000100541,2014년 6월 30일 20시,월요일,전라남도 순천시 조례동,중상사고,0,1,0,0,차대사람 - 차도통행중,중앙선침범,건조,맑음,단일로 - 기타,승용,남,47세,상해없음,보행자,여,47세,중상
2014063000100576,2014년 6월 30일 21시,월요일,전라남도 목포시 상동,경상사고,0,0,1,0,차대사람 - 횡단중,신호위반,건조,맑음,교차로 - 교차로부근,승용,남,20세,상해없음,보행자,여,33세,경상
2014063000100577,2014년 6월 30일 21시,월요일,전라남도 순천시 조례동,경상사고,0,0,3,0,차대차 - 추돌 - 주정차중,안전운전불이행,건조,맑음,교차로 - 교차로부근,승용,남,24세,상해없음,승용,남,45세,경상
2014063000100578,2014년 6월 30일 21시,월요일,전라남도 나주시 문평면,중상사고,0,1,0,0,차대차 - 기타,안전운전불이행,건조,맑음,단일로 - 기타,이륜,남,55세,중상,승용,남,64세,상해없음
2014063000100616,2014년 6월 30일 22시,월요일,전라남도 무안군 무안읍,부상신고사고,0,0,0,1,차대차 - 추돌 - 주정차중,안전운전불이행,건조,맑음,단일로 - 기타,승합,남,47세,상해없음,화물,남,43세,기타불명
2014063000100645,2014년 6월 30일 23시,월요일,전라남도 화순군 화순읍,중상사고,0,1,0,0,차대사람 - 횡단중,안전운전불이행,건조,맑음,단일로 - 기타,승용,남,59세,상해없음,보행자,남,44세,중상
2014070100100016,2014년 7월 1일 00시,화요일,전라남도 여수시 문수동,경상사고,0,0,1,0,차대차 - 추돌 - 주정차중,안전거리미확보,건조,맑음,단일로 - 기타,이륜,남,49세,상해없음,승용,남,35세,경상
2014070100100017,2014년 7월 1일 00시,화요일,전라남도 영암군 삼호읍,경상사고,0,0,4,0,차대차 - 기타,교차로운행방법위반,건조,맑음,교차로 - 교차로안,승용,남,18세,경상,원동기,기타불명,기타불명,기타불명
2014070100100129,2014년 7월 1일 08시,화요일,전라남도 여수시 신기동,경상사고,0,0,2,0,차대차 - 추돌 - 주정차중,안전운전불이행,건조,맑음,단일로 - 기타,승용,남,48세,상해없음,승용,남,60세,경상
2014070100100130,2014년 7월 1일 08시,화요일,전라남도 나주시 남평읍,경상사고,0,0,2,0,차대차 - 기타,안전운전불이행,건조,맑음,교차로 - 교차로안,승용,여,29세,경상,화물,남,44세,경상
2014070100100131,2014년 7월 1일 08시,화요일,전라남도 영암군 도포면,중상사고,0,1,0,0,차대사람 - 기타,안전운전불이행,건조,맑음,교차로 - 교차로안,화물,남,39세,상해없음,보행자,여,76세,중상
2014070100100157,2014년 7월 1일 09시,화요일,전라남도 해남군 송지면,경상사고,0,0,2,0,차대차 - 기타,안전운전불이행,건조,맑음,단일로 - 기타,승합,남,54세,상해없음,화물,남,24세,경상
2014070100100158,2014년 7월 1일 09시,화요일,전라남도 광양시 광영동,경상사고,0,0,1,0,차대사람 - 기타,보행자보호의무위반,건조,맑음,교차로 - 교차로부근,승용,여,38세,상해없음,보행자,여,65세,경상
2014070100100188,2014년 7월 1일 10시,화요일,전라남도 목포시 산정동,중상사고,0,1,0,0,차대사람 - 횡단중,신호위반,건조,맑음,교차로 - 교차로부근,화물,남,64세,상해없음,보행자,여,52세,중상
2014070100100189,2014년 7월 1일 10시,화요일,전라남도 신안군 지도읍,중상사고,0,1,0,0,차대차 - 측면직각충돌,교차로운행방법위반,건조,맑음,교차로 - 교차로안,이륜,남,70세,중상,화물,남,24세,상해없음