사고번호,사고일시,요일,시군구,사고내용,사망자수,중상자수,경상자수,부상신고자수,사고유형,법규위반,노면상태,기상상태,도로형태,가해운전자 차종,가해운전자 성별,가해운전자 연령,가해운전자 상해정도,피해운전자 차종,피해운전자 성별,피해운전자 연령,피해운전자 상해정도
2014070100100209,2014년 7월 1일 11시,화요일,전라남도 함평군 대동면,중상사고,0,2,0,0,차량단독 - 도로외이탈 - 추락,안전운전불이행,건조,맑음,단일로 - 기타,승용,여,63세,중상,,,,
2014070100100268,2014년 7월 1일 14시,화요일,전라남도 장흥군 장흥읍,경상사고,0,0,1,0,차대차 - 추돌 - 진행중,기타,건조,맑음,단일로 - 기타,기타불명,기타불명,기타불명,기타불명,자전거,남,44세,경상
2014070100100269,2014년 7월 1일 14시,화요일,전라남도 해남군 옥천면,사망사고,1,0,0,0,차대사람 - 기타,안전운전불이행,건조,맑음,단일로 - 기타,승합,여,35세,상해없음,보행자,여,79세,사망
2014070100100350,2014년 7월 1일 16시,화요일,전라남도 순천시 연향동,경상사고,0,0,1,0,차대차 - 추돌 - 진행중,안전운전불이행,건조,맑음,교차로 - 교차로안,화물,남,61세,상해없음,승용,남,52세,경상
2014070100100351,2014년 7월 1일 16시,화요일,전라남도 광양시 옥곡면,경상사고,0,0,1,0,차대차 - 측면직각충돌,차로위반,건조,맑음,단일로 - 기타,화물,남,64세,상해없음,승용,남,35세,경상
2014070100100384,2014년 7월 1일 17시,화요일,전라남도 영광군 법성면,중상사고,0,1,0,0,차대차 - 정면충돌,안전운전불이행,건조,맑음,교차로 - 교차로안,승용,남,40세,상해없음,자전거,여,58세,중상
2014070100100430,2014년 7월 1일 18시,화요일,전라남도 목포시 남교동,경상사고,0,0,1,0,차대사람 - 기타,안전운전불이행,건조,흐림,교차로 - 교차로안,승용,남,45세,상해없음,보행자,남,8세,경상
2014070100100431,2014년 7월 1일 18시,화요일,전라남도 화순군 화순읍,부상신고사고,0,0,0,1,차대차 - 기타,중앙선침범,건조,맑음,단일로 - 기타,자전거,남,13세,부상신고,승용,여,51세,상해없음
2014070100100462,2014년 7월 1일 19시,화요일,전라남도 영암군 도포면,경상사고,0,0,1,0,차대차 - 기타,직진우회전진행방해,건조,맑음,교차로 - 교차로안,화물,남,23세,상해없음,이륜,여,76세,경상
2014070100100557,2014년 7월 1일 22시,화요일,전라남도 함평군 함평읍,경상사고,0,0,2,0,차대차 - 정면충돌,안전운전불이행,건조,맑음,교차로 - 교차로안,승용,여,49세,상해없음,승용,여,48세,경상
2014070100100575,2014년 7월 1일 23시,화요일,전라남도 영암군 영암읍,사망사고,1,0,0,0,차대차 - 기타,안전운전불이행,건조,맑음,단일로 - 기타,승용,남,39세,상해없음,승용,남,39세,상해없음
2014070200100031,2014년 7월 2일 02시,수요일,전라남도 목포시 산정동,경상사고,0,0,1,0,차대차 - 정면충돌,중앙선침범,건조,맑음,단일로 - 기타,화물,남,34세,경상,승용,남,47세,기타불명
2014070200100054,2014년 7월 2일 05시,수요일,전라남도 신안군 압해읍,중상사고,0,1,0,0,차대사람 - 기타,안전운전불이행,건조,맑음,단일로 - 기타,승용,남,33세,상해없음,보행자,남,71세,중상
2014070200100083,2014년 7월 2일 07시,수요일,전라남도 목포시 북교동,경상사고,0,0,1,0,차대차 - 추돌 - 주정차중,안전거리미확보,건조,맑음,교차로 - 교차로부근,승용,남,32세,상해없음,승용,남,35세,경상
2014070200100190,2014년 7월 2일 10시,수요일,전라남도 고흥군 고흥읍,중상사고,0,1,1,0,차대차 - 측면직각충돌,교차로운행방법위반,건조,맑음,교차로 - 교차로안,승용,여,40세,경상,원동기,남,65세,중상
2014070200100218,2014년 7월 2일 11시,수요일,전라남도 순천시 용당동,중상사고,0,1,0,0,차대차 - 측면직각충돌,신호위반,건조,흐림,교차로 - 교차로안,승용,남,75세,상해없음,이륜,여,58세,중상
2014070200100219,2014년 7월 2일 11시,수요일,전라남도 나주시 성북동,경상사고,0,0,2,0,차대차 - 정면충돌,중앙선침범,건조,맑음,단일로 - 기타,승용,남,22세,경상,승용,남,30세,경상
2014070200100220,2014년 7월 2일 11시,수요일,전라남도 영암군 삼호읍,경상사고,0,0,1,0,차대차 - 측면직각충돌,안전거리미확보,건조,맑음,교차로 - 교차로안,화물,남,55세,상해없음,승용,남,67세,경상
2014070200100221,2014년 7월 2일 11시,수요일,전라남도 곡성군 석곡면,중상사고,0,1,1,0,차대차 - 기타,안전운전불이행,건조,맑음,교차로 - 교차로부근,화물,남,45세,경상,승용,남,61세,중상
2014070200100243,2014년 7월 2일 12시,수요일,전라남도 광양시 마동,경상사고,0,0,1,1,차대차 - 기타,신호위반,습기,비,교차로 - 교차로안,승용,남,54세,부상신고,승용,여,33세,경상
2014070200100271,2014년 7월 2일 13시,수요일,전라남도 목포시 옥암동,경상사고,0,0,2,0,차대차 - 기타,안전운전불이행,습기,비,단일로 - 기타,화물,남,61세,상해없음,승용,남,55세,경상
2014070200100272,2014년 7월 2일 13시,수요일,전라남도 해남군 해남읍,중상사고,0,1,3,0,차대차 - 기타,교차로운행방법위반,기타,비,교차로 - 교차로안,승합,여,52세,경상,승합,남,43세,경상
2014070200100273,2014년 7월 2일 13시,수요일,전라남도 강진군 강진읍,경상사고,0,0,2,0,차대차 - 측면직각충돌,교차로운행방법위반,습기,비,교차로 - 교차로안,승용,남,17세,상해없음,승용,여,33세,경상
2014070200100307,2014년 7월 2일 14시,수요일,전라남도 순천시 왕지동,경상사고,0,0,1,1,차대차 - 측면직각충돌,신호위반,건조,맑음,교차로 - 교차로안,원동기,남,30세,부상신고,승용,여,31세,경상
2014070200100308,2014년 7월 2일 14시,수요일,전라남도 나주시 죽림동,경상사고,0,0,1,0,차대차 - 기타,안전운전불이행,습기,비,교차로 - 교차로부근,화물,남,66세,상해없음,승용,여,25세,경상
2014070200100309,2014년 7월 2일 14시,수요일,전라남도 강진군 대구면,경상사고,0,0,2,0,차대차 - 기타,중앙선침범,습기,비,단일로 - 기타,승용,여,70세,경상,승용,남,46세,경상
2014070200100310,2014년 7월 2일 14시,수요일,전라남도 담양군 창평면,경상사고,0,0,1,0,차대차 - 기타,안전운전불이행,습기,흐림,기타 - 기타,승용,남,66세,상해없음,승용,여,51세,상해없음
2014070200100331,2014년 7월 2일 15시,수요일,전라남도 순천시 용당동,중상사고,0,1,0,0,차대차 - 측면직각충돌,불법유턴,건조,맑음,교차로 - 교차로안,자전거,남,14세,중상,승용,남,68세,상해없음
2014070200100332,2014년 7월 2일 15시,수요일,전라남도 나주시 금천면,중상사고,0,2,0,0,차대차 - 정면충돌,직진우회전진행방해,습기,비,교차로 - 교차로부근,건설기계,남,40세,상해없음,승용,남,30세,중상
2014070200100333,2014년 7월 2일 15시,수요일,전라남도 강진군 성전면,중상사고,0,1,2,0,차량단독 - 공작물충돌,안전운전불이행,습기,비,단일로 - 기타,승용,여,50세,경상,,,,
2014070200100334,2014년 7월 2일 15시,수요일,전라남도 진도군 군내면,경상사고,0,0,1,0,차대차 - 정면충돌,중앙선침범,습기,비,단일로 - 기타,화물,남,20세,상해없음,화물,남,61세,경상
2014070200100367,2014년 7월 2일 16시,수요일,전라남도 순천시 풍덕동,중상사고,0,1,0,0,차대사람 - 기타,안전운전불이행,습기,비,단일로 - 기타,승용,여,54세,상해없음,보행자,남,61세,중상
2014070200100368,2014년 7월 2일 16시,수요일,전라남도 나주시 남평읍,경상사고,0,0,2,0,차대차 - 측면직각충돌,직진우회전진행방해,습기,비,교차로 - 교차로안,승용,남,19세,상해없음,승용,여,51세,경상
2014070200100405,2014년 7월 2일 17시,수요일,전라남도 담양군 담양읍,경상사고,0,0,1,0,차대사람 - 횡단중,안전운전불이행,습기,비,단일로 - 기타,승용,여,54세,상해없음,보행자,남,8세,경상
2014070200100453,2014년 7월 2일 18시,수요일,전라남도 목포시 산정동,중상사고,0,1,0,0,차대차 - 기타,안전운전불이행,습기,비,단일로 - 기타,승용,여,55세,상해없음,이륜,남,47세,중상
2014070200100454,2014년 7월 2일 18시,수요일,전라남도 여수시 돌산읍,중상사고,0,1,2,0,차대차 - 기타,중앙선침범,습기,비,단일로 - 기타,승용,여,38세,상해없음,승용,남,54세,경상
2014070200100455,2014년 7월 2일 18시,수요일,전라남도 여수시 공화동,경상사고,0,0,2,0,차대차 - 측면직각충돌,안전거리미확보,습기,비,교차로 - 교차로안,승합,남,18세,상해없음,승용,남,26세,경상
2014070200100485,2014년 7월 2일 19시,수요일,전라남도 목포시 용해동,경상사고,0,0,1,0,차대차 - 측면직각충돌,중앙선침범,건조,맑음,단일로 - 기타,승용,남,42세,상해없음,승용,남,33세,경상
2014070200100486,2014년 7월 2일 19시,수요일,전라남도 광양시 도이동,경상사고,0,0,3,0,차대차 - 기타,안전거리미확보,습기,비,교차로 - 교차로부근,승용,남,45세,경상,승용,남,36세,경상
2014070200100535,2014년 7월 2일 20시,수요일,전라남도 목포시 상동,경상사고,0,0,2,0,차대차 - 측면직각충돌,안전운전불이행,습기,비,단일로 - 기타,승용,남,42세,상해없음,승용,남,37세,경상
2014070200100536,2014년 7월 2일 20시,수요일,전라남도 순천시 가곡동,경상사고,0,0,1,0,차대차 - 측면직각충돌,교차로운행방법위반,습기,비,교차로 - 교차로안,승용,남,45세,경상,승용,남,53세,상해없음
2014070200100537,2014년 7월 2일 20시,수요일,전라남도 강진군 강진읍,중상사고,0,1,1,0,차대차 - 기타,신호위반,습기,맑음,교차로 - 교차로안,화물,남,68세,중상,화물,남,54세,경상
2014070200100581,2014년 7월 2일 21시,수요일,전라남도 순천시 조곡동,경상사고,0,0,2,1,차대차 - 기타,안전운전불이행,습기,비,교차로 - 교차로안,승합,남,51세,상해없음,화물,남,49세,경상
2014070200100582,2014년 7월 2일 21시,수요일,전라남도 광양시 광양읍,경상사고,0,0,1,0,차대차 - 기타,안전운전불이행,습기,비,교차로 - 교차로부근,승용,남,41세,경상,승용,여,29세,상해없음
2014070200100635,2014년 7월 2일 22시,수요일,전라남도 여수시 미평동,경상사고,0,0,2,0,차대차 - 기타,신호위반,습기,비,교차로 - 교차로안,승용,남,66세,상해없음,승용,여,44세,경상
2014070200100681,2014년 7월 2일 23시,수요일,전라남도 순천시 덕월동,중상사고,0,1,0,0,차대차 - 정면충돌,신호위반,습기,비,교차로 - 교차로안,승용,남,32세,중상,화물,남,45세,상해없음
2014070200100682,2014년 7월 2일 23시,수요일,전라남도 순천시 장천동,중상사고,0,1,0,0,차대사람 - 기타,안전운전불이행,습기,비,단일로 - 기타,승합,남,57세,상해없음,보행자,여,74세,중상
2014070300100039,2014년 7월 3일 01시,목요일,전라남도 여수시 여서동,경상사고,0,0,1,0,차대차 - 기타,안전운전불이행,습기,비,교차로 - 교차로안,승용,남,39세,상해없음,승용,남,58세,경상
2014070300100040,2014년 7월 3일 01시,목요일,전라남도 여수시 학동,경상사고,0,0,1,0,차대사람 - 길가장자리구역통행중,안전운전불이행,습기,비,단일로 - 기타,승용,남,44세,상해없음,보행자,여,23세,경상
2014070300100119,2014년 7월 3일 07시,목요일,전라남도 영암군 군서면,경상사고,0,0,1,0,차대차 - 측면직각충돌,직진우회전진행방해,습기,비,교차로 - 교차로안,승용,남,57세,상해없음,승용,남,30세,상해없음
2014070300100151,2014년 7월 3일 08시,목요일,전라남도 구례군 구례읍,경상사고,0,0,1,0,차대차 - 기타,직진우회전진행방해,건조,맑음,교차로 - 교차로안,승합,남,49세,상해없음,이륜,남,81세,경상
2014070300100185,2014년 7월 3일 09시,목요일,전라남도 순천시 주암면,중상사고,0,1,0,0,차량단독 - 기타,안전운전불이행,건조,맑음,단일로 - 기타,승합,남,21세,상해없음,,,,
2014070300100186,2014년 7월 3일 09시,목요일,전라남도 나주시 노안면,경상사고,0,0,1,0,차대차 - 기타,중앙선침범,기타,비,단일로 - 기타,승용,남,52세,상해없음,승용,남,46세,경상
2014070300100187,2014년 7월 3일 09시,목요일,전라남도 해남군 해남읍,경상사고,0,0,1,0,차대차 - 측면직각충돌,안전운전불이행,건조,맑음,단일로 - 기타,화물,남,66세,상해없음,건설기계,남,43세,경상
2014070300100188,2014년 7월 3일 09시,목요일,전라남도 강진군 강진읍,경상사고,0,0,1,0,차대사람 - 기타,안전운전불이행,건조,맑음,단일로 - 기타,승용,남,58세,상해없음,보행자,남,58세,경상
2014070300100213,2014년 7월 3일 10시,목요일,전라남도 순천시 조례동,경상사고,0,0,2,0,차대차 - 추돌 - 주정차중,안전운전불이행,건조,흐림,단일로 - 기타,승용,여,40세,상해없음,승용,여,48세,경상
2014070300100214,2014년 7월 3일 10시,목요일,전라남도 순천시 조례동,경상사고,0,0,1,0,차대차 - 추돌 - 주정차중,안전운전불이행,습기,흐림,교차로 - 교차로부근,화물,남,21세,상해없음,승용,남,31세,경상
2014070300100215,2014년 7월 3일 10시,목요일,전라남도 담양군 담양읍,경상사고,0,0,1,0,차대차 - 기타,안전거리미확보,습기,흐림,단일로 - 기타,화물,남,48세,상해없음,화물,남,26세,경상
2014070300100241,2014년 7월 3일 11시,목요일,전라남도 광양시 중동,중상사고,0,1,0,0,차대차 - 기타,신호위반,습기,비,교차로 - 교차로안,승용,여,41세,상해없음,승용,여,44세,중상
2014070300100242,2014년 7월 3일 11시,목요일,전라남도 구례군 토지면,중상사고,0,2,0,0,차대차 - 추돌 - 진행중,안전운전불이행,습기,비,단일로 - 기타,이륜,남,79세,중상,화물,남,45세,상해없음
2014070300100280,2014년 7월 3일 12시,목요일,전라남도 목포시 석현동,경상사고,0,0,2,0,차대차 - 측면직각충돌,신호위반,습기,비,교차로 - 교차로안,화물,남,49세,상해없음,승용,남,33세,경상
2014070300100307,2014년 7월 3일 13시,목요일,전라남도 나주시 금천면,경상사고,0,0,2,0,차대차 - 기타,안전운전불이행,건조,맑음,교차로 - 교차로부근,승용,남,43세,상해없음,승용,남,38세,경상
2014070300100368,2014년 7월 3일 15시,목요일,전라남도 목포시 명륜동,경상사고,0,0,1,0,차대사람 - 횡단중,안전운전불이행,습기,비,단일로 - 기타,승용,기타불명,기타불명,기타불명,보행자,남,18세,경상
2014070300100369,2014년 7월 3일 15시,목요일,전라남도 여수시 여서동,경상사고,0,0,1,0,차대사람 - 횡단중,보행자보호의무위반,습기,맑음,교차로 - 교차로안,승용,남,64세,상해없음,보행자,남,9세,경상
2014070300100370,2014년 7월 3일 15시,목요일,전라남도 무안군 삼향읍,경상사고,0,0,1,0,차대차 - 측면직각충돌,신호위반,습기,흐림,교차로 - 교차로안,승용,남,19세,상해없음,승용,남,56세,경상
2014070300100404,2014년 7월 3일 16시,목요일,전라남도 순천시 서면,부상신고사고,0,0,0,1,차대사람 - 횡단중,안전운전불이행,건조,맑음,교차로 - 교차로부근,기타불명,기타불명,기타불명,기타불명,보행자,남,75세,부상신고
2014070300100405,2014년 7월 3일 16시,목요일,전라남도 나주시 삼영동,경상사고,0,0,1,0,차대차 - 기타,안전운전불이행,건조,맑음,단일로 - 기타,화물,남,75세,상해없음,승용,남,47세,경상
2014070300100406,2014년 7월 3일 16시,목요일,전라남도 해남군 해남읍,경상사고,0,0,1,0,차대차 - 정면충돌,중앙선침범,습기,비,교차로 - 교차로부근,승합,남,53세,상해없음,승용,여,30세,경상
2014070300100440,2014년 7월 3일 17시,목요일,전라남도 여수시 여서동,중상사고,0,1,1,0,차대차 - 기타,교차로운행방법위반,습기,비,교차로 - 교차로안,승용,남,52세,상해없음,이륜,남,24세,중상
2014070300100441,2014년 7월 3일 17시,목요일,전라남도 장성군 장성읍,경상사고,0,0,3,0,차대차 - 기타,안전운전불이행,건조,맑음,단일로 - 기타,화물,남,75세,상해없음,승용,여,40세,경상
2014070300100476,2014년 7월 3일 18시,목요일,전라남도 나주시 송월동,경상사고,0,0,2,0,차대차 - 기타,안전운전불이행,습기,비,교차로 - 교차로부근,원동기,남,34세,경상,승용,여,40세,경상
2014070300100477,2014년 7월 3일 18시,목요일,전라남도 영암군 영암읍,경상사고,0,0,1,0,차량단독 - 전도전복,기타,습기,비,단일로 - 기타,화물,남,53세,경상,,,,
2014070300100478,2014년 7월 3일 18시,목요일,전라남도 영암군 삼호읍,중상사고,0,2,0,0,차량단독 - 기타,안전운전불이행,습기,비,단일로 - 기타,승용,남,61세,중상,,,,
2014070300100516,2014년 7월 3일 19시,목요일,전라남도 목포시 산정동,경상사고,0,0,2,0,차대차 - 측면직각충돌,직진우회전진행방해,건조,흐림,교차로 - 교차로안,승용,남,47세,상해없음,원동기,남,31세,상해없음
2014070300100545,2014년 7월 3일 20시,목요일,전라남도 화순군 화순읍,경상사고,0,0,1,0,차대사람 - 길가장자리구역통행중,안전운전불이행,습기,비,단일로 - 기타,기타불명,기타불명,기타불명,기타불명,보행자,남,48세,경상
2014070300100546,2014년 7월 3일 20시,목요일,전라남도 영암군 삼호읍,경상사고,0,0,2,0,차대차 - 측면직각충돌,직진우회전진행방해,습기,비,교차로 - 교차로안,승용,여,56세,경상,승합,여,54세,경상
2014070300100582,2014년 7월 3일 21시,목요일,전라남도 해남군 계곡면,중상사고,0,1,1,0,차대차 - 추돌 - 진행중,안전운전불이행,습기,비,단일로 - 기타,승용,남,52세,중상,승합,남,50세,경상
2014070300100646,2014년 7월 3일 23시,목요일,전라남도 여수시 선원동,경상사고,0,0,2,0,차대차 - 추돌 - 주정차중,안전운전불이행,습기,맑음,단일로 - 기타,승용,남,38세,상해없음,승용,남,52세,경상
2014070400100010,2014년 7월 4일 00시,금요일,전라남도 여수시 문수동,경상사고,0,0,1,0,차대사람 - 기타,안전운전불이행,건조,맑음,단일로 - 기타,승용,남,45세,상해없음,보행자,남,29세,경상
2014070400100026,2014년 7월 4일 01시,금요일,전라남도 목포시 옥암동,중상사고,0,1,0,0,차대사람 - 기타,안전운전불이행,건조,흐림,교차로 - 교차로안,승용,남,51세,상해없음,보행자,남,41세,중상
2014070400100027,2014년 7월 4일 01시,금요일,전라남도 순천시 조곡동,경상사고,0,0,1,0,차대사람 - 횡단중,보행자보호의무위반,습기,비,단일로 - 횡단보도상,승용,기타불명,기타불명,기타불명,보행자,여,54세,경상
2014070400100044,2014년 7월 4일 02시,금요일,전라남도 여수시 학동,경상사고,0,0,3,0,차대차 - 추돌 - 주정차중,안전운전불이행,건조,맑음,단일로 - 기타,승용,여,35세,상해없음,승용,남,35세,경상
2014070400100073,2014년 7월 4일 05시,금요일,전라남도 여수시 광무동,중상사고,0,1,0,0,차대차 - 기타,안전운전불이행,건조,맑음,단일로 - 기타,승용,남,36세,기타불명,자전거,남,64세,중상
2014070400100093,2014년 7월 4일 06시,금요일,전라남도 목포시 용당동,경상사고,0,0,3,0,차대차 - 측면직각충돌,신호위반,습기,흐림,교차로 - 교차로안,승용,남,25세,경상,승용,남,49세,경상
2014070400100094,2014년 7월 4일 06시,금요일,전라남도 목포시 용해동,경상사고,0,0,1,0,차대차 - 측면직각충돌,안전운전불이행,건조,흐림,교차로 - 교차로부근,승용,남,56세,상해없음,승용,남,34세,경상
2014070400100095,2014년 7월 4일 06시,금요일,전라남도 함평군 함평읍,경상사고,0,0,1,0,차량단독 - 도로외이탈 - 추락,안전운전불이행,습기,비,단일로 - 기타,화물,남,23세,경상,,,,
2014070400100096,2014년 7월 4일 06시,금요일,전라남도 광양시 광양읍,경상사고,0,0,5,0,차대차 - 기타,신호위반,건조,흐림,교차로 - 교차로부근,승용,남,58세,상해없음,승용,남,43세,경상
2014070400100108,2014년 7월 4일 07시,금요일,전라남도 나주시 다시면,경상사고,0,0,1,0,차대차 - 기타,안전운전불이행,건조,맑음,교차로 - 교차로안,화물,남,45세,상해없음,승용,여,51세,경상
2014070400100144,2014년 7월 4일 08시,금요일,전라남도 해남군 옥천면,경상사고,0,0,1,0,차대차 - 측면직각충돌,중앙선침범,건조,맑음,단일로 - 기타,화물,남,62세,상해없음,승용,여,46세,경상
2014070400100145,2014년 7월 4일 08시,금요일,전라남도 보성군 보성읍,중상사고,0,1,0,0,차대차 - 기타,안전운전불이행,건조,맑음,교차로 - 교차로안,승용,여,44세,상해없음,원동기,남,66세,중상
2014070400100216,2014년 7월 4일 11시,금요일,전라남도 순천시 조곡동,중상사고,0,1,0,0,차대사람 - 횡단중,보행자보호의무위반,건조,맑음,단일로 - 기타,자전거,남,57세,상해없음,보행자,여,72세,중상
2014070400100217,2014년 7월 4일 11시,금요일,전라남도 고흥군 고흥읍,중상사고,0,1,0,0,차대사람 - 기타,안전운전불이행,건조,맑음,교차로 - 교차로안,화물,남,34세,상해없음,보행자,남,64세,중상
2014070400100218,2014년 7월 4일 11시,금요일,전라남도 광양시 도이동,경상사고,0,0,1,0,차대차 - 추돌 - 주정차중,안전운전불이행,건조,맑음,단일로 - 기타,화물,남,40세,상해없음,화물,남,44세,경상
2014070400100291,2014년 7월 4일 13시,금요일,전라남도 완도군 고금면,경상사고,0,0,2,0,차량단독 - 도로외이탈 - 기타,안전운전불이행,건조,맑음,단일로 - 기타,화물,남,71세,경상,,,,
2014070400100401,2014년 7월 4일 16시,금요일,전라남도 여수시 평여동,경상사고,0,0,1,0,차대차 - 추돌 - 진행중,안전운전불이행,건조,맑음,교차로 - 교차로부근,특수,남,37세,상해없음,화물,남,39세,경상
2014070400100402,2014년 7월 4일 16시,금요일,전라남도 완도군 신지면,중상사고,0,1,0,0,차대차 - 추돌 - 진행중,안전운전불이행,건조,맑음,단일로 - 기타,기타불명,기타불명,기타불명,기타불명,자전거,여,11세,중상
2014070400100450,2014년 7월 4일 17시,금요일,전라남도 광양시 금호동,경상사고,0,0,1,0,차대사람 - 기타,안전운전불이행,건조,흐림,단일로 - 기타,승용,여,39세,상해없음,보행자,남,7세,경상
2014070400100517,2014년 7월 4일 18시,금요일,전라남도 여수시 문수동,경상사고,0,0,1,0,차대사람 - 보도통행중,기타,건조,맑음,기타 - 기타,원동기,남,18세,상해없음,보행자,여,15세,경상
2014070400100518,2014년 7월 4일 18시,금요일,전라남도 해남군 현산면,경상사고,0,0,2,0,차대차 - 측면직각충돌,신호위반,건조,맑음,교차로 - 교차로안,화물,남,61세,경상,화물,남,59세,경상
2014070400100519,2014년 7월 4일 18시,금요일,전라남도 담양군 담양읍,경상사고,0,0,2,0,차대차 - 측면직각충돌,안전운전불이행,건조,맑음,교차로 - 교차로안,승용,남,39세,경상,화물,남,64세,경상
2014070400100589,2014년 7월 4일 20시,금요일,전라남도 여수시 학동,경상사고,0,0,1,0,차대사람 - 기타,안전운전불이행,건조,맑음,단일로 - 기타,승용,남,52세,상해없음,보행자,여,21세,경상
2014070400100590,2014년 7월 4일 20시,금요일,전라남도 순천시 조례동,경상사고,0,0,1,0,차대차 - 추돌 - 주정차중,안전운전불이행,건조,맑음,단일로 - 기타,승용,남,57세,상해없음,승용,여,26세,경상
2014070400100677,2014년 7월 4일 22시,금요일,전라남도 목포시 옥암동,경상사고,0,0,4,0,차대차 - 측면직각충돌,신호위반,건조,맑음,교차로 - 교차로안,승용,남,65세,상해없음,승용,남,67세,경상
2014070400100678,2014년 7월 4일 22시,금요일,전라남도 화순군 화순읍,중상사고,0,1,0,0,차대차 - 측면직각충돌,교차로운행방법위반,건조,맑음,교차로 - 교차로안,자전거,남,15세,중상,승용,여,52세,상해없음
2014070500100040,2014년 7월 5일 01시,토요일,전라남도 여수시 학동,경상사고,0,0,1,0,차대사람 - 기타,안전운전불이행,건조,맑음,교차로 - 교차로안,승용,남,33세,상해없음,보행자,남,56세,경상
2014070500100041,2014년 7월 5일 01시,토요일,전라남도 여수시 신기동,중상사고,0,1,3,0,차대차 - 추돌 - 진행중,안전운전불이행,건조,맑음,단일로 - 기타,승용,남,54세,상해없음,승합,남,40세,경상
2014070500100042,2014년 7월 5일 01시,토요일,전라남도 순천시 연향동,경상사고,0,0,1,0,차대차 - 측면직각충돌,안전운전불이행,건조,맑음,단일로 - 기타,승용,남,46세,상해없음,이륜,남,16세,경상
2014070500100080,2014년 7월 5일 04시,토요일,전라남도 광양시 금호동,중상사고,0,1,0,0,차량단독 - 기타,안전운전불이행,건조,흐림,단일로 - 기타,승용,남,39세,중상,,,,
2014070500100116,2014년 7월 5일 06시,토요일,전라남도 여수시 문수동,사망사고,1,0,0,0,차대사람 - 횡단중,보행자보호의무위반,건조,맑음,단일로 - 횡단보도상,승합,남,22세,상해없음,보행자,여,72세,사망
2014070500100128,2014년 7월 5일 07시,토요일,전라남도 목포시 상락동1가,경상사고,0,0,1,0,차대차 - 추돌 - 진행중,안전운전불이행,건조,맑음,단일로 - 기타,승용,남,29세,상해없음,승용,남,59세,경상
2014070500100147,2014년 7월 5일 08시,토요일,전라남도 여수시 여서동,경상사고,0,0,1,0,차대차 - 추돌 - 진행중,안전운전불이행,건조,맑음,단일로 - 기타,승용,여,53세,상해없음,승용,여,53세,경상
2014070500100148,2014년 7월 5일 08시,토요일,전라남도 순천시 조례동,중상사고,0,1,0,0,차대차 - 기타,안전운전불이행,건조,맑음,교차로 - 교차로안,자전거,남,82세,중상,승용,여,27세,상해없음
2014070500100167,2014년 7월 5일 09시,토요일,전라남도 순천시 해룡면,사망사고,1,0,1,0,차대차 - 기타,안전거리미확보,건조,맑음,단일로 - 기타,특수,남,24세,상해없음,승용,남,60세,사망
2014070500100250,2014년 7월 5일 12시,토요일,전라남도 고흥군 고흥읍,경상사고,0,0,1,0,차대사람 - 기타,안전운전불이행,건조,맑음,교차로 - 교차로안,승용,남,38세,상해없음,보행자,남,5세,경상
2014070500100251,2014년 7월 5일 12시,토요일,전라남도 무안군 삼향읍,중상사고,0,3,3,0,차대차 - 측면직각충돌,신호위반,건조,흐림,교차로 - 교차로안,화물,남,58세,중상,승용,남,54세,경상
2014070500100283,2014년 7월 5일 13시,토요일,전라남도 여수시 군자동,경상사고,0,0,2,0,차대차 - 기타,안전운전불이행,건조,맑음,단일로 - 기타,승용,여,45세,상해없음,승합,남,42세,상해없음
2014070500100284,2014년 7월 5일 13시,토요일,전라남도 장흥군 장흥읍,중상사고,0,1,3,0,차대차 - 추돌 - 주정차중,안전운전불이행,건조,맑음,교차로 - 교차로부근,화물,남,40세,경상,승용,여,42세,중상
2014070500100317,2014년 7월 5일 14시,토요일,전라남도 담양군 담양읍,경상사고,0,0,1,0,차량단독 - 기타,안전운전불이행,건조,맑음,단일로 - 기타,승용,남,76세,상해없음,,,,
2014070500100453,2014년 7월 5일 18시,토요일,전라남도 순천시 덕월동,경상사고,0,0,1,0,차대차 - 측면직각충돌,직진우회전진행방해,건조,맑음,교차로 - 교차로부근,승용,남,59세,상해없음,이륜,남,27세,경상
2014070500100454,2014년 7월 5일 18시,토요일,전라남도 광양시 광양읍,경상사고,0,0,2,0,차대차 - 기타,차로위반,건조,맑음,단일로 - 기타,승용,남,39세,상해없음,승용,남,55세,상해없음
2014070500100485,2014년 7월 5일 19시,토요일,전라남도 순천시 가곡동,경상사고,0,0,1,0,차대사람 - 차도통행중,안전운전불이행,건조,맑음,기타 - 기타,승용,여,55세,상해없음,보행자,남,62세,경상
2014070500100486,2014년 7월 5일 19시,토요일,전라남도 순천시 왕지동,경상사고,0,0,1,0,차대사람 - 기타,안전운전불이행,건조,맑음,단일로 - 기타,원동기,남,16세,상해없음,보행자,여,8세,경상
2014070500100513,2014년 7월 5일 20시,토요일,전라남도 목포시 북교동,경상사고,0,0,1,0,차대차 - 측면직각충돌,교차로운행방법위반,건조,맑음,교차로 - 교차로안,승용,남,23세,상해없음,자전거,남,15세,경상
2014070500100514,2014년 7월 5일 20시,토요일,전라남도 영광군 영광읍,사망사고,1,0,0,0,차대사람 - 횡단중,안전운전불이행,습기,비,단일로 - 기타,승용,남,54세,상해없음,보행자,여,77세,사망