사고번호,사고일시,요일,시군구,사고내용,사망자수,중상자수,경상자수,부상신고자수,사고유형,법규위반,노면상태,기상상태,도로형태,가해운전자 차종,가해운전자 성별,가해운전자 연령,가해운전자 상해정도,피해운전자 차종,피해운전자 성별,피해운전자 연령,피해운전자 상해정도
2014070500100551,2014년 7월 5일 21시,토요일,전라남도 여수시 화양면,중상사고,0,1,0,0,차량단독 - 공작물충돌,안전운전불이행,건조,맑음,교차로 - 교차로부근,승용,남,40세,상해없음,,,,
2014070500100552,2014년 7월 5일 21시,토요일,전라남도 영광군 불갑면,경상사고,0,0,2,0,차대차 - 측면직각충돌,교차로운행방법위반,건조,맑음,교차로 - 교차로안,승용,여,52세,상해없음,화물,남,36세,경상
2014070600100032,2014년 7월 6일 01시,일요일,전라남도 광양시 광양읍,경상사고,0,0,4,0,차대차 - 측면직각충돌,직진우회전진행방해,습기,비,교차로 - 교차로안,승용,남,42세,경상,승용,여,30세,경상
2014070600100044,2014년 7월 6일 02시,일요일,전라남도 여수시 둔덕동,경상사고,0,0,1,0,차대차 - 추돌 - 주정차중,안전운전불이행,건조,맑음,교차로 - 교차로부근,화물,남,51세,상해없음,승용,남,26세,경상
2014070600100087,2014년 7월 6일 05시,일요일,전라남도 순천시 서면,경상사고,0,0,1,0,차량단독 - 기타,안전운전불이행,습기,비,단일로 - 기타,승용,여,24세,경상,,,,
2014070600100110,2014년 7월 6일 07시,일요일,전라남도 여수시 웅천동,경상사고,0,0,2,0,차대차 - 추돌 - 진행중,안전운전불이행,습기,비,교차로 - 교차로부근,승용,남,26세,상해없음,승용,남,33세,경상
2014070600100129,2014년 7월 6일 08시,일요일,전라남도 순천시 해룡면,경상사고,0,0,1,0,차량단독 - 공작물충돌,안전운전불이행,습기,비,단일로 - 기타,승용,남,42세,경상,,,,
2014070600100147,2014년 7월 6일 09시,일요일,전라남도 여수시 문수동,경상사고,0,0,2,0,차대차 - 추돌 - 주정차중,안전거리미확보,건조,맑음,단일로 - 기타,승용,남,32세,상해없음,승용,남,35세,경상
2014070600100195,2014년 7월 6일 11시,일요일,전라남도 순천시 서면,경상사고,0,0,1,0,차대차 - 기타,안전운전불이행,습기,흐림,단일로 - 기타,승용,남,49세,상해없음,승용,남,36세,경상
2014070600100196,2014년 7월 6일 11시,일요일,전라남도 광양시 성황동,경상사고,0,0,2,0,차대차 - 추돌 - 진행중,안전운전불이행,습기,비,단일로 - 기타,승용,여,41세,상해없음,승용,남,24세,경상
2014070600100219,2014년 7월 6일 12시,일요일,전라남도 영암군 삼호읍,경상사고,0,0,2,0,차대차 - 추돌 - 주정차중,안전운전불이행,습기,비,교차로 - 교차로부근,화물,여,60세,경상,승용,남,67세,경상
2014070600100220,2014년 7월 6일 12시,일요일,전라남도 광양시 광양읍,중상사고,0,1,0,0,차대사람 - 횡단중,보행자보호의무위반,습기,비,교차로 - 교차로안,승용,남,43세,상해없음,보행자,여,84세,중상
2014070600100253,2014년 7월 6일 13시,일요일,전라남도 해남군 북평면,중상사고,0,1,4,0,차대차 - 기타,안전거리미확보,기타,비,단일로 - 기타,승용,여,63세,상해없음,승용,남,78세,경상
2014070600100307,2014년 7월 6일 15시,일요일,전라남도 광양시 광양읍,중상사고,0,1,1,0,차대차 - 추돌 - 진행중,안전운전불이행,건조,맑음,교차로 - 교차로부근,승합,남,42세,상해없음,승용,남,63세,경상
2014070600100345,2014년 7월 6일 16시,일요일,전라남도 여수시 신기동,경상사고,0,0,1,0,차대차 - 기타,안전운전불이행,습기,흐림,교차로 - 교차로부근,승용,남,40세,상해없음,이륜,남,22세,경상
2014070600100380,2014년 7월 6일 17시,일요일,전라남도 순천시 동외동,경상사고,0,0,1,0,차대차 - 기타,중앙선침범,습기,비,교차로 - 교차로부근,승용,남,61세,상해없음,원동기,남,26세,경상
2014070600100381,2014년 7월 6일 17시,일요일,전라남도 담양군 고서면,중상사고,0,1,0,0,차량단독 - 공작물충돌,안전운전불이행,건조,맑음,단일로 - 기타,승용,남,43세,중상,,,,
2014070600100450,2014년 7월 6일 19시,일요일,전라남도 목포시 산정동,경상사고,0,0,4,0,차대차 - 기타,안전운전불이행,건조,맑음,단일로 - 기타,승용,남,27세,경상,화물,남,36세,경상
2014070600100451,2014년 7월 6일 19시,일요일,전라남도 목포시 상동,경상사고,0,0,1,0,차대차 - 추돌 - 진행중,안전운전불이행,건조,맑음,단일로 - 기타,화물,남,29세,상해없음,승용,남,40세,경상
2014070700100008,2014년 7월 7일 00시,월요일,전라남도 순천시 연향동,경상사고,0,0,3,0,차대차 - 측면직각충돌,안전운전불이행,습기,비,교차로 - 교차로부근,승용,남,46세,상해없음,승용,남,48세,경상
2014070700100028,2014년 7월 7일 02시,월요일,전라남도 진도군 진도읍,경상사고,0,0,1,0,차량단독 - 공작물충돌,안전운전불이행,건조,맑음,단일로 - 기타,승용,남,47세,경상,,,,
2014070700100068,2014년 7월 7일 06시,월요일,전라남도 영암군 삼호읍,경상사고,0,0,2,0,차대차 - 측면직각충돌,신호위반,건조,맑음,교차로 - 교차로안,승용,남,47세,경상,승용,남,35세,경상
2014070700100088,2014년 7월 7일 07시,월요일,전라남도 목포시 용해동,경상사고,0,0,2,0,차대차 - 기타,안전운전불이행,건조,맑음,기타 - 기타,승합,남,65세,상해없음,승용,남,57세,경상
2014070700100133,2014년 7월 7일 08시,월요일,전라남도 화순군 남면,중상사고,0,3,1,0,차량단독 - 도로외이탈 - 추락,안전운전불이행,건조,맑음,단일로 - 기타,화물,남,63세,상해없음,,,,
2014070700100209,2014년 7월 7일 10시,월요일,전라남도 해남군 화산면,경상사고,0,0,2,0,차대차 - 정면충돌,중앙선침범,건조,맑음,단일로 - 기타,화물,남,66세,경상,승용,남,39세,경상
2014070700100241,2014년 7월 7일 11시,월요일,전라남도 목포시 연산동,경상사고,0,0,2,0,차대차 - 측면직각충돌,안전운전불이행,건조,맑음,단일로 - 기타,화물,남,47세,상해없음,승용,여,39세,경상
2014070700100270,2014년 7월 7일 12시,월요일,전라남도 담양군 금성면,경상사고,0,0,7,0,차대차 - 기타,직진우회전진행방해,건조,흐림,교차로 - 교차로안,승용,남,27세,상해없음,승용,남,38세,경상
2014070700100323,2014년 7월 7일 14시,월요일,전라남도 순천시 해룡면,경상사고,0,0,1,0,차대차 - 추돌 - 주정차중,안전운전불이행,건조,맑음,단일로 - 기타,승용,여,59세,상해없음,승용,남,34세,상해없음
2014070700100324,2014년 7월 7일 14시,월요일,전라남도 나주시 세지면,경상사고,0,0,2,0,차대차 - 측면직각충돌,직진우회전진행방해,건조,맑음,교차로 - 교차로안,승용,남,71세,경상,화물,남,47세,경상
2014070700100325,2014년 7월 7일 14시,월요일,전라남도 함평군 함평읍,경상사고,0,0,1,5,차대차 - 추돌 - 주정차중,안전운전불이행,건조,맑음,교차로 - 교차로부근,승합,남,64세,상해없음,승용,남,59세,경상
2014070700100384,2014년 7월 7일 16시,월요일,전라남도 여수시 신기동,경상사고,0,0,1,0,차대차 - 추돌 - 주정차중,안전운전불이행,건조,맑음,단일로 - 기타,화물,남,36세,상해없음,승합,남,45세,상해없음
2014070700100385,2014년 7월 7일 16시,월요일,전라남도 여수시 관문동,중상사고,0,1,0,0,차대사람 - 횡단중,안전운전불이행,건조,맑음,단일로 - 기타,승용,남,45세,상해없음,보행자,남,13세,중상
2014070700100386,2014년 7월 7일 16시,월요일,전라남도 영암군 영암읍,경상사고,0,0,2,0,차대차 - 측면직각충돌,안전운전불이행,건조,맑음,단일로 - 기타,승용,여,45세,상해없음,승용,여,48세,경상
2014070700100416,2014년 7월 7일 17시,월요일,전라남도 여수시 웅천동,경상사고,0,0,2,0,차대차 - 측면직각충돌,신호위반,습기,흐림,교차로 - 교차로안,승용,남,31세,경상,승용,남,27세,경상
2014070700100453,2014년 7월 7일 18시,월요일,전라남도 영암군 삼호읍,중상사고,0,1,0,0,차대차 - 기타,안전운전불이행,건조,맑음,교차로 - 교차로부근,승용,여,47세,상해없음,자전거,남,27세,중상
2014070700100480,2014년 7월 7일 19시,월요일,전라남도 해남군 문내면,경상사고,0,0,1,0,차대사람 - 기타,안전운전불이행,건조,맑음,교차로 - 교차로부근,승합,남,55세,상해없음,보행자,여,60세,경상
2014070700100507,2014년 7월 7일 20시,월요일,전라남도 영암군 삼호읍,경상사고,0,0,1,0,차대차 - 기타,안전운전불이행,건조,맑음,단일로 - 기타,승용,남,25세,상해없음,자전거,남,31세,경상
2014070700100508,2014년 7월 7일 20시,월요일,전라남도 광양시 중동,경상사고,0,0,1,0,차대차 - 추돌 - 진행중,안전운전불이행,습기,비,단일로 - 기타,승용,남,56세,상해없음,승용,여,37세,경상
2014070700100535,2014년 7월 7일 21시,월요일,전라남도 목포시 용당동,경상사고,0,0,9,0,차대차 - 추돌 - 주정차중,안전운전불이행,습기,흐림,단일로 - 기타,승용,남,44세,상해없음,승합,여,38세,경상
2014070700100536,2014년 7월 7일 21시,월요일,전라남도 목포시 상동,경상사고,0,0,6,0,차대차 - 측면직각충돌,중앙선침범,건조,흐림,단일로 - 기타,승용,남,44세,경상,승합,남,35세,경상
2014070800100014,2014년 7월 8일 00시,화요일,전라남도 무안군 삼향읍,중상사고,0,2,0,0,차대차 - 기타,안전운전불이행,건조,맑음,단일로 - 기타,승용,남,37세,중상,화물,여,30세,중상
2014070800100151,2014년 7월 8일 08시,화요일,전라남도 신안군 도초면,중상사고,0,2,3,0,차대차 - 측면직각충돌,교차로운행방법위반,건조,맑음,교차로 - 교차로안,승용,남,56세,경상,승용,남,67세,경상
2014070800100152,2014년 7월 8일 08시,화요일,전라남도 함평군 손불면,사망사고,1,0,0,0,차대차 - 측면직각충돌,교차로운행방법위반,건조,맑음,교차로 - 교차로안,승합,남,57세,상해없음,원동기,남,76세,사망
2014070800100180,2014년 7월 8일 09시,화요일,전라남도 나주시 중앙동,중상사고,0,1,0,0,차량단독 - 기타,기타,건조,맑음,기타 - 기타,승합,남,53세,상해없음,,,,
2014070800100181,2014년 7월 8일 09시,화요일,전라남도 진도군 군내면,중상사고,0,2,1,0,차대차 - 정면충돌,중앙선침범,건조,맑음,단일로 - 기타,승용,남,67세,상해없음,승용,남,36세,경상
2014070800100210,2014년 7월 8일 10시,화요일,전라남도 곡성군 곡성읍,중상사고,0,1,0,0,차대차 - 기타,안전운전불이행,습기,흐림,교차로 - 교차로안,승용,여,41세,상해없음,원동기,남,72세,중상
2014070800100240,2014년 7월 8일 11시,화요일,전라남도 순천시 연향동,중상사고,0,1,0,0,차대사람 - 기타,안전운전불이행,습기,흐림,단일로 - 기타,승용,여,39세,상해없음,보행자,남,77세,중상
2014070800100241,2014년 7월 8일 11시,화요일,전라남도 해남군 마산면,중상사고,0,1,0,0,차대차 - 기타,안전운전불이행,습기,비,교차로 - 교차로안,원동기,남,71세,중상,승용,남,38세,상해없음
2014070800100242,2014년 7월 8일 11시,화요일,전라남도 곡성군 죽곡면,중상사고,0,2,0,0,차대차 - 기타,안전운전불이행,건조,맑음,단일로 - 기타,특수,남,30세,상해없음,승용,남,72세,중상
2014070800100278,2014년 7월 8일 12시,화요일,전라남도 구례군 구례읍,부상신고사고,0,0,0,1,차대차 - 기타,신호위반,건조,맑음,교차로 - 교차로안,이륜,남,78세,부상신고,승용,남,71세,상해없음
2014070800100311,2014년 7월 8일 13시,화요일,전라남도 영암군 삼호읍,경상사고,0,0,1,0,차대차 - 측면직각충돌,교차로운행방법위반,건조,맑음,교차로 - 교차로안,자전거,남,15세,경상,승용,남,46세,상해없음
2014070800100312,2014년 7월 8일 13시,화요일,전라남도 곡성군 곡성읍,경상사고,0,0,1,0,차대차 - 기타,안전운전불이행,건조,맑음,단일로 - 기타,농기계,남,56세,경상,승용,남,31세,상해없음
2014070800100340,2014년 7월 8일 14시,화요일,전라남도 목포시 연산동,경상사고,0,0,2,0,차대차 - 추돌 - 진행중,차로위반,건조,맑음,단일로 - 기타,승용,남,65세,상해없음,승용,여,32세,경상
2014070800100341,2014년 7월 8일 14시,화요일,전라남도 여수시 웅천동,경상사고,0,0,2,0,차대차 - 정면충돌,신호위반,습기,맑음,교차로 - 교차로안,화물,남,44세,경상,건설기계,남,40세,경상
2014070800100342,2014년 7월 8일 14시,화요일,전라남도 순천시 덕암동,경상사고,0,0,1,0,차대차 - 측면직각충돌,직진우회전진행방해,건조,맑음,교차로 - 교차로안,승용,남,39세,기타불명,승용,여,53세,경상
2014070800100343,2014년 7월 8일 14시,화요일,전라남도 화순군 동면,중상사고,0,1,0,0,차량단독 - 전도전복,안전운전불이행,건조,맑음,단일로 - 기타,원동기,남,64세,중상,,,,
2014070800100344,2014년 7월 8일 14시,화요일,전라남도 영암군 삼호읍,경상사고,0,0,1,0,차량단독 - 전도전복,안전운전불이행,건조,흐림,단일로 - 기타,승용,여,47세,경상,,,,
2014070800100386,2014년 7월 8일 15시,화요일,전라남도 나주시 봉황면,중상사고,0,2,2,0,차대차 - 측면직각충돌,교차로운행방법위반,건조,맑음,교차로 - 교차로안,승용,남,41세,경상,건설기계,남,53세,상해없음
2014070800100387,2014년 7월 8일 15시,화요일,전라남도 영암군 도포면,사망사고,1,0,0,0,차량단독 - 전도전복,안전운전불이행,건조,맑음,단일로 - 기타,농기계,남,67세,사망,,,,
2014070800100388,2014년 7월 8일 15시,화요일,전라남도 곡성군 옥과면,경상사고,0,0,1,0,차대차 - 기타,안전운전불이행,건조,맑음,단일로 - 기타,화물,남,66세,상해없음,원동기,남,69세,경상
2014070800100389,2014년 7월 8일 15시,화요일,전라남도 광양시 광양읍,중상사고,0,1,0,0,차대차 - 측면직각충돌,교차로운행방법위반,습기,비,교차로 - 교차로안,승용,남,58세,상해없음,이륜,남,71세,중상
2014070800100430,2014년 7월 8일 16시,화요일,전라남도 목포시 상동,경상사고,0,0,1,0,차대사람 - 기타,안전운전불이행,건조,맑음,기타 - 기타,승용,여,38세,상해없음,보행자,남,28세,경상
2014070800100431,2014년 7월 8일 16시,화요일,전라남도 화순군 이양면,경상사고,0,0,1,0,차량단독 - 공작물충돌,안전운전불이행,건조,맑음,단일로 - 기타,이륜,남,80세,경상,,,,
2014070800100459,2014년 7월 8일 17시,화요일,전라남도 순천시 가곡동,경상사고,0,0,1,0,차대차 - 기타,신호위반,건조,맑음,교차로 - 교차로안,승용,여,43세,상해없음,특수,남,35세,경상
2014070800100502,2014년 7월 8일 18시,화요일,전라남도 순천시 조례동,경상사고,0,0,1,0,차량단독 - 공작물충돌,안전운전불이행,습기,비,단일로 - 기타,승용,남,26세,경상,,,,
2014070800100578,2014년 7월 8일 20시,화요일,전라남도 순천시 외서면,중상사고,0,3,3,1,차량단독 - 공작물충돌,안전운전불이행,습기,비,단일로 - 기타,승합,남,57세,중상,,,,
2014070800100605,2014년 7월 8일 21시,화요일,전라남도 광양시 중동,경상사고,0,0,3,0,차대차 - 추돌 - 주정차중,안전운전불이행,건조,맑음,교차로 - 교차로부근,승용,여,29세,상해없음,승용,여,43세,경상
2014070800100632,2014년 7월 8일 22시,화요일,전라남도 장성군 황룡면,경상사고,0,0,2,1,차대차 - 기타,직진우회전진행방해,건조,맑음,교차로 - 교차로안,화물,남,49세,부상신고,승용,남,32세,경상
2014070800100663,2014년 7월 8일 23시,화요일,전라남도 여수시 소라면,경상사고,0,0,1,0,차대사람 - 차도통행중,안전운전불이행,건조,맑음,단일로 - 기타,기타불명,기타불명,기타불명,기타불명,보행자,남,35세,경상
2014070800100664,2014년 7월 8일 23시,화요일,전라남도 장흥군 부산면,경상사고,0,0,1,0,차대차 - 정면충돌,중앙선침범,습기,흐림,단일로 - 기타,승합,남,54세,상해없음,승용,남,39세,경상
2014070800100665,2014년 7월 8일 23시,화요일,전라남도 영암군 삼호읍,경상사고,0,0,4,0,차대차 - 추돌 - 진행중,안전거리미확보,건조,맑음,단일로 - 기타,승용,남,46세,경상,승용,남,20세,경상
2014070900100098,2014년 7월 9일 07시,수요일,전라남도 여수시 율촌면,중상사고,0,1,2,0,차대차 - 측면직각충돌,직진우회전진행방해,습기,비,교차로 - 교차로안,승용,남,43세,중상,화물,남,34세,경상
2014070900100099,2014년 7월 9일 07시,수요일,전라남도 광양시 광양읍,부상신고사고,0,0,0,1,차대차 - 추돌 - 주정차중,안전운전불이행,습기,흐림,교차로 - 교차로부근,승용,남,46세,부상신고,승합,남,46세,기타불명
2014070900100100,2014년 7월 9일 07시,수요일,전라남도 광양시 도이동,중상사고,0,1,1,0,차대차 - 측면직각충돌,신호위반,건조,맑음,교차로 - 교차로안,화물,남,51세,상해없음,승용,여,20세,경상
2014070900100129,2014년 7월 9일 08시,수요일,전라남도 해남군 해남읍,경상사고,0,0,1,0,차대차 - 측면직각충돌,교차로운행방법위반,건조,맑음,교차로 - 교차로안,승용,남,39세,상해없음,원동기,남,76세,경상
2014070900100130,2014년 7월 9일 08시,수요일,전라남도 광양시 금호동,경상사고,0,0,2,0,차대차 - 기타,교차로운행방법위반,습기,비,교차로 - 교차로부근,화물,남,62세,상해없음,승용,남,66세,경상
2014070900100159,2014년 7월 9일 09시,수요일,전라남도 나주시 왕곡면,경상사고,0,0,2,0,차대차 - 기타,직진우회전진행방해,습기,비,교차로 - 교차로안,승용,남,76세,경상,승용,여,30세,경상
2014070900100223,2014년 7월 9일 11시,수요일,전라남도 목포시 산정동,경상사고,0,0,1,0,차대차 - 측면직각충돌,안전운전불이행,건조,맑음,교차로 - 교차로안,승용,남,59세,상해없음,승용,여,32세,경상
2014070900100224,2014년 7월 9일 11시,수요일,전라남도 여수시 여서동,중상사고,0,1,0,0,차대사람 - 기타,안전운전불이행,습기,비,단일로 - 기타,승용,여,33세,상해없음,보행자,여,52세,중상
2014070900100225,2014년 7월 9일 11시,수요일,전라남도 광양시 광양읍,경상사고,0,0,2,0,차대차 - 측면직각충돌,교차로운행방법위반,습기,비,교차로 - 교차로안,승용,남,41세,경상,승용,남,36세,경상
2014070900100273,2014년 7월 9일 13시,수요일,전라남도 무안군 청계면,경상사고,0,0,2,0,차대차 - 기타,안전운전불이행,건조,맑음,교차로 - 교차로안,화물,남,58세,경상,화물,남,56세,경상
2014070900100339,2014년 7월 9일 15시,수요일,전라남도 목포시 상동,경상사고,0,0,2,0,차대차 - 측면직각충돌,교차로운행방법위반,건조,흐림,교차로 - 교차로안,승합,여,35세,경상,승용,남,73세,경상
2014070900100340,2014년 7월 9일 15시,수요일,전라남도 목포시 산정동,중상사고,0,1,0,0,차대차 - 측면직각충돌,교차로운행방법위반,건조,맑음,교차로 - 교차로안,승용,남,62세,상해없음,승용,여,67세,중상
2014070900100341,2014년 7월 9일 15시,수요일,전라남도 여수시 봉산동,중상사고,0,1,0,0,차대사람 - 길가장자리구역통행중,안전운전불이행,건조,맑음,교차로 - 교차로안,승용,여,44세,상해없음,보행자,남,38세,중상
2014070900100342,2014년 7월 9일 15시,수요일,전라남도 순천시 조례동,부상신고사고,0,0,0,1,차대사람 - 기타,안전운전불이행,건조,맑음,단일로 - 기타,기타불명,기타불명,기타불명,기타불명,보행자,남,10세,부상신고
2014070900100384,2014년 7월 9일 16시,수요일,전라남도 광양시 광영동,경상사고,0,0,1,0,차대차 - 기타,안전운전불이행,습기,비,기타 - 기타,자전거,남,11세,경상,승용,여,39세,상해없음
2014070900100419,2014년 7월 9일 17시,수요일,전라남도 순천시 해룡면,경상사고,0,0,1,0,차대차 - 추돌 - 진행중,안전운전불이행,건조,맑음,단일로 - 기타,승용,여,50세,상해없음,승용,남,32세,경상
2014070900100420,2014년 7월 9일 17시,수요일,전라남도 광양시 광양읍,경상사고,0,0,1,0,차대차 - 추돌 - 진행중,안전운전불이행,습기,비,단일로 - 기타,승합,남,23세,상해없음,승용,남,31세,경상
2014070900100460,2014년 7월 9일 18시,수요일,전라남도 여수시 봉산동,경상사고,0,0,1,0,차대차 - 측면직각충돌,중앙선침범,습기,비,단일로 - 기타,승용,남,63세,상해없음,승합,남,50세,상해없음
2014070900100461,2014년 7월 9일 18시,수요일,전라남도 순천시 황전면,경상사고,0,0,1,0,차대차 - 기타,안전운전불이행,건조,맑음,단일로 - 기타,승용,여,38세,상해없음,화물,남,52세,경상
2014070900100462,2014년 7월 9일 18시,수요일,전라남도 나주시 금계동,경상사고,0,0,1,0,차대사람 - 기타,안전운전불이행,습기,비,단일로 - 기타,승용,여,47세,상해없음,보행자,남,77세,경상
2014070900100463,2014년 7월 9일 18시,수요일,전라남도 보성군 득량면,경상사고,0,0,1,0,차량단독 - 도로외이탈 - 추락,안전운전불이행,습기,비,단일로 - 기타,승용,여,47세,경상,,,,
2014070900100464,2014년 7월 9일 18시,수요일,전라남도 광양시 광양읍,경상사고,0,0,2,0,차대차 - 추돌 - 진행중,안전거리미확보,습기,비,단일로 - 기타,승용,남,31세,상해없음,승용,남,74세,경상
2014070900100509,2014년 7월 9일 19시,수요일,전라남도 목포시 옥암동,경상사고,0,0,2,0,차대차 - 추돌 - 주정차중,안전운전불이행,건조,맑음,단일로 - 기타,승용,여,54세,상해없음,승용,여,43세,경상
2014070900100510,2014년 7월 9일 19시,수요일,전라남도 화순군 화순읍,경상사고,0,0,1,0,차대차 - 측면직각충돌,안전거리미확보,건조,맑음,단일로 - 기타,승용,남,31세,상해없음,원동기,남,18세,경상
2014070900100534,2014년 7월 9일 20시,수요일,전라남도 순천시 석현동,경상사고,0,0,1,0,차대차 - 추돌 - 진행중,차로위반,습기,비,단일로 - 기타,이륜,남,42세,상해없음,이륜,여,26세,경상
2014070900100535,2014년 7월 9일 20시,수요일,전라남도 광양시 중동,경상사고,0,0,2,0,차대차 - 측면직각충돌,신호위반,습기,비,교차로 - 교차로부근,승용,남,31세,상해없음,승용,남,26세,경상
2014070900100599,2014년 7월 9일 22시,수요일,전라남도 여수시 문수동,경상사고,0,0,1,0,차대사람 - 보도통행중,기타,습기,비,단일로 - 기타,이륜,남,23세,상해없음,보행자,남,45세,경상
2014070900100600,2014년 7월 9일 22시,수요일,전라남도 보성군 득량면,경상사고,0,0,1,0,차대차 - 추돌 - 진행중,안전거리미확보,습기,비,교차로 - 교차로부근,승용,남,19세,상해없음,승용,여,30세,경상
2014070900100601,2014년 7월 9일 22시,수요일,전라남도 광양시 광양읍,중상사고,0,1,0,0,차대사람 - 길가장자리구역통행중,안전운전불이행,건조,맑음,단일로 - 기타,승용,여,27세,기타불명,보행자,남,39세,중상
2014070900100635,2014년 7월 9일 23시,수요일,전라남도 순천시 조례동,경상사고,0,0,1,0,차대차 - 측면직각충돌,안전운전불이행,건조,맑음,교차로 - 교차로안,승용,남,19세,상해없음,승용,남,19세,경상
2014070900100636,2014년 7월 9일 23시,수요일,전라남도 순천시 연향동,경상사고,0,0,2,0,차대차 - 추돌 - 주정차중,안전거리미확보,건조,맑음,교차로 - 교차로안,승용,남,39세,상해없음,승용,남,53세,경상
2014071000100026,2014년 7월 10일 00시,목요일,전라남도 여수시 학동,경상사고,0,0,1,0,차대사람 - 횡단중,안전운전불이행,건조,맑음,교차로 - 교차로부근,승용,남,67세,상해없음,보행자,남,35세,경상
2014071000100083,2014년 7월 10일 05시,목요일,전라남도 여수시 문수동,경상사고,0,0,2,0,차대사람 - 길가장자리구역통행중,안전운전불이행,건조,맑음,단일로 - 기타,승합,남,54세,상해없음,보행자,여,56세,경상
2014071000100097,2014년 7월 10일 06시,목요일,전라남도 나주시 금천면,경상사고,0,0,5,0,차대차 - 기타,신호위반,건조,맑음,교차로 - 교차로안,승용,남,54세,상해없음,승용,남,51세,경상
2014071000100202,2014년 7월 10일 09시,목요일,전라남도 목포시 상동,경상사고,0,0,1,0,차대차 - 기타,안전운전불이행,건조,맑음,교차로 - 교차로부근,승용,남,33세,상해없음,승용,여,36세,경상
2014071000100203,2014년 7월 10일 09시,목요일,전라남도 순천시 조곡동,경상사고,0,0,4,0,차대차 - 추돌 - 진행중,안전거리미확보,건조,맑음,단일로 - 기타,승용,여,36세,경상,승용,남,48세,경상
2014071000100239,2014년 7월 10일 10시,목요일,전라남도 고흥군 금산면,중상사고,0,1,1,0,차량단독 - 공작물충돌,안전운전불이행,건조,맑음,교차로 - 교차로안,화물,남,68세,경상,,,,
2014071000100240,2014년 7월 10일 10시,목요일,전라남도 해남군 해남읍,경상사고,0,0,3,0,차대차 - 기타,교차로운행방법위반,건조,맑음,교차로 - 교차로안,승용,여,44세,경상,승용,남,64세,경상
2014071000100241,2014년 7월 10일 10시,목요일,전라남도 영암군 삼호읍,중상사고,0,1,0,0,차대차 - 정면충돌,신호위반,건조,맑음,교차로 - 교차로안,화물,남,63세,상해없음,승용,남,41세,중상
2014071000100265,2014년 7월 10일 11시,목요일,전라남도 나주시 과원동,중상사고,0,1,2,0,차대차 - 기타,직진우회전진행방해,건조,맑음,교차로 - 교차로안,화물,남,76세,상해없음,승용,남,41세,중상
2014071000100266,2014년 7월 10일 11시,목요일,전라남도 무안군 청계면,부상신고사고,0,0,0,1,차량단독 - 전도전복,안전운전불이행,건조,맑음,단일로 - 기타,승용,여,60세,부상신고,,,,
2014071000100289,2014년 7월 10일 12시,목요일,전라남도 영광군 영광읍,경상사고,0,0,1,0,차대차 - 측면직각충돌,중앙선침범,건조,맑음,단일로 - 기타,승용,남,26세,상해없음,승용,남,24세,상해없음
2014071000100336,2014년 7월 10일 14시,목요일,전라남도 무안군 삼향읍,경상사고,0,0,1,1,차대차 - 측면직각충돌,직진우회전진행방해,건조,맑음,교차로 - 교차로안,승용,여,31세,부상신고,승용,남,54세,경상
2014071000100368,2014년 7월 10일 15시,목요일,전라남도 순천시 옥천동,경상사고,0,0,1,0,차량단독 - 기타,안전운전불이행,건조,맑음,교차로 - 교차로부근,자전거,남,67세,경상,,,,
2014071000100369,2014년 7월 10일 15시,목요일,전라남도 광양시 중동,경상사고,0,0,2,0,차대차 - 추돌 - 진행중,안전운전불이행,건조,맑음,단일로 - 기타,승용,여,21세,경상,승용,여,60세,경상
2014071000100442,2014년 7월 10일 17시,목요일,전라남도 목포시 용해동,경상사고,0,0,2,0,차대차 - 기타,신호위반,건조,맑음,교차로 - 교차로안,승용,남,57세,상해없음,승용,남,56세,경상
2014071000100443,2014년 7월 10일 17시,목요일,전라남도 보성군 조성면,경상사고,0,0,1,0,차대차 - 정면충돌,중앙선침범,건조,맑음,단일로 - 기타,원동기,남,80세,경상,화물,남,57세,상해없음
2014071000100444,2014년 7월 10일 17시,목요일,전라남도 함평군 나산면,경상사고,0,0,1,1,차대차 - 측면직각충돌,안전운전불이행,건조,맑음,단일로 - 기타,승용,여,59세,경상,승용,남,46세,부상신고
2014071000100445,2014년 7월 10일 17시,목요일,전라남도 광양시 광양읍,중상사고,0,1,0,1,차량단독 - 전도전복,안전운전불이행,건조,맑음,단일로 - 기타,이륜,남,16세,부상신고,,,,
2014071000100495,2014년 7월 10일 18시,목요일,전라남도 고흥군 대서면,중상사고,0,1,0,0,차대사람 - 기타,안전운전불이행,건조,맑음,단일로 - 기타,승용,여,54세,상해없음,보행자,여,72세,중상
2014071000100496,2014년 7월 10일 18시,목요일,전라남도 영암군 신북면,경상사고,0,0,3,0,차대차 - 측면직각충돌,직진우회전진행방해,건조,맑음,교차로 - 교차로부근,승용,남,25세,경상,승용,남,44세,경상
2014071000100497,2014년 7월 10일 18시,목요일,전라남도 무안군 무안읍,경상사고,0,0,5,1,차대차 - 측면직각충돌,신호위반,건조,맑음,교차로 - 교차로안,화물,남,69세,부상신고,승합,여,47세,경상
2014071000100573,2014년 7월 10일 20시,목요일,전라남도 순천시 인제동,경상사고,0,0,1,0,차대차 - 측면직각충돌,안전운전불이행,건조,맑음,단일로 - 횡단보도상,승용,남,21세,상해없음,화물,남,54세,경상