사고번호,사고일시,요일,시군구,사고내용,사망자수,중상자수,경상자수,부상신고자수,사고유형,법규위반,노면상태,기상상태,도로형태,가해운전자 차종,가해운전자 성별,가해운전자 연령,가해운전자 상해정도,피해운전자 차종,피해운전자 성별,피해운전자 연령,피해운전자 상해정도
2014071500100200,2014년 7월 15일 11시,화요일,전라남도 나주시 중앙동,경상사고,0,0,1,0,차량단독 - 기타,안전운전불이행,건조,맑음,단일로 - 기타,승합,남,56세,상해없음,,,,
2014071500100201,2014년 7월 15일 11시,화요일,전라남도 장성군 장성읍,중상사고,0,1,2,0,차대차 - 측면직각충돌,신호위반,건조,맑음,교차로 - 교차로안,승용,여,48세,경상,승용,남,39세,중상
2014071500100235,2014년 7월 15일 12시,화요일,전라남도 여수시 수정동,경상사고,0,0,1,0,차대사람 - 기타,안전운전불이행,건조,맑음,단일로 - 기타,승용,남,37세,상해없음,보행자,남,16세,경상
2014071500100236,2014년 7월 15일 12시,화요일,전라남도 함평군 학교면,경상사고,0,0,1,0,차대차 - 측면직각충돌,안전운전불이행,건조,맑음,단일로 - 기타,승용,남,26세,경상,건설기계,남,39세,상해없음
2014071500100237,2014년 7월 15일 12시,화요일,전라남도 무안군 몽탄면,중상사고,0,2,1,0,차대차 - 측면직각충돌,안전운전불이행,습기,흐림,교차로 - 교차로부근,화물,남,49세,중상,승용,남,36세,경상
2014071500100263,2014년 7월 15일 13시,화요일,전라남도 나주시 금천면,중상사고,0,1,3,0,차대차 - 기타,신호위반,습기,비,교차로 - 교차로안,승용,여,43세,경상,화물,남,53세,경상
2014071500100286,2014년 7월 15일 14시,화요일,전라남도 순천시 해룡면,경상사고,0,0,1,0,차대차 - 추돌 - 주정차중,안전운전불이행,건조,흐림,단일로 - 기타,승용,남,50세,상해없음,승용,남,41세,경상
2014071500100322,2014년 7월 15일 15시,화요일,전라남도 영암군 신북면,중상사고,0,1,0,0,차대차 - 측면직각충돌,안전거리미확보,건조,맑음,단일로 - 기타,원동기,남,67세,중상,화물,남,37세,상해없음
2014071500100351,2014년 7월 15일 16시,화요일,전라남도 순천시 서면,경상사고,0,0,2,0,차대차 - 추돌 - 주정차중,안전운전불이행,습기,비,교차로 - 교차로부근,화물,여,44세,상해없음,승용,여,42세,경상
2014071500100352,2014년 7월 15일 16시,화요일,전라남도 순천시 연향동,경상사고,0,0,1,0,차대차 - 추돌 - 주정차중,안전운전불이행,습기,비,단일로 - 기타,승용,남,65세,기타불명,승용,여,50세,경상
2014071500100353,2014년 7월 15일 16시,화요일,전라남도 무안군 일로읍,경상사고,0,0,2,0,차대차 - 측면직각충돌,안전운전불이행,습기,비,교차로 - 교차로안,승용,여,32세,경상,승용,남,53세,경상
2014071500100390,2014년 7월 15일 17시,화요일,전라남도 여수시 여서동,경상사고,0,0,1,0,차대사람 - 횡단중,안전운전불이행,습기,비,단일로 - 횡단보도상,승용,남,30세,상해없음,보행자,남,12세,경상
2014071500100391,2014년 7월 15일 17시,화요일,전라남도 순천시 해룡면,경상사고,0,0,3,0,차대차 - 기타,과속,습기,비,단일로 - 기타,승용,남,31세,경상,승용,남,53세,경상
2014071500100392,2014년 7월 15일 17시,화요일,전라남도 나주시 삼영동,경상사고,0,0,3,0,차대차 - 기타,안전거리미확보,습기,흐림,단일로 - 기타,승용,남,19세,상해없음,승용,여,34세,경상
2014071500100443,2014년 7월 15일 18시,화요일,전라남도 장흥군 장평면,중상사고,0,2,0,0,차량단독 - 도로외이탈 - 기타,안전운전불이행,습기,비,단일로 - 기타,승용,남,75세,중상,,,,
2014071500100481,2014년 7월 15일 19시,화요일,전라남도 여수시 둔덕동,경상사고,0,0,1,0,차대차 - 측면직각충돌,안전운전불이행,습기,비,교차로 - 교차로안,승용,여,58세,상해없음,승용,남,49세,경상
2014071500100516,2014년 7월 15일 20시,화요일,전라남도 목포시 석현동,경상사고,0,0,1,0,차대차 - 측면직각충돌,안전운전불이행,건조,맑음,교차로 - 교차로안,승용,남,65세,상해없음,승용,여,44세,경상
2014071500100563,2014년 7월 15일 21시,화요일,전라남도 여수시 화장동,경상사고,0,0,1,0,차대차 - 추돌 - 주정차중,안전운전불이행,습기,비,단일로 - 기타,원동기,남,48세,상해없음,승용,남,46세,경상
2014071500100601,2014년 7월 15일 22시,화요일,전라남도 여수시 문수동,중상사고,0,1,0,0,차대사람 - 횡단중,안전운전불이행,습기,비,단일로 - 기타,승용,남,43세,상해없음,보행자,여,44세,중상
2014071500100638,2014년 7월 15일 23시,화요일,전라남도 광양시 금호동,경상사고,0,0,2,0,차대차 - 추돌 - 주정차중,안전운전불이행,습기,비,교차로 - 교차로부근,승용,남,51세,상해없음,승용,여,37세,경상
2014071600100030,2014년 7월 16일 01시,수요일,전라남도 순천시 매곡동,경상사고,0,0,1,0,차대차 - 추돌 - 주정차중,기타,습기,흐림,단일로 - 기타,승용,남,29세,상해없음,승용,남,31세,상해없음
2014071600100031,2014년 7월 16일 01시,수요일,전라남도 광양시 광양읍,경상사고,0,0,4,0,차대차 - 측면직각충돌,직진우회전진행방해,건조,흐림,교차로 - 교차로안,승용,여,57세,경상,승용,남,52세,경상
2014071600100078,2014년 7월 16일 07시,수요일,전라남도 여수시 돌산읍,중상사고,0,2,1,0,차대차 - 정면충돌,중앙선침범,습기,비,단일로 - 기타,승용,남,44세,경상,화물,남,66세,중상
2014071600100079,2014년 7월 16일 07시,수요일,전라남도 광양시 광양읍,중상사고,0,2,1,0,차대차 - 추돌 - 주정차중,안전운전불이행,건조,맑음,교차로 - 교차로부근,이륜,남,77세,중상,승용,여,53세,중상
2014071600100110,2014년 7월 16일 08시,수요일,전라남도 목포시 용해동,중상사고,0,1,0,0,차대사람 - 횡단중,보행자보호의무위반,건조,맑음,단일로 - 기타,승용,남,54세,상해없음,보행자,여,69세,중상
2014071600100111,2014년 7월 16일 08시,수요일,전라남도 장흥군 장흥읍,경상사고,0,0,1,0,차대차 - 측면직각충돌,교차로운행방법위반,건조,맑음,교차로 - 교차로안,승용,남,72세,상해없음,승용,여,52세,경상
2014071600100157,2014년 7월 16일 09시,수요일,전라남도 광양시 도이동,중상사고,0,1,0,0,차대차 - 기타,신호위반,건조,맑음,교차로 - 교차로안,특수,남,40세,상해없음,특수,남,40세,중상
2014071600100209,2014년 7월 16일 11시,수요일,전라남도 여수시 미평동,경상사고,0,0,1,0,차대차 - 추돌 - 진행중,안전운전불이행,건조,맑음,단일로 - 기타,승용,남,46세,상해없음,승용,남,41세,경상
2014071600100210,2014년 7월 16일 11시,수요일,전라남도 영광군 영광읍,경상사고,0,0,1,0,차대사람 - 기타,안전운전불이행,건조,맑음,기타 - 기타,이륜,남,76세,상해없음,보행자,남,2세,경상
2014071600100271,2014년 7월 16일 13시,수요일,전라남도 목포시 산정동,중상사고,0,1,0,0,차대차 - 측면직각충돌,신호위반,건조,맑음,교차로 - 교차로안,이륜,남,72세,상해없음,승용,남,45세,상해없음
2014071600100272,2014년 7월 16일 13시,수요일,전라남도 순천시 해룡면,경상사고,0,0,1,0,차대차 - 측면직각충돌,안전운전불이행,건조,맑음,단일로 - 기타,승용,남,44세,경상,승합,남,43세,상해없음
2014071600100273,2014년 7월 16일 13시,수요일,전라남도 해남군 산이면,중상사고,0,1,0,0,차대차 - 기타,기타,기타,맑음,교차로 - 교차로안,승용,여,43세,상해없음,이륜,남,80세,중상
2014071600100274,2014년 7월 16일 13시,수요일,전라남도 담양군 대전면,경상사고,0,0,3,0,차대차 - 추돌 - 진행중,안전거리미확보,건조,맑음,교차로 - 교차로부근,승용,남,72세,상해없음,승용,여,28세,경상
2014071600100301,2014년 7월 16일 14시,수요일,전라남도 나주시 봉황면,경상사고,0,0,4,0,차대차 - 측면직각충돌,직진우회전진행방해,건조,흐림,교차로 - 교차로안,화물,남,43세,경상,승용,남,50세,경상
2014071600100302,2014년 7월 16일 14시,수요일,전라남도 무안군 삼향읍,중상사고,0,1,1,0,차대차 - 측면직각충돌,신호위반,건조,맑음,교차로 - 교차로안,화물,여,47세,중상,승용,남,45세,경상
2014071600100338,2014년 7월 16일 15시,수요일,전라남도 목포시 용당동,경상사고,0,0,1,0,차대사람 - 기타,안전운전불이행,건조,맑음,단일로 - 기타,승용,남,31세,상해없음,보행자,남,10세,경상
2014071600100380,2014년 7월 16일 16시,수요일,전라남도 순천시 조례동,경상사고,0,0,1,0,차대차 - 기타,안전운전불이행,건조,맑음,교차로 - 교차로부근,승용,여,45세,상해없음,승용,여,53세,경상
2014071600100430,2014년 7월 16일 17시,수요일,전라남도 영광군 영광읍,중상사고,0,1,0,0,차대사람 - 기타,안전운전불이행,습기,비,교차로 - 교차로부근,승용,여,45세,상해없음,보행자,남,54세,중상
2014071600100431,2014년 7월 16일 17시,수요일,전라남도 장성군 북하면,경상사고,0,0,1,0,차대사람 - 기타,안전운전불이행,건조,맑음,단일로 - 기타,이륜,남,73세,상해없음,보행자,남,37세,경상
2014071600100473,2014년 7월 16일 18시,수요일,전라남도 여수시 문수동,경상사고,0,0,1,0,차대사람 - 기타,안전운전불이행,건조,맑음,단일로 - 기타,승용,남,31세,상해없음,보행자,여,14세,경상
2014071600100474,2014년 7월 16일 18시,수요일,전라남도 보성군 벌교읍,중상사고,0,1,2,0,차대차 - 기타,중앙선침범,습기,비,단일로 - 기타,화물,남,44세,중상,화물,남,59세,경상
2014071600100475,2014년 7월 16일 18시,수요일,전라남도 영암군 삼호읍,중상사고,0,1,2,0,차대차 - 측면직각충돌,직진우회전진행방해,습기,비,교차로 - 교차로안,승용,남,31세,경상,승용,남,25세,경상
2014071600100518,2014년 7월 16일 19시,수요일,전라남도 영암군 삼호읍,경상사고,0,0,2,0,차대차 - 측면직각충돌,신호위반,습기,맑음,교차로 - 교차로안,승용,여,29세,경상,승용,남,37세,경상
2014071600100519,2014년 7월 16일 19시,수요일,전라남도 영암군 삼호읍,경상사고,0,0,5,0,차대차 - 추돌 - 진행중,안전운전불이행,습기,비,단일로 - 기타,승합,남,45세,상해없음,승용,남,40세,경상
2014071600100550,2014년 7월 16일 20시,수요일,전라남도 목포시 상동,경상사고,0,0,1,0,차대차 - 측면직각충돌,교차로운행방법위반,습기,비,교차로 - 교차로안,기타불명,기타불명,기타불명,기타불명,승용,여,41세,경상
2014071600100593,2014년 7월 16일 21시,수요일,전라남도 목포시 상동,중상사고,0,1,0,0,차대차 - 측면직각충돌,직진우회전진행방해,습기,비,교차로 - 교차로안,승용,남,58세,상해없음,자전거,남,14세,중상
2014071600100594,2014년 7월 16일 21시,수요일,전라남도 여수시 학동,경상사고,0,0,2,0,차대차 - 추돌 - 주정차중,안전운전불이행,습기,비,단일로 - 기타,화물,남,54세,상해없음,승용,남,44세,경상
2014071600100595,2014년 7월 16일 21시,수요일,전라남도 여수시 군자동,경상사고,0,0,1,0,차대차 - 측면직각충돌,중앙선침범,습기,비,교차로 - 교차로부근,승용,남,52세,상해없음,이륜,남,49세,경상
2014071600100628,2014년 7월 16일 22시,수요일,전라남도 여수시 문수동,경상사고,0,0,3,0,차대차 - 추돌 - 주정차중,신호위반,습기,비,교차로 - 교차로부근,승용,남,36세,기타불명,승용,여,46세,경상
2014071600100629,2014년 7월 16일 22시,수요일,전라남도 여수시 미평동,경상사고,0,0,2,0,차대차 - 추돌 - 주정차중,안전거리미확보,습기,비,단일로 - 기타,승용,남,53세,경상,승용,남,32세,경상
2014071600100630,2014년 7월 16일 22시,수요일,전라남도 여수시 미평동,경상사고,0,0,1,0,차대차 - 추돌 - 진행중,안전운전불이행,습기,비,단일로 - 기타,승용,남,43세,상해없음,승용,남,44세,경상
2014071600100631,2014년 7월 16일 22시,수요일,전라남도 순천시 가곡동,중상사고,0,1,0,0,차대차 - 기타,안전운전불이행,습기,비,교차로 - 교차로안,승용,여,40세,상해없음,이륜,남,22세,중상
2014071600100670,2014년 7월 16일 23시,수요일,전라남도 목포시 산정동,경상사고,0,0,1,0,차대차 - 측면직각충돌,신호위반,습기,비,교차로 - 교차로안,승용,남,27세,상해없음,승용,남,34세,경상
2014071600100671,2014년 7월 16일 23시,수요일,전라남도 목포시 대의동2가,경상사고,0,0,1,0,차대차 - 측면직각충돌,직진우회전진행방해,습기,비,교차로 - 교차로안,승용,여,58세,상해없음,승용,남,41세,상해없음
2014071700100034,2014년 7월 17일 01시,목요일,전라남도 순천시 풍덕동,중상사고,0,1,0,0,차량단독 - 공작물충돌,안전운전불이행,습기,비,단일로 - 기타,승용,남,52세,중상,,,,
2014071700100035,2014년 7월 17일 01시,목요일,전라남도 장흥군 장흥읍,경상사고,0,0,1,0,차량단독 - 전도전복,안전운전불이행,습기,비,단일로 - 기타,화물,남,20세,상해없음,,,,
2014071700100071,2014년 7월 17일 05시,목요일,전라남도 화순군 화순읍,중상사고,0,1,0,0,차대차 - 측면직각충돌,교차로운행방법위반,습기,비,교차로 - 교차로안,승용,남,24세,상해없음,원동기,남,75세,중상
2014071700100080,2014년 7월 17일 06시,목요일,전라남도 여수시 화치동,경상사고,0,0,4,0,차대차 - 측면직각충돌,안전운전불이행,습기,비,교차로 - 교차로안,승용,남,53세,상해없음,승용,남,46세,경상
2014071700100144,2014년 7월 17일 08시,목요일,전라남도 목포시 용당동,경상사고,0,0,2,0,차대차 - 측면직각충돌,직진우회전진행방해,습기,비,교차로 - 교차로안,화물,남,51세,상해없음,승용,여,41세,경상
2014071700100145,2014년 7월 17일 08시,목요일,전라남도 해남군 해남읍,중상사고,0,1,0,0,차대차 - 기타,안전운전불이행,기타,맑음,단일로 - 기타,승용,남,67세,상해없음,승용,여,42세,중상
2014071700100146,2014년 7월 17일 08시,목요일,전라남도 광양시 중동,중상사고,0,1,1,0,차대차 - 기타,직진우회전진행방해,습기,비,교차로 - 교차로안,승합,남,54세,기타불명,승용,여,36세,중상
2014071700100186,2014년 7월 17일 09시,목요일,전라남도 여수시 국동,경상사고,0,0,1,0,차대차 - 정면충돌,중앙선침범,습기,흐림,단일로 - 기타,승용,남,31세,상해없음,승용,남,67세,경상
2014071700100187,2014년 7월 17일 09시,목요일,전라남도 해남군 황산면,중상사고,0,1,1,0,차대차 - 기타,안전운전불이행,습기,흐림,단일로 - 기타,화물,남,44세,상해없음,화물,남,47세,경상
2014071700100188,2014년 7월 17일 09시,목요일,전라남도 해남군 화산면,사망사고,1,0,0,0,차대사람 - 기타,안전운전불이행,건조,맑음,교차로 - 교차로안,화물,남,61세,상해없음,보행자,여,79세,사망
2014071700100189,2014년 7월 17일 09시,목요일,전라남도 광양시 마동,경상사고,0,0,4,0,차대차 - 기타,교차로운행방법위반,습기,비,교차로 - 교차로안,승용,여,31세,경상,승용,여,46세,경상
2014071700100220,2014년 7월 17일 10시,목요일,전라남도 목포시 산정동,경상사고,0,0,1,0,차대차 - 측면직각충돌,신호위반,건조,맑음,단일로 - 기타,승용,여,49세,상해없음,화물,남,25세,경상
2014071700100221,2014년 7월 17일 10시,목요일,전라남도 순천시 조례동,경상사고,0,0,1,0,차대차 - 기타,안전운전불이행,습기,흐림,단일로 - 기타,승용,남,70세,상해없음,승용,남,37세,경상
2014071700100222,2014년 7월 17일 10시,목요일,전라남도 장성군 황룡면,경상사고,0,0,1,0,차대차 - 측면직각충돌,교차로운행방법위반,습기,비,교차로 - 교차로안,승용,남,63세,상해없음,화물,남,32세,상해없음
2014071700100277,2014년 7월 17일 12시,목요일,전라남도 순천시 행동,경상사고,0,0,1,0,차대차 - 측면직각충돌,안전운전불이행,습기,비,교차로 - 교차로안,승용,남,27세,상해없음,승용,여,54세,경상
2014071700100278,2014년 7월 17일 12시,목요일,전라남도 담양군 담양읍,경상사고,0,0,1,0,차대차 - 기타,안전운전불이행,습기,비,교차로 - 교차로부근,화물,남,54세,상해없음,승합,남,36세,경상
2014071700100279,2014년 7월 17일 12시,목요일,전라남도 광양시 중동,경상사고,0,0,2,0,차대차 - 기타,교차로운행방법위반,습기,비,교차로 - 교차로안,승용,남,37세,상해없음,화물,남,34세,경상
2014071700100314,2014년 7월 17일 13시,목요일,전라남도 여수시 국동,경상사고,0,0,1,0,차대차 - 정면충돌,신호위반,습기,비,교차로 - 교차로안,승용,남,40세,상해없음,승용,남,52세,경상
2014071700100338,2014년 7월 17일 14시,목요일,전라남도 곡성군 곡성읍,경상사고,0,0,2,0,차대차 - 기타,직진우회전진행방해,습기,흐림,교차로 - 교차로안,화물,남,57세,경상,승용,여,46세,경상
2014071700100339,2014년 7월 17일 14시,목요일,전라남도 무안군 일로읍,경상사고,0,0,5,0,차대차 - 측면직각충돌,직진우회전진행방해,습기,비,교차로 - 교차로안,승합,여,43세,상해없음,승용,남,19세,경상
2014071700100366,2014년 7월 17일 15시,목요일,전라남도 여수시 학동,경상사고,0,0,2,0,차대차 - 추돌 - 진행중,안전운전불이행,습기,비,단일로 - 기타,승용,남,45세,상해없음,승용,여,44세,경상
2014071700100367,2014년 7월 17일 15시,목요일,전라남도 장흥군 장흥읍,부상신고사고,0,0,0,1,차량단독 - 전도전복,안전운전불이행,건조,맑음,단일로 - 기타,원동기,남,56세,부상신고,,,,
2014071700100368,2014년 7월 17일 15시,목요일,전라남도 광양시 광양읍,경상사고,0,0,3,0,차대차 - 측면직각충돌,교차로운행방법위반,습기,비,교차로 - 교차로안,승용,남,39세,경상,승용,남,60세,경상
2014071700100441,2014년 7월 17일 17시,목요일,전라남도 목포시 동명동,경상사고,0,0,2,0,차대차 - 측면직각충돌,안전운전불이행,건조,맑음,단일로 - 기타,승용,여,36세,상해없음,승용,남,28세,상해없음
2014071700100487,2014년 7월 17일 18시,목요일,전라남도 순천시 석현동,경상사고,0,0,2,0,차대차 - 측면직각충돌,안전운전불이행,건조,맑음,교차로 - 교차로안,승용,여,50세,상해없음,승용,남,26세,경상
2014071700100520,2014년 7월 17일 19시,목요일,전라남도 보성군 조성면,경상사고,0,0,3,0,차대차 - 측면직각충돌,직진우회전진행방해,습기,흐림,교차로 - 교차로안,승용,남,24세,경상,승용,남,39세,상해없음
2014071700100521,2014년 7월 17일 19시,목요일,전라남도 함평군 해보면,경상사고,0,0,1,0,차량단독 - 공작물충돌,기타,습기,비,교차로 - 교차로부근,화물,남,48세,경상,,,,
2014071700100522,2014년 7월 17일 19시,목요일,전라남도 광양시 도이동,경상사고,0,0,1,0,차대차 - 기타,신호위반,습기,비,교차로 - 교차로안,승용,남,66세,상해없음,승용,여,48세,경상
2014071700100562,2014년 7월 17일 20시,목요일,전라남도 목포시 상동,경상사고,0,0,1,0,차대사람 - 기타,보행자보호의무위반,건조,맑음,단일로 - 기타,승용,여,42세,상해없음,보행자,여,28세,경상
2014071700100563,2014년 7월 17일 20시,목요일,전라남도 여수시 문수동,경상사고,0,0,1,0,차대차 - 추돌 - 진행중,안전거리미확보,건조,맑음,교차로 - 교차로부근,승용,남,26세,상해없음,승용,남,50세,상해없음
2014071700100564,2014년 7월 17일 20시,목요일,전라남도 광양시 태인동,중상사고,0,1,0,0,차대차 - 추돌 - 주정차중,안전운전불이행,습기,비,교차로 - 교차로부근,화물,남,66세,중상,건설기계,남,41세,상해없음
2014071700100565,2014년 7월 17일 20시,목요일,전라남도 구례군 구례읍,경상사고,0,0,1,0,차대차 - 추돌 - 주정차중,안전운전불이행,건조,맑음,단일로 - 기타,승용,남,54세,상해없음,승용,남,42세,경상
2014071700100598,2014년 7월 17일 21시,목요일,전라남도 신안군 압해읍,중상사고,0,2,0,0,차대차 - 정면충돌,안전운전불이행,건조,맑음,단일로 - 교량,승용,남,31세,상해없음,승용,남,48세,중상
2014071700100599,2014년 7월 17일 21시,목요일,전라남도 여수시 신기동,경상사고,0,0,1,0,차대차 - 측면직각충돌,안전운전불이행,건조,맑음,단일로 - 기타,승용,남,52세,상해없음,원동기,남,19세,경상
2014071700100600,2014년 7월 17일 21시,목요일,전라남도 해남군 해남읍,경상사고,0,0,1,0,차대차 - 기타,안전운전불이행,건조,맑음,단일로 - 기타,화물,남,24세,상해없음,원동기,여,53세,경상
2014071700100601,2014년 7월 17일 21시,목요일,전라남도 영광군 영광읍,중상사고,0,1,0,0,차대사람 - 횡단중,안전운전불이행,건조,맑음,단일로 - 기타,승합,남,46세,상해없음,보행자,여,40세,중상
2014071800100014,2014년 7월 18일 00시,금요일,전라남도 무안군 삼향읍,중상사고,0,1,0,0,차대차 - 측면직각충돌,안전운전불이행,습기,비,교차로 - 교차로안,승용,여,28세,상해없음,승용,여,43세,중상
2014071800100043,2014년 7월 18일 02시,금요일,전라남도 해남군 해남읍,경상사고,0,0,1,0,차대차 - 기타,중앙선침범,건조,맑음,단일로 - 기타,승용,남,31세,상해없음,승용,남,37세,기타불명
2014071800100061,2014년 7월 18일 03시,금요일,전라남도 목포시 옥암동,경상사고,0,0,1,0,차대사람 - 기타,안전운전불이행,건조,맑음,교차로 - 교차로부근,승용,남,22세,상해없음,보행자,남,29세,경상
2014071800100062,2014년 7월 18일 03시,금요일,전라남도 장성군 삼서면,사망사고,1,0,0,0,차량단독 - 기타,안전운전불이행,습기,비,단일로 - 기타,승용,남,41세,사망,,,,
2014071800100116,2014년 7월 18일 07시,금요일,전라남도 목포시 죽교동,경상사고,0,0,1,0,차대사람 - 횡단중,보행자보호의무위반,건조,맑음,단일로 - 횡단보도상,이륜,남,76세,상해없음,보행자,여,36세,경상
2014071800100150,2014년 7월 18일 08시,금요일,전라남도 순천시 조례동,경상사고,0,0,2,0,차대차 - 측면직각충돌,신호위반,건조,흐림,교차로 - 교차로안,승용,여,47세,경상,승용,여,31세,경상
2014071800100151,2014년 7월 18일 08시,금요일,전라남도 영암군 삼호읍,중상사고,0,1,1,0,차대차 - 측면직각충돌,직진우회전진행방해,건조,맑음,교차로 - 교차로안,승용,여,39세,중상,화물,남,52세,경상
2014071800100152,2014년 7월 18일 08시,금요일,전라남도 무안군 삼향읍,중상사고,0,2,0,0,차대차 - 기타,신호위반,습기,맑음,교차로 - 교차로안,승합,남,66세,중상,화물,남,43세,중상
2014071800100186,2014년 7월 18일 09시,금요일,전라남도 곡성군 옥과면,중상사고,0,1,0,0,차대차 - 기타,안전운전불이행,습기,흐림,단일로 - 기타,승용,남,59세,상해없음,원동기,남,60세,중상
2014071800100210,2014년 7월 18일 10시,금요일,전라남도 신안군 임자면,경상사고,0,0,1,0,차대차 - 기타,안전운전불이행,건조,흐림,단일로 - 기타,원동기,남,70세,경상,승합,남,39세,상해없음
2014071800100211,2014년 7월 18일 10시,금요일,전라남도 영광군 영광읍,경상사고,0,0,1,1,차대차 - 추돌 - 진행중,안전운전불이행,습기,비,단일로 - 기타,승용,남,43세,부상신고,승용,남,42세,상해없음
2014071800100237,2014년 7월 18일 11시,금요일,전라남도 장흥군 장흥읍,경상사고,0,0,1,0,차대차 - 추돌 - 주정차중,안전운전불이행,건조,흐림,단일로 - 기타,승용,여,80세,상해없음,승용,여,41세,상해없음
2014071800100292,2014년 7월 18일 13시,금요일,전라남도 여수시 화양면,중상사고,0,1,0,0,차대사람 - 기타,기타,건조,맑음,단일로 - 기타,승합,남,46세,상해없음,보행자,여,18세,중상
2014071800100293,2014년 7월 18일 13시,금요일,전라남도 영광군 법성면,중상사고,0,1,0,0,차대사람 - 차도통행중,안전운전불이행,습기,비,교차로 - 교차로안,승용,여,43세,상해없음,보행자,여,64세,중상
2014071800100330,2014년 7월 18일 14시,금요일,전라남도 여수시 문수동,경상사고,0,0,2,0,차대차 - 기타,안전운전불이행,건조,맑음,단일로 - 기타,승용,남,51세,상해없음,승용,남,35세,경상
2014071800100331,2014년 7월 18일 14시,금요일,전라남도 담양군 담양읍,중상사고,0,1,0,0,차대차 - 기타,안전거리미확보,습기,비,단일로 - 기타,화물,남,46세,상해없음,원동기,남,85세,중상
2014071800100409,2014년 7월 18일 16시,금요일,전라남도 광양시 중군동,중상사고,0,1,0,0,차량단독 - 공작물충돌,안전운전불이행,습기,비,단일로 - 기타,승용,남,34세,중상,,,,
2014071800100464,2014년 7월 18일 17시,금요일,전라남도 목포시 용당동,경상사고,0,0,1,0,차대차 - 측면직각충돌,안전운전불이행,건조,흐림,단일로 - 기타,자전거,남,55세,경상,화물,남,60세,상해없음
2014071800100465,2014년 7월 18일 17시,금요일,전라남도 고흥군 도양읍,경상사고,0,0,2,0,차대차 - 측면직각충돌,안전운전불이행,건조,맑음,단일로 - 기타,승용,남,39세,상해없음,자전거,남,13세,경상
2014071800100466,2014년 7월 18일 17시,금요일,전라남도 담양군 용면,경상사고,0,0,1,0,차대차 - 기타,직진우회전진행방해,건조,흐림,교차로 - 교차로안,화물,남,47세,상해없음,승용,남,41세,경상
2014071800100467,2014년 7월 18일 17시,금요일,전라남도 광양시 금호동,경상사고,0,0,1,0,차량단독 - 기타,안전운전불이행,습기,비,단일로 - 기타,특수,남,31세,경상,,,,
2014071800100511,2014년 7월 18일 18시,금요일,전라남도 순천시 조례동,중상사고,0,1,0,0,차대사람 - 횡단중,신호위반,습기,비,단일로 - 횡단보도상,승용,여,29세,상해없음,보행자,남,10세,중상
2014071800100512,2014년 7월 18일 18시,금요일,전라남도 순천시 조례동,경상사고,0,0,2,0,차대차 - 추돌 - 주정차중,안전운전불이행,습기,비,단일로 - 기타,승용,남,29세,상해없음,승용,여,38세,경상
2014071800100513,2014년 7월 18일 18시,금요일,전라남도 순천시 조례동,경상사고,0,0,1,0,차대사람 - 기타,안전운전불이행,습기,비,단일로 - 기타,승용,남,48세,상해없음,보행자,여,78세,경상
2014071800100514,2014년 7월 18일 18시,금요일,전라남도 영암군 삼호읍,경상사고,0,0,2,0,차대차 - 추돌 - 진행중,안전운전불이행,습기,비,단일로 - 기타,화물,남,63세,상해없음,승용,여,47세,경상
2014071800100559,2014년 7월 18일 19시,금요일,전라남도 순천시 조례동,경상사고,0,0,1,0,차대사람 - 보도통행중,안전운전불이행,습기,비,단일로 - 기타,이륜,남,17세,상해없음,보행자,여,58세,경상
2014071800100560,2014년 7월 18일 19시,금요일,전라남도 담양군 담양읍,경상사고,0,0,1,0,차대차 - 기타,직진우회전진행방해,습기,비,교차로 - 교차로안,화물,남,51세,상해없음,화물,남,50세,경상
2014071800100561,2014년 7월 18일 19시,금요일,전라남도 무안군 삼향읍,경상사고,0,0,2,0,차대차 - 기타,신호위반,건조,맑음,교차로 - 교차로안,승용,여,52세,경상,승용,남,36세,경상
2014071800100592,2014년 7월 18일 20시,금요일,전라남도 목포시 상동,경상사고,0,0,2,0,차대차 - 측면직각충돌,신호위반,건조,흐림,교차로 - 교차로부근,승용,여,59세,경상,승용,남,57세,경상
2014071800100593,2014년 7월 18일 20시,금요일,전라남도 나주시 이창동,경상사고,0,0,1,0,차대차 - 기타,기타,건조,흐림,교차로 - 교차로안,승용,남,24세,상해없음,승용,남,63세,상해없음
2014071800100594,2014년 7월 18일 20시,금요일,전라남도 영광군 백수읍,경상사고,0,0,1,0,차대차 - 정면충돌,중앙선침범,건조,맑음,단일로 - 기타,승용,남,60세,상해없음,승용,남,25세,경상
2014071800100616,2014년 7월 18일 21시,금요일,전라남도 순천시 해룡면,경상사고,0,0,1,0,차대사람 - 기타,안전운전불이행,습기,비,단일로 - 기타,화물,남,57세,상해없음,보행자,남,47세,경상
2014071800100655,2014년 7월 18일 22시,금요일,전라남도 순천시 풍덕동,중상사고,0,1,0,0,차대사람 - 횡단중,신호위반,습기,비,단일로 - 횡단보도상,승용,여,35세,상해없음,보행자,여,47세,중상
2014071800100702,2014년 7월 18일 23시,금요일,전라남도 보성군 겸백면,중상사고,0,2,1,0,차대차 - 추돌 - 주정차중,안전운전불이행,습기,비,단일로 - 기타,승용,남,32세,중상,승용,남,47세,중상