사고번호,사고일시,요일,시군구,사고내용,사망자수,중상자수,경상자수,부상신고자수,사고유형,법규위반,노면상태,기상상태,도로형태,가해운전자 차종,가해운전자 성별,가해운전자 연령,가해운전자 상해정도,피해운전자 차종,피해운전자 성별,피해운전자 연령,피해운전자 상해정도
2014071900100040,2014년 7월 19일 01시,토요일,전라남도 목포시 옥암동,경상사고,0,0,1,0,차대사람 - 차도통행중,안전운전불이행,건조,흐림,교차로 - 교차로부근,승용,남,31세,상해없음,보행자,남,49세,경상
2014071900100041,2014년 7월 19일 01시,토요일,전라남도 광양시 광양읍,중상사고,0,1,1,0,차대차 - 측면직각충돌,신호위반,습기,흐림,교차로 - 교차로안,승용,남,31세,중상,승용,남,25세,경상
2014071900100108,2014년 7월 19일 05시,토요일,전라남도 순천시 왕지동,중상사고,0,1,0,0,차대차 - 측면직각충돌,신호위반,건조,흐림,교차로 - 교차로안,화물,남,19세,상해없음,승용,여,45세,중상
2014071900100109,2014년 7월 19일 05시,토요일,전라남도 구례군 산동면,사망사고,1,0,0,0,차량단독 - 공작물충돌,안전운전불이행,습기,흐림,단일로 - 기타,승용,남,25세,사망,,,,
2014071900100133,2014년 7월 19일 07시,토요일,전라남도 여수시 여천동,경상사고,0,0,1,0,차대차 - 측면직각충돌,신호위반,건조,흐림,교차로 - 교차로안,화물,남,51세,상해없음,승용,남,30세,경상
2014071900100134,2014년 7월 19일 07시,토요일,전라남도 화순군 화순읍,경상사고,0,0,3,0,차량단독 - 공작물충돌,안전운전불이행,습기,비,단일로 - 기타,승합,남,55세,경상,,,,
2014071900100135,2014년 7월 19일 07시,토요일,전라남도 영암군 삼호읍,경상사고,0,0,1,0,차대차 - 기타,안전거리미확보,습기,비,단일로 - 기타,승용,남,30세,상해없음,원동기,남,34세,경상
2014071900100179,2014년 7월 19일 09시,토요일,전라남도 순천시 동외동,중상사고,0,1,0,0,차대사람 - 횡단중,보행자보호의무위반,습기,비,단일로 - 횡단보도상,승용,여,51세,상해없음,보행자,남,13세,중상
2014071900100239,2014년 7월 19일 11시,토요일,전라남도 여수시 충무동,경상사고,0,0,1,0,차대차 - 추돌 - 진행중,안전운전불이행,습기,비,단일로 - 기타,승용,남,54세,상해없음,승용,남,28세,경상
2014071900100240,2014년 7월 19일 11시,토요일,전라남도 순천시 매곡동,경상사고,0,0,1,0,차대차 - 기타,직진우회전진행방해,건조,맑음,교차로 - 교차로안,원동기,남,17세,경상,화물,남,33세,상해없음
2014071900100274,2014년 7월 19일 12시,토요일,전라남도 신안군 팔금면,경상사고,0,0,1,0,차대사람 - 기타,안전운전불이행,건조,맑음,단일로 - 기타,화물,남,57세,상해없음,보행자,남,58세,경상
2014071900100275,2014년 7월 19일 12시,토요일,전라남도 순천시 조례동,경상사고,0,0,1,0,차대차 - 기타,안전거리미확보,건조,맑음,교차로 - 교차로부근,승용,남,36세,상해없음,승용,남,57세,상해없음
2014071900100276,2014년 7월 19일 12시,토요일,전라남도 나주시 다시면,부상신고사고,0,0,0,1,차대차 - 추돌 - 주정차중,안전운전불이행,습기,비,단일로 - 기타,승용,남,75세,부상신고,승용,남,33세,상해없음
2014071900100277,2014년 7월 19일 12시,토요일,전라남도 광양시 광양읍,경상사고,0,0,2,0,차대차 - 추돌 - 진행중,안전거리미확보,건조,맑음,교차로 - 교차로안,승용,남,37세,상해없음,승용,남,53세,경상
2014071900100311,2014년 7월 19일 13시,토요일,전라남도 목포시 북교동,경상사고,0,0,1,0,차대사람 - 횡단중,신호위반,건조,맑음,단일로 - 기타,화물,남,27세,상해없음,보행자,남,10세,경상
2014071900100312,2014년 7월 19일 13시,토요일,전라남도 순천시 생목동,중상사고,0,1,0,0,차대차 - 추돌 - 주정차중,안전거리미확보,건조,맑음,교차로 - 교차로안,승용,여,41세,상해없음,승용,남,59세,중상
2014071900100313,2014년 7월 19일 13시,토요일,전라남도 순천시 연향동,경상사고,0,0,1,0,차대차 - 측면직각충돌,교차로운행방법위반,건조,맑음,교차로 - 교차로안,화물,남,45세,상해없음,승용,남,24세,경상
2014071900100314,2014년 7월 19일 13시,토요일,전라남도 나주시 삼영동,중상사고,0,1,1,0,차대차 - 측면직각충돌,신호위반,건조,맑음,교차로 - 교차로안,승용,남,64세,상해없음,승합,남,33세,경상
2014071900100315,2014년 7월 19일 13시,토요일,전라남도 고흥군 동강면,경상사고,0,0,1,0,차량단독 - 전도전복,안전운전불이행,습기,흐림,단일로 - 기타,이륜,남,77세,경상,,,,
2014071900100316,2014년 7월 19일 13시,토요일,전라남도 강진군 강진읍,경상사고,0,0,4,0,차대차 - 추돌 - 진행중,안전거리미확보,건조,맑음,단일로 - 기타,화물,남,63세,경상,화물,남,67세,경상
2014071900100419,2014년 7월 19일 16시,토요일,전라남도 순천시 오천동,경상사고,0,0,1,0,차대차 - 측면직각충돌,차로위반,건조,맑음,단일로 - 기타,승용,남,53세,경상,화물,여,47세,상해없음
2014071900100459,2014년 7월 19일 17시,토요일,전라남도 여수시 안산동,중상사고,0,1,0,0,차대차 - 기타,안전거리미확보,건조,맑음,단일로 - 기타,승용,여,55세,상해없음,이륜,남,41세,중상
2014071900100460,2014년 7월 19일 17시,토요일,전라남도 순천시 생목동,경상사고,0,0,1,0,차대차 - 측면직각충돌,안전운전불이행,건조,맑음,단일로 - 기타,승용,기타불명,기타불명,기타불명,이륜,남,18세,경상
2014071900100520,2014년 7월 19일 19시,토요일,전라남도 광양시 광양읍,경상사고,0,0,1,0,차대차 - 측면직각충돌,교차로운행방법위반,건조,맑음,교차로 - 교차로안,승용,남,41세,상해없음,이륜,남,18세,경상
2014071900100556,2014년 7월 19일 20시,토요일,전라남도 여수시 화장동,경상사고,0,0,2,0,차대차 - 측면직각충돌,안전운전불이행,습기,비,교차로 - 교차로부근,승용,남,52세,상해없음,승용,여,35세,경상
2014071900100557,2014년 7월 19일 20시,토요일,전라남도 영암군 삼호읍,경상사고,0,0,3,0,차량단독 - 기타,안전운전불이행,건조,맑음,단일로 - 기타,승용,남,25세,상해없음,,,,
2014071900100649,2014년 7월 19일 23시,토요일,전라남도 영암군 삼호읍,경상사고,0,0,1,0,차대차 - 정면충돌,안전운전불이행,건조,맑음,단일로 - 기타,기타불명,기타불명,기타불명,기타불명,원동기,남,56세,경상
2014072000100049,2014년 7월 20일 02시,일요일,전라남도 여수시 여서동,경상사고,0,0,1,0,차대차 - 추돌 - 주정차중,안전운전불이행,건조,맑음,교차로 - 교차로부근,승용,남,29세,상해없음,화물,남,48세,경상
2014072000100083,2014년 7월 20일 05시,일요일,전라남도 목포시 광동1가,경상사고,0,0,2,0,차대차 - 기타,안전운전불이행,건조,맑음,단일로 - 기타,화물,남,67세,상해없음,승용,남,29세,경상
2014072000100147,2014년 7월 20일 10시,일요일,전라남도 영암군 영암읍,중상사고,0,1,0,0,차대차 - 측면직각충돌,중앙선침범,건조,맑음,교차로 - 교차로부근,승용,여,41세,상해없음,이륜,여,61세,중상
2014072000100173,2014년 7월 20일 11시,일요일,전라남도 순천시 조례동,경상사고,0,0,3,0,차대차 - 기타,안전운전불이행,건조,맑음,교차로 - 교차로부근,승용,남,29세,상해없음,승용,여,42세,경상
2014072000100197,2014년 7월 20일 12시,일요일,전라남도 화순군 이양면,경상사고,0,0,2,0,차대차 - 기타,안전운전불이행,건조,맑음,단일로 - 기타,승합,남,53세,경상,승용,여,33세,상해없음
2014072000100258,2014년 7월 20일 14시,일요일,전라남도 해남군 해남읍,경상사고,0,0,3,0,차대차 - 기타,중앙선침범,건조,흐림,단일로 - 기타,승용,여,42세,경상,승용,남,67세,상해없음
2014072000100292,2014년 7월 20일 15시,일요일,전라남도 목포시 용당동,경상사고,0,0,1,0,차대사람 - 길가장자리구역통행중,안전운전불이행,건조,맑음,단일로 - 기타,승용,남,28세,상해없음,보행자,여,72세,경상
2014072000100293,2014년 7월 20일 15시,일요일,전라남도 신안군 신의면,중상사고,0,2,1,0,차대차 - 측면직각충돌,교차로운행방법위반,건조,맑음,교차로 - 교차로안,화물,남,54세,경상,이륜,남,67세,중상
2014072000100294,2014년 7월 20일 15시,일요일,전라남도 장성군 장성읍,경상사고,0,0,2,0,차량단독 - 공작물충돌,안전운전불이행,건조,흐림,단일로 - 기타,승용,남,41세,경상,,,,
2014072000100392,2014년 7월 20일 19시,일요일,전라남도 나주시 금천면,경상사고,0,0,1,0,차량단독 - 공작물충돌,안전운전불이행,건조,맑음,단일로 - 기타,승용,남,34세,경상,,,,
2014072000100427,2014년 7월 20일 20시,일요일,전라남도 목포시 상동,중상사고,0,1,0,0,차대차 - 추돌 - 진행중,안전운전불이행,건조,맑음,단일로 - 기타,이륜,남,65세,중상,승합,남,62세,상해없음
2014072000100428,2014년 7월 20일 20시,일요일,전라남도 장성군 진원면,경상사고,0,0,1,0,차대차 - 기타,안전운전불이행,건조,맑음,단일로 - 기타,화물,여,52세,경상,화물,남,58세,기타불명
2014072000100429,2014년 7월 20일 20시,일요일,전라남도 무안군 청계면,경상사고,0,0,1,0,차대차 - 측면직각충돌,기타,건조,맑음,단일로 - 기타,화물,남,45세,상해없음,승용,여,49세,경상
2014072000100488,2014년 7월 20일 23시,일요일,전라남도 여수시 선원동,경상사고,0,0,1,0,차대차 - 추돌 - 주정차중,안전운전불이행,건조,맑음,단일로 - 기타,승용,남,42세,상해없음,승용,여,56세,경상
2014072100100058,2014년 7월 21일 05시,월요일,전라남도 순천시 조례동,경상사고,0,0,2,0,차대차 - 기타,직진우회전진행방해,건조,맑음,교차로 - 교차로안,승용,남,78세,경상,화물,남,56세,경상
2014072100100080,2014년 7월 21일 07시,월요일,전라남도 여수시 오림동,경상사고,0,0,1,0,차대사람 - 횡단중,신호위반,건조,맑음,단일로 - 기타,승합,남,39세,상해없음,보행자,여,18세,경상
2014072100100081,2014년 7월 21일 07시,월요일,전라남도 고흥군 과역면,중상사고,0,1,0,0,차대차 - 기타,안전운전불이행,건조,맑음,교차로 - 교차로안,승용,남,51세,상해없음,이륜,남,66세,중상
2014072100100138,2014년 7월 21일 09시,월요일,전라남도 여수시 소라면,경상사고,0,0,1,0,차대사람 - 횡단중,안전운전불이행,건조,맑음,단일로 - 기타,화물,남,53세,상해없음,보행자,남,6세,경상
2014072100100139,2014년 7월 21일 09시,월요일,전라남도 나주시 봉황면,경상사고,0,0,1,0,차대차 - 기타,안전운전불이행,건조,맑음,단일로 - 기타,화물,남,68세,상해없음,승용,남,65세,경상
2014072100100140,2014년 7월 21일 09시,월요일,전라남도 화순군 화순읍,경상사고,0,0,1,0,차대차 - 측면직각충돌,직진우회전진행방해,건조,맑음,교차로 - 교차로안,원동기,남,78세,경상,승용,남,41세,상해없음
2014072100100165,2014년 7월 21일 10시,월요일,전라남도 무안군 일로읍,중상사고,0,1,0,0,차대차 - 측면직각충돌,안전운전불이행,건조,맑음,교차로 - 교차로안,승용,남,52세,상해없음,이륜,남,57세,중상
2014072100100194,2014년 7월 21일 11시,월요일,전라남도 여수시 여서동,경상사고,0,0,1,0,차대차 - 기타,안전운전불이행,건조,맑음,교차로 - 교차로안,원동기,남,54세,경상,승용,남,56세,상해없음
2014072100100219,2014년 7월 21일 12시,월요일,전라남도 여수시 봉계동,중상사고,0,1,0,0,차대사람 - 보도통행중,안전운전불이행,건조,맑음,단일로 - 기타,화물,남,43세,상해없음,보행자,여,71세,중상
2014072100100249,2014년 7월 21일 13시,월요일,전라남도 여수시 선원동,중상사고,0,1,1,0,차대사람 - 기타,신호위반,건조,맑음,교차로 - 교차로안,원동기,남,49세,경상,보행자,여,38세,중상
2014072100100250,2014년 7월 21일 13시,월요일,전라남도 화순군 능주면,경상사고,0,0,1,0,차대차 - 추돌 - 주정차중,안전거리미확보,건조,맑음,단일로 - 기타,승용,여,37세,상해없음,원동기,남,60세,경상
2014072100100251,2014년 7월 21일 13시,월요일,전라남도 광양시 옥룡면,사망사고,1,2,1,0,차대차 - 추돌 - 주정차중,안전운전불이행,건조,맑음,교차로 - 교차로부근,승용,남,20세,중상,승합,남,48세,기타불명
2014072100100284,2014년 7월 21일 14시,월요일,전라남도 순천시 인제동,경상사고,0,0,1,0,차대차 - 추돌 - 진행중,안전운전불이행,건조,맑음,교차로 - 교차로부근,화물,남,51세,상해없음,자전거,남,72세,경상
2014072100100354,2014년 7월 21일 16시,월요일,전라남도 순천시 연향동,경상사고,0,0,1,0,차대차 - 기타,안전운전불이행,건조,맑음,교차로 - 교차로안,승용,여,41세,상해없음,자전거,남,11세,경상
2014072100100355,2014년 7월 21일 16시,월요일,전라남도 고흥군 고흥읍,경상사고,0,0,1,0,차대사람 - 횡단중,안전운전불이행,건조,맑음,단일로 - 기타,승용,남,55세,상해없음,보행자,여,6세,경상
2014072100100356,2014년 7월 21일 16시,월요일,전라남도 광양시 옥룡면,경상사고,0,0,1,0,차대차 - 정면충돌,직진우회전진행방해,건조,맑음,교차로 - 교차로부근,화물,남,41세,상해없음,승용,여,43세,경상
2014072100100389,2014년 7월 21일 17시,월요일,전라남도 순천시 왕지동,중상사고,0,1,0,0,차대차 - 기타,안전운전불이행,건조,맑음,교차로 - 교차로안,승합,남,24세,상해없음,자전거,여,59세,중상
2014072100100473,2014년 7월 21일 19시,월요일,전라남도 여수시 국동,경상사고,0,0,4,0,차대차 - 측면직각충돌,교차로운행방법위반,건조,맑음,교차로 - 교차로안,화물,남,18세,경상,승용,남,40세,경상
2014072100100512,2014년 7월 21일 20시,월요일,전라남도 목포시 죽교동,중상사고,0,1,1,0,차대사람 - 기타,안전운전불이행,건조,맑음,단일로 - 기타,이륜,남,64세,경상,보행자,여,84세,중상
2014072100100513,2014년 7월 21일 20시,월요일,전라남도 해남군 화산면,사망사고,1,0,0,0,차량단독 - 도로외이탈 - 추락,안전운전불이행,기타,기타,단일로 - 기타,농기계,남,71세,사망,,,,
2014072100100547,2014년 7월 21일 21시,월요일,전라남도 목포시 상동,경상사고,0,0,1,0,차대차 - 추돌 - 주정차중,안전운전불이행,건조,맑음,단일로 - 기타,승용,남,58세,상해없음,승용,남,36세,경상
2014072100100548,2014년 7월 21일 21시,월요일,전라남도 순천시 해룡면,중상사고,0,1,0,0,차대사람 - 기타,신호위반,건조,맑음,교차로 - 교차로안,원동기,남,17세,상해없음,보행자,여,45세,중상
2014072100100573,2014년 7월 21일 22시,월요일,전라남도 영암군 삼호읍,중상사고,0,1,0,0,차대차 - 추돌 - 진행중,안전운전불이행,건조,맑음,단일로 - 기타,승용,여,51세,상해없음,자전거,남,26세,중상
2014072100100601,2014년 7월 21일 23시,월요일,전라남도 영광군 대마면,사망사고,1,0,2,0,차대차 - 추돌 - 진행중,안전운전불이행,건조,맑음,단일로 - 기타,화물,남,59세,사망,화물,남,40세,경상
2014072100100602,2014년 7월 21일 23시,월요일,전라남도 해남군 해남읍,부상신고사고,0,0,0,1,차대차 - 기타,중앙선침범,기타,기타,단일로 - 기타,승용,남,51세,상해없음,승용,남,46세,부상신고
2014072200100060,2014년 7월 22일 06시,화요일,전라남도 여수시 둔덕동,경상사고,0,0,1,0,차대차 - 측면직각충돌,안전운전불이행,건조,맑음,단일로 - 기타,승용,남,59세,상해없음,승용,남,50세,경상
2014072200100116,2014년 7월 22일 08시,화요일,전라남도 화순군 화순읍,중상사고,0,1,0,0,차대사람 - 기타,안전운전불이행,건조,맑음,단일로 - 기타,승용,남,53세,상해없음,보행자,남,83세,중상
2014072200100179,2014년 7월 22일 10시,화요일,전라남도 목포시 석현동,중상사고,0,1,1,0,차대차 - 측면직각충돌,신호위반,건조,맑음,교차로 - 교차로안,화물,남,42세,중상,승용,남,18세,경상
2014072200100202,2014년 7월 22일 11시,화요일,전라남도 여수시 문수동,부상신고사고,0,0,0,1,차대차 - 기타,차로위반,건조,맑음,단일로 - 기타,원동기,남,73세,부상신고,승용,남,77세,상해없음
2014072200100203,2014년 7월 22일 11시,화요일,전라남도 광양시 태인동,경상사고,0,0,1,0,차대사람 - 횡단중,안전운전불이행,건조,맑음,교차로 - 교차로안,승용,여,49세,상해없음,보행자,남,63세,경상
2014072200100226,2014년 7월 22일 12시,화요일,전라남도 영암군 삼호읍,중상사고,0,1,3,0,차대차 - 측면직각충돌,신호위반,건조,맑음,교차로 - 교차로안,승용,남,67세,경상,화물,남,36세,경상
2014072200100256,2014년 7월 22일 13시,화요일,전라남도 목포시 상동,경상사고,0,0,1,0,차량단독 - 기타,안전운전불이행,건조,맑음,교차로 - 교차로안,승용,남,69세,상해없음,,,,
2014072200100282,2014년 7월 22일 14시,화요일,전라남도 해남군 옥천면,중상사고,0,1,0,0,차대차 - 기타,안전운전불이행,건조,맑음,단일로 - 기타,화물,남,41세,상해없음,원동기,남,92세,중상
2014072200100314,2014년 7월 22일 15시,화요일,전라남도 여수시 교동,경상사고,0,0,1,0,차대사람 - 기타,안전운전불이행,건조,맑음,교차로 - 교차로안,승용,남,43세,상해없음,보행자,여,34세,경상
2014072200100315,2014년 7월 22일 15시,화요일,전라남도 순천시 조례동,경상사고,0,0,1,0,차대차 - 측면직각충돌,안전운전불이행,건조,맑음,교차로 - 교차로안,승용,남,43세,상해없음,승용,남,38세,경상
2014072200100316,2014년 7월 22일 15시,화요일,전라남도 영광군 영광읍,중상사고,0,1,0,0,차대사람 - 기타,안전운전불이행,건조,맑음,단일로 - 기타,승합,남,41세,상해없음,보행자,남,77세,중상
2014072200100349,2014년 7월 22일 16시,화요일,전라남도 영암군 신북면,중상사고,0,1,0,0,차대차 - 기타,안전운전불이행,건조,맑음,단일로 - 기타,화물,남,19세,상해없음,농기계,남,47세,중상
2014072200100385,2014년 7월 22일 17시,화요일,전라남도 장흥군 장흥읍,경상사고,0,0,5,0,차대차 - 측면직각충돌,신호위반,건조,맑음,교차로 - 교차로안,승용,남,63세,경상,승용,남,34세,경상
2014072200100386,2014년 7월 22일 17시,화요일,전라남도 함평군 함평읍,경상사고,0,0,1,0,차대차 - 측면직각충돌,안전운전불이행,건조,맑음,교차로 - 교차로안,원동기,남,79세,경상,승용,남,31세,상해없음
2014072200100387,2014년 7월 22일 17시,화요일,전라남도 광양시 중동,경상사고,0,0,1,0,차대차 - 기타,교차로운행방법위반,건조,흐림,교차로 - 교차로안,승용,여,55세,경상,승용,남,33세,상해없음
2014072200100388,2014년 7월 22일 17시,화요일,전라남도 광양시 광양읍,경상사고,0,0,1,0,차대사람 - 기타,안전운전불이행,건조,맑음,교차로 - 교차로부근,승용,여,43세,상해없음,보행자,여,7세,경상
2014072200100418,2014년 7월 22일 18시,화요일,전라남도 목포시 산정동,경상사고,0,0,1,0,차대차 - 측면직각충돌,안전운전불이행,건조,맑음,단일로 - 기타,승용,남,39세,기타불명,승용,남,40세,경상
2014072200100419,2014년 7월 22일 18시,화요일,전라남도 여수시 국동,경상사고,0,0,1,0,차대차 - 측면직각충돌,안전운전불이행,건조,맑음,교차로 - 교차로안,화물,남,65세,상해없음,승용,남,51세,경상
2014072200100420,2014년 7월 22일 18시,화요일,전라남도 장흥군 대덕읍,중상사고,0,1,0,0,차량단독 - 기타,안전운전불이행,건조,맑음,단일로 - 기타,원동기,남,59세,중상,,,,
2014072200100421,2014년 7월 22일 18시,화요일,전라남도 장성군 장성읍,중상사고,0,1,0,0,차대차 - 기타,안전운전불이행,건조,맑음,교차로 - 교차로부근,자전거,남,52세,중상,승용,남,60세,상해없음
2014072200100468,2014년 7월 22일 19시,화요일,전라남도 순천시 조곡동,경상사고,0,0,1,0,차대차 - 기타,안전운전불이행,건조,맑음,교차로 - 교차로부근,자전거,남,51세,경상,승용,여,30세,상해없음
2014072200100469,2014년 7월 22일 19시,화요일,전라남도 광양시 중동,경상사고,0,0,3,0,차대차 - 측면직각충돌,교차로운행방법위반,건조,맑음,교차로 - 교차로안,승용,남,58세,경상,승용,남,36세,경상
2014072200100508,2014년 7월 22일 20시,화요일,전라남도 무안군 현경면,경상사고,0,0,3,1,차대차 - 측면직각충돌,중앙선침범,건조,맑음,단일로 - 기타,화물,남,67세,부상신고,승용,남,53세,경상
2014072200100546,2014년 7월 22일 21시,화요일,전라남도 여수시 남산동,사망사고,1,0,0,0,차대사람 - 횡단중,과속,건조,맑음,단일로 - 교량,승용,남,32세,상해없음,보행자,여,78세,사망
2014072200100547,2014년 7월 22일 21시,화요일,전라남도 영암군 삼호읍,중상사고,0,1,0,0,차대차 - 추돌 - 진행중,안전운전불이행,건조,맑음,교차로 - 교차로부근,승용,남,30세,상해없음,화물,남,61세,중상
2014072200100576,2014년 7월 22일 22시,화요일,전라남도 순천시 조례동,경상사고,0,0,1,0,차대사람 - 횡단중,안전운전불이행,건조,맑음,단일로 - 기타,승용,여,23세,기타불명,보행자,남,43세,경상
2014072200100577,2014년 7월 22일 22시,화요일,전라남도 영암군 삼호읍,중상사고,0,1,0,0,차량단독 - 공작물충돌,안전운전불이행,건조,맑음,단일로 - 기타,승용,여,41세,중상,,,,
2014072200100605,2014년 7월 22일 23시,화요일,전라남도 광양시 광양읍,경상사고,0,0,3,0,차대차 - 기타,안전운전불이행,건조,맑음,교차로 - 교차로부근,승용,남,39세,기타불명,승용,여,29세,경상
2014072300100017,2014년 7월 23일 00시,수요일,전라남도 목포시 동명동,경상사고,0,0,1,0,차대차 - 측면직각충돌,안전운전불이행,건조,맑음,단일로 - 기타,승용,남,38세,상해없음,승용,남,43세,경상
2014072300100147,2014년 7월 23일 08시,수요일,전라남도 여수시 호명동,경상사고,0,0,1,0,차대차 - 측면직각충돌,안전운전불이행,건조,맑음,단일로 - 기타,화물,남,30세,상해없음,승용,여,44세,경상
2014072300100171,2014년 7월 23일 09시,수요일,전라남도 목포시 용해동,경상사고,0,0,1,0,차대차 - 기타,직진우회전진행방해,건조,맑음,기타 - 기타,승용,남,50세,상해없음,자전거,남,13세,경상
2014072300100241,2014년 7월 23일 12시,수요일,전라남도 목포시 용당동,경상사고,0,0,1,0,차대차 - 기타,중앙선침범,건조,맑음,교차로 - 교차로안,자전거,남,71세,경상,승합,남,44세,상해없음
2014072300100276,2014년 7월 23일 13시,수요일,전라남도 영광군 백수읍,부상신고사고,0,0,0,1,차대차 - 기타,교차로운행방법위반,건조,맑음,교차로 - 교차로안,이륜,남,65세,부상신고,화물,남,74세,상해없음
2014072300100304,2014년 7월 23일 14시,수요일,전라남도 장흥군 장흥읍,경상사고,0,0,1,0,차대사람 - 기타,안전운전불이행,기타,맑음,단일로 - 기타,승용,남,55세,상해없음,보행자,남,49세,경상
2014072300100305,2014년 7월 23일 14시,수요일,전라남도 곡성군 곡성읍,경상사고,0,0,1,0,차대차 - 기타,안전운전불이행,건조,맑음,교차로 - 교차로안,원동기,여,56세,경상,화물,남,73세,상해없음
2014072300100334,2014년 7월 23일 15시,수요일,전라남도 해남군 송지면,중상사고,0,1,2,0,차대차 - 측면직각충돌,교차로운행방법위반,건조,맑음,교차로 - 교차로안,승용,남,35세,경상,승용,남,56세,중상
2014072300100363,2014년 7월 23일 16시,수요일,전라남도 목포시 용해동,경상사고,0,0,1,0,차대사람 - 기타,안전운전불이행,건조,맑음,기타 - 기타,승용,여,37세,상해없음,보행자,남,11세,경상
2014072300100364,2014년 7월 23일 16시,수요일,전라남도 순천시 조례동,경상사고,0,0,1,0,차대사람 - 차도통행중,안전운전불이행,건조,맑음,단일로 - 기타,기타불명,기타불명,기타불명,기타불명,보행자,남,11세,경상
2014072300100405,2014년 7월 23일 17시,수요일,전라남도 여수시 웅천동,경상사고,0,0,2,0,차대차 - 측면직각충돌,안전운전불이행,건조,맑음,교차로 - 교차로안,승용,남,25세,상해없음,승용,남,62세,경상
2014072300100438,2014년 7월 23일 18시,수요일,전라남도 여수시 학동,경상사고,0,0,1,0,차대차 - 추돌 - 진행중,안전운전불이행,건조,맑음,단일로 - 기타,승용,남,53세,상해없음,승용,여,25세,경상
2014072300100439,2014년 7월 23일 18시,수요일,전라남도 순천시 동외동,중상사고,0,1,0,0,차대차 - 기타,안전거리미확보,건조,맑음,단일로 - 기타,자전거,남,80세,중상,승용,남,62세,상해없음
2014072300100440,2014년 7월 23일 18시,수요일,전라남도 보성군 득량면,중상사고,0,1,1,0,차대차 - 정면충돌,중앙선침범,건조,맑음,단일로 - 기타,화물,남,46세,중상,승용,여,60세,경상
2014072300100441,2014년 7월 23일 18시,수요일,전라남도 강진군 강진읍,경상사고,0,0,1,0,차대사람 - 기타,안전운전불이행,건조,맑음,단일로 - 기타,승용,남,44세,상해없음,보행자,남,46세,경상
2014072300100507,2014년 7월 23일 20시,수요일,전라남도 목포시 산정동,경상사고,0,0,1,0,차대차 - 기타,안전운전불이행,건조,맑음,기타 - 기타,원동기,남,16세,경상,승용,남,56세,상해없음
2014072300100552,2014년 7월 23일 21시,수요일,전라남도 목포시 상동,경상사고,0,0,2,0,차대차 - 기타,중앙선침범,건조,맑음,기타 - 기타,승용,남,47세,경상,승용,남,35세,경상
2014072300100553,2014년 7월 23일 21시,수요일,전라남도 광양시 중동,중상사고,0,1,0,0,차대사람 - 횡단중,안전운전불이행,건조,맑음,교차로 - 교차로부근,승용,남,48세,상해없음,보행자,남,52세,중상
2014072300100595,2014년 7월 23일 22시,수요일,전라남도 광양시 광양읍,중상사고,0,2,5,1,차대차 - 측면직각충돌,안전운전불이행,건조,맑음,교차로 - 교차로안,승용,남,49세,부상신고,승합,남,44세,경상
2014072300100634,2014년 7월 23일 23시,수요일,전라남도 여수시 문수동,중상사고,0,1,0,0,차대차 - 측면직각충돌,안전운전불이행,건조,맑음,교차로 - 교차로안,승용,남,44세,상해없음,이륜,남,27세,중상
2014072400100022,2014년 7월 24일 00시,목요일,전라남도 목포시 옥암동,경상사고,0,0,1,0,차대차 - 기타,안전운전불이행,건조,맑음,교차로 - 교차로안,승용,남,49세,상해없음,승용,남,52세,경상
2014072400100047,2014년 7월 24일 01시,목요일,전라남도 담양군 담양읍,중상사고,0,1,0,0,차대차 - 추돌 - 주정차중,안전운전불이행,건조,맑음,단일로 - 기타,화물,남,46세,상해없음,화물,남,59세,상해없음
2014072400100128,2014년 7월 24일 07시,목요일,전라남도 목포시 옥암동,경상사고,0,0,2,0,차대차 - 기타,차로위반,건조,맑음,기타 - 기타,화물,남,50세,상해없음,승용,남,31세,경상
2014072400100129,2014년 7월 24일 07시,목요일,전라남도 보성군 보성읍,경상사고,0,0,1,0,차대차 - 측면직각충돌,안전운전불이행,건조,맑음,교차로 - 교차로안,원동기,남,66세,경상,승용,여,47세,상해없음
2014072400100153,2014년 7월 24일 08시,목요일,전라남도 순천시 가곡동,중상사고,0,1,0,0,차대사람 - 횡단중,안전운전불이행,건조,맑음,교차로 - 교차로부근,승용,여,60세,상해없음,보행자,여,64세,중상
2014072400100185,2014년 7월 24일 09시,목요일,전라남도 여수시 웅천동,중상사고,0,3,2,0,차대차 - 정면충돌,신호위반,건조,맑음,단일로 - 기타,승용,남,66세,중상,승합,남,34세,경상
2014072400100186,2014년 7월 24일 09시,목요일,전라남도 광양시 중동,경상사고,0,0,2,0,차대차 - 추돌 - 진행중,불법유턴,건조,맑음,단일로 - 기타,승용,남,56세,경상,승용,남,56세,경상
2014072400100212,2014년 7월 24일 10시,목요일,전라남도 순천시 별량면,경상사고,0,0,1,0,차대차 - 추돌 - 주정차중,안전거리미확보,건조,맑음,교차로 - 교차로안,승용,남,73세,상해없음,승용,여,32세,경상
2014072400100213,2014년 7월 24일 10시,목요일,전라남도 장흥군 장흥읍,경상사고,0,0,1,0,차대차 - 측면직각충돌,교차로운행방법위반,건조,맑음,교차로 - 교차로안,기타불명,기타불명,기타불명,기타불명,자전거,남,88세,경상