사고번호,사고일시,요일,시군구,사고내용,사망자수,중상자수,경상자수,부상신고자수,사고유형,법규위반,노면상태,기상상태,도로형태,가해운전자 차종,가해운전자 성별,가해운전자 연령,가해운전자 상해정도,피해운전자 차종,피해운전자 성별,피해운전자 연령,피해운전자 상해정도
2014072400100250,2014년 7월 24일 11시,목요일,전라남도 목포시 상동,사망사고,1,1,1,0,차대차 - 측면직각충돌,중앙선침범,건조,맑음,단일로 - 기타,승용,여,55세,경상,이륜,남,57세,중상
2014072400100251,2014년 7월 24일 11시,목요일,전라남도 무안군 삼향읍,경상사고,0,0,1,0,차대차 - 기타,안전운전불이행,건조,맑음,교차로 - 교차로부근,화물,남,69세,상해없음,화물,남,49세,경상
2014072400100252,2014년 7월 24일 11시,목요일,전라남도 광양시 광양읍,경상사고,0,0,1,0,차대차 - 측면직각충돌,직진우회전진행방해,습기,비,교차로 - 교차로안,자전거,여,14세,경상,화물,남,28세,상해없음
2014072400100288,2014년 7월 24일 12시,목요일,전라남도 목포시 용당동,경상사고,0,0,2,0,차대차 - 측면직각충돌,기타,건조,맑음,교차로 - 교차로안,승용,남,33세,경상,승용,여,49세,경상
2014072400100289,2014년 7월 24일 12시,목요일,전라남도 장흥군 장흥읍,중상사고,0,2,1,0,차대차 - 측면직각충돌,안전운전불이행,건조,맑음,교차로 - 교차로안,승용,남,26세,상해없음,승용,남,38세,중상
2014072400100384,2014년 7월 24일 15시,목요일,전라남도 광양시 중동,경상사고,0,0,1,0,차대차 - 정면충돌,안전운전불이행,건조,맑음,교차로 - 교차로부근,자전거,남,9세,경상,화물,여,42세,상해없음
2014072400100422,2014년 7월 24일 16시,목요일,전라남도 순천시 연향동,중상사고,0,1,0,0,차대차 - 추돌 - 진행중,신호위반,건조,맑음,교차로 - 교차로안,승합,남,44세,상해없음,승용,여,35세,중상
2014072400100423,2014년 7월 24일 16시,목요일,전라남도 영암군 삼호읍,중상사고,0,1,1,0,차대차 - 추돌 - 진행중,안전운전불이행,건조,맑음,교차로 - 교차로부근,화물,남,38세,상해없음,승용,남,38세,중상
2014072400100424,2014년 7월 24일 16시,목요일,전라남도 담양군 무정면,경상사고,0,0,1,0,차대차 - 정면충돌,중앙선침범,습기,비,단일로 - 기타,승용,남,55세,상해없음,이륜,남,58세,경상
2014072400100463,2014년 7월 24일 17시,목요일,전라남도 목포시 죽교동,경상사고,0,0,4,0,차대차 - 측면직각충돌,직진우회전진행방해,건조,맑음,교차로 - 교차로안,승용,여,44세,상해없음,승용,남,35세,경상
2014072400100464,2014년 7월 24일 17시,목요일,전라남도 영광군 영광읍,중상사고,0,1,0,0,차대차 - 측면직각충돌,안전운전불이행,건조,맑음,교차로 - 교차로안,화물,남,71세,상해없음,승용,여,46세,중상
2014072400100465,2014년 7월 24일 17시,목요일,전라남도 완도군 노화읍,부상신고사고,0,0,0,1,차대차 - 추돌 - 주정차중,안전운전불이행,건조,맑음,교차로 - 교차로부근,승용,남,77세,상해없음,승용,남,33세,기타불명
2014072400100466,2014년 7월 24일 17시,목요일,전라남도 무안군 운남면,사망사고,1,0,0,0,차량단독 - 기타,안전운전불이행,건조,맑음,단일로 - 기타,이륜,여,62세,사망,,,,
2014072400100467,2014년 7월 24일 17시,목요일,전라남도 구례군 구례읍,부상신고사고,0,0,0,1,차대차 - 기타,안전운전불이행,건조,맑음,단일로 - 기타,원동기,여,79세,부상신고,승합,남,48세,상해없음
2014072400100540,2014년 7월 24일 19시,목요일,전라남도 함평군 학교면,경상사고,0,0,1,0,차대차 - 측면직각충돌,교차로운행방법위반,건조,맑음,교차로 - 교차로안,자전거,여,49세,경상,화물,남,42세,상해없음
2014072400100579,2014년 7월 24일 20시,목요일,전라남도 여수시 안산동,경상사고,0,0,1,0,차대차 - 정면충돌,중앙선침범,건조,맑음,교차로 - 교차로부근,승용,남,50세,상해없음,승용,여,51세,경상
2014072400100580,2014년 7월 24일 20시,목요일,전라남도 나주시 세지면,사망사고,1,0,0,0,차대사람 - 기타,안전운전불이행,건조,맑음,단일로 - 기타,기타불명,기타불명,기타불명,기타불명,보행자,여,57세,사망
2014072500100033,2014년 7월 25일 00시,금요일,전라남도 목포시 석현동,경상사고,0,0,1,0,차대차 - 측면직각충돌,신호위반,건조,맑음,교차로 - 교차로안,승용,남,47세,상해없음,화물,남,35세,경상
2014072500100139,2014년 7월 25일 07시,금요일,전라남도 여수시 여천동,경상사고,0,0,3,0,차대차 - 기타,신호위반,건조,맑음,교차로 - 교차로부근,승용,남,52세,상해없음,승용,남,28세,경상
2014072500100167,2014년 7월 25일 08시,금요일,전라남도 여수시 여서동,사망사고,1,0,0,0,차대차 - 측면직각충돌,안전운전불이행,건조,맑음,교차로 - 교차로안,승용,남,58세,상해없음,이륜,남,62세,사망
2014072500100205,2014년 7월 25일 09시,금요일,전라남도 화순군 동면,경상사고,0,0,3,0,차량단독 - 공작물충돌,안전운전불이행,건조,맑음,단일로 - 기타,승용,여,53세,상해없음,,,,
2014072500100231,2014년 7월 25일 10시,금요일,전라남도 강진군 대구면,경상사고,0,0,2,0,차대차 - 측면직각충돌,안전운전불이행,건조,맑음,단일로 - 기타,농기계,남,69세,경상,승용,남,59세,경상
2014072500100232,2014년 7월 25일 10시,금요일,전라남도 강진군 병영면,경상사고,0,0,1,0,차량단독 - 도로외이탈 - 추락,안전운전불이행,건조,맑음,단일로 - 기타,농기계,남,70세,경상,,,,
2014072500100233,2014년 7월 25일 10시,금요일,전라남도 무안군 해제면,경상사고,0,0,3,0,차대차 - 측면직각충돌,안전운전불이행,건조,맑음,단일로 - 기타,화물,남,35세,경상,화물,남,38세,경상
2014072500100234,2014년 7월 25일 10시,금요일,전라남도 광양시 옥곡면,경상사고,0,0,1,0,차대차 - 측면직각충돌,직진우회전진행방해,건조,맑음,교차로 - 교차로안,승용,남,42세,상해없음,승용,남,69세,상해없음
2014072500100288,2014년 7월 25일 12시,금요일,전라남도 목포시 해안동1가,경상사고,0,0,3,0,차대차 - 기타,직진우회전진행방해,건조,기타,교차로 - 교차로안,승용,여,58세,경상,승합,남,45세,경상
2014072500100289,2014년 7월 25일 12시,금요일,전라남도 광양시 중동,경상사고,0,0,2,0,차대차 - 측면직각충돌,안전운전불이행,건조,흐림,교차로 - 교차로안,승용,남,52세,경상,화물,남,49세,경상
2014072500100321,2014년 7월 25일 13시,금요일,전라남도 목포시 상동,중상사고,0,1,1,0,차대차 - 기타,신호위반,건조,기타,교차로 - 교차로안,승용,여,45세,중상,승용,남,68세,경상
2014072500100322,2014년 7월 25일 13시,금요일,전라남도 영암군 영암읍,경상사고,0,0,1,0,차대차 - 추돌 - 주정차중,안전운전불이행,건조,맑음,단일로 - 기타,원동기,남,61세,경상,승용,남,33세,기타불명
2014072500100364,2014년 7월 25일 14시,금요일,전라남도 해남군 화원면,사망사고,1,0,0,0,차량단독 - 전도전복,안전운전불이행,건조,흐림,단일로 - 기타,화물,남,48세,사망,,,,
2014072500100365,2014년 7월 25일 14시,금요일,전라남도 광양시 마동,경상사고,0,0,3,0,차대차 - 측면직각충돌,직진우회전진행방해,건조,흐림,교차로 - 교차로안,승용,남,73세,상해없음,승용,남,41세,경상
2014072500100401,2014년 7월 25일 15시,금요일,전라남도 신안군 지도읍,사망사고,1,2,1,0,차대차 - 정면충돌,중앙선침범,건조,맑음,단일로 - 기타,화물,남,71세,중상,승용,여,42세,사망
2014072500100402,2014년 7월 25일 15시,금요일,전라남도 목포시 산정동,경상사고,0,0,1,0,차대차 - 기타,안전운전불이행,건조,맑음,단일로 - 기타,승용,남,67세,상해없음,자전거,남,17세,경상
2014072500100403,2014년 7월 25일 15시,금요일,전라남도 여수시 둔덕동,중상사고,0,1,1,0,차대차 - 기타,안전운전불이행,건조,맑음,교차로 - 교차로안,승용,여,25세,경상,승용,남,62세,상해없음
2014072500100438,2014년 7월 25일 16시,금요일,전라남도 여수시 웅천동,중상사고,0,2,1,0,차대차 - 측면직각충돌,신호위반,건조,맑음,교차로 - 교차로안,승용,여,47세,중상,화물,남,34세,경상
2014072500100439,2014년 7월 25일 16시,금요일,전라남도 광양시 태인동,중상사고,0,1,1,0,차대차 - 측면직각충돌,과속,습기,흐림,교차로 - 교차로안,화물,남,40세,경상,승합,남,51세,중상
2014072500100477,2014년 7월 25일 17시,금요일,전라남도 순천시 행동,경상사고,0,0,1,0,차대사람 - 기타,안전운전불이행,건조,맑음,교차로 - 교차로안,승용,남,48세,상해없음,보행자,여,53세,경상
2014072500100478,2014년 7월 25일 17시,금요일,전라남도 무안군 운남면,중상사고,0,1,1,0,차대차 - 추돌 - 진행중,안전운전불이행,건조,맑음,단일로 - 기타,화물,남,55세,상해없음,승용,여,63세,경상
2014072500100479,2014년 7월 25일 17시,금요일,전라남도 광양시 광양읍,경상사고,0,0,1,0,차대차 - 추돌 - 진행중,기타,건조,맑음,단일로 - 기타,승용,남,23세,상해없음,원동기,여,58세,경상
2014072500100525,2014년 7월 25일 18시,금요일,전라남도 화순군 화순읍,경상사고,0,0,2,0,차대차 - 측면직각충돌,직진우회전진행방해,건조,흐림,교차로 - 교차로안,승용,여,39세,경상,화물,남,55세,경상
2014072500100526,2014년 7월 25일 18시,금요일,전라남도 영암군 덕진면,중상사고,0,2,0,0,차대차 - 측면직각충돌,신호위반,건조,맑음,교차로 - 교차로안,승용,남,52세,중상,승용,남,49세,중상
2014072500100527,2014년 7월 25일 18시,금요일,전라남도 강진군 군동면,중상사고,0,1,0,0,차량단독 - 기타,안전운전불이행,건조,흐림,단일로 - 기타,이륜,여,54세,중상,,,,
2014072500100528,2014년 7월 25일 18시,금요일,전라남도 무안군 현경면,경상사고,0,0,3,0,차량단독 - 공작물충돌,안전운전불이행,건조,맑음,단일로 - 기타,화물,남,61세,경상,,,,
2014072500100529,2014년 7월 25일 18시,금요일,전라남도 광양시 중동,경상사고,0,0,1,0,차대사람 - 횡단중,보행자보호의무위반,건조,맑음,교차로 - 교차로안,승용,여,46세,상해없음,보행자,여,10세,경상
2014072500100568,2014년 7월 25일 19시,금요일,전라남도 목포시 동명동,경상사고,0,0,1,0,차대차 - 기타,안전운전불이행,건조,기타,교차로 - 교차로안,자전거,남,16세,경상,화물,남,47세,상해없음
2014072500100569,2014년 7월 25일 19시,금요일,전라남도 무안군 청계면,중상사고,0,2,1,0,차대차 - 측면직각충돌,안전운전불이행,습기,비,교차로 - 교차로안,화물,남,55세,중상,승용,남,51세,경상
2014072500100620,2014년 7월 25일 20시,금요일,전라남도 목포시 옥암동,부상신고사고,0,0,0,1,차대차 - 기타,안전운전불이행,습기,비,교차로 - 교차로안,자전거,남,14세,부상신고,승용,남,26세,상해없음
2014072500100621,2014년 7월 25일 20시,금요일,전라남도 여수시 여서동,중상사고,0,1,0,0,차대차 - 측면직각충돌,안전운전불이행,건조,맑음,단일로 - 기타,승용,남,38세,상해없음,원동기,남,36세,중상
2014072500100622,2014년 7월 25일 20시,금요일,전라남도 순천시 조례동,경상사고,0,0,1,0,차대차 - 기타,교차로운행방법위반,건조,맑음,교차로 - 교차로안,승용,남,39세,상해없음,승용,남,69세,상해없음
2014072500100685,2014년 7월 25일 21시,금요일,전라남도 장성군 장성읍,경상사고,0,0,1,1,차량단독 - 공작물충돌,교차로운행방법위반,건조,맑음,교차로 - 교차로안,승용,남,52세,부상신고,,,,
2014072500100686,2014년 7월 25일 21시,금요일,전라남도 담양군 담양읍,경상사고,0,0,1,0,차대사람 - 횡단중,안전운전불이행,습기,비,교차로 - 교차로부근,승용,여,56세,상해없음,보행자,남,44세,경상
2014072500100728,2014년 7월 25일 22시,금요일,전라남도 화순군 화순읍,부상신고사고,0,0,0,2,차대차 - 추돌 - 진행중,안전운전불이행,습기,비,단일로 - 기타,승용,남,33세,상해없음,승용,여,50세,부상신고
2014072500100729,2014년 7월 25일 22시,금요일,전라남도 강진군 성전면,경상사고,0,0,2,0,차대차 - 기타,안전운전불이행,습기,비,단일로 - 기타,승용,남,25세,상해없음,승용,남,32세,경상
2014072500100770,2014년 7월 25일 23시,금요일,전라남도 목포시 석현동,중상사고,0,1,0,0,차대차 - 기타,중앙선침범,습기,비,단일로 - 기타,승용,남,18세,상해없음,승용,여,39세,중상
2014072500100771,2014년 7월 25일 23시,금요일,전라남도 장성군 장성읍,중상사고,0,1,1,0,차량단독 - 공작물충돌,안전운전불이행,습기,맑음,단일로 - 기타,특수,남,32세,중상,,,,
2014072500100772,2014년 7월 25일 23시,금요일,전라남도 광양시 마동,사망사고,1,0,0,0,차량단독 - 공작물충돌,안전운전불이행,습기,비,교차로 - 교차로안,승용,남,64세,사망,,,,
2014072600100051,2014년 7월 26일 01시,토요일,전라남도 목포시 옥암동,경상사고,0,0,1,0,차대사람 - 기타,안전운전불이행,건조,흐림,교차로 - 교차로부근,화물,남,42세,상해없음,보행자,남,46세,경상
2014072600100052,2014년 7월 26일 01시,토요일,전라남도 목포시 옥암동,경상사고,0,0,1,0,차대차 - 기타,교차로운행방법위반,건조,기타,교차로 - 교차로안,원동기,남,17세,경상,승합,남,44세,상해없음
2014072600100053,2014년 7월 26일 01시,토요일,전라남도 장흥군 장흥읍,중상사고,0,1,0,0,차량단독 - 공작물충돌,안전운전불이행,습기,비,단일로 - 기타,승용,남,31세,중상,,,,
2014072600100102,2014년 7월 26일 03시,토요일,전라남도 장흥군 회진면,사망사고,1,0,0,0,차량단독 - 도로외이탈 - 추락,기타,건조,맑음,단일로 - 기타,농기계,남,77세,사망,,,,
2014072600100120,2014년 7월 26일 04시,토요일,전라남도 여수시 학동,경상사고,0,0,1,0,차대차 - 추돌 - 주정차중,안전운전불이행,건조,맑음,단일로 - 기타,승용,남,39세,경상,승용,기타불명,기타불명,기타불명
2014072600100148,2014년 7월 26일 05시,토요일,전라남도 해남군 해남읍,중상사고,0,2,0,1,차대차 - 기타,안전운전불이행,건조,맑음,단일로 - 기타,승용,남,40세,부상신고,화물,남,65세,중상
2014072600100163,2014년 7월 26일 06시,토요일,전라남도 나주시 다시면,사망사고,1,0,0,0,차대차 - 측면직각충돌,직진우회전진행방해,건조,맑음,교차로 - 교차로안,화물,남,32세,상해없음,원동기,남,65세,사망
2014072600100164,2014년 7월 26일 06시,토요일,전라남도 영광군 홍농읍,중상사고,0,1,0,1,차대차 - 정면충돌,중앙선침범,건조,맑음,단일로 - 기타,승용,남,28세,부상신고,화물,남,40세,중상
2014072600100165,2014년 7월 26일 06시,토요일,전라남도 무안군 현경면,중상사고,0,1,0,0,차량단독 - 도로외이탈 - 추락,안전운전불이행,건조,맑음,단일로 - 기타,화물,남,30세,중상,,,,
2014072600100166,2014년 7월 26일 06시,토요일,전라남도 광양시 광양읍,중상사고,0,1,2,0,차대차 - 측면직각충돌,교차로운행방법위반,건조,맑음,교차로 - 교차로안,승용,남,57세,경상,승용,남,50세,경상
2014072600100180,2014년 7월 26일 07시,토요일,전라남도 장흥군 관산읍,중상사고,0,1,1,0,차량단독 - 공작물충돌,안전운전불이행,건조,맑음,단일로 - 기타,화물,남,23세,경상,,,,
2014072600100181,2014년 7월 26일 07시,토요일,전라남도 고흥군 고흥읍,경상사고,0,0,1,0,차대차 - 측면직각충돌,중앙선침범,건조,맑음,단일로 - 기타,승용,남,84세,경상,화물,남,44세,상해없음
2014072600100199,2014년 7월 26일 08시,토요일,전라남도 순천시 덕암동,경상사고,0,0,1,0,차대차 - 기타,안전운전불이행,건조,맑음,단일로 - 기타,기타불명,기타불명,기타불명,기타불명,자전거,여,75세,경상
2014072600100200,2014년 7월 26일 08시,토요일,전라남도 해남군 송지면,중상사고,0,1,0,0,차대차 - 기타,안전운전불이행,기타,맑음,단일로 - 기타,승용,남,56세,상해없음,자전거,남,76세,중상
2014072600100201,2014년 7월 26일 08시,토요일,전라남도 무안군 해제면,중상사고,0,1,0,0,차대차 - 기타,직진우회전진행방해,건조,맑음,교차로 - 교차로안,승용,남,42세,상해없음,원동기,남,78세,중상
2014072600100202,2014년 7월 26일 08시,토요일,전라남도 광양시 마동,중상사고,0,3,2,0,차대차 - 측면직각충돌,직진우회전진행방해,건조,맑음,교차로 - 교차로안,승용,남,47세,경상,승용,여,59세,중상
2014072600100220,2014년 7월 26일 09시,토요일,전라남도 여수시 여서동,경상사고,0,0,1,0,차대차 - 측면직각충돌,차로위반,건조,맑음,교차로 - 교차로안,승용,남,57세,상해없음,승용,남,58세,상해없음
2014072600100221,2014년 7월 26일 09시,토요일,전라남도 장흥군 부산면,경상사고,0,0,1,0,차대차 - 추돌 - 진행중,안전거리미확보,건조,맑음,단일로 - 터널,화물,남,45세,상해없음,화물,남,59세,경상
2014072600100243,2014년 7월 26일 10시,토요일,전라남도 보성군 벌교읍,경상사고,0,0,1,0,차대차 - 측면직각충돌,직진우회전진행방해,건조,맑음,교차로 - 교차로안,승용,남,37세,상해없음,승용,여,47세,경상
2014072600100244,2014년 7월 26일 10시,토요일,전라남도 영암군 신북면,경상사고,0,0,2,0,차대차 - 추돌 - 진행중,안전거리미확보,건조,맑음,단일로 - 기타,승용,남,49세,상해없음,승용,남,32세,경상
2014072600100271,2014년 7월 26일 11시,토요일,전라남도 순천시 조곡동,경상사고,0,0,4,0,차대차 - 기타,안전운전불이행,건조,맑음,교차로 - 교차로안,승용,남,43세,경상,승용,남,54세,경상
2014072600100272,2014년 7월 26일 11시,토요일,전라남도 나주시 남평읍,중상사고,0,1,0,0,차대차 - 측면직각충돌,기타,건조,맑음,교차로 - 교차로안,화물,남,47세,상해없음,원동기,남,72세,중상
2014072600100302,2014년 7월 26일 12시,토요일,전라남도 순천시 서면,중상사고,0,1,0,0,차대차 - 측면직각충돌,안전운전불이행,건조,맑음,교차로 - 교차로안,승용,남,70세,상해없음,승합,남,26세,중상
2014072600100303,2014년 7월 26일 12시,토요일,전라남도 순천시 조례동,경상사고,0,0,2,0,차대차 - 기타,안전거리미확보,건조,맑음,교차로 - 교차로부근,승용,남,55세,상해없음,승용,남,38세,경상
2014072600100304,2014년 7월 26일 12시,토요일,전라남도 나주시 다시면,경상사고,0,0,3,0,차대차 - 기타,안전운전불이행,건조,맑음,교차로 - 교차로안,승용,남,61세,상해없음,승용,남,49세,경상
2014072600100305,2014년 7월 26일 12시,토요일,전라남도 담양군 담양읍,경상사고,0,0,2,0,차대차 - 측면직각충돌,불법유턴,건조,맑음,단일로 - 기타,승용,남,34세,상해없음,화물,남,47세,경상
2014072600100328,2014년 7월 26일 13시,토요일,전라남도 함평군 함평읍,경상사고,0,0,6,0,차대차 - 측면직각충돌,교차로운행방법위반,건조,맑음,교차로 - 교차로안,승용,여,57세,상해없음,승용,남,35세,경상
2014072600100357,2014년 7월 26일 14시,토요일,전라남도 목포시 옥암동,경상사고,0,0,3,0,차대차 - 기타,신호위반,건조,맑음,교차로 - 교차로안,승용,남,46세,상해없음,화물,남,23세,경상
2014072600100358,2014년 7월 26일 14시,토요일,전라남도 여수시 신기동,경상사고,0,0,1,0,차량단독 - 기타,안전운전불이행,건조,맑음,교차로 - 교차로부근,승합,남,57세,상해없음,,,,
2014072600100359,2014년 7월 26일 14시,토요일,전라남도 여수시 신기동,경상사고,0,0,2,0,차대차 - 측면직각충돌,안전운전불이행,건조,맑음,교차로 - 교차로부근,승용,남,73세,상해없음,승용,여,42세,경상
2014072600100360,2014년 7월 26일 14시,토요일,전라남도 영광군 영광읍,경상사고,0,0,1,0,차량단독 - 도로외이탈 - 기타,안전운전불이행,건조,맑음,단일로 - 기타,원동기,남,70세,경상,,,,
2014072600100390,2014년 7월 26일 15시,토요일,전라남도 나주시 산포면,경상사고,0,0,1,0,차대차 - 측면직각충돌,신호위반,건조,맑음,교차로 - 교차로부근,화물,남,54세,상해없음,승용,남,27세,경상
2014072600100421,2014년 7월 26일 16시,토요일,전라남도 신안군 안좌면,중상사고,0,1,0,0,차대차 - 기타,교차로운행방법위반,건조,맑음,교차로 - 교차로안,이륜,남,74세,중상,승용,여,51세,상해없음
2014072600100422,2014년 7월 26일 16시,토요일,전라남도 여수시 선원동,경상사고,0,0,1,0,차대차 - 측면직각충돌,신호위반,건조,맑음,교차로 - 교차로안,승용,여,37세,상해없음,이륜,남,25세,경상
2014072600100423,2014년 7월 26일 16시,토요일,전라남도 영암군 금정면,경상사고,0,0,1,0,차량단독 - 기타,안전운전불이행,건조,맑음,단일로 - 기타,이륜,남,74세,경상,,,,
2014072600100449,2014년 7월 26일 17시,토요일,전라남도 화순군 화순읍,경상사고,0,0,7,0,차대차 - 추돌 - 진행중,안전거리미확보,건조,맑음,단일로 - 기타,승용,남,54세,경상,승용,남,42세,경상
2014072600100516,2014년 7월 26일 19시,토요일,전라남도 목포시 옥암동,경상사고,0,0,2,0,차대차 - 기타,신호위반,건조,맑음,교차로 - 교차로안,승용,여,41세,상해없음,승용,남,38세,경상
2014072600100517,2014년 7월 26일 19시,토요일,전라남도 고흥군 고흥읍,경상사고,0,0,1,0,차대차 - 측면직각충돌,교차로운행방법위반,건조,맑음,교차로 - 교차로안,화물,남,44세,상해없음,승용,여,33세,경상
2014072600100550,2014년 7월 26일 20시,토요일,전라남도 담양군 금성면,중상사고,0,1,0,0,차대사람 - 횡단중,안전운전불이행,건조,맑음,단일로 - 기타,승용,여,56세,상해없음,보행자,남,64세,중상
2014072600100551,2014년 7월 26일 20시,토요일,전라남도 진도군 군내면,경상사고,0,0,1,0,차대차 - 추돌 - 진행중,안전운전불이행,건조,맑음,단일로 - 기타,승용,남,32세,상해없음,농기계,남,53세,경상
2014072600100574,2014년 7월 26일 21시,토요일,전라남도 목포시 용당동,경상사고,0,0,3,0,차대차 - 기타,안전운전불이행,건조,맑음,단일로 - 기타,승용,남,32세,상해없음,승용,남,57세,상해없음
2014072600100575,2014년 7월 26일 21시,토요일,전라남도 여수시 안산동,중상사고,0,1,1,0,차대차 - 측면직각충돌,중앙선침범,건조,맑음,단일로 - 기타,원동기,남,19세,경상,원동기,남,51세,중상
2014072700100020,2014년 7월 27일 00시,일요일,전라남도 담양군 창평면,경상사고,0,0,1,0,차대사람 - 길가장자리구역통행중,안전운전불이행,건조,흐림,단일로 - 기타,기타불명,기타불명,기타불명,기타불명,보행자,남,7세,경상
2014072700100045,2014년 7월 27일 01시,일요일,전라남도 여수시 여서동,경상사고,0,0,1,0,차대차 - 측면직각충돌,안전운전불이행,건조,맑음,교차로 - 교차로안,화물,남,32세,상해없음,승용,남,35세,경상
2014072700100068,2014년 7월 27일 03시,일요일,전라남도 광양시 광양읍,경상사고,0,0,1,0,차대차 - 기타,안전운전불이행,건조,맑음,단일로 - 횡단보도부근,승용,남,31세,기타불명,승용,여,25세,경상
2014072700100077,2014년 7월 27일 04시,일요일,전라남도 여수시 묘도동,중상사고,0,2,3,0,차대차 - 기타,안전운전불이행,습기,맑음,단일로 - 교량,승용,남,21세,상해없음,승용,남,25세,경상
2014072700100112,2014년 7월 27일 07시,일요일,전라남도 나주시 대호동,중상사고,0,1,0,0,차량단독 - 도로외이탈 - 기타,안전운전불이행,건조,맑음,단일로 - 기타,화물,남,31세,중상,,,,
2014072700100159,2014년 7월 27일 10시,일요일,전라남도 장흥군 관산읍,중상사고,0,1,0,0,차대차 - 측면직각충돌,중앙선침범,건조,맑음,단일로 - 기타,승용,남,67세,상해없음,원동기,남,48세,중상
2014072700100160,2014년 7월 27일 10시,일요일,전라남도 담양군 봉산면,중상사고,0,1,2,0,차대차 - 기타,안전거리미확보,건조,맑음,단일로 - 기타,승용,남,55세,경상,화물,남,48세,경상
2014072700100217,2014년 7월 27일 12시,일요일,전라남도 광양시 광양읍,경상사고,0,0,1,0,차대사람 - 기타,안전운전불이행,건조,맑음,기타 - 기타,승용,남,60세,상해없음,보행자,여,37세,경상
2014072700100239,2014년 7월 27일 13시,일요일,전라남도 장흥군 대덕읍,중상사고,0,1,0,0,차대차 - 측면직각충돌,교차로운행방법위반,건조,맑음,교차로 - 교차로안,승용,남,20세,상해없음,이륜,남,77세,중상
2014072700100240,2014년 7월 27일 13시,일요일,전라남도 보성군 미력면,경상사고,0,0,1,0,차대차 - 정면충돌,중앙선침범,건조,맑음,단일로 - 기타,화물,남,59세,상해없음,승용,남,64세,경상
2014072700100241,2014년 7월 27일 13시,일요일,전라남도 무안군 청계면,경상사고,0,0,2,0,차대차 - 측면직각충돌,안전운전불이행,건조,맑음,단일로 - 기타,화물,여,66세,상해없음,승용,남,60세,경상
2014072700100269,2014년 7월 27일 14시,일요일,전라남도 무안군 삼향읍,중상사고,0,1,1,0,차대차 - 측면직각충돌,신호위반,건조,맑음,교차로 - 교차로안,승용,남,51세,상해없음,승용,남,67세,중상
2014072700100347,2014년 7월 27일 16시,일요일,전라남도 강진군 강진읍,중상사고,0,1,1,0,차대차 - 측면직각충돌,기타,건조,맑음,교차로 - 교차로안,승용,여,24세,상해없음,원동기,남,65세,중상
2014072700100348,2014년 7월 27일 16시,일요일,전라남도 광양시 도이동,경상사고,0,0,2,0,차대차 - 기타,신호위반,건조,맑음,교차로 - 교차로안,특수,남,46세,상해없음,승용,여,42세,경상
2014072700100385,2014년 7월 27일 17시,일요일,전라남도 순천시 옥천동,부상신고사고,0,0,0,1,차대차 - 추돌 - 주정차중,안전운전불이행,건조,맑음,단일로 - 기타,원동기,남,49세,부상신고,승용,여,35세,상해없음
2014072700100386,2014년 7월 27일 17시,일요일,전라남도 순천시 조례동,경상사고,0,0,3,0,차대차 - 추돌 - 주정차중,안전운전불이행,건조,맑음,교차로 - 교차로부근,승용,여,49세,상해없음,승용,남,57세,상해없음
2014072700100387,2014년 7월 27일 17시,일요일,전라남도 해남군 해남읍,경상사고,0,0,1,0,차대차 - 측면직각충돌,신호위반,건조,맑음,교차로 - 교차로안,승용,남,45세,상해없음,화물,남,44세,경상
2014072700100388,2014년 7월 27일 17시,일요일,전라남도 화순군 동면,경상사고,0,0,7,0,차대차 - 추돌 - 주정차중,안전운전불이행,건조,맑음,단일로 - 터널,승용,남,42세,경상,화물,남,63세,상해없음
2014072700100390,2014년 7월 27일 17시,일요일,전라남도 무안군 현경면,경상사고,0,0,3,0,차대차 - 추돌 - 주정차중,안전운전불이행,건조,맑음,단일로 - 기타,승용,남,21세,상해없음,승합,남,44세,경상
2014072700100427,2014년 7월 27일 18시,일요일,전라남도 보성군 벌교읍,경상사고,0,0,6,0,차대차 - 측면직각충돌,직진우회전진행방해,건조,맑음,교차로 - 교차로안,승용,남,67세,경상,승용,남,45세,경상
2014072700100428,2014년 7월 27일 18시,일요일,전라남도 무안군 현경면,경상사고,0,0,4,0,차대차 - 추돌 - 진행중,안전운전불이행,건조,맑음,단일로 - 기타,승용,남,43세,상해없음,승용,남,28세,경상
2014072700100545,2014년 7월 27일 22시,일요일,전라남도 순천시 연향동,중상사고,0,1,0,0,차대사람 - 횡단중,안전운전불이행,건조,흐림,교차로 - 교차로안,승용,남,33세,상해없음,보행자,남,54세,중상
2014072700100546,2014년 7월 27일 22시,일요일,전라남도 고흥군 고흥읍,경상사고,0,0,1,0,차대사람 - 횡단중,안전운전불이행,건조,맑음,단일로 - 기타,승용,여,20세,상해없음,보행자,여,28세,경상
2014072800100022,2014년 7월 28일 03시,월요일,전라남도 순천시 조례동,경상사고,0,0,1,0,차대차 - 기타,안전운전불이행,건조,맑음,교차로 - 교차로부근,승용,남,34세,상해없음,자전거,남,21세,경상
2014072800100090,2014년 7월 28일 08시,월요일,전라남도 해남군 화원면,경상사고,0,0,5,0,차대차 - 추돌 - 주정차중,안전운전불이행,건조,맑음,교차로 - 교차로부근,화물,남,53세,경상,승용,남,45세,경상