사고번호,사고일시,요일,시군구,사고내용,사망자수,중상자수,경상자수,부상신고자수,사고유형,법규위반,노면상태,기상상태,도로형태,가해운전자 차종,가해운전자 성별,가해운전자 연령,가해운전자 상해정도,피해운전자 차종,피해운전자 성별,피해운전자 연령,피해운전자 상해정도
2014081300100079,2014년 8월 13일 06시,수요일,전라남도 나주시 산포면,경상사고,0,0,1,0,차량단독 - 도로외이탈 - 기타,안전운전불이행,건조,맑음,단일로 - 기타,승용,남,68세,경상,,,,
2014081300100080,2014년 8월 13일 06시,수요일,전라남도 장흥군 안양면,경상사고,0,0,1,0,차량단독 - 공작물충돌,기타,건조,흐림,단일로 - 기타,승용,남,46세,경상,,,,
2014081300100124,2014년 8월 13일 08시,수요일,전라남도 담양군 고서면,경상사고,0,0,1,0,차대사람 - 차도통행중,안전운전불이행,건조,맑음,단일로 - 기타,화물,남,49세,상해없음,보행자,여,75세,경상
2014081300100125,2014년 8월 13일 08시,수요일,전라남도 광양시 중동,경상사고,0,0,1,0,차대차 - 측면직각충돌,교차로운행방법위반,건조,맑음,교차로 - 교차로안,승용,남,40세,상해없음,승용,여,61세,경상
2014081300100126,2014년 8월 13일 08시,수요일,전라남도 광양시 금호동,경상사고,0,0,3,2,차대차 - 추돌 - 진행중,안전운전불이행,건조,맑음,교차로 - 교차로부근,승용,여,52세,상해없음,승합,남,43세,상해없음
2014081300100179,2014년 8월 13일 10시,수요일,전라남도 신안군 신의면,경상사고,0,0,1,0,차대차 - 측면직각충돌,교차로운행방법위반,건조,맑음,교차로 - 교차로안,화물,남,72세,상해없음,이륜,남,63세,경상
2014081300100180,2014년 8월 13일 10시,수요일,전라남도 순천시 연향동,경상사고,0,0,2,0,차대차 - 기타,차로위반,건조,맑음,단일로 - 기타,승용,여,46세,상해없음,승용,여,42세,경상
2014081300100211,2014년 8월 13일 11시,수요일,전라남도 순천시 조례동,경상사고,0,0,3,0,차대차 - 추돌 - 주정차중,안전운전불이행,건조,맑음,교차로 - 교차로부근,승용,남,59세,상해없음,승용,남,61세,경상
2014081300100212,2014년 8월 13일 11시,수요일,전라남도 무안군 운남면,경상사고,0,0,2,0,차량단독 - 기타,기타,건조,맑음,단일로 - 기타,화물,남,56세,상해없음,,,,
2014081300100246,2014년 8월 13일 12시,수요일,전라남도 나주시 송월동,경상사고,0,0,5,0,차대차 - 측면직각충돌,안전운전불이행,건조,맑음,교차로 - 교차로안,승합,남,26세,상해없음,승용,여,54세,경상
2014081300100247,2014년 8월 13일 12시,수요일,전라남도 장성군 남면,경상사고,0,0,1,0,차대차 - 측면직각충돌,신호위반,건조,맑음,교차로 - 교차로안,승용,여,26세,상해없음,승용,여,53세,경상
2014081300100279,2014년 8월 13일 13시,수요일,전라남도 영광군 홍농읍,경상사고,0,0,5,0,차대차 - 추돌 - 진행중,안전운전불이행,건조,맑음,단일로 - 기타,승용,남,59세,상해없음,승용,남,38세,경상
2014081300100355,2014년 8월 13일 15시,수요일,전라남도 목포시 대성동,경상사고,0,0,1,0,차대차 - 기타,안전운전불이행,건조,맑음,단일로 - 기타,승합,남,45세,상해없음,이륜,남,55세,경상
2014081300100395,2014년 8월 13일 16시,수요일,전라남도 목포시 옥암동,중상사고,0,1,0,0,차대차 - 기타,안전운전불이행,건조,맑음,교차로 - 교차로안,승용,여,31세,상해없음,원동기,남,35세,중상
2014081300100396,2014년 8월 13일 16시,수요일,전라남도 무안군 청계면,중상사고,0,3,2,1,차대차 - 측면직각충돌,안전운전불이행,건조,맑음,교차로 - 교차로안,화물,남,58세,중상,승용,남,46세,경상
2014081300100432,2014년 8월 13일 17시,수요일,전라남도 광양시 봉강면,중상사고,0,1,0,0,차대차 - 측면직각충돌,교차로운행방법위반,건조,맑음,교차로 - 교차로안,승용,남,23세,상해없음,승용,남,53세,상해없음
2014081300100462,2014년 8월 13일 18시,수요일,전라남도 여수시 신월동,경상사고,0,0,1,0,차대차 - 기타,안전운전불이행,건조,맑음,단일로 - 기타,승용,남,30세,상해없음,승용,남,31세,경상
2014081300100463,2014년 8월 13일 18시,수요일,전라남도 순천시 연향동,중상사고,0,1,0,0,차대차 - 기타,교차로운행방법위반,건조,맑음,교차로 - 교차로안,원동기,남,65세,중상,승용,여,28세,상해없음
2014081300100494,2014년 8월 13일 19시,수요일,전라남도 목포시 용해동,중상사고,0,1,0,0,차대차 - 기타,안전운전불이행,건조,기타,단일로 - 기타,원동기,남,17세,중상,승용,남,34세,기타불명
2014081300100495,2014년 8월 13일 19시,수요일,전라남도 목포시 서산동,경상사고,0,0,1,0,차대차 - 측면직각충돌,차로위반,건조,맑음,단일로 - 기타,승용,남,67세,상해없음,승용,남,34세,경상
2014081300100535,2014년 8월 13일 20시,수요일,전라남도 순천시 연향동,중상사고,0,1,0,0,차대차 - 측면직각충돌,안전운전불이행,건조,맑음,교차로 - 교차로부근,승용,남,51세,상해없음,자전거,남,56세,중상
2014081300100536,2014년 8월 13일 20시,수요일,전라남도 순천시 상사면,중상사고,0,1,0,0,차량단독 - 도로외이탈 - 추락,안전운전불이행,건조,맑음,교차로 - 교차로안,화물,남,62세,중상,,,,
2014081300100537,2014년 8월 13일 20시,수요일,전라남도 무안군 삼향읍,중상사고,0,1,1,0,차대차 - 측면직각충돌,안전운전불이행,건조,맑음,단일로 - 기타,승용,남,47세,중상,승용,여,27세,경상
2014081400100020,2014년 8월 14일 00시,목요일,전라남도 목포시 옥암동,경상사고,0,0,2,0,차대차 - 측면직각충돌,교차로운행방법위반,건조,맑음,교차로 - 교차로안,승용,남,24세,경상,승용,여,36세,상해없음
2014081400100072,2014년 8월 14일 04시,목요일,전라남도 여수시 신기동,중상사고,0,1,0,0,차대차 - 추돌 - 주정차중,안전운전불이행,습기,비,교차로 - 교차로부근,승용,여,18세,중상,승용,남,43세,상해없음
2014081400100089,2014년 8월 14일 05시,목요일,전라남도 여수시 여서동,경상사고,0,0,1,0,차대차 - 정면충돌,신호위반,습기,비,교차로 - 교차로안,화물,남,68세,상해없음,승용,남,53세,경상
2014081400100117,2014년 8월 14일 07시,목요일,전라남도 목포시 동명동,경상사고,0,0,4,0,차대차 - 기타,안전운전불이행,습기,흐림,단일로 - 기타,승용,남,62세,경상,화물,남,54세,경상
2014081400100118,2014년 8월 14일 07시,목요일,전라남도 여수시 광무동,경상사고,0,0,3,0,차대차 - 측면직각충돌,안전운전불이행,건조,맑음,단일로 - 기타,승용,남,76세,상해없음,승용,남,63세,경상
2014081400100119,2014년 8월 14일 07시,목요일,전라남도 함평군 학교면,경상사고,0,0,1,0,차대차 - 기타,직진우회전진행방해,습기,비,교차로 - 교차로안,승용,남,39세,상해없음,화물,남,57세,경상
2014081400100152,2014년 8월 14일 08시,목요일,전라남도 신안군 지도읍,중상사고,0,1,0,0,차량단독 - 공작물충돌,안전운전불이행,습기,비,단일로 - 기타,화물,남,49세,중상,,,,
2014081400100175,2014년 8월 14일 09시,목요일,전라남도 목포시 용해동,경상사고,0,0,1,0,차대차 - 측면직각충돌,안전운전불이행,습기,흐림,단일로 - 기타,화물,남,59세,상해없음,승용,여,35세,경상
2014081400100267,2014년 8월 14일 12시,목요일,전라남도 여수시 교동,경상사고,0,0,1,0,차대차 - 측면직각충돌,안전운전불이행,건조,맑음,교차로 - 교차로부근,화물,남,57세,상해없음,승용,여,52세,경상
2014081400100268,2014년 8월 14일 12시,목요일,전라남도 화순군 화순읍,경상사고,0,0,1,0,차대사람 - 기타,안전운전불이행,건조,맑음,단일로 - 기타,승용,남,37세,상해없음,보행자,여,9세,경상
2014081400100269,2014년 8월 14일 12시,목요일,전라남도 영암군 삼호읍,중상사고,0,1,0,0,차대차 - 측면직각충돌,신호위반,습기,비,교차로 - 교차로안,화물,남,67세,상해없음,건설기계,남,36세,상해없음
2014081400100309,2014년 8월 14일 13시,목요일,전라남도 여수시 문수동,중상사고,0,1,0,0,차대사람 - 기타,안전운전불이행,건조,흐림,단일로 - 기타,승용,여,26세,상해없음,보행자,여,33세,중상
2014081400100310,2014년 8월 14일 13시,목요일,전라남도 영암군 덕진면,경상사고,0,0,3,0,차대차 - 측면직각충돌,안전운전불이행,습기,비,단일로 - 기타,화물,남,59세,상해없음,승용,남,63세,경상
2014081400100311,2014년 8월 14일 13시,목요일,전라남도 담양군 금성면,중상사고,0,1,0,0,차대차 - 기타,안전운전불이행,습기,비,교차로 - 교차로부근,화물,남,43세,상해없음,자전거,남,67세,중상
2014081400100312,2014년 8월 14일 13시,목요일,전라남도 광양시 광양읍,중상사고,0,1,0,0,차대사람 - 횡단중,안전운전불이행,습기,비,교차로 - 교차로부근,승합,남,40세,상해없음,보행자,여,58세,중상
2014081400100356,2014년 8월 14일 14시,목요일,전라남도 순천시 교량동,중상사고,0,1,0,0,차대차 - 정면충돌,중앙선침범,습기,비,단일로 - 기타,승용,남,50세,상해없음,이륜,남,24세,중상
2014081400100357,2014년 8월 14일 14시,목요일,전라남도 순천시 해룡면,중상사고,0,1,0,0,차대사람 - 횡단중,안전운전불이행,건조,맑음,교차로 - 교차로안,승용,남,50세,상해없음,보행자,남,21세,중상
2014081400100386,2014년 8월 14일 15시,목요일,전라남도 목포시 산정동,경상사고,0,0,1,0,차대사람 - 기타,안전운전불이행,습기,흐림,교차로 - 교차로부근,승용,여,42세,상해없음,보행자,남,74세,경상
2014081400100387,2014년 8월 14일 15시,목요일,전라남도 순천시 조례동,경상사고,0,0,2,0,차대차 - 측면직각충돌,안전거리미확보,습기,비,교차로 - 교차로부근,승용,여,54세,상해없음,승용,여,34세,경상
2014081400100388,2014년 8월 14일 15시,목요일,전라남도 장흥군 장흥읍,경상사고,0,0,1,0,차대차 - 추돌 - 진행중,안전운전불이행,습기,비,단일로 - 기타,승용,남,18세,상해없음,승용,여,55세,경상
2014081400100389,2014년 8월 14일 15시,목요일,전라남도 광양시 광양읍,경상사고,0,0,2,0,차대차 - 추돌 - 주정차중,안전거리미확보,습기,비,교차로 - 교차로부근,승용,남,43세,상해없음,승용,남,39세,경상
2014081400100456,2014년 8월 14일 17시,목요일,전라남도 신안군 압해읍,중상사고,0,1,0,0,차대차 - 측면직각충돌,신호위반,습기,흐림,교차로 - 교차로안,자전거,남,90세 이상,중상,화물,남,90세 이상,상해없음
2014081400100457,2014년 8월 14일 17시,목요일,전라남도 순천시 풍덕동,경상사고,0,0,7,0,차대차 - 측면직각충돌,직진우회전진행방해,습기,흐림,교차로 - 교차로안,승용,남,38세,상해없음,승용,남,23세,경상
2014081400100458,2014년 8월 14일 17시,목요일,전라남도 고흥군 점암면,중상사고,0,2,3,0,차대차 - 추돌 - 진행중,안전운전불이행,습기,흐림,단일로 - 기타,승용,남,50세,상해없음,승용,남,39세,경상
2014081400100459,2014년 8월 14일 17시,목요일,전라남도 광양시 중동,경상사고,0,0,1,0,차대차 - 측면직각충돌,교차로운행방법위반,습기,비,교차로 - 교차로안,승용,여,55세,상해없음,이륜,남,58세,경상
2014081400100494,2014년 8월 14일 18시,목요일,전라남도 영암군 삼호읍,경상사고,0,0,4,0,차대차 - 추돌 - 진행중,안전운전불이행,건조,맑음,단일로 - 기타,승용,남,41세,상해없음,승용,여,54세,경상
2014081400100495,2014년 8월 14일 18시,목요일,전라남도 광양시 중동,경상사고,0,0,1,0,차대사람 - 횡단중,보행자보호의무위반,습기,비,단일로 - 횡단보도상,승용,남,45세,상해없음,보행자,남,11세,경상
2014081400100573,2014년 8월 14일 20시,목요일,전라남도 순천시 서면,경상사고,0,0,1,0,차대차 - 추돌 - 주정차중,안전거리미확보,건조,맑음,교차로 - 교차로안,승용,남,62세,상해없음,승용,남,36세,경상
2014081400100660,2014년 8월 14일 22시,목요일,전라남도 목포시 상동,경상사고,0,0,3,0,차대차 - 측면직각충돌,안전운전불이행,습기,비,단일로 - 기타,승용,여,52세,경상,승용,남,48세,경상
2014081400100661,2014년 8월 14일 22시,목요일,전라남도 여수시 신기동,중상사고,0,1,0,0,차대차 - 측면직각충돌,안전운전불이행,건조,맑음,교차로 - 교차로안,원동기,남,18세,중상,승용,남,61세,상해없음
2014081400100703,2014년 8월 14일 23시,목요일,전라남도 목포시 동명동,경상사고,0,0,2,0,차대차 - 측면직각충돌,직진우회전진행방해,습기,비,교차로 - 교차로안,승용,남,62세,경상,승용,남,42세,경상
2014081500100020,2014년 8월 15일 00시,금요일,전라남도 목포시 상동,경상사고,0,0,1,0,차대차 - 측면직각충돌,안전운전불이행,습기,흐림,단일로 - 기타,승용,남,46세,상해없음,승용,여,42세,경상
2014081500100021,2014년 8월 15일 00시,금요일,전라남도 순천시 연향동,경상사고,0,0,1,0,차대차 - 측면직각충돌,교차로운행방법위반,습기,비,교차로 - 교차로안,승용,남,46세,상해없음,승용,남,32세,경상
2014081500100022,2014년 8월 15일 00시,금요일,전라남도 강진군 강진읍,중상사고,0,1,0,0,차대사람 - 기타,안전운전불이행,습기,비,단일로 - 기타,화물,남,55세,상해없음,보행자,남,33세,중상
2014081500100045,2014년 8월 15일 01시,금요일,전라남도 목포시 산정동,중상사고,0,1,0,0,차대사람 - 기타,안전운전불이행,습기,비,교차로 - 교차로안,승용,남,57세,상해없음,보행자,남,49세,중상
2014081500100046,2014년 8월 15일 01시,금요일,전라남도 목포시 상동,경상사고,0,0,1,0,차량단독 - 기타,안전운전불이행,건조,맑음,단일로 - 기타,승용,남,33세,상해없음,,,,
2014081500100047,2014년 8월 15일 01시,금요일,전라남도 여수시 학동,경상사고,0,0,1,0,차대사람 - 기타,안전운전불이행,습기,비,단일로 - 기타,승용,남,27세,상해없음,보행자,남,62세,경상
2014081500100088,2014년 8월 15일 04시,금요일,전라남도 광양시 광양읍,경상사고,0,0,2,0,차대차 - 추돌 - 진행중,안전운전불이행,건조,맑음,교차로 - 교차로부근,승용,남,26세,상해없음,승용,남,63세,경상
2014081500100124,2014년 8월 15일 06시,금요일,전라남도 광양시 태인동,경상사고,0,0,2,0,차대차 - 측면직각충돌,안전운전불이행,습기,비,단일로 - 기타,이륜,남,62세,경상,승용,남,33세,상해없음
2014081500100163,2014년 8월 15일 08시,금요일,전라남도 순천시 연향동,경상사고,0,0,1,0,차대차 - 측면직각충돌,신호위반,습기,흐림,교차로 - 교차로안,화물,남,58세,상해없음,승용,남,38세,경상
2014081500100164,2014년 8월 15일 08시,금요일,전라남도 무안군 운남면,중상사고,0,1,1,0,차량단독 - 기타,안전운전불이행,건조,맑음,단일로 - 기타,승용,여,48세,경상,,,,
2014081500100186,2014년 8월 15일 09시,금요일,전라남도 해남군 해남읍,사망사고,1,0,0,0,차대차 - 기타,안전운전불이행,기타,맑음,단일로 - 기타,원동기,남,79세,사망,화물,남,55세,상해없음
2014081500100208,2014년 8월 15일 10시,금요일,전라남도 고흥군 대서면,중상사고,0,1,0,0,차대차 - 기타,안전운전불이행,건조,맑음,교차로 - 교차로부근,화물,남,59세,상해없음,기타불명,여,91세,중상
2014081500100254,2014년 8월 15일 12시,금요일,전라남도 해남군 산이면,중상사고,0,2,1,0,차대차 - 기타,교차로운행방법위반,기타,맑음,교차로 - 교차로안,승용,남,34세,경상,화물,남,59세,중상
2014081500100291,2014년 8월 15일 13시,금요일,전라남도 순천시 황전면,중상사고,0,1,0,0,차대사람 - 기타,안전운전불이행,건조,맑음,단일로 - 횡단보도상,승용,남,33세,상해없음,보행자,여,23세,중상
2014081500100292,2014년 8월 15일 13시,금요일,전라남도 화순군 동면,경상사고,0,0,2,0,차대차 - 측면직각충돌,직진우회전진행방해,건조,맑음,교차로 - 교차로안,화물,남,56세,상해없음,화물,남,36세,경상
2014081500100293,2014년 8월 15일 13시,금요일,전라남도 화순군 화순읍,경상사고,0,0,1,1,차대차 - 추돌 - 진행중,안전운전불이행,건조,맑음,단일로 - 기타,승용,남,48세,부상신고,건설기계,남,48세,경상
2014081500100324,2014년 8월 15일 14시,금요일,전라남도 목포시 죽교동,중상사고,0,1,0,0,차대사람 - 기타,교차로운행방법위반,건조,맑음,교차로 - 교차로안,화물,남,38세,상해없음,보행자,여,50세,중상
2014081500100325,2014년 8월 15일 14시,금요일,전라남도 순천시 조례동,경상사고,0,0,1,0,차대차 - 기타,차로위반,건조,맑음,단일로 - 기타,승용,여,53세,상해없음,원동기,남,24세,경상
2014081500100350,2014년 8월 15일 15시,금요일,전라남도 고흥군 도양읍,부상신고사고,0,0,0,1,차량단독 - 전도전복,안전운전불이행,건조,맑음,단일로 - 기타,승용,남,20세,부상신고,,,,
2014081500100351,2014년 8월 15일 15시,금요일,전라남도 광양시 광양읍,경상사고,0,0,1,0,차대차 - 측면직각충돌,안전운전불이행,건조,맑음,교차로 - 교차로부근,승용,남,61세,상해없음,승용,남,57세,상해없음
2014081500100395,2014년 8월 15일 16시,금요일,전라남도 여수시 문수동,중상사고,0,1,0,0,차대사람 - 횡단중,보행자보호의무위반,건조,맑음,교차로 - 교차로안,화물,남,51세,상해없음,보행자,여,57세,중상
2014081500100429,2014년 8월 15일 17시,금요일,전라남도 곡성군 오곡면,중상사고,0,2,0,0,차대차 - 기타,안전운전불이행,건조,흐림,교차로 - 교차로안,화물,남,39세,중상,승용,남,47세,중상
2014081500100430,2014년 8월 15일 17시,금요일,전라남도 무안군 현경면,경상사고,0,0,1,0,차대차 - 측면직각충돌,직진우회전진행방해,건조,맑음,교차로 - 교차로안,화물,남,54세,상해없음,승용,남,58세,상해없음
2014081500100431,2014년 8월 15일 17시,금요일,전라남도 무안군 삼향읍,중상사고,0,1,0,0,차대사람 - 기타,안전운전불이행,건조,맑음,교차로 - 교차로부근,승용,여,40세,상해없음,보행자,남,8세,중상
2014081500100432,2014년 8월 15일 17시,금요일,전라남도 광양시 광양읍,중상사고,0,1,0,0,차대차 - 기타,안전운전불이행,건조,맑음,단일로 - 기타,기타불명,기타불명,기타불명,기타불명,자전거,여,80세,중상
2014081500100472,2014년 8월 15일 18시,금요일,전라남도 여수시 동산동,경상사고,0,0,1,0,차대사람 - 횡단중,안전운전불이행,건조,맑음,단일로 - 기타,화물,남,41세,상해없음,보행자,여,85세,경상
2014081500100473,2014년 8월 15일 18시,금요일,전라남도 순천시 조례동,중상사고,0,1,0,0,차대사람 - 기타,안전운전불이행,건조,맑음,교차로 - 교차로부근,승용,여,33세,상해없음,보행자,남,6세,중상
2014081500100509,2014년 8월 15일 19시,금요일,전라남도 순천시 조례동,중상사고,0,1,0,0,차대사람 - 횡단중,보행자보호의무위반,건조,맑음,교차로 - 교차로부근,화물,남,50세,상해없음,보행자,남,79세,중상
2014081500100510,2014년 8월 15일 19시,금요일,전라남도 순천시 풍덕동,경상사고,0,0,1,0,차대차 - 기타,안전운전불이행,건조,맑음,교차로 - 교차로부근,승용,남,56세,상해없음,승용,남,26세,경상
2014081500100511,2014년 8월 15일 19시,금요일,전라남도 보성군 조성면,경상사고,0,0,3,0,차대차 - 추돌 - 주정차중,안전운전불이행,건조,맑음,단일로 - 기타,승용,남,47세,상해없음,승용,여,49세,경상
2014081500100545,2014년 8월 15일 20시,금요일,전라남도 여수시 웅천동,경상사고,0,0,2,0,차대차 - 측면직각충돌,신호위반,건조,맑음,교차로 - 교차로안,승용,남,28세,상해없음,승용,남,30세,경상
2014081500100546,2014년 8월 15일 20시,금요일,전라남도 순천시 연향동,경상사고,0,0,4,0,차대차 - 기타,신호위반,건조,맑음,교차로 - 교차로안,승용,남,45세,상해없음,승용,여,50세,경상
2014081500100581,2014년 8월 15일 21시,금요일,전라남도 해남군 산이면,부상신고사고,0,0,0,1,차대차 - 기타,안전운전불이행,기타,기타,단일로 - 기타,화물,남,55세,부상신고,화물,남,42세,기타불명
2014081500100582,2014년 8월 15일 21시,금요일,전라남도 강진군 성전면,중상사고,0,1,0,0,차대차 - 기타,안전운전불이행,건조,맑음,단일로 - 기타,승용,남,54세,상해없음,원동기,남,40세,중상
2014081500100606,2014년 8월 15일 22시,금요일,전라남도 순천시 연향동,경상사고,0,0,2,0,차대차 - 추돌 - 진행중,교차로운행방법위반,건조,맑음,교차로 - 교차로안,승용,남,53세,상해없음,승용,남,28세,경상
2014081500100625,2014년 8월 15일 23시,금요일,전라남도 목포시 상동,중상사고,0,1,0,0,차대사람 - 기타,안전운전불이행,건조,맑음,단일로 - 기타,이륜,남,23세,상해없음,보행자,여,61세,중상
2014081600100009,2014년 8월 16일 00시,토요일,전라남도 화순군 화순읍,경상사고,0,0,2,0,차대사람 - 차도통행중,안전운전불이행,건조,맑음,단일로 - 기타,승용,남,21세,상해없음,보행자,남,18세,경상
2014081600100010,2014년 8월 16일 00시,토요일,전라남도 순천시 승주읍,중상사고,0,1,0,0,차량단독 - 공작물충돌,안전운전불이행,건조,맑음,단일로 - 기타,승용,남,45세,상해없음,,,,
2014081600100042,2014년 8월 16일 02시,토요일,전라남도 목포시 옥암동,경상사고,0,0,1,0,차대차 - 추돌 - 주정차중,안전운전불이행,건조,맑음,교차로 - 교차로부근,승용,여,44세,상해없음,승용,남,27세,경상
2014081600100062,2014년 8월 16일 04시,토요일,전라남도 목포시 용해동,경상사고,0,0,1,0,차대차 - 기타,중앙선침범,건조,맑음,단일로 - 기타,승용,남,21세,상해없음,승용,남,59세,경상
2014081600100078,2014년 8월 16일 05시,토요일,전라남도 신안군 증도면,중상사고,0,1,0,0,차대차 - 추돌 - 주정차중,안전운전불이행,건조,흐림,단일로 - 기타,승용,남,45세,중상,농기계,남,48세,기타불명
2014081600100103,2014년 8월 16일 07시,토요일,전라남도 고흥군 대서면,중상사고,0,1,0,0,차대차 - 기타,안전운전불이행,건조,맑음,단일로 - 기타,원동기,남,72세,중상,화물,남,51세,기타불명
2014081600100121,2014년 8월 16일 08시,토요일,전라남도 목포시 산정동,중상사고,0,1,0,0,차대차 - 기타,안전운전불이행,건조,맑음,교차로 - 교차로부근,승용,여,51세,상해없음,자전거,남,77세,중상
2014081600100151,2014년 8월 16일 09시,토요일,전라남도 고흥군 도양읍,경상사고,0,0,1,0,차대차 - 측면직각충돌,신호위반,건조,맑음,교차로 - 교차로안,원동기,남,70세,경상,승용,남,28세,상해없음
2014081600100152,2014년 8월 16일 09시,토요일,전라남도 보성군 벌교읍,경상사고,0,0,1,0,차대차 - 정면충돌,중앙선침범,건조,맑음,단일로 - 기타,이륜,남,72세,경상,승용,여,39세,상해없음
2014081600100153,2014년 8월 16일 09시,토요일,전라남도 광양시 광양읍,경상사고,0,0,2,0,차대차 - 추돌 - 진행중,안전운전불이행,건조,맑음,단일로 - 기타,화물,남,78세,경상,승용,여,26세,경상
2014081600100175,2014년 8월 16일 10시,토요일,전라남도 목포시 상동,경상사고,0,0,1,0,차대차 - 측면직각충돌,안전운전불이행,건조,맑음,단일로 - 기타,이륜,남,44세,상해없음,승용,남,51세,경상
2014081600100176,2014년 8월 16일 10시,토요일,전라남도 영광군 영광읍,중상사고,0,2,0,0,차대차 - 기타,직진우회전진행방해,건조,맑음,교차로 - 교차로안,승용,남,59세,상해없음,원동기,남,78세,중상
2014081600100200,2014년 8월 16일 11시,토요일,전라남도 여수시 소라면,중상사고,0,1,5,1,차대차 - 추돌 - 진행중,안전운전불이행,건조,맑음,단일로 - 기타,승용,남,24세,상해없음,승용,남,38세,경상
2014081600100201,2014년 8월 16일 11시,토요일,전라남도 여수시 소라면,경상사고,0,0,8,0,차대차 - 추돌 - 진행중,안전운전불이행,건조,맑음,단일로 - 터널,승용,남,56세,기타불명,승용,남,31세,경상
2014081600100202,2014년 8월 16일 11시,토요일,전라남도 담양군 남면,경상사고,0,0,2,0,차대차 - 기타,안전운전불이행,건조,맑음,교차로 - 교차로부근,원동기,남,51세,경상,승용,여,34세,상해없음
2014081600100203,2014년 8월 16일 11시,토요일,전라남도 광양시 광영동,경상사고,0,0,1,0,차대차 - 기타,교차로운행방법위반,건조,맑음,교차로 - 교차로부근,승용,남,66세,상해없음,승용,남,64세,경상
2014081600100239,2014년 8월 16일 12시,토요일,전라남도 해남군 현산면,중상사고,0,1,0,0,차대사람 - 기타,안전운전불이행,건조,맑음,단일로 - 기타,승용,남,37세,상해없음,보행자,남,6세,중상
2014081600100274,2014년 8월 16일 13시,토요일,전라남도 광양시 진상면,중상사고,0,1,0,0,차대사람 - 기타,안전운전불이행,건조,맑음,단일로 - 기타,승용,남,41세,상해없음,보행자,남,3세,중상
2014081600100345,2014년 8월 16일 15시,토요일,전라남도 순천시 서면,경상사고,0,0,1,0,차대차 - 기타,안전운전불이행,건조,맑음,교차로 - 교차로안,승용,남,46세,상해없음,승용,여,50세,경상
2014081600100346,2014년 8월 16일 15시,토요일,전라남도 담양군 담양읍,경상사고,0,0,3,0,차대차 - 기타,신호위반,건조,맑음,교차로 - 교차로안,승용,여,33세,경상,승용,남,70세,상해없음
2014081600100347,2014년 8월 16일 15시,토요일,전라남도 담양군 담양읍,경상사고,0,0,9,0,차대차 - 추돌 - 주정차중,안전운전불이행,건조,맑음,교차로 - 교차로부근,승용,여,32세,상해없음,승용,남,37세,경상
2014081600100348,2014년 8월 16일 15시,토요일,전라남도 담양군 금성면,중상사고,0,1,0,0,차대차 - 기타,불법유턴,건조,맑음,단일로 - 기타,화물,남,45세,상해없음,화물,남,52세,중상
2014081600100381,2014년 8월 16일 16시,토요일,전라남도 담양군 대덕면,경상사고,0,0,2,0,차대차 - 기타,직진우회전진행방해,건조,맑음,교차로 - 교차로안,승용,남,77세,상해없음,승용,여,53세,경상
2014081600100420,2014년 8월 16일 17시,토요일,전라남도 목포시 상동,경상사고,0,0,1,0,차대차 - 측면직각충돌,신호위반,건조,맑음,단일로 - 기타,화물,남,64세,상해없음,화물,남,25세,경상
2014081600100421,2014년 8월 16일 17시,토요일,전라남도 무안군 일로읍,경상사고,0,0,1,0,차량단독 - 전도전복,안전운전불이행,건조,맑음,단일로 - 기타,이륜,남,34세,경상,,,,
2014081600100454,2014년 8월 16일 18시,토요일,전라남도 장흥군 용산면,경상사고,0,0,1,0,차대차 - 기타,안전운전불이행,건조,맑음,단일로 - 기타,농기계,여,73세,경상,화물,남,31세,기타불명
2014081600100455,2014년 8월 16일 18시,토요일,전라남도 담양군 담양읍,중상사고,0,5,4,0,차대차 - 기타,신호위반,건조,맑음,교차로 - 교차로안,승용,남,57세,경상,승용,여,60세,중상
2014081600100456,2014년 8월 16일 18시,토요일,전라남도 곡성군 곡성읍,사망사고,1,3,0,0,차대차 - 정면충돌,과속,습기,비,단일로 - 기타,승용,남,21세,중상,승용,남,68세,사망
2014081600100457,2014년 8월 16일 18시,토요일,전라남도 완도군 완도읍,중상사고,0,3,1,0,차대차 - 추돌 - 주정차중,안전운전불이행,건조,맑음,단일로 - 기타,승용,남,18세,중상,승용,남,43세,경상
2014081600100486,2014년 8월 16일 19시,토요일,전라남도 진도군 진도읍,경상사고,0,0,1,0,차대차 - 측면직각충돌,안전운전불이행,건조,맑음,교차로 - 교차로부근,승용,남,65세,상해없음,자전거,여,10세,경상
2014081600100518,2014년 8월 16일 20시,토요일,전라남도 장흥군 장흥읍,경상사고,0,0,1,0,차대차 - 기타,안전운전불이행,건조,맑음,단일로 - 기타,승용,남,25세,상해없음,승용,남,46세,기타불명
2014081600100519,2014년 8월 16일 20시,토요일,전라남도 함평군 해보면,경상사고,0,0,1,0,차대차 - 기타,안전운전불이행,건조,맑음,단일로 - 기타,승용,남,20세,경상,승용,남,56세,상해없음
2014081600100588,2014년 8월 16일 22시,토요일,전라남도 목포시 대성동,중상사고,0,1,1,0,차대차 - 측면직각충돌,안전운전불이행,건조,맑음,단일로 - 기타,승용,남,43세,상해없음,승용,남,30세,경상
2014081600100589,2014년 8월 16일 22시,토요일,전라남도 목포시 상동,중상사고,0,1,0,0,차대차 - 측면직각충돌,안전운전불이행,건조,맑음,단일로 - 기타,승용,남,60세,상해없음,이륜,남,34세,중상