사고번호,사고일시,요일,시군구,사고내용,사망자수,중상자수,경상자수,부상신고자수,사고유형,법규위반,노면상태,기상상태,도로형태,가해운전자 차종,가해운전자 성별,가해운전자 연령,가해운전자 상해정도,피해운전자 차종,피해운전자 성별,피해운전자 연령,피해운전자 상해정도
2014081600100590,2014년 8월 16일 22시,토요일,전라남도 함평군 함평읍,중상사고,0,1,0,0,차대차 - 정면충돌,안전운전불이행,건조,맑음,교차로 - 교차로안,이륜,남,25세,중상,승용,남,34세,상해없음
2014081600100612,2014년 8월 16일 23시,토요일,전라남도 순천시 왕지동,중상사고,0,1,0,0,차대차 - 측면직각충돌,안전운전불이행,건조,맑음,교차로 - 교차로안,승용,남,25세,상해없음,자전거,남,23세,중상
2014081700100043,2014년 8월 17일 02시,일요일,전라남도 광양시 광양읍,중상사고,0,1,0,0,차량단독 - 공작물충돌,안전운전불이행,건조,맑음,미분류 - 미분류,승용,남,29세,중상,,,,
2014081700100075,2014년 8월 17일 05시,일요일,전라남도 무안군 해제면,경상사고,0,0,3,0,차대차 - 추돌 - 진행중,안전운전불이행,건조,맑음,단일로 - 기타,화물,남,53세,상해없음,승용,남,41세,경상
2014081700100080,2014년 8월 17일 06시,일요일,전라남도 순천시 남정동,경상사고,0,0,2,0,차대차 - 추돌 - 주정차중,안전운전불이행,건조,맑음,교차로 - 교차로부근,승용,남,81세,상해없음,승용,남,63세,경상
2014081700100109,2014년 8월 17일 08시,일요일,전라남도 진도군 임회면,경상사고,0,0,4,0,차대차 - 정면충돌,중앙선침범,건조,맑음,교차로 - 교차로안,승합,남,56세,상해없음,승용,남,38세,경상
2014081700100119,2014년 8월 17일 09시,일요일,전라남도 진도군 진도읍,경상사고,0,0,2,0,차대차 - 기타,안전운전불이행,건조,맑음,단일로 - 기타,승용,여,56세,경상,화물,남,57세,기타불명
2014081700100141,2014년 8월 17일 10시,일요일,전라남도 순천시 조례동,경상사고,0,0,3,0,차대차 - 추돌 - 진행중,안전거리미확보,건조,맑음,단일로 - 기타,승합,남,31세,상해없음,승용,여,53세,경상
2014081700100142,2014년 8월 17일 10시,일요일,전라남도 화순군 화순읍,중상사고,0,1,0,0,차대사람 - 횡단중,안전운전불이행,건조,맑음,단일로 - 기타,화물,여,51세,상해없음,보행자,남,6세,중상
2014081700100143,2014년 8월 17일 10시,일요일,전라남도 담양군 고서면,경상사고,0,0,3,0,차대차 - 기타,중앙선침범,건조,맑음,단일로 - 기타,화물,남,74세,상해없음,승용,남,54세,경상
2014081700100167,2014년 8월 17일 11시,일요일,전라남도 순천시 별량면,경상사고,0,0,4,0,차대차 - 측면직각충돌,중앙선침범,습기,흐림,교차로 - 교차로부근,화물,남,67세,경상,승용,남,31세,경상
2014081700100168,2014년 8월 17일 11시,일요일,전라남도 나주시 이창동,경상사고,0,0,1,0,차대차 - 기타,안전운전불이행,기타,흐림,교차로 - 교차로안,승용,여,73세,상해없음,이륜,남,29세,경상
2014081700100184,2014년 8월 17일 12시,일요일,전라남도 목포시 상동,경상사고,0,0,3,0,차대차 - 측면직각충돌,신호위반,건조,흐림,교차로 - 교차로안,승용,남,79세,상해없음,승용,여,43세,경상
2014081700100209,2014년 8월 17일 13시,일요일,전라남도 여수시 학동,경상사고,0,0,1,0,차대차 - 측면직각충돌,안전운전불이행,건조,맑음,단일로 - 기타,이륜,남,16세,경상,승용,남,40세,기타불명
2014081700100210,2014년 8월 17일 13시,일요일,전라남도 해남군 해남읍,경상사고,0,0,1,0,차대차 - 기타,중앙선침범,건조,맑음,단일로 - 기타,승합,여,52세,상해없음,승용,남,67세,경상
2014081700100233,2014년 8월 17일 14시,일요일,전라남도 완도군 신지면,부상신고사고,0,0,0,1,차대차 - 기타,안전운전불이행,습기,비,단일로 - 기타,승용,여,57세,상해없음,이륜,남,45세,부상신고
2014081700100313,2014년 8월 17일 17시,일요일,전라남도 목포시 옥암동,경상사고,0,0,3,0,차대차 - 측면직각충돌,기타,습기,비,교차로 - 교차로안,화물,남,56세,경상,승용,남,64세,경상
2014081700100314,2014년 8월 17일 17시,일요일,전라남도 목포시 용당동,경상사고,0,0,4,0,차대차 - 기타,중앙선침범,습기,비,교차로 - 교차로부근,승용,남,29세,상해없음,승용,남,30세,경상
2014081700100362,2014년 8월 17일 19시,일요일,전라남도 순천시 조례동,중상사고,0,1,0,0,차대사람 - 기타,보행자보호의무위반,습기,비,단일로 - 횡단보도상,승용,남,41세,상해없음,보행자,여,27세,중상
2014081700100363,2014년 8월 17일 19시,일요일,전라남도 완도군 신지면,중상사고,0,1,0,0,차대차 - 정면충돌,중앙선침범,습기,흐림,단일로 - 기타,승용,여,48세,상해없음,이륜,남,19세,중상
2014081700100396,2014년 8월 17일 20시,일요일,전라남도 목포시 상동,경상사고,0,0,1,0,차대차 - 측면직각충돌,교차로운행방법위반,습기,비,교차로 - 교차로안,이륜,남,59세,경상,승용,여,31세,상해없음
2014081700100397,2014년 8월 17일 20시,일요일,전라남도 화순군 화순읍,경상사고,0,0,1,0,차대차 - 측면직각충돌,직진우회전진행방해,습기,비,교차로 - 교차로안,화물,남,42세,상해없음,승용,여,39세,경상
2014081700100427,2014년 8월 17일 21시,일요일,전라남도 진도군 진도읍,경상사고,0,0,1,0,차대차 - 기타,신호위반,습기,비,교차로 - 교차로안,승용,남,54세,상해없음,승용,여,37세,경상
2014081700100479,2014년 8월 17일 23시,일요일,전라남도 목포시 죽교동,경상사고,0,0,5,0,차대차 - 기타,안전운전불이행,습기,비,교차로 - 교차로안,화물,남,50세,상해없음,승용,남,49세,상해없음
2014081800100044,2014년 8월 18일 03시,월요일,전라남도 목포시 옥암동,경상사고,0,0,2,0,차대차 - 측면직각충돌,신호위반,습기,비,교차로 - 교차로안,승용,남,35세,상해없음,승용,여,48세,경상
2014081800100125,2014년 8월 18일 08시,월요일,전라남도 순천시 해룡면,경상사고,0,0,2,0,차대차 - 기타,안전거리미확보,습기,비,단일로 - 기타,승용,남,47세,상해없음,승용,남,53세,경상
2014081800100126,2014년 8월 18일 08시,월요일,전라남도 해남군 옥천면,경상사고,0,0,2,0,차량단독 - 전도전복,안전운전불이행,습기,비,단일로 - 기타,승합,남,44세,경상,,,,
2014081800100127,2014년 8월 18일 08시,월요일,전라남도 무안군 삼향읍,경상사고,0,0,3,0,차대차 - 기타,안전거리미확보,습기,비,교차로 - 교차로부근,승용,남,36세,상해없음,승용,여,32세,경상
2014081800100161,2014년 8월 18일 09시,월요일,전라남도 나주시 남평읍,경상사고,0,0,1,0,차량단독 - 공작물충돌,안전운전불이행,습기,비,단일로 - 기타,승용,여,28세,경상,,,,
2014081800100162,2014년 8월 18일 09시,월요일,전라남도 고흥군 도양읍,부상신고사고,0,0,0,1,차대차 - 기타,안전거리미확보,습기,흐림,단일로 - 기타,건설기계,남,44세,상해없음,화물,남,77세,부상신고
2014081800100163,2014년 8월 18일 09시,월요일,전라남도 강진군 강진읍,경상사고,0,0,2,0,차대차 - 측면직각충돌,안전운전불이행,습기,비,교차로 - 교차로안,승용,여,43세,경상,화물,남,55세,상해없음
2014081800100164,2014년 8월 18일 09시,월요일,전라남도 무안군 삼향읍,경상사고,0,0,2,0,차대차 - 정면충돌,안전운전불이행,습기,비,단일로 - 기타,승용,남,39세,상해없음,화물,남,51세,경상
2014081800100189,2014년 8월 18일 10시,월요일,전라남도 여수시 신기동,중상사고,0,1,0,0,차대차 - 측면직각충돌,안전운전불이행,건조,맑음,교차로 - 교차로안,원동기,남,45세,중상,승용,여,42세,상해없음
2014081800100190,2014년 8월 18일 10시,월요일,전라남도 보성군 조성면,중상사고,0,1,0,0,차대차 - 기타,불법유턴,습기,비,단일로 - 기타,화물,남,46세,상해없음,원동기,남,82세,중상
2014081800100191,2014년 8월 18일 10시,월요일,전라남도 담양군 고서면,경상사고,0,0,1,0,차대차 - 추돌 - 주정차중,안전운전불이행,습기,비,교차로 - 교차로부근,화물,남,65세,상해없음,승용,남,74세,경상
2014081800100192,2014년 8월 18일 10시,월요일,전라남도 광양시 중동,중상사고,0,1,2,0,차대차 - 측면직각충돌,직진우회전진행방해,습기,비,교차로 - 교차로안,승용,남,46세,경상,승용,남,72세,경상
2014081800100219,2014년 8월 18일 11시,월요일,전라남도 순천시 덕암동,경상사고,0,0,2,0,차대차 - 추돌 - 주정차중,안전운전불이행,습기,비,단일로 - 기타,승용,남,32세,상해없음,승용,남,41세,상해없음
2014081800100220,2014년 8월 18일 11시,월요일,전라남도 순천시 별량면,경상사고,0,0,1,0,차대차 - 측면직각충돌,안전운전불이행,습기,비,교차로 - 교차로안,이륜,남,73세,경상,승용,남,64세,상해없음
2014081800100221,2014년 8월 18일 11시,월요일,전라남도 강진군 도암면,경상사고,0,0,1,0,차대차 - 정면충돌,안전운전불이행,습기,흐림,단일로 - 기타,화물,남,33세,경상,화물,남,64세,상해없음
2014081800100222,2014년 8월 18일 11시,월요일,전라남도 무안군 현경면,부상신고사고,0,0,0,1,차량단독 - 전도전복,안전운전불이행,건조,맑음,단일로 - 기타,승용,여,55세,부상신고,,,,
2014081800100223,2014년 8월 18일 11시,월요일,전라남도 광양시 금호동,경상사고,0,0,1,0,차대차 - 정면충돌,안전운전불이행,건조,맑음,단일로 - 기타,화물,남,32세,상해없음,화물,남,43세,경상
2014081800100250,2014년 8월 18일 12시,월요일,전라남도 순천시 서면,경상사고,0,0,1,0,차대사람 - 횡단중,보행자보호의무위반,습기,비,교차로 - 교차로안,승용,남,31세,상해없음,보행자,여,8세,경상
2014081800100251,2014년 8월 18일 12시,월요일,전라남도 광양시 진월면,경상사고,0,0,1,0,차대차 - 측면직각충돌,안전운전불이행,습기,비,단일로 - 기타,화물,남,61세,상해없음,화물,남,39세,경상
2014081800100281,2014년 8월 18일 13시,월요일,전라남도 장흥군 회진면,경상사고,0,0,1,0,차대사람 - 기타,안전운전불이행,건조,흐림,교차로 - 교차로안,승용,여,31세,상해없음,보행자,여,76세,경상
2014081800100316,2014년 8월 18일 14시,월요일,전라남도 고흥군 포두면,경상사고,0,0,1,0,차대차 - 추돌 - 진행중,안전운전불이행,건조,맑음,교차로 - 교차로부근,승용,여,41세,상해없음,이륜,여,66세,경상
2014081800100317,2014년 8월 18일 14시,월요일,전라남도 보성군 득량면,경상사고,0,0,1,0,차대차 - 정면충돌,안전운전불이행,습기,흐림,교차로 - 교차로안,승용,남,67세,상해없음,원동기,남,77세,경상
2014081800100348,2014년 8월 18일 15시,월요일,전라남도 여수시 학동,경상사고,0,0,1,0,차대사람 - 기타,안전운전불이행,건조,맑음,기타 - 기타,자전거,남,56세,기타불명,보행자,여,55세,경상
2014081800100413,2014년 8월 18일 17시,월요일,전라남도 목포시 상동,경상사고,0,0,3,0,차대차 - 기타,차로위반,습기,비,단일로 - 기타,승용,여,49세,경상,승용,남,26세,경상
2014081800100439,2014년 8월 18일 18시,월요일,전라남도 순천시 서면,경상사고,0,0,1,0,차대차 - 추돌 - 주정차중,안전운전불이행,습기,비,교차로 - 교차로부근,화물,남,45세,상해없음,승용,남,54세,경상
2014081800100440,2014년 8월 18일 18시,월요일,전라남도 화순군 화순읍,중상사고,0,1,0,0,차대차 - 측면직각충돌,안전운전불이행,건조,맑음,단일로 - 기타,승용,남,55세,상해없음,승용,남,32세,중상
2014081800100478,2014년 8월 18일 19시,월요일,전라남도 보성군 벌교읍,중상사고,0,1,0,0,차대차 - 측면직각충돌,안전운전불이행,습기,비,단일로 - 기타,화물,남,57세,상해없음,원동기,남,18세,중상
2014081800100479,2014년 8월 18일 19시,월요일,전라남도 장성군 서삼면,경상사고,0,0,1,0,차량단독 - 공작물충돌,안전운전불이행,습기,비,교차로 - 교차로부근,승용,남,23세,경상,,,,
2014081800100480,2014년 8월 18일 19시,월요일,전라남도 광양시 광양읍,경상사고,0,0,1,0,차대사람 - 횡단중,안전운전불이행,습기,비,단일로 - 기타,승용,남,46세,상해없음,보행자,남,53세,경상
2014081800100581,2014년 8월 18일 22시,월요일,전라남도 여수시 신월동,중상사고,0,3,0,0,차대차 - 기타,중앙선침범,습기,비,단일로 - 기타,승용,남,31세,중상,승용,여,28세,중상
2014081800100582,2014년 8월 18일 22시,월요일,전라남도 영암군 삼호읍,경상사고,0,0,1,0,차량단독 - 공작물충돌,안전운전불이행,습기,흐림,단일로 - 기타,승용,남,38세,경상,,,,
2014081800100610,2014년 8월 18일 23시,월요일,전라남도 목포시 상동,부상신고사고,0,0,0,1,차대차 - 측면직각충돌,안전운전불이행,건조,맑음,교차로 - 교차로안,승용,남,34세,상해없음,승용,남,52세,부상신고
2014081800100611,2014년 8월 18일 23시,월요일,전라남도 여수시 봉강동,중상사고,0,1,0,0,차대사람 - 기타,안전운전불이행,습기,비,단일로 - 횡단보도부근,승용,남,34세,상해없음,보행자,남,72세,중상
2014081800100612,2014년 8월 18일 23시,월요일,전라남도 여수시 둔덕동,경상사고,0,0,1,0,차대차 - 추돌 - 주정차중,안전운전불이행,습기,비,교차로 - 교차로부근,승용,남,24세,상해없음,승용,여,44세,상해없음
2014081900100020,2014년 8월 19일 00시,화요일,전라남도 목포시 옥암동,중상사고,0,2,1,0,차대차 - 기타,신호위반,습기,비,교차로 - 교차로안,승용,남,35세,상해없음,승용,여,40세,경상
2014081900100021,2014년 8월 19일 00시,화요일,전라남도 목포시 남교동,중상사고,0,1,0,0,차대사람 - 기타,안전운전불이행,습기,비,교차로 - 교차로부근,승용,여,29세,상해없음,보행자,남,56세,중상
2014081900100036,2014년 8월 19일 01시,화요일,전라남도 여수시 학동,경상사고,0,0,1,0,차대차 - 정면충돌,중앙선침범,습기,비,단일로 - 기타,승용,남,51세,상해없음,승용,남,54세,경상
2014081900100111,2014년 8월 19일 06시,화요일,전라남도 신안군 압해읍,중상사고,0,1,0,0,차대사람 - 길가장자리구역통행중,안전운전불이행,건조,맑음,단일로 - 기타,승용,남,44세,상해없음,보행자,여,58세,중상
2014081900100132,2014년 8월 19일 07시,화요일,전라남도 여수시 봉계동,중상사고,0,1,0,0,차대차 - 측면직각충돌,신호위반,습기,흐림,교차로 - 교차로안,승용,남,23세,상해없음,승용,남,55세,중상
2014081900100133,2014년 8월 19일 07시,화요일,전라남도 순천시 해룡면,경상사고,0,0,2,0,차대차 - 추돌 - 주정차중,안전거리미확보,건조,맑음,교차로 - 교차로안,승합,남,25세,상해없음,승용,남,31세,경상
2014081900100134,2014년 8월 19일 07시,화요일,전라남도 장성군 장성읍,경상사고,0,0,1,0,차대차 - 측면직각충돌,안전운전불이행,건조,맑음,교차로 - 교차로안,승용,여,57세,상해없음,승용,남,52세,경상
2014081900100204,2014년 8월 19일 09시,화요일,전라남도 순천시 조례동,중상사고,0,1,1,0,차대차 - 측면직각충돌,신호위반,건조,맑음,교차로 - 교차로안,화물,남,70세,상해없음,승용,여,51세,경상
2014081900100232,2014년 8월 19일 10시,화요일,전라남도 목포시 경동1가,경상사고,0,0,1,0,차대차 - 측면직각충돌,교차로운행방법위반,습기,비,교차로 - 교차로안,승용,남,55세,상해없음,이륜,남,76세,경상
2014081900100264,2014년 8월 19일 11시,화요일,전라남도 여수시 교동,경상사고,0,0,1,0,차대사람 - 기타,안전운전불이행,건조,맑음,단일로 - 기타,화물,남,41세,상해없음,보행자,여,79세,경상
2014081900100265,2014년 8월 19일 11시,화요일,전라남도 광양시 광양읍,사망사고,1,1,0,0,차대차 - 측면직각충돌,신호위반,건조,맑음,교차로 - 교차로안,화물,남,55세,사망,화물,남,57세,중상
2014081900100289,2014년 8월 19일 12시,화요일,전라남도 담양군 담양읍,경상사고,0,0,1,0,차대사람 - 횡단중,안전운전불이행,건조,맑음,단일로 - 기타,승용,남,45세,상해없음,보행자,남,7세,경상
2014081900100290,2014년 8월 19일 12시,화요일,전라남도 무안군 무안읍,경상사고,0,0,1,0,차대차 - 기타,안전운전불이행,건조,맑음,교차로 - 교차로안,이륜,남,72세,경상,승용,여,49세,상해없음
2014081900100291,2014년 8월 19일 12시,화요일,전라남도 광양시 광양읍,부상신고사고,0,0,0,1,차대차 - 추돌 - 주정차중,안전운전불이행,건조,흐림,교차로 - 교차로안,이륜,여,48세,부상신고,승용,여,39세,상해없음
2014081900100314,2014년 8월 19일 13시,화요일,전라남도 장흥군 용산면,경상사고,0,0,2,0,차대차 - 추돌 - 진행중,안전거리미확보,습기,비,단일로 - 기타,화물,남,30세,경상,화물,남,56세,상해없음
2014081900100315,2014년 8월 19일 13시,화요일,전라남도 영암군 영암읍,경상사고,0,0,1,0,차대차 - 기타,안전거리미확보,건조,맑음,단일로 - 기타,승용,여,54세,상해없음,화물,남,32세,상해없음
2014081900100316,2014년 8월 19일 13시,화요일,전라남도 광양시 마동,중상사고,0,2,0,0,차대차 - 측면직각충돌,교차로운행방법위반,습기,흐림,교차로 - 교차로안,승용,남,33세,중상,승용,여,24세,중상
2014081900100352,2014년 8월 19일 14시,화요일,전라남도 목포시 연산동,경상사고,0,0,1,0,차대차 - 측면직각충돌,교차로운행방법위반,건조,흐림,교차로 - 교차로안,건설기계,남,36세,상해없음,화물,남,35세,경상
2014081900100418,2014년 8월 19일 16시,화요일,전라남도 강진군 강진읍,경상사고,0,0,2,0,차대차 - 정면충돌,직진우회전진행방해,건조,맑음,교차로 - 교차로안,원동기,여,56세,경상,원동기,남,71세,경상
2014081900100419,2014년 8월 19일 16시,화요일,전라남도 구례군 토지면,경상사고,0,0,1,0,차대차 - 기타,직진우회전진행방해,건조,맑음,교차로 - 교차로안,기타불명,기타불명,기타불명,기타불명,자전거,남,7세,경상
2014081900100498,2014년 8월 19일 18시,화요일,전라남도 목포시 용당동,중상사고,0,1,0,0,차대차 - 정면충돌,중앙선침범,건조,맑음,단일로 - 기타,자전거,남,73세,중상,승용,남,25세,상해없음
2014081900100499,2014년 8월 19일 18시,화요일,전라남도 강진군 강진읍,중상사고,0,2,3,0,차대차 - 정면충돌,중앙선침범,건조,흐림,단일로 - 기타,승용,남,32세,상해없음,화물,남,69세,중상
2014081900100500,2014년 8월 19일 18시,화요일,전라남도 광양시 광양읍,경상사고,0,0,2,0,차대차 - 측면직각충돌,직진우회전진행방해,건조,맑음,교차로 - 교차로안,승용,여,35세,경상,승용,남,29세,경상
2014081900100541,2014년 8월 19일 19시,화요일,전라남도 순천시 연향동,경상사고,0,0,2,0,차대차 - 측면직각충돌,신호위반,건조,맑음,교차로 - 교차로안,화물,남,65세,상해없음,승용,여,45세,경상
2014081900100542,2014년 8월 19일 19시,화요일,전라남도 장흥군 장흥읍,경상사고,0,0,1,0,차대차 - 기타,안전거리미확보,건조,맑음,교차로 - 교차로안,승용,남,63세,상해없음,승용,여,68세,상해없음
2014081900100543,2014년 8월 19일 19시,화요일,전라남도 광양시 광양읍,중상사고,0,2,0,0,차대차 - 측면직각충돌,교차로운행방법위반,건조,맑음,교차로 - 교차로안,승용,여,55세,상해없음,이륜,남,60세,중상
2014081900100609,2014년 8월 19일 21시,화요일,전라남도 목포시 산정동,중상사고,0,1,0,0,차대사람 - 횡단중,신호위반,습기,비,단일로 - 기타,승합,남,42세,상해없음,보행자,남,15세,중상
2014081900100610,2014년 8월 19일 21시,화요일,전라남도 순천시 가곡동,부상신고사고,0,0,0,1,차대사람 - 기타,안전운전불이행,건조,맑음,교차로 - 교차로안,화물,남,52세,상해없음,보행자,남,36세,부상신고
2014081900100611,2014년 8월 19일 21시,화요일,전라남도 영광군 법성면,경상사고,0,0,2,0,차대차 - 정면충돌,교차로운행방법위반,건조,맑음,교차로 - 교차로안,승용,남,40세,상해없음,승용,여,47세,경상
2014081900100668,2014년 8월 19일 23시,화요일,전라남도 목포시 상동,경상사고,0,0,1,0,차대사람 - 횡단중,안전운전불이행,건조,맑음,교차로 - 교차로안,승용,남,36세,상해없음,보행자,남,22세,경상
2014082000100018,2014년 8월 20일 00시,수요일,전라남도 여수시 학동,경상사고,0,0,1,0,차대사람 - 기타,안전운전불이행,습기,비,단일로 - 기타,승용,남,46세,상해없음,보행자,남,34세,경상
2014082000100031,2014년 8월 20일 01시,수요일,전라남도 순천시 조례동,경상사고,0,0,1,0,차대차 - 기타,중앙선침범,습기,비,단일로 - 기타,승용,남,47세,상해없음,승용,여,54세,경상
2014082000100046,2014년 8월 20일 02시,수요일,전라남도 담양군 창평면,경상사고,0,0,1,0,차대사람 - 기타,안전운전불이행,건조,흐림,교차로 - 교차로부근,승용,여,43세,상해없음,보행자,남,58세,경상
2014082000100064,2014년 8월 20일 04시,수요일,전라남도 함평군 해보면,사망사고,1,0,0,0,차대차 - 기타,안전운전불이행,습기,안개,단일로 - 기타,승용,남,29세,상해없음,화물,남,55세,사망
2014082000100098,2014년 8월 20일 07시,수요일,전라남도 여수시 교동,경상사고,0,0,2,0,차대차 - 추돌 - 주정차중,안전운전불이행,건조,맑음,교차로 - 교차로부근,승용,여,43세,상해없음,승용,남,47세,경상
2014082000100099,2014년 8월 20일 07시,수요일,전라남도 여수시 봉산동,중상사고,0,1,1,0,차대차 - 측면직각충돌,안전운전불이행,건조,맑음,단일로 - 기타,승용,남,72세,상해없음,승용,남,61세,중상
2014082000100126,2014년 8월 20일 08시,수요일,전라남도 목포시 용당동,경상사고,0,0,1,0,차대차 - 추돌 - 진행중,안전운전불이행,건조,맑음,단일로 - 기타,승용,남,23세,상해없음,승용,남,46세,경상
2014082000100156,2014년 8월 20일 09시,수요일,전라남도 목포시 석현동,중상사고,0,1,0,0,차대차 - 기타,안전운전불이행,건조,맑음,단일로 - 기타,승용,남,37세,상해없음,자전거,남,10세,상해없음
2014082000100157,2014년 8월 20일 09시,수요일,전라남도 장성군 황룡면,경상사고,0,0,1,0,차대차 - 기타,신호위반,건조,흐림,교차로 - 교차로안,화물,남,57세,상해없음,승용,남,38세,경상
2014082000100158,2014년 8월 20일 09시,수요일,전라남도 광양시 광양읍,경상사고,0,0,2,0,차대차 - 측면직각충돌,신호위반,습기,비,교차로 - 교차로안,승용,여,32세,상해없음,원동기,여,22세,경상
2014082000100187,2014년 8월 20일 10시,수요일,전라남도 나주시 남평읍,경상사고,0,0,1,0,차대사람 - 기타,기타,건조,흐림,단일로 - 기타,승합,남,46세,상해없음,보행자,여,77세,경상
2014082000100188,2014년 8월 20일 10시,수요일,전라남도 나주시 남평읍,경상사고,0,0,2,0,차대차 - 측면직각충돌,중앙선침범,건조,맑음,단일로 - 기타,화물,남,60세,상해없음,화물,여,56세,경상
2014082000100189,2014년 8월 20일 10시,수요일,전라남도 장흥군 장흥읍,경상사고,0,0,1,0,차대차 - 측면직각충돌,안전운전불이행,건조,맑음,교차로 - 교차로안,승용,남,64세,상해없음,승용,여,34세,경상
2014082000100208,2014년 8월 20일 11시,수요일,전라남도 장흥군 장흥읍,경상사고,0,0,1,0,차대차 - 기타,중앙선침범,습기,비,단일로 - 기타,자전거,남,72세,경상,승용,여,54세,상해없음
2014082000100209,2014년 8월 20일 11시,수요일,전라남도 장흥군 관산읍,경상사고,0,0,1,0,차대사람 - 길가장자리구역통행중,안전운전불이행,건조,맑음,교차로 - 교차로안,화물,남,68세,상해없음,보행자,여,58세,경상
2014082000100241,2014년 8월 20일 12시,수요일,전라남도 여수시 선원동,중상사고,0,1,1,0,차대차 - 추돌 - 진행중,안전운전불이행,습기,비,단일로 - 기타,승용,남,41세,상해없음,화물,남,54세,중상
2014082000100242,2014년 8월 20일 12시,수요일,전라남도 영광군 홍농읍,경상사고,0,0,1,0,차대차 - 정면충돌,안전운전불이행,건조,맑음,단일로 - 기타,화물,남,38세,상해없음,승용,여,60세,경상
2014082000100243,2014년 8월 20일 12시,수요일,전라남도 담양군 금성면,중상사고,0,1,0,0,차대차 - 기타,안전운전불이행,습기,흐림,교차로 - 교차로부근,승용,남,46세,중상,승용,남,52세,상해없음
2014082000100302,2014년 8월 20일 14시,수요일,전라남도 신안군 암태면,경상사고,0,0,1,0,차대차 - 기타,중앙선침범,건조,맑음,단일로 - 기타,화물,남,61세,상해없음,승용,여,31세,경상
2014082000100340,2014년 8월 20일 15시,수요일,전라남도 화순군 화순읍,부상신고사고,0,0,0,1,차량단독 - 공작물충돌,안전운전불이행,건조,맑음,단일로 - 기타,화물,남,20세,부상신고,,,,
2014082000100341,2014년 8월 20일 15시,수요일,전라남도 구례군 구례읍,중상사고,0,2,1,0,차량단독 - 공작물충돌,안전운전불이행,건조,맑음,단일로 - 기타,승용,남,68세,중상,,,,
2014082000100421,2014년 8월 20일 18시,수요일,전라남도 화순군 한천면,부상신고사고,0,0,0,1,차대차 - 측면직각충돌,직진우회전진행방해,건조,흐림,교차로 - 교차로안,원동기,여,56세,부상신고,화물,남,31세,상해없음
2014082000100459,2014년 8월 20일 19시,수요일,전라남도 목포시 산정동,중상사고,0,1,4,0,차대차 - 기타,신호위반,건조,맑음,교차로 - 교차로안,승용,남,26세,중상,승합,남,43세,경상
2014082000100460,2014년 8월 20일 19시,수요일,전라남도 목포시 석현동,경상사고,0,0,1,0,차대차 - 기타,신호위반,건조,맑음,교차로 - 교차로안,승합,남,56세,상해없음,승용,여,48세,경상
2014082000100509,2014년 8월 20일 20시,수요일,전라남도 목포시 용해동,경상사고,0,0,2,0,차대차 - 기타,안전운전불이행,습기,흐림,단일로 - 기타,승용,남,32세,상해없음,승용,여,37세,경상
2014082000100510,2014년 8월 20일 20시,수요일,전라남도 고흥군 도화면,중상사고,0,2,0,0,차대사람 - 길가장자리구역통행중,중앙선침범,습기,비,단일로 - 기타,화물,여,62세,상해없음,보행자,여,70세,중상
2014082000100579,2014년 8월 20일 22시,수요일,전라남도 목포시 옥암동,중상사고,0,1,3,0,차대차 - 기타,안전운전불이행,습기,비,단일로 - 기타,승용,남,38세,상해없음,승용,남,29세,경상
2014082000100580,2014년 8월 20일 22시,수요일,전라남도 해남군 황산면,사망사고,1,0,0,0,차량단독 - 전도전복,안전운전불이행,기타,흐림,단일로 - 기타,원동기,남,68세,사망,,,,
2014082000100581,2014년 8월 20일 22시,수요일,전라남도 무안군 무안읍,부상신고사고,0,0,0,1,차량단독 - 기타,안전운전불이행,건조,맑음,단일로 - 기타,승용,남,30세,부상신고,,,,
2014082000100625,2014년 8월 20일 23시,수요일,전라남도 여수시 문수동,경상사고,0,0,1,0,차대차 - 정면충돌,신호위반,습기,비,교차로 - 교차로안,승용,여,30세,상해없음,승용,남,23세,경상
2014082100100042,2014년 8월 21일 01시,목요일,전라남도 여수시 월하동,경상사고,0,0,1,0,차대차 - 측면직각충돌,중앙선침범,습기,비,단일로 - 기타,승용,남,31세,상해없음,승용,남,44세,경상
2014082100100043,2014년 8월 21일 01시,목요일,전라남도 광양시 도이동,중상사고,0,1,0,0,차량단독 - 공작물충돌,안전운전불이행,습기,비,단일로 - 기타,승용,남,25세,중상,,,,
2014082100100063,2014년 8월 21일 02시,목요일,전라남도 목포시 옥암동,경상사고,0,0,1,0,차대사람 - 기타,안전운전불이행,습기,흐림,단일로 - 기타,승용,남,29세,상해없음,보행자,여,43세,경상
2014082100100064,2014년 8월 21일 02시,목요일,전라남도 여수시 문수동,사망사고,1,0,0,0,차대사람 - 횡단중,과속,습기,비,교차로 - 교차로부근,승용,남,44세,상해없음,보행자,여,24세,사망
2014082100100124,2014년 8월 21일 06시,목요일,전라남도 여수시 신기동,경상사고,0,0,1,0,차대차 - 기타,안전운전불이행,습기,흐림,교차로 - 교차로안,승용,기타불명,기타불명,기타불명,승용,남,56세,경상