사고번호,사고일시,요일,시군구,사고내용,사망자수,중상자수,경상자수,부상신고자수,사고유형,법규위반,노면상태,기상상태,도로형태,가해운전자 차종,가해운전자 성별,가해운전자 연령,가해운전자 상해정도,피해운전자 차종,피해운전자 성별,피해운전자 연령,피해운전자 상해정도
2014082600100400,2014년 8월 26일 16시,화요일,전라남도 무안군 해제면,경상사고,0,0,1,0,차량단독 - 전도전복,안전운전불이행,건조,맑음,교차로 - 교차로부근,이륜,남,60세,경상,,,,
2014082600100441,2014년 8월 26일 17시,화요일,전라남도 순천시 왕지동,경상사고,0,0,1,0,차대차 - 측면직각충돌,교차로운행방법위반,건조,맑음,교차로 - 교차로안,승용,여,43세,경상,승용,여,53세,상해없음
2014082600100492,2014년 8월 26일 18시,화요일,전라남도 순천시 덕암동,경상사고,0,0,2,0,차대차 - 기타,중앙선침범,건조,맑음,교차로 - 교차로안,승용,여,45세,상해없음,승용,남,38세,경상
2014082600100531,2014년 8월 26일 19시,화요일,전라남도 장흥군 관산읍,경상사고,0,0,1,0,차대차 - 추돌 - 주정차중,안전운전불이행,건조,맑음,단일로 - 기타,화물,남,54세,상해없음,승용,여,43세,경상
2014082600100532,2014년 8월 26일 19시,화요일,전라남도 보성군 조성면,사망사고,1,0,1,0,차대사람 - 횡단중,안전운전불이행,건조,맑음,단일로 - 기타,승용,여,25세,상해없음,보행자,남,58세,사망
2014082600100533,2014년 8월 26일 19시,화요일,전라남도 화순군 능주면,경상사고,0,0,1,0,차대사람 - 기타,안전운전불이행,건조,흐림,교차로 - 교차로부근,승용,남,61세,상해없음,보행자,남,71세,경상
2014082600100577,2014년 8월 26일 20시,화요일,전라남도 강진군 강진읍,경상사고,0,0,1,0,차대차 - 기타,중앙선침범,건조,맑음,단일로 - 기타,승용,남,46세,상해없음,승용,남,60세,경상
2014082600100610,2014년 8월 26일 21시,화요일,전라남도 순천시 조례동,경상사고,0,0,2,0,차대사람 - 기타,안전운전불이행,건조,맑음,교차로 - 교차로부근,화물,남,22세,상해없음,보행자,여,28세,경상
2014082600100647,2014년 8월 26일 22시,화요일,전라남도 목포시 옥암동,중상사고,0,1,1,0,차대차 - 정면충돌,신호위반,건조,맑음,교차로 - 교차로안,승용,여,23세,경상,승용,남,57세,중상
2014082600100679,2014년 8월 26일 23시,화요일,전라남도 순천시 연향동,경상사고,0,0,4,0,차대차 - 측면직각충돌,안전운전불이행,건조,맑음,교차로 - 교차로안,승용,남,23세,경상,승합,남,32세,경상
2014082600100680,2014년 8월 26일 23시,화요일,전라남도 무안군 무안읍,부상신고사고,0,0,0,1,차량단독 - 도로외이탈 - 추락,안전운전불이행,건조,맑음,단일로 - 기타,승용,남,20세,기타불명,,,,
2014082700100044,2014년 8월 27일 03시,수요일,전라남도 순천시 조례동,경상사고,0,0,1,0,차대사람 - 기타,안전운전불이행,습기,비,단일로 - 기타,승용,여,25세,상해없음,보행자,여,49세,경상
2014082700100094,2014년 8월 27일 07시,수요일,전라남도 무안군 일로읍,경상사고,0,0,2,0,차대차 - 측면직각충돌,직진우회전진행방해,건조,맑음,교차로 - 교차로안,승용,남,37세,경상,승용,여,43세,경상
2014082700100126,2014년 8월 27일 08시,수요일,전라남도 순천시 장천동,중상사고,0,1,0,0,차대차 - 기타,안전운전불이행,건조,맑음,교차로 - 교차로부근,승용,남,20세,상해없음,화물,여,55세,기타불명
2014082700100127,2014년 8월 27일 08시,수요일,전라남도 순천시 풍덕동,경상사고,0,0,1,0,차대차 - 기타,중앙선침범,건조,흐림,단일로 - 기타,원동기,남,69세,경상,승용,여,46세,상해없음
2014082700100160,2014년 8월 27일 09시,수요일,전라남도 나주시 다시면,경상사고,0,0,1,0,차량단독 - 공작물충돌,안전운전불이행,건조,흐림,단일로 - 기타,승용,여,45세,경상,,,,
2014082700100161,2014년 8월 27일 09시,수요일,전라남도 함평군 신광면,경상사고,0,0,1,1,차대차 - 측면직각충돌,교차로운행방법위반,건조,맑음,교차로 - 교차로안,화물,남,71세,부상신고,승합,남,20세,경상
2014082700100216,2014년 8월 27일 11시,수요일,전라남도 여수시 낙포동,부상신고사고,0,0,0,1,차량단독 - 기타,안전운전불이행,건조,맑음,단일로 - 기타,이륜,남,86세,부상신고,,,,
2014082700100320,2014년 8월 27일 14시,수요일,전라남도 장흥군 장흥읍,경상사고,0,0,4,0,차대차 - 측면직각충돌,교차로운행방법위반,건조,맑음,교차로 - 교차로안,승용,여,66세,상해없음,특수,남,26세,경상
2014082700100398,2014년 8월 27일 16시,수요일,전라남도 화순군 화순읍,중상사고,0,1,0,0,차대차 - 측면직각충돌,교차로운행방법위반,습기,흐림,단일로 - 기타,승용,남,50세,상해없음,원동기,남,71세,중상
2014082700100442,2014년 8월 27일 17시,수요일,전라남도 화순군 남면,경상사고,0,0,1,0,차대차 - 추돌 - 주정차중,안전운전불이행,건조,맑음,교차로 - 교차로안,승용,여,31세,상해없음,원동기,남,59세,경상
2014082700100443,2014년 8월 27일 17시,수요일,전라남도 담양군 수북면,경상사고,0,0,1,0,차대차 - 기타,교차로운행방법위반,건조,맑음,교차로 - 교차로안,화물,남,28세,상해없음,자전거,여,70세,경상
2014082700100492,2014년 8월 27일 18시,수요일,전라남도 신안군 임자면,사망사고,1,0,0,0,차량단독 - 공작물충돌,안전운전불이행,습기,흐림,교차로 - 교차로안,이륜,남,69세,사망,,,,
2014082700100493,2014년 8월 27일 18시,수요일,전라남도 영암군 삼호읍,경상사고,0,0,1,0,차대차 - 측면직각충돌,중앙선침범,건조,흐림,단일로 - 기타,승용,남,53세,상해없음,원동기,남,47세,경상
2014082700100573,2014년 8월 27일 20시,수요일,전라남도 목포시 산정동,경상사고,0,0,1,0,차대사람 - 차도통행중,안전운전불이행,건조,맑음,기타 - 기타,승용,남,43세,상해없음,보행자,여,80세,경상
2014082700100574,2014년 8월 27일 20시,수요일,전라남도 영암군 삼호읍,경상사고,0,0,1,0,차대차 - 측면직각충돌,신호위반,건조,맑음,교차로 - 교차로안,승용,남,33세,상해없음,화물,남,52세,경상
2014082700100601,2014년 8월 27일 21시,수요일,전라남도 목포시 옥암동,중상사고,0,1,0,0,차대사람 - 차도통행중,보행자보호의무위반,건조,맑음,기타 - 기타,이륜,남,19세,상해없음,보행자,남,40세,중상
2014082700100602,2014년 8월 27일 21시,수요일,전라남도 여수시 문수동,경상사고,0,0,2,0,차대차 - 정면충돌,안전운전불이행,건조,맑음,교차로 - 교차로안,승용,남,32세,상해없음,승용,남,38세,경상
2014082700100641,2014년 8월 27일 22시,수요일,전라남도 목포시 석현동,경상사고,0,0,4,0,차대차 - 추돌 - 주정차중,안전운전불이행,건조,맑음,기타 - 기타,승용,남,45세,상해없음,승용,여,38세,경상
2014082700100642,2014년 8월 27일 22시,수요일,전라남도 나주시 중앙동,경상사고,0,0,1,0,차대사람 - 기타,안전운전불이행,건조,기타,기타 - 기타,승합,남,64세,상해없음,보행자,여,55세,경상
2014082700100665,2014년 8월 27일 23시,수요일,전라남도 목포시 산정동,경상사고,0,0,3,0,차대차 - 추돌 - 주정차중,안전운전불이행,건조,맑음,기타 - 기타,화물,남,55세,상해없음,승용,남,51세,경상
2014082800100068,2014년 8월 28일 05시,목요일,전라남도 여수시 여서동,경상사고,0,0,1,0,차대사람 - 횡단중,신호위반,건조,맑음,단일로 - 횡단보도상,승용,남,36세,상해없음,보행자,남,81세,경상
2014082800100143,2014년 8월 28일 08시,목요일,전라남도 목포시 옥암동,경상사고,0,0,1,0,차대사람 - 횡단중,안전운전불이행,건조,맑음,기타 - 기타,승용,여,49세,상해없음,보행자,여,13세,경상
2014082800100181,2014년 8월 28일 09시,목요일,전라남도 목포시 석현동,경상사고,0,0,1,0,차대차 - 기타,안전운전불이행,건조,맑음,교차로 - 교차로안,승용,여,56세,상해없음,승용,여,32세,상해없음
2014082800100182,2014년 8월 28일 09시,목요일,전라남도 여수시 학동,경상사고,0,0,2,0,차대차 - 측면직각충돌,중앙선침범,건조,맑음,교차로 - 교차로부근,승용,남,42세,경상,승용,남,38세,경상
2014082800100231,2014년 8월 28일 11시,목요일,전라남도 나주시 산포면,경상사고,0,0,3,0,차대차 - 측면직각충돌,안전거리미확보,건조,맑음,단일로 - 기타,승용,남,65세,상해없음,화물,여,43세,경상
2014082800100320,2014년 8월 28일 14시,목요일,전라남도 목포시 용당동,중상사고,0,1,0,0,차대사람 - 횡단중,신호위반,습기,비,교차로 - 교차로안,승용,남,54세,상해없음,보행자,남,87세,중상
2014082800100321,2014년 8월 28일 14시,목요일,전라남도 목포시 석현동,경상사고,0,0,1,0,차대차 - 기타,안전운전불이행,건조,기타,단일로 - 기타,승용,남,27세,상해없음,승용,여,25세,경상
2014082800100322,2014년 8월 28일 14시,목요일,전라남도 순천시 조례동,경상사고,0,0,5,0,차대차 - 기타,안전운전불이행,습기,비,교차로 - 교차로부근,승용,여,28세,상해없음,승용,여,64세,경상
2014082800100361,2014년 8월 28일 15시,목요일,전라남도 영광군 법성면,경상사고,0,0,1,0,차대차 - 정면충돌,중앙선침범,건조,맑음,단일로 - 기타,승용,남,51세,상해없음,화물,남,38세,경상
2014082800100362,2014년 8월 28일 15시,목요일,전라남도 담양군 대덕면,중상사고,0,3,1,0,차대차 - 정면충돌,중앙선침범,습기,비,단일로 - 기타,화물,남,54세,상해없음,승용,여,53세,중상
2014082800100393,2014년 8월 28일 16시,목요일,전라남도 목포시 상동,경상사고,0,0,1,0,차대사람 - 횡단중,안전운전불이행,습기,흐림,단일로 - 기타,승용,남,33세,상해없음,보행자,여,18세,경상
2014082800100394,2014년 8월 28일 16시,목요일,전라남도 곡성군 곡성읍,경상사고,0,0,1,0,차대차 - 기타,안전운전불이행,습기,비,교차로 - 교차로안,화물,여,31세,상해없음,화물,남,59세,경상
2014082800100438,2014년 8월 28일 17시,목요일,전라남도 순천시 연향동,경상사고,0,0,1,0,차대차 - 측면직각충돌,안전운전불이행,건조,맑음,교차로 - 교차로안,승용,남,65세,경상,승합,남,50세,상해없음
2014082800100484,2014년 8월 28일 18시,목요일,전라남도 여수시 화장동,중상사고,0,1,2,0,차대차 - 측면직각충돌,신호위반,건조,맑음,교차로 - 교차로안,승용,남,58세,상해없음,승용,남,53세,중상
2014082800100485,2014년 8월 28일 18시,목요일,전라남도 진도군 군내면,중상사고,0,1,0,0,차대차 - 기타,안전운전불이행,습기,비,단일로 - 기타,원동기,남,83세,중상,화물,남,44세,상해없음
2014082800100564,2014년 8월 28일 20시,목요일,전라남도 목포시 상동,경상사고,0,0,1,0,차대차 - 측면직각충돌,안전운전불이행,건조,맑음,교차로 - 교차로안,화물,남,50세,상해없음,승용,남,22세,경상
2014082800100600,2014년 8월 28일 21시,목요일,전라남도 영암군 삼호읍,경상사고,0,0,1,0,차대차 - 측면직각충돌,신호위반,건조,맑음,교차로 - 교차로안,승용,남,34세,상해없음,승용,남,30세,경상
2014082800100601,2014년 8월 28일 21시,목요일,전라남도 강진군 군동면,경상사고,0,0,1,0,차대사람 - 기타,안전운전불이행,건조,맑음,단일로 - 기타,승용,남,65세,상해없음,보행자,남,23세,경상
2014082800100633,2014년 8월 28일 22시,목요일,전라남도 순천시 해룡면,경상사고,0,0,1,0,차량단독 - 공작물충돌,안전운전불이행,건조,흐림,단일로 - 기타,승용,남,57세,경상,,,,
2014082900100099,2014년 8월 29일 07시,금요일,전라남도 보성군 보성읍,경상사고,0,0,8,0,차대차 - 측면직각충돌,기타,습기,비,단일로 - 기타,화물,남,51세,상해없음,승합,남,31세,경상
2014082900100100,2014년 8월 29일 07시,금요일,전라남도 영암군 삼호읍,경상사고,0,0,1,0,차대차 - 측면직각충돌,직진우회전진행방해,습기,비,교차로 - 교차로안,원동기,여,42세,경상,승용,남,49세,상해없음
2014082900100168,2014년 8월 29일 09시,금요일,전라남도 목포시 상동,경상사고,0,0,1,0,차대차 - 추돌 - 진행중,안전운전불이행,건조,맑음,단일로 - 기타,승용,남,35세,상해없음,승용,남,53세,경상
2014082900100169,2014년 8월 29일 09시,금요일,전라남도 여수시 웅천동,중상사고,0,1,0,0,차량단독 - 공작물충돌,안전운전불이행,건조,맑음,교차로 - 교차로부근,승용,남,37세,상해없음,,,,
2014082900100170,2014년 8월 29일 09시,금요일,전라남도 나주시 영산동,사망사고,1,0,0,0,차대사람 - 기타,신호위반,습기,비,단일로 - 횡단보도부근,화물,남,76세,상해없음,보행자,남,79세,사망
2014082900100192,2014년 8월 29일 10시,금요일,전라남도 순천시 저전동,경상사고,0,0,1,0,차대차 - 측면직각충돌,안전운전불이행,습기,흐림,단일로 - 기타,승용,남,43세,상해없음,승용,남,42세,경상
2014082900100225,2014년 8월 29일 11시,금요일,전라남도 순천시 승주읍,부상신고사고,0,0,0,1,차대사람 - 기타,안전운전불이행,건조,맑음,교차로 - 교차로안,승합,남,59세,상해없음,보행자,여,85세,부상신고
2014082900100253,2014년 8월 29일 12시,금요일,전라남도 순천시 덕암동,경상사고,0,0,3,0,차대차 - 기타,안전거리미확보,건조,맑음,기타 - 기타,승합,남,33세,상해없음,승용,남,19세,경상
2014082900100323,2014년 8월 29일 14시,금요일,전라남도 목포시 산정동,경상사고,0,0,2,0,차대차 - 측면직각충돌,안전운전불이행,건조,흐림,단일로 - 기타,화물,여,40세,상해없음,승용,남,63세,경상
2014082900100324,2014년 8월 29일 14시,금요일,전라남도 목포시 남교동,경상사고,0,0,1,0,차대차 - 기타,안전운전불이행,건조,맑음,단일로 - 기타,승용,남,51세,상해없음,자전거,남,80세,경상
2014082900100325,2014년 8월 29일 14시,금요일,전라남도 순천시 주암면,경상사고,0,0,1,0,차대차 - 추돌 - 진행중,중앙선침범,건조,맑음,단일로 - 기타,화물,남,59세,상해없음,이륜,여,56세,경상
2014082900100362,2014년 8월 29일 15시,금요일,전라남도 순천시 가곡동,경상사고,0,0,1,0,차대사람 - 차도통행중,교차로운행방법위반,건조,맑음,교차로 - 교차로안,승합,여,18세,기타불명,보행자,남,26세,경상
2014082900100363,2014년 8월 29일 15시,금요일,전라남도 곡성군 옥과면,중상사고,0,1,0,0,차대사람 - 보도통행중,안전운전불이행,건조,맑음,단일로 - 기타,승용,여,26세,상해없음,보행자,남,73세,중상
2014082900100401,2014년 8월 29일 16시,금요일,전라남도 화순군 도암면,부상신고사고,0,0,0,1,차대차 - 기타,안전운전불이행,건조,맑음,단일로 - 기타,원동기,남,80세,부상신고,승용,여,36세,상해없음
2014082900100402,2014년 8월 29일 16시,금요일,전라남도 광양시 마동,경상사고,0,0,2,0,차대차 - 측면직각충돌,직진우회전진행방해,건조,맑음,교차로 - 교차로안,승용,여,54세,경상,승용,남,31세,경상
2014082900100540,2014년 8월 29일 19시,금요일,전라남도 강진군 성전면,중상사고,0,1,3,0,차량단독 - 공작물충돌,안전운전불이행,습기,비,단일로 - 기타,승용,남,31세,경상,,,,
2014082900100622,2014년 8월 29일 21시,금요일,전라남도 목포시 산정동,경상사고,0,0,1,0,차대차 - 측면직각충돌,신호위반,건조,맑음,교차로 - 교차로안,이륜,남,52세,경상,승용,남,31세,상해없음
2014082900100623,2014년 8월 29일 21시,금요일,전라남도 순천시 석현동,사망사고,1,3,0,0,차대차 - 측면직각충돌,안전운전불이행,건조,맑음,교차로 - 교차로안,승용,여,60세,상해없음,이륜,남,15세,사망
2014082900100624,2014년 8월 29일 21시,금요일,전라남도 광양시 광양읍,경상사고,0,0,1,0,차대차 - 측면직각충돌,교차로운행방법위반,건조,맑음,교차로 - 교차로안,승용,남,65세,상해없음,승용,여,30세,경상
2014082900100669,2014년 8월 29일 22시,금요일,전라남도 목포시 산정동,경상사고,0,0,1,0,차대차 - 측면직각충돌,신호위반,건조,맑음,교차로 - 교차로안,승용,남,56세,상해없음,이륜,남,24세,경상
2014082900100670,2014년 8월 29일 22시,금요일,전라남도 목포시 용당동,경상사고,0,0,4,0,차대차 - 기타,안전운전불이행,건조,맑음,단일로 - 기타,승용,여,52세,경상,승용,남,39세,경상
2014082900100671,2014년 8월 29일 22시,금요일,전라남도 담양군 금성면,경상사고,0,0,1,0,차대차 - 기타,기타,건조,흐림,교차로 - 교차로부근,이륜,남,33세,경상,승용,여,53세,상해없음
2014083000100018,2014년 8월 30일 00시,토요일,전라남도 목포시 옥암동,경상사고,0,0,1,0,차대차 - 측면직각충돌,중앙선침범,건조,맑음,교차로 - 교차로부근,승용,남,43세,상해없음,승용,남,50세,경상
2014083000100071,2014년 8월 30일 02시,토요일,전라남도 목포시 상동,경상사고,0,0,1,0,차대사람 - 기타,안전운전불이행,건조,맑음,단일로 - 기타,승용,남,28세,상해없음,보행자,여,18세,경상
2014083000100094,2014년 8월 30일 03시,토요일,전라남도 목포시 대안동,경상사고,0,0,3,0,차대차 - 기타,안전운전불이행,건조,맑음,단일로 - 기타,승용,남,25세,경상,승용,남,56세,경상
2014083000100141,2014년 8월 30일 06시,토요일,전라남도 담양군 봉산면,경상사고,0,0,1,0,차량단독 - 기타,안전운전불이행,건조,맑음,단일로 - 기타,승용,남,19세,경상,,,,
2014083000100160,2014년 8월 30일 07시,토요일,전라남도 목포시 상동,경상사고,0,0,5,0,차대차 - 측면직각충돌,직진우회전진행방해,건조,맑음,교차로 - 교차로안,승용,남,61세,경상,승용,여,48세,경상
2014083000100193,2014년 8월 30일 08시,토요일,전라남도 순천시 조례동,중상사고,0,1,0,0,차대차 - 기타,안전운전불이행,건조,맑음,단일로 - 횡단보도상,자전거,남,75세,중상,승용,남,70세,상해없음
2014083000100224,2014년 8월 30일 09시,토요일,전라남도 목포시 옥암동,경상사고,0,0,1,0,차대차 - 추돌 - 주정차중,안전운전불이행,건조,맑음,교차로 - 교차로부근,승용,남,49세,상해없음,승용,남,42세,경상
2014083000100225,2014년 8월 30일 09시,토요일,전라남도 장흥군 장흥읍,경상사고,0,0,2,0,차대차 - 정면충돌,중앙선침범,건조,맑음,단일로 - 기타,승용,남,48세,상해없음,승용,남,67세,경상
2014083000100226,2014년 8월 30일 09시,토요일,전라남도 장흥군 장흥읍,경상사고,0,0,1,0,차대차 - 기타,안전운전불이행,건조,맑음,단일로 - 기타,화물,여,64세,상해없음,원동기,남,78세,경상
2014083000100227,2014년 8월 30일 09시,토요일,전라남도 담양군 대덕면,중상사고,0,2,0,0,차대차 - 측면직각충돌,안전운전불이행,건조,맑음,단일로 - 기타,화물,남,78세,상해없음,원동기,남,70세,중상
2014083000100265,2014년 8월 30일 10시,토요일,전라남도 함평군 엄다면,경상사고,0,0,1,0,차대차 - 추돌 - 진행중,안전운전불이행,건조,맑음,단일로 - 기타,승합,남,60세,상해없음,이륜,남,66세,경상
2014083000100298,2014년 8월 30일 11시,토요일,전라남도 무안군 현경면,사망사고,1,0,1,0,차대차 - 기타,안전운전불이행,건조,맑음,단일로 - 기타,화물,남,66세,사망,화물,남,46세,경상
2014083000100338,2014년 8월 30일 12시,토요일,전라남도 나주시 노안면,중상사고,0,1,0,0,차량단독 - 전도전복,안전운전불이행,건조,맑음,교차로 - 교차로부근,원동기,남,45세,중상,,,,
2014083000100339,2014년 8월 30일 12시,토요일,전라남도 나주시 대호동,중상사고,0,1,0,0,차대사람 - 횡단중,보행자보호의무위반,건조,맑음,교차로 - 교차로부근,승용,여,37세,상해없음,보행자,남,33세,중상
2014083000100340,2014년 8월 30일 12시,토요일,전라남도 영암군 삼호읍,경상사고,0,0,1,0,차대차 - 측면직각충돌,신호위반,건조,맑음,교차로 - 교차로안,승용,남,38세,상해없음,승용,남,33세,경상
2014083000100369,2014년 8월 30일 13시,토요일,전라남도 여수시 여서동,부상신고사고,0,0,0,1,차대차 - 기타,안전운전불이행,건조,맑음,단일로 - 기타,이륜,남,19세,부상신고,승용,남,52세,상해없음
2014083000100407,2014년 8월 30일 14시,토요일,전라남도 여수시 안산동,경상사고,0,0,1,0,차대차 - 기타,안전운전불이행,건조,맑음,교차로 - 교차로안,승용,여,48세,상해없음,자전거,남,11세,경상
2014083000100448,2014년 8월 30일 15시,토요일,전라남도 여수시 국동,중상사고,0,1,0,0,차대차 - 기타,안전운전불이행,건조,맑음,단일로 - 기타,승용,여,34세,상해없음,이륜,남,49세,중상
2014083000100486,2014년 8월 30일 16시,토요일,전라남도 화순군 화순읍,경상사고,0,0,1,0,차대사람 - 기타,안전운전불이행,건조,맑음,단일로 - 기타,화물,남,55세,상해없음,보행자,여,86세,경상
2014083000100531,2014년 8월 30일 17시,토요일,전라남도 화순군 능주면,사망사고,1,0,0,0,차대사람 - 기타,안전운전불이행,건조,맑음,단일로 - 교량,화물,남,41세,상해없음,보행자,남,62세,사망
2014083000100532,2014년 8월 30일 17시,토요일,전라남도 영암군 영암읍,중상사고,0,1,0,0,차대차 - 기타,안전운전불이행,건조,맑음,교차로 - 교차로안,자전거,남,18세,중상,승합,남,38세,상해없음
2014083000100570,2014년 8월 30일 18시,토요일,전라남도 목포시 석현동,경상사고,0,0,1,0,차대차 - 기타,안전거리미확보,건조,맑음,단일로 - 기타,승용,남,58세,상해없음,승합,남,35세,경상
2014083000100571,2014년 8월 30일 18시,토요일,전라남도 장성군 장성읍,경상사고,0,0,2,0,차대차 - 측면직각충돌,교차로운행방법위반,건조,맑음,교차로 - 교차로안,승용,남,63세,경상,화물,남,62세,경상
2014083000100572,2014년 8월 30일 18시,토요일,전라남도 진도군 임회면,경상사고,0,0,3,0,차대차 - 측면직각충돌,안전운전불이행,건조,맑음,단일로 - 횡단보도부근,승용,남,60세,경상,화물,남,36세,경상
2014083000100608,2014년 8월 30일 19시,토요일,전라남도 여수시 소라면,중상사고,0,1,0,0,차대사람 - 횡단중,안전운전불이행,건조,맑음,단일로 - 횡단보도부근,승용,남,47세,상해없음,보행자,남,69세,중상
2014083000100609,2014년 8월 30일 19시,토요일,전라남도 순천시 생목동,경상사고,0,0,3,0,차대차 - 추돌 - 주정차중,안전운전불이행,건조,맑음,교차로 - 교차로안,화물,남,61세,상해없음,승용,여,40세,경상
2014083000100651,2014년 8월 30일 20시,토요일,전라남도 목포시 상동,경상사고,0,0,4,0,차대차 - 기타,안전거리미확보,건조,맑음,단일로 - 기타,승용,여,56세,상해없음,승용,여,36세,경상
2014083000100652,2014년 8월 30일 20시,토요일,전라남도 여수시 문수동,경상사고,0,0,1,0,차대사람 - 횡단중,중앙선침범,건조,맑음,단일로 - 기타,이륜,남,18세,상해없음,보행자,남,32세,경상
2014083000100683,2014년 8월 30일 21시,토요일,전라남도 목포시 상동,중상사고,0,1,0,0,차대사람 - 횡단중,보행자보호의무위반,건조,맑음,단일로 - 횡단보도상,승용,남,28세,상해없음,보행자,여,47세,중상
2014083000100684,2014년 8월 30일 21시,토요일,전라남도 순천시 연향동,중상사고,0,1,0,0,차대차 - 기타,안전운전불이행,건조,맑음,교차로 - 교차로안,승용,남,29세,상해없음,원동기,남,34세,중상
2014083000100685,2014년 8월 30일 21시,토요일,전라남도 무안군 해제면,경상사고,0,0,2,1,차대차 - 측면직각충돌,직진우회전진행방해,건조,맑음,교차로 - 교차로안,승용,여,53세,부상신고,승용,여,41세,경상
2014083000100747,2014년 8월 30일 23시,토요일,전라남도 목포시 옥암동,경상사고,0,0,1,0,차대차 - 측면직각충돌,교차로운행방법위반,건조,맑음,교차로 - 교차로안,이륜,남,18세,경상,승용,여,40세,상해없음
2014083100100110,2014년 8월 31일 07시,일요일,전라남도 여수시 교동,경상사고,0,0,1,0,차대차 - 기타,안전운전불이행,건조,맑음,단일로 - 기타,이륜,남,66세,경상,승용,여,45세,상해없음
2014083100100111,2014년 8월 31일 07시,일요일,전라남도 순천시 송광면,중상사고,0,1,2,0,차대차 - 추돌 - 주정차중,안전거리미확보,건조,맑음,교차로 - 교차로안,승용,남,67세,상해없음,승용,여,55세,경상
2014083100100140,2014년 8월 31일 09시,일요일,전라남도 나주시 용산동,중상사고,0,1,0,0,차대차 - 추돌 - 진행중,안전운전불이행,건조,맑음,단일로 - 기타,승용,여,51세,상해없음,원동기,남,73세,중상
2014083100100158,2014년 8월 31일 10시,일요일,전라남도 진도군 군내면,경상사고,0,0,1,0,차대차 - 추돌 - 진행중,안전운전불이행,건조,맑음,단일로 - 기타,승용,여,35세,상해없음,농기계,남,71세,경상
2014083100100213,2014년 8월 31일 12시,일요일,전라남도 목포시 상동,경상사고,0,0,1,0,차대사람 - 차도통행중,안전운전불이행,건조,맑음,단일로 - 기타,승용,남,46세,상해없음,보행자,남,49세,경상
2014083100100258,2014년 8월 31일 13시,일요일,전라남도 강진군 칠량면,경상사고,0,0,1,0,차대차 - 측면직각충돌,안전운전불이행,건조,맑음,단일로 - 기타,승용,여,51세,경상,농기계,남,55세,상해없음
2014083100100259,2014년 8월 31일 13시,일요일,전라남도 광양시 광양읍,경상사고,0,0,1,0,차량단독 - 기타,안전운전불이행,건조,맑음,교차로 - 교차로부근,승용,남,28세,경상,,,,
2014083100100289,2014년 8월 31일 14시,일요일,전라남도 화순군 화순읍,경상사고,0,0,1,0,차대사람 - 기타,안전운전불이행,건조,맑음,단일로 - 기타,승용,남,47세,상해없음,보행자,남,57세,경상
2014083100100318,2014년 8월 31일 15시,일요일,전라남도 여수시 소호동,경상사고,0,0,2,0,차대차 - 정면충돌,신호위반,건조,맑음,교차로 - 교차로안,승용,남,37세,경상,승용,남,34세,경상
2014083100100319,2014년 8월 31일 15시,일요일,전라남도 해남군 해남읍,중상사고,0,1,4,0,차대차 - 기타,중앙선침범,건조,흐림,단일로 - 기타,화물,여,49세,중상,화물,남,22세,경상
2014083100100346,2014년 8월 31일 16시,일요일,전라남도 해남군 옥천면,중상사고,0,2,0,0,차대사람 - 기타,안전운전불이행,건조,흐림,단일로 - 기타,승용,남,44세,상해없음,보행자,여,44세,중상
2014083100100385,2014년 8월 31일 17시,일요일,전라남도 순천시 풍덕동,부상신고사고,0,0,0,1,차대사람 - 기타,안전운전불이행,건조,맑음,단일로 - 교량,기타불명,기타불명,기타불명,기타불명,보행자,남,71세,부상신고
2014083100100386,2014년 8월 31일 17시,일요일,전라남도 무안군 현경면,부상신고사고,0,0,0,1,차대차 - 측면직각충돌,안전운전불이행,건조,맑음,단일로 - 기타,승용,남,51세,부상신고,농기계,남,55세,상해없음
2014083100100415,2014년 8월 31일 18시,일요일,전라남도 순천시 덕암동,중상사고,0,1,0,1,차대차 - 측면직각충돌,안전운전불이행,건조,맑음,단일로 - 기타,승용,남,42세,부상신고,화물,남,40세,중상
2014083100100447,2014년 8월 31일 19시,일요일,전라남도 목포시 상동,경상사고,0,0,1,0,차대차 - 측면직각충돌,안전운전불이행,건조,맑음,단일로 - 기타,승용,여,35세,상해없음,이륜,남,48세,경상
2014083100100488,2014년 8월 31일 20시,일요일,전라남도 화순군 남면,중상사고,0,1,1,0,차대차 - 기타,안전운전불이행,건조,맑음,단일로 - 기타,승용,남,44세,경상,화물,남,53세,상해없음
2014083100100507,2014년 8월 31일 21시,일요일,전라남도 나주시 남평읍,경상사고,0,0,1,0,차대차 - 추돌 - 주정차중,안전운전불이행,건조,흐림,교차로 - 교차로부근,화물,남,73세,상해없음,승용,여,48세,경상
2014083100100528,2014년 8월 31일 22시,일요일,전라남도 목포시 산정동,중상사고,0,1,0,0,차대사람 - 차도통행중,안전운전불이행,건조,맑음,단일로 - 기타,승용,여,31세,상해없음,보행자,남,42세,중상
2014083100100529,2014년 8월 31일 22시,일요일,전라남도 여수시 공화동,중상사고,0,3,1,0,차대차 - 측면직각충돌,신호위반,건조,맑음,교차로 - 교차로안,승용,남,50세,경상,승용,남,56세,중상
2014083100100530,2014년 8월 31일 22시,일요일,전라남도 진도군 진도읍,사망사고,1,0,0,0,차대사람 - 횡단중,안전운전불이행,건조,맑음,교차로 - 교차로부근,화물,남,55세,상해없음,보행자,남,33세,사망