사고번호,사고일시,요일,시군구,사고내용,사망자수,중상자수,경상자수,부상신고자수,사고유형,법규위반,노면상태,기상상태,도로형태,가해운전자 차종,가해운전자 성별,가해운전자 연령,가해운전자 상해정도,피해운전자 차종,피해운전자 성별,피해운전자 연령,피해운전자 상해정도
2014090100100017,2014년 9월 1일 01시,월요일,전라남도 강진군 성전면,중상사고,0,1,0,0,차대사람 - 기타,안전운전불이행,건조,맑음,단일로 - 기타,화물,남,41세,상해없음,보행자,남,52세,중상
2014090100100045,2014년 9월 1일 04시,월요일,전라남도 여수시 소라면,사망사고,1,0,0,0,차량단독 - 공작물충돌,기타,건조,맑음,단일로 - 기타,특수,남,59세,사망,,,,
2014090100100046,2014년 9월 1일 04시,월요일,전라남도 여수시 소라면,중상사고,0,1,4,0,차대차 - 추돌 - 진행중,안전운전불이행,건조,맑음,단일로 - 교량,승용,남,40세,중상,승용,남,43세,상해없음
2014090100100069,2014년 9월 1일 06시,월요일,전라남도 여수시 화치동,경상사고,0,0,1,0,차대차 - 측면직각충돌,안전운전불이행,건조,맑음,단일로 - 기타,이륜,남,33세,상해없음,승용,남,28세,경상
2014090100100082,2014년 9월 1일 07시,월요일,전라남도 목포시 옥암동,경상사고,0,0,1,0,차대차 - 측면직각충돌,안전운전불이행,건조,맑음,단일로 - 기타,자전거,남,38세,경상,승용,여,31세,상해없음
2014090100100083,2014년 9월 1일 07시,월요일,전라남도 보성군 벌교읍,경상사고,0,0,2,0,차대차 - 측면직각충돌,직진우회전진행방해,건조,맑음,교차로 - 교차로안,화물,남,49세,경상,승용,여,39세,경상
2014090100100132,2014년 9월 1일 08시,월요일,전라남도 장성군 장성읍,경상사고,0,0,2,0,차대차 - 측면직각충돌,안전운전불이행,건조,맑음,교차로 - 교차로안,승용,남,64세,상해없음,승용,남,60세,경상
2014090100100133,2014년 9월 1일 08시,월요일,전라남도 광양시 광양읍,경상사고,0,0,3,0,차대차 - 추돌 - 진행중,안전운전불이행,건조,맑음,단일로 - 기타,승용,여,49세,경상,승용,남,30세,경상
2014090100100171,2014년 9월 1일 09시,월요일,전라남도 영광군 군서면,경상사고,0,0,2,0,차대차 - 기타,안전운전불이행,건조,맑음,단일로 - 기타,화물,남,66세,상해없음,이륜,남,77세,경상
2014090100100172,2014년 9월 1일 09시,월요일,전라남도 무안군 망운면,경상사고,0,0,1,0,차대차 - 측면직각충돌,안전운전불이행,건조,맑음,교차로 - 교차로안,화물,남,64세,상해없음,이륜,남,74세,경상
2014090100100238,2014년 9월 1일 11시,월요일,전라남도 함평군 신광면,중상사고,0,3,7,0,차대차 - 측면직각충돌,교차로운행방법위반,건조,맑음,교차로 - 교차로안,승용,남,57세,경상,승합,남,61세,경상
2014090100100272,2014년 9월 1일 12시,월요일,전라남도 여수시 미평동,경상사고,0,0,1,0,차대차 - 추돌 - 주정차중,안전거리미확보,건조,맑음,단일로 - 기타,화물,남,34세,상해없음,승용,남,47세,상해없음
2014090100100273,2014년 9월 1일 12시,월요일,전라남도 광양시 광양읍,경상사고,0,0,2,0,차대차 - 측면직각충돌,교차로운행방법위반,건조,맑음,교차로 - 교차로부근,승용,여,47세,상해없음,승용,남,51세,경상
2014090100100298,2014년 9월 1일 13시,월요일,전라남도 목포시 행복동1가,경상사고,0,0,2,0,차대차 - 측면직각충돌,직진우회전진행방해,건조,맑음,교차로 - 교차로안,화물,남,50세,상해없음,승용,남,64세,상해없음
2014090100100299,2014년 9월 1일 13시,월요일,전라남도 여수시 덕충동,경상사고,0,0,1,0,차량단독 - 기타,안전운전불이행,건조,맑음,단일로 - 기타,승용,남,56세,상해없음,,,,
2014090100100300,2014년 9월 1일 13시,월요일,전라남도 장흥군 용산면,중상사고,0,1,0,0,차량단독 - 기타,안전운전불이행,건조,맑음,단일로 - 기타,승합,남,72세,상해없음,,,,
2014090100100301,2014년 9월 1일 13시,월요일,전라남도 고흥군 두원면,사망사고,1,0,0,0,차량단독 - 공작물충돌,안전운전불이행,건조,맑음,단일로 - 기타,이륜,남,59세,사망,,,,
2014090100100333,2014년 9월 1일 14시,월요일,전라남도 보성군 율어면,사망사고,1,0,0,0,차대사람 - 기타,안전운전불이행,건조,맑음,단일로 - 기타,화물,남,62세,상해없음,보행자,남,76세,사망
2014090100100334,2014년 9월 1일 14시,월요일,전라남도 화순군 화순읍,경상사고,0,0,1,0,차대사람 - 기타,안전운전불이행,건조,맑음,단일로 - 기타,승용,남,45세,상해없음,보행자,남,7세,경상
2014090100100335,2014년 9월 1일 14시,월요일,전라남도 담양군 대전면,경상사고,0,0,1,0,차대차 - 기타,안전운전불이행,건조,맑음,교차로 - 교차로부근,승용,여,26세,경상,승용,남,70세,상해없음
2014090100100418,2014년 9월 1일 16시,월요일,전라남도 목포시 상동,경상사고,0,0,5,0,차대차 - 측면직각충돌,직진우회전진행방해,건조,맑음,교차로 - 교차로안,승합,남,56세,경상,승용,남,53세,경상
2014090100100467,2014년 9월 1일 17시,월요일,전라남도 목포시 산정동,경상사고,0,0,1,0,차대사람 - 횡단중,안전운전불이행,건조,맑음,단일로 - 횡단보도상,승용,기타불명,기타불명,기타불명,보행자,남,9세,경상
2014090100100530,2014년 9월 1일 18시,월요일,전라남도 여수시 여서동,경상사고,0,0,1,0,차대사람 - 횡단중,안전운전불이행,건조,맑음,단일로 - 기타,승용,남,42세,상해없음,보행자,남,14세,경상
2014090100100531,2014년 9월 1일 18시,월요일,전라남도 해남군 해남읍,사망사고,1,0,0,0,차대사람 - 기타,안전운전불이행,건조,맑음,단일로 - 기타,승용,남,20세,상해없음,보행자,남,9세,사망
2014090100100587,2014년 9월 1일 19시,월요일,전라남도 순천시 별량면,경상사고,0,0,1,0,차대차 - 기타,안전운전불이행,건조,맑음,교차로 - 교차로안,화물,남,62세,경상,화물,남,45세,상해없음
2014090100100630,2014년 9월 1일 20시,월요일,전라남도 여수시 공화동,경상사고,0,0,1,0,차대사람 - 횡단중,안전운전불이행,건조,맑음,교차로 - 교차로안,승용,남,28세,상해없음,보행자,남,49세,경상
2014090100100631,2014년 9월 1일 20시,월요일,전라남도 순천시 해룡면,경상사고,0,0,1,0,차대사람 - 횡단중,보행자보호의무위반,건조,맑음,단일로 - 횡단보도상,승용,여,53세,상해없음,보행자,여,36세,경상
2014090100100690,2014년 9월 1일 22시,월요일,전라남도 여수시 소호동,경상사고,0,0,5,0,차대차 - 측면직각충돌,안전운전불이행,건조,맑음,교차로 - 교차로안,승용,여,42세,상해없음,승용,여,37세,경상
2014090100100691,2014년 9월 1일 22시,월요일,전라남도 보성군 보성읍,중상사고,0,2,2,0,차대차 - 정면충돌,중앙선침범,건조,맑음,교차로 - 교차로부근,승용,여,43세,경상,승용,여,31세,중상
2014090200100026,2014년 9월 2일 01시,화요일,전라남도 순천시 풍덕동,경상사고,0,0,1,0,차대차 - 기타,직진우회전진행방해,건조,맑음,교차로 - 교차로안,승용,남,42세,상해없음,승용,남,51세,경상
2014090200100039,2014년 9월 2일 03시,화요일,전라남도 담양군 고서면,중상사고,0,1,0,0,차량단독 - 공작물충돌,안전운전불이행,건조,맑음,단일로 - 기타,승용,남,35세,상해없음,,,,
2014090200100070,2014년 9월 2일 06시,화요일,전라남도 영암군 삼호읍,경상사고,0,0,1,1,차대차 - 측면직각충돌,신호위반,건조,맑음,교차로 - 교차로안,승용,남,41세,부상신고,승용,남,51세,경상
2014090200100095,2014년 9월 2일 07시,화요일,전라남도 해남군 해남읍,경상사고,0,0,1,0,차대차 - 추돌 - 진행중,안전운전불이행,건조,맑음,단일로 - 기타,화물,남,62세,상해없음,농기계,남,55세,경상
2014090200100138,2014년 9월 2일 08시,화요일,전라남도 목포시 석현동,경상사고,0,0,1,0,차대차 - 측면직각충돌,기타,건조,맑음,단일로 - 기타,화물,남,41세,상해없음,화물,남,54세,경상
2014090200100139,2014년 9월 2일 08시,화요일,전라남도 영광군 백수읍,경상사고,0,0,2,0,차대차 - 측면직각충돌,기타,건조,맑음,교차로 - 교차로안,화물,남,72세,상해없음,승합,여,53세,경상
2014090200100140,2014년 9월 2일 08시,화요일,전라남도 무안군 일로읍,경상사고,0,0,1,0,차대차 - 기타,안전운전불이행,건조,맑음,단일로 - 기타,기타불명,기타불명,기타불명,기타불명,자전거,남,75세,경상
2014090200100141,2014년 9월 2일 08시,화요일,전라남도 구례군 구례읍,중상사고,0,2,0,0,차대차 - 기타,직진우회전진행방해,건조,맑음,교차로 - 교차로안,승용,남,80세,상해없음,승용,남,70세,중상
2014090200100171,2014년 9월 2일 09시,화요일,전라남도 장흥군 관산읍,중상사고,0,1,0,0,차대차 - 기타,교차로운행방법위반,건조,맑음,교차로 - 교차로안,화물,남,52세,상해없음,원동기,남,60세,중상
2014090200100172,2014년 9월 2일 09시,화요일,전라남도 영암군 삼호읍,경상사고,0,0,1,0,차대차 - 기타,안전운전불이행,건조,맑음,단일로 - 기타,승용,여,50세,상해없음,건설기계,남,54세,경상
2014090200100205,2014년 9월 2일 10시,화요일,전라남도 장흥군 안양면,경상사고,0,0,2,0,차대차 - 기타,안전운전불이행,건조,맑음,교차로 - 교차로안,승용,남,76세,상해없음,원동기,남,73세,경상
2014090200100206,2014년 9월 2일 10시,화요일,전라남도 장흥군 장흥읍,중상사고,0,1,0,0,차대차 - 기타,교차로운행방법위반,건조,맑음,교차로 - 교차로안,이륜,남,83세,상해없음,승용,남,77세,상해없음
2014090200100244,2014년 9월 2일 11시,화요일,전라남도 영암군 미암면,중상사고,0,1,0,0,차대차 - 측면직각충돌,직진우회전진행방해,건조,맑음,교차로 - 교차로안,승용,여,47세,상해없음,원동기,남,73세,중상
2014090200100300,2014년 9월 2일 13시,화요일,전라남도 목포시 상동,경상사고,0,0,3,0,차대차 - 추돌 - 주정차중,안전운전불이행,습기,비,단일로 - 기타,이륜,남,44세,상해없음,승용,남,45세,경상
2014090200100301,2014년 9월 2일 13시,화요일,전라남도 목포시 용당동,경상사고,0,0,3,0,차대차 - 기타,신호위반,습기,비,교차로 - 교차로안,승합,남,24세,경상,승용,남,25세,경상
2014090200100302,2014년 9월 2일 13시,화요일,전라남도 여수시 화장동,중상사고,0,1,0,0,차대사람 - 보도통행중,기타,건조,맑음,단일로 - 기타,승합,남,34세,상해없음,보행자,여,79세,중상
2014090200100303,2014년 9월 2일 13시,화요일,전라남도 순천시 별량면,중상사고,0,1,0,0,차대사람 - 길가장자리구역통행중,안전운전불이행,건조,맑음,기타 - 기타,화물,남,41세,상해없음,보행자,남,60세,중상
2014090200100304,2014년 9월 2일 13시,화요일,전라남도 나주시 금천면,경상사고,0,0,3,0,차대차 - 추돌 - 진행중,안전거리미확보,습기,비,단일로 - 기타,화물,남,50세,상해없음,승용,남,44세,경상
2014090200100338,2014년 9월 2일 14시,화요일,전라남도 함평군 나산면,경상사고,0,0,2,3,차대차 - 정면충돌,중앙선침범,건조,맑음,단일로 - 기타,승용,남,41세,경상,승용,남,45세,부상신고
2014090200100377,2014년 9월 2일 15시,화요일,전라남도 나주시 다시면,중상사고,0,1,0,0,차대사람 - 기타,신호위반,습기,비,교차로 - 교차로부근,화물,남,51세,상해없음,보행자,여,77세,중상
2014090200100378,2014년 9월 2일 15시,화요일,전라남도 보성군 미력면,경상사고,0,0,2,0,차대차 - 측면직각충돌,안전운전불이행,습기,흐림,단일로 - 기타,화물,남,60세,경상,화물,남,52세,경상
2014090200100379,2014년 9월 2일 15시,화요일,전라남도 무안군 무안읍,중상사고,0,1,0,0,차대사람 - 기타,보행자보호의무위반,습기,비,교차로 - 교차로안,승용,여,48세,상해없음,보행자,여,80세,중상
2014090200100418,2014년 9월 2일 16시,화요일,전라남도 목포시 연산동,경상사고,0,0,1,0,차대차 - 추돌 - 주정차중,안전운전불이행,습기,비,교차로 - 교차로부근,화물,남,59세,상해없음,화물,남,39세,경상
2014090200100419,2014년 9월 2일 16시,화요일,전라남도 화순군 화순읍,경상사고,0,0,1,0,차대차 - 측면직각충돌,직진우회전진행방해,습기,비,교차로 - 교차로안,승용,남,67세,상해없음,승용,여,54세,경상
2014090200100459,2014년 9월 2일 17시,화요일,전라남도 순천시 풍덕동,중상사고,0,1,1,0,차대차 - 측면직각충돌,중앙선침범,습기,비,교차로 - 교차로안,승용,남,31세,상해없음,승용,여,49세,경상
2014090200100460,2014년 9월 2일 17시,화요일,전라남도 장흥군 장동면,경상사고,0,0,1,0,차량단독 - 공작물충돌,안전운전불이행,습기,비,단일로 - 기타,승용,남,33세,경상,,,,
2014090200100461,2014년 9월 2일 17시,화요일,전라남도 영광군 법성면,중상사고,0,1,1,0,차대차 - 측면직각충돌,직진우회전진행방해,습기,비,교차로 - 교차로안,화물,남,60세,상해없음,화물,남,64세,중상
2014090200100462,2014년 9월 2일 17시,화요일,전라남도 곡성군 옥과면,중상사고,0,3,0,0,차량단독 - 기타,안전운전불이행,건조,맑음,교차로 - 교차로부근,승용,남,38세,기타불명,,,,
2014090200100463,2014년 9월 2일 17시,화요일,전라남도 진도군 고군면,경상사고,0,0,2,0,차대차 - 정면충돌,안전운전불이행,습기,비,단일로 - 기타,승합,남,55세,상해없음,승용,여,33세,경상
2014090200100517,2014년 9월 2일 18시,화요일,전라남도 목포시 용해동,경상사고,0,0,2,0,차대차 - 추돌 - 주정차중,안전운전불이행,습기,비,단일로 - 기타,승용,남,61세,상해없음,승용,남,39세,경상
2014090200100518,2014년 9월 2일 18시,화요일,전라남도 순천시 오천동,중상사고,0,1,0,0,차대차 - 기타,차로위반,건조,맑음,단일로 - 기타,승용,남,24세,상해없음,화물,남,38세,중상
2014090200100583,2014년 9월 2일 19시,화요일,전라남도 여수시 국동,중상사고,0,1,0,0,차대사람 - 기타,안전운전불이행,습기,비,교차로 - 교차로부근,화물,남,31세,상해없음,보행자,남,42세,중상
2014090200100646,2014년 9월 2일 20시,화요일,전라남도 무안군 삼향읍,중상사고,0,1,0,0,차대차 - 측면직각충돌,중앙선침범,건조,맑음,교차로 - 교차로부근,승용,남,53세,상해없음,이륜,남,21세,중상
2014090200100703,2014년 9월 2일 21시,화요일,전라남도 여수시 여서동,중상사고,0,1,0,0,차대사람 - 기타,안전운전불이행,건조,맑음,단일로 - 기타,자전거,남,17세,상해없음,보행자,여,62세,중상
2014090200100759,2014년 9월 2일 22시,화요일,전라남도 순천시 조례동,경상사고,0,0,3,0,차대차 - 기타,안전운전불이행,건조,맑음,교차로 - 교차로안,승용,여,44세,상해없음,승용,여,40세,경상
2014090200100760,2014년 9월 2일 22시,화요일,전라남도 순천시 연향동,경상사고,0,0,1,0,차대차 - 정면충돌,신호위반,습기,비,교차로 - 교차로안,승용,남,26세,상해없음,승용,남,57세,경상
2014090200100761,2014년 9월 2일 22시,화요일,전라남도 화순군 화순읍,경상사고,0,0,1,0,차대사람 - 횡단중,안전운전불이행,건조,흐림,단일로 - 기타,승용,여,63세,상해없음,보행자,남,47세,경상
2014090300100035,2014년 9월 3일 00시,수요일,전라남도 순천시 연향동,중상사고,0,1,2,0,차대차 - 측면직각충돌,신호위반,습기,비,교차로 - 교차로안,승용,남,45세,상해없음,승용,남,56세,경상
2014090300100067,2014년 9월 3일 01시,수요일,전라남도 목포시 산정동,경상사고,0,0,1,0,차대차 - 기타,교차로운행방법위반,습기,비,교차로 - 교차로안,승용,남,28세,상해없음,승용,여,39세,경상
2014090300100110,2014년 9월 3일 03시,수요일,전라남도 여수시 연등동,경상사고,0,0,1,0,차량단독 - 공작물충돌,안전운전불이행,습기,비,단일로 - 기타,승용,남,27세,경상,,,,
2014090300100111,2014년 9월 3일 03시,수요일,전라남도 여수시 남산동,사망사고,2,1,0,0,차대사람 - 기타,안전운전불이행,습기,비,단일로 - 기타,승용,남,39세,상해없음,보행자,여,74세,중상
2014090300100124,2014년 9월 3일 04시,수요일,전라남도 목포시 상동,중상사고,0,1,0,0,차대사람 - 기타,안전운전불이행,습기,비,단일로 - 기타,승용,남,61세,상해없음,보행자,남,38세,중상
2014090300100132,2014년 9월 3일 05시,수요일,전라남도 나주시 삼영동,경상사고,0,0,2,0,차대차 - 측면직각충돌,신호위반,습기,비,교차로 - 교차로안,승용,남,53세,상해없음,화물,남,62세,경상
2014090300100149,2014년 9월 3일 06시,수요일,전라남도 여수시 봉계동,중상사고,0,1,0,0,차대사람 - 기타,안전운전불이행,습기,비,교차로 - 교차로안,승용,남,66세,상해없음,보행자,여,83세,중상
2014090300100150,2014년 9월 3일 06시,수요일,전라남도 순천시 해룡면,중상사고,0,1,0,0,차대차 - 기타,불법유턴,건조,맑음,단일로 - 기타,승합,남,46세,상해없음,원동기,남,44세,중상
2014090300100171,2014년 9월 3일 07시,수요일,전라남도 무안군 청계면,중상사고,0,1,0,0,차대사람 - 기타,신호위반,건조,맑음,교차로 - 교차로부근,승합,남,66세,상해없음,보행자,여,25세,중상
2014090300100172,2014년 9월 3일 07시,수요일,전라남도 광양시 광양읍,경상사고,0,0,1,0,차대차 - 측면직각충돌,직진우회전진행방해,습기,비,교차로 - 교차로안,승용,남,50세,상해없음,승용,여,39세,경상
2014090300100266,2014년 9월 3일 10시,수요일,전라남도 장성군 장성읍,중상사고,0,1,0,0,차대차 - 기타,안전운전불이행,건조,맑음,단일로 - 기타,화물,남,39세,상해없음,원동기,남,74세,중상
2014090300100267,2014년 9월 3일 10시,수요일,전라남도 무안군 삼향읍,중상사고,0,1,1,0,차대차 - 측면직각충돌,신호위반,건조,맑음,교차로 - 교차로안,화물,남,37세,중상,승합,남,65세,경상
2014090300100324,2014년 9월 3일 12시,수요일,전라남도 순천시 매곡동,경상사고,0,0,1,0,차대차 - 기타,직진우회전진행방해,습기,비,교차로 - 교차로안,승합,남,72세,상해없음,원동기,남,51세,경상
2014090300100360,2014년 9월 3일 13시,수요일,전라남도 목포시 석현동,중상사고,0,3,3,0,차대차 - 측면직각충돌,신호위반,습기,비,교차로 - 교차로안,화물,남,74세,중상,화물,남,51세,중상
2014090300100361,2014년 9월 3일 13시,수요일,전라남도 강진군 성전면,중상사고,0,2,0,0,차대차 - 측면직각충돌,교차로운행방법위반,습기,비,교차로 - 교차로안,승용,남,52세,상해없음,원동기,남,78세,중상
2014090300100441,2014년 9월 3일 15시,수요일,전라남도 목포시 상동,경상사고,0,0,2,0,차대차 - 측면직각충돌,안전운전불이행,건조,맑음,교차로 - 교차로안,승합,남,59세,상해없음,승용,남,34세,경상
2014090300100442,2014년 9월 3일 15시,수요일,전라남도 광양시 중동,경상사고,0,0,1,0,차대차 - 기타,중앙선침범,습기,비,교차로 - 교차로부근,승용,여,47세,상해없음,원동기,여,53세,경상
2014090300100472,2014년 9월 3일 16시,수요일,전라남도 여수시 봉강동,중상사고,0,1,0,0,차대차 - 기타,중앙선침범,습기,흐림,단일로 - 기타,이륜,남,63세,중상,승용,남,70세,상해없음
2014090300100509,2014년 9월 3일 17시,수요일,전라남도 목포시 상동,경상사고,0,0,1,0,차대사람 - 횡단중,보행자보호의무위반,건조,맑음,단일로 - 기타,이륜,남,52세,상해없음,보행자,남,6세,경상
2014090300100510,2014년 9월 3일 17시,수요일,전라남도 나주시 봉황면,중상사고,0,1,4,0,차대차 - 기타,직진우회전진행방해,건조,맑음,교차로 - 교차로안,승용,남,62세,경상,승용,남,53세,경상
2014090300100511,2014년 9월 3일 17시,수요일,전라남도 해남군 해남읍,경상사고,0,0,1,0,차대차 - 기타,교차로운행방법위반,건조,맑음,교차로 - 교차로안,승용,여,19세,상해없음,승용,남,46세,기타불명
2014090300100512,2014년 9월 3일 17시,수요일,전라남도 무안군 현경면,중상사고,0,1,1,0,차대차 - 측면직각충돌,중앙선침범,건조,맑음,단일로 - 기타,화물,남,53세,중상,승용,여,58세,경상
2014090300100540,2014년 9월 3일 18시,수요일,전라남도 여수시 남산동,경상사고,0,0,1,0,차대차 - 기타,안전운전불이행,건조,맑음,단일로 - 기타,화물,남,43세,상해없음,승용,남,32세,경상
2014090300100541,2014년 9월 3일 18시,수요일,전라남도 여수시 학동,중상사고,0,1,0,0,차대차 - 기타,안전운전불이행,건조,흐림,단일로 - 기타,승용,남,57세,상해없음,승용,여,52세,상해없음
2014090300100542,2014년 9월 3일 18시,수요일,전라남도 장흥군 장흥읍,중상사고,0,1,0,0,차대차 - 측면직각충돌,교차로운행방법위반,건조,맑음,교차로 - 교차로안,원동기,여,59세,중상,화물,남,52세,상해없음
2014090300100543,2014년 9월 3일 18시,수요일,전라남도 장흥군 장흥읍,중상사고,0,1,0,0,차대사람 - 차도통행중,안전운전불이행,건조,맑음,교차로 - 교차로부근,승용,남,60세,상해없음,보행자,여,56세,중상
2014090300100709,2014년 9월 3일 22시,수요일,전라남도 여수시 문수동,중상사고,0,2,4,0,차대차 - 기타,안전운전불이행,건조,맑음,단일로 - 기타,승합,남,56세,상해없음,승합,남,51세,상해없음
2014090400100017,2014년 9월 4일 00시,목요일,전라남도 목포시 산정동,부상신고사고,0,0,0,1,차대사람 - 길가장자리구역통행중,안전운전불이행,건조,맑음,교차로 - 교차로부근,기타불명,기타불명,기타불명,기타불명,보행자,남,38세,부상신고
2014090400100038,2014년 9월 4일 01시,목요일,전라남도 보성군 보성읍,중상사고,0,1,3,0,차대차 - 측면직각충돌,안전운전불이행,건조,맑음,교차로 - 교차로안,승용,남,48세,중상,승용,남,36세,경상
2014090400100112,2014년 9월 4일 07시,목요일,전라남도 영암군 삼호읍,중상사고,0,1,1,0,차대차 - 추돌 - 진행중,안전운전불이행,건조,맑음,단일로 - 기타,승용,남,56세,상해없음,승용,남,39세,상해없음
2014090400100156,2014년 9월 4일 08시,목요일,전라남도 여수시 여천동,경상사고,0,0,1,0,차대차 - 기타,신호위반,건조,맑음,교차로 - 교차로안,승용,남,29세,상해없음,승용,남,62세,경상
2014090400100157,2014년 9월 4일 08시,목요일,전라남도 나주시 교동,경상사고,0,0,1,0,차대사람 - 기타,안전운전불이행,건조,흐림,단일로 - 기타,승용,여,32세,상해없음,보행자,여,62세,경상
2014090400100158,2014년 9월 4일 08시,목요일,전라남도 영암군 삼호읍,중상사고,0,1,0,0,차대차 - 추돌 - 진행중,안전운전불이행,건조,맑음,단일로 - 기타,승용,남,55세,상해없음,승용,남,32세,중상
2014090400100159,2014년 9월 4일 08시,목요일,전라남도 장성군 장성읍,경상사고,0,0,1,0,차대차 - 측면직각충돌,안전운전불이행,건조,맑음,단일로 - 기타,이륜,남,69세,경상,승용,여,52세,상해없음
2014090400100160,2014년 9월 4일 08시,목요일,전라남도 광양시 중동,경상사고,0,0,1,0,차대사람 - 기타,안전운전불이행,건조,맑음,단일로 - 기타,승용,여,51세,상해없음,보행자,여,52세,경상
2014090400100161,2014년 9월 4일 08시,목요일,전라남도 구례군 구례읍,중상사고,0,1,0,0,차대차 - 기타,직진우회전진행방해,건조,맑음,교차로 - 교차로안,승용,남,46세,상해없음,이륜,남,59세,중상
2014090400100191,2014년 9월 4일 09시,목요일,전라남도 화순군 도곡면,중상사고,0,1,0,0,차대사람 - 기타,안전운전불이행,건조,맑음,단일로 - 기타,화물,남,76세,상해없음,보행자,여,76세,중상
2014090400100219,2014년 9월 4일 10시,목요일,전라남도 목포시 산정동,경상사고,0,0,2,0,차대차 - 기타,안전운전불이행,건조,맑음,단일로 - 기타,승용,여,52세,상해없음,승용,남,62세,경상
2014090400100253,2014년 9월 4일 11시,목요일,전라남도 영암군 학산면,경상사고,0,0,1,0,차대사람 - 차도통행중,안전운전불이행,건조,맑음,단일로 - 기타,화물,남,45세,상해없음,보행자,여,74세,경상
2014090400100285,2014년 9월 4일 12시,목요일,전라남도 신안군 자은면,사망사고,1,0,0,0,차대사람 - 기타,안전운전불이행,건조,맑음,기타 - 기타,승합,남,66세,상해없음,보행자,여,64세,사망
2014090400100286,2014년 9월 4일 12시,목요일,전라남도 신안군 비금면,경상사고,0,0,3,0,차대차 - 기타,안전운전불이행,건조,맑음,단일로 - 기타,화물,여,53세,경상,이륜,남,46세,경상
2014090400100323,2014년 9월 4일 13시,목요일,전라남도 목포시 석현동,경상사고,0,0,2,0,차대차 - 기타,신호위반,건조,맑음,교차로 - 교차로안,승용,남,67세,경상,화물,남,54세,경상
2014090400100324,2014년 9월 4일 13시,목요일,전라남도 순천시 서면,경상사고,0,0,1,0,차대차 - 기타,안전운전불이행,건조,맑음,교차로 - 교차로안,승용,남,43세,상해없음,승합,남,57세,상해없음
2014090400100349,2014년 9월 4일 14시,목요일,전라남도 목포시 상동,경상사고,0,0,1,0,차대차 - 기타,안전운전불이행,건조,맑음,단일로 - 기타,승용,남,69세,상해없음,승용,남,33세,경상
2014090400100350,2014년 9월 4일 14시,목요일,전라남도 순천시 중앙동,중상사고,0,2,1,0,차대차 - 기타,신호위반,건조,맑음,교차로 - 교차로안,승용,여,52세,경상,승용,남,67세,상해없음
2014090400100393,2014년 9월 4일 15시,목요일,전라남도 여수시 미평동,경상사고,0,0,1,0,차대차 - 측면직각충돌,중앙선침범,건조,맑음,교차로 - 교차로부근,승용,남,60세,상해없음,승용,남,41세,경상
2014090400100394,2014년 9월 4일 15시,목요일,전라남도 순천시 낙안면,사망사고,1,0,0,0,차대차 - 추돌 - 진행중,안전운전불이행,건조,맑음,단일로 - 기타,이륜,남,79세,사망,승용,여,57세,상해없음
2014090400100443,2014년 9월 4일 16시,목요일,전라남도 여수시 문수동,경상사고,0,0,1,0,차대사람 - 기타,안전운전불이행,건조,맑음,교차로 - 교차로안,승용,남,48세,상해없음,보행자,여,21세,경상
2014090400100444,2014년 9월 4일 16시,목요일,전라남도 장흥군 유치면,경상사고,0,0,2,0,차대차 - 기타,교차로운행방법위반,건조,맑음,교차로 - 교차로안,승용,여,53세,상해없음,승용,남,53세,경상
2014090400100445,2014년 9월 4일 16시,목요일,전라남도 화순군 청풍면,중상사고,0,1,0,0,차대차 - 측면직각충돌,안전운전불이행,건조,맑음,단일로 - 기타,승합,남,34세,상해없음,이륜,남,77세,중상
2014090400100446,2014년 9월 4일 16시,목요일,전라남도 화순군 화순읍,경상사고,0,0,1,0,차대차 - 측면직각충돌,안전운전불이행,건조,맑음,단일로 - 기타,화물,남,57세,상해없음,승용,여,37세,경상
2014090400100486,2014년 9월 4일 17시,목요일,전라남도 순천시 해룡면,부상신고사고,0,0,0,1,차량단독 - 기타,안전운전불이행,건조,맑음,단일로 - 기타,이륜,남,34세,부상신고,,,,
2014090400100487,2014년 9월 4일 17시,목요일,전라남도 순천시 해룡면,중상사고,0,1,0,0,차대사람 - 기타,보행자보호의무위반,건조,맑음,교차로 - 교차로부근,승용,여,35세,상해없음,보행자,남,10세,중상
2014090400100547,2014년 9월 4일 18시,목요일,전라남도 여수시 신기동,경상사고,0,0,1,0,차대차 - 측면직각충돌,안전운전불이행,건조,맑음,교차로 - 교차로부근,화물,남,33세,상해없음,승용,여,46세,경상
2014090400100548,2014년 9월 4일 18시,목요일,전라남도 장흥군 용산면,중상사고,0,1,1,0,차대차 - 측면직각충돌,중앙선침범,건조,맑음,교차로 - 교차로안,승용,남,59세,상해없음,승용,여,30세,경상
2014090400100596,2014년 9월 4일 19시,목요일,전라남도 신안군 자은면,사망사고,1,0,0,0,차량단독 - 기타,안전운전불이행,건조,맑음,단일로 - 기타,이륜,남,76세,사망,,,,
2014090400100597,2014년 9월 4일 19시,목요일,전라남도 목포시 산정동,경상사고,0,0,1,0,차대사람 - 기타,안전운전불이행,건조,맑음,단일로 - 기타,기타불명,기타불명,기타불명,기타불명,보행자,남,78세,경상
2014090400100598,2014년 9월 4일 19시,목요일,전라남도 여수시 문수동,경상사고,0,0,1,0,차대사람 - 기타,안전운전불이행,건조,맑음,단일로 - 기타,화물,남,64세,상해없음,보행자,여,43세,경상