사고번호,사고일시,요일,시군구,사고내용,사망자수,중상자수,경상자수,부상신고자수,사고유형,법규위반,노면상태,기상상태,도로형태,가해운전자 차종,가해운전자 성별,가해운전자 연령,가해운전자 상해정도,피해운전자 차종,피해운전자 성별,피해운전자 연령,피해운전자 상해정도
2014090800100133,2014년 9월 8일 11시,월요일,전라남도 함평군 함평읍,경상사고,0,0,1,0,차대차 - 측면직각충돌,안전운전불이행,건조,맑음,교차로 - 교차로안,승용,남,54세,상해없음,승용,남,46세,경상
2014090800100134,2014년 9월 8일 11시,월요일,전라남도 강진군 성전면,경상사고,0,0,6,0,차대차 - 추돌 - 주정차중,안전운전불이행,건조,맑음,단일로 - 기타,승용,남,55세,경상,승용,남,56세,경상
2014090800100135,2014년 9월 8일 11시,월요일,전라남도 강진군 성전면,경상사고,0,0,6,0,차대차 - 추돌 - 주정차중,안전운전불이행,건조,맑음,단일로 - 기타,승용,남,53세,상해없음,승용,남,55세,경상
2014090800100156,2014년 9월 8일 12시,월요일,전라남도 고흥군 도양읍,경상사고,0,0,3,0,차대차 - 기타,안전운전불이행,건조,맑음,교차로 - 교차로부근,이륜,남,55세,경상,승용,여,31세,경상
2014090800100157,2014년 9월 8일 12시,월요일,전라남도 강진군 강진읍,경상사고,0,0,2,0,차대차 - 정면충돌,안전운전불이행,건조,맑음,교차로 - 교차로안,승용,남,69세,상해없음,화물,남,41세,경상
2014090800100158,2014년 9월 8일 12시,월요일,전라남도 무안군 해제면,경상사고,0,0,4,0,차대차 - 추돌 - 진행중,안전운전불이행,건조,맑음,단일로 - 기타,화물,남,67세,상해없음,승용,남,57세,경상
2014090800100159,2014년 9월 8일 12시,월요일,전라남도 무안군 일로읍,경상사고,0,0,3,0,차대차 - 측면직각충돌,안전운전불이행,건조,맑음,교차로 - 교차로안,승합,남,55세,상해없음,승용,남,50세,경상
2014090800100160,2014년 9월 8일 12시,월요일,전라남도 무안군 청계면,경상사고,0,0,3,0,차대차 - 추돌 - 진행중,안전운전불이행,건조,맑음,단일로 - 기타,승용,남,53세,상해없음,승용,남,47세,상해없음
2014090800100161,2014년 9월 8일 12시,월요일,전라남도 무안군 청계면,경상사고,0,0,1,0,차대차 - 추돌 - 진행중,안전운전불이행,건조,맑음,단일로 - 기타,승용,남,39세,경상,승용,남,49세,상해없음
2014090800100162,2014년 9월 8일 12시,월요일,전라남도 무안군 청계면,경상사고,0,0,2,0,차대차 - 추돌 - 진행중,안전운전불이행,건조,맑음,단일로 - 기타,승용,남,49세,상해없음,승용,남,36세,경상
2014090800100163,2014년 9월 8일 12시,월요일,전라남도 무안군 청계면,경상사고,0,0,3,0,차대차 - 추돌 - 진행중,안전운전불이행,건조,맑음,단일로 - 기타,승용,여,41세,경상,승용,남,39세,경상
2014090800100193,2014년 9월 8일 13시,월요일,전라남도 순천시 송광면,경상사고,0,0,6,0,차대차 - 기타,직진우회전진행방해,건조,맑음,교차로 - 교차로안,승용,남,30세,상해없음,승용,여,43세,경상
2014090800100194,2014년 9월 8일 13시,월요일,전라남도 고흥군 금산면,경상사고,0,0,1,0,차대차 - 기타,중앙선침범,건조,맑음,단일로 - 기타,승용,남,43세,상해없음,승합,남,41세,상해없음
2014090800100195,2014년 9월 8일 13시,월요일,전라남도 해남군 화원면,중상사고,0,1,3,0,차대차 - 기타,교차로운행방법위반,기타,맑음,교차로 - 교차로안,이륜,여,18세,중상,승용,남,32세,경상
2014090800100196,2014년 9월 8일 13시,월요일,전라남도 보성군 회천면,경상사고,0,0,2,0,차대차 - 추돌 - 주정차중,안전운전불이행,건조,맑음,교차로 - 교차로안,화물,남,58세,상해없음,화물,남,35세,경상
2014090800100197,2014년 9월 8일 13시,월요일,전라남도 영광군 염산면,경상사고,0,0,5,0,차대차 - 정면충돌,교차로운행방법위반,건조,맑음,교차로 - 교차로안,승용,여,48세,상해없음,승용,남,35세,경상
2014090800100198,2014년 9월 8일 13시,월요일,전라남도 함평군 월야면,경상사고,0,0,1,0,차대사람 - 기타,안전운전불이행,건조,맑음,단일로 - 기타,승용,남,25세,상해없음,보행자,남,14세,경상
2014090800100199,2014년 9월 8일 13시,월요일,전라남도 영암군 신북면,경상사고,0,0,2,0,차대차 - 추돌 - 진행중,안전거리미확보,건조,맑음,단일로 - 기타,승용,남,53세,상해없음,승용,남,53세,상해없음
2014090800100225,2014년 9월 8일 14시,월요일,전라남도 목포시 상동,경상사고,0,0,4,0,차대차 - 기타,중앙선침범,건조,맑음,단일로 - 기타,승용,남,47세,상해없음,승용,여,54세,경상
2014090800100226,2014년 9월 8일 14시,월요일,전라남도 순천시 조곡동,경상사고,0,0,1,0,차대차 - 기타,안전운전불이행,건조,맑음,단일로 - 기타,승용,남,50세,상해없음,승용,남,33세,경상
2014090800100259,2014년 9월 8일 15시,월요일,전라남도 신안군 압해읍,경상사고,0,0,4,0,차대차 - 기타,중앙선침범,건조,맑음,단일로 - 기타,화물,남,45세,상해없음,승용,남,48세,경상
2014090800100260,2014년 9월 8일 15시,월요일,전라남도 강진군 군동면,경상사고,0,0,4,0,차대차 - 추돌 - 주정차중,안전운전불이행,건조,맑음,단일로 - 기타,화물,남,70세,상해없음,승용,여,38세,경상
2014090800100289,2014년 9월 8일 16시,월요일,전라남도 목포시 용해동,경상사고,0,0,1,0,차대차 - 기타,안전운전불이행,건조,기타,교차로 - 교차로안,자전거,남,15세,경상,승용,남,22세,상해없음
2014090800100290,2014년 9월 8일 16시,월요일,전라남도 해남군 북평면,중상사고,0,1,0,0,차량단독 - 기타,안전운전불이행,건조,맑음,단일로 - 기타,농기계,남,72세,상해없음,,,,
2014090800100362,2014년 9월 8일 19시,월요일,전라남도 목포시 상동,경상사고,0,0,1,0,차대차 - 기타,안전거리미확보,건조,기타,단일로 - 기타,승용,남,24세,상해없음,승용,남,54세,경상
2014090800100363,2014년 9월 8일 19시,월요일,전라남도 순천시 해룡면,경상사고,0,0,1,1,차대차 - 측면직각충돌,기타,건조,맑음,교차로 - 교차로안,화물,남,18세,경상,승용,남,40세,상해없음
2014090800100364,2014년 9월 8일 19시,월요일,전라남도 순천시 해룡면,중상사고,0,1,0,0,차대사람 - 기타,안전운전불이행,건조,맑음,단일로 - 기타,승용,남,22세,상해없음,보행자,여,77세,중상
2014090800100365,2014년 9월 8일 19시,월요일,전라남도 영암군 삼호읍,경상사고,0,0,4,0,차대차 - 추돌 - 진행중,안전운전불이행,건조,흐림,단일로 - 기타,화물,남,48세,상해없음,화물,남,54세,경상
2014090800100386,2014년 9월 8일 20시,월요일,전라남도 여수시 소라면,경상사고,0,0,1,0,차대차 - 측면직각충돌,안전운전불이행,건조,맑음,단일로 - 기타,승용,여,53세,상해없음,이륜,남,17세,경상
2014090800100410,2014년 9월 8일 21시,월요일,전라남도 영광군 군남면,경상사고,0,0,5,0,차대차 - 정면충돌,중앙선침범,건조,맑음,기타 - 기타,승용,남,49세,상해없음,승용,남,34세,경상
2014090800100423,2014년 9월 8일 22시,월요일,전라남도 광양시 광양읍,중상사고,0,3,7,0,차대차 - 추돌 - 진행중,안전거리미확보,건조,맑음,교차로 - 교차로부근,승용,남,52세,중상,승용,여,47세,중상
2014090900100038,2014년 9월 9일 03시,화요일,전라남도 순천시 조례동,경상사고,0,0,1,0,차대사람 - 기타,안전운전불이행,건조,맑음,단일로 - 기타,승용,남,51세,상해없음,보행자,남,51세,경상
2014090900100084,2014년 9월 9일 08시,화요일,전라남도 여수시 공화동,경상사고,0,0,1,0,차대차 - 추돌 - 주정차중,안전운전불이행,건조,맑음,교차로 - 교차로안,자전거,남,13세,경상,승용,남,56세,상해없음
2014090900100085,2014년 9월 9일 08시,화요일,전라남도 영암군 신북면,중상사고,0,1,5,0,차대차 - 측면직각충돌,신호위반,건조,맑음,교차로 - 교차로안,승용,여,60세,경상,승용,남,39세,경상
2014090900100092,2014년 9월 9일 09시,화요일,전라남도 여수시 소라면,경상사고,0,0,3,0,차대차 - 정면충돌,중앙선침범,건조,맑음,단일로 - 기타,승용,남,27세,상해없음,승용,남,59세,경상
2014090900100093,2014년 9월 9일 09시,화요일,전라남도 화순군 동면,경상사고,0,0,1,1,차대차 - 측면직각충돌,안전거리미확보,건조,맑음,단일로 - 기타,승용,여,51세,부상신고,승용,남,36세,경상
2014090900100138,2014년 9월 9일 12시,화요일,전라남도 목포시 동명동,경상사고,0,0,5,0,차대차 - 기타,안전거리미확보,건조,맑음,교차로 - 교차로부근,승용,남,58세,상해없음,승용,남,33세,경상
2014090900100139,2014년 9월 9일 12시,화요일,전라남도 함평군 대동면,경상사고,0,0,4,0,차대차 - 측면직각충돌,안전운전불이행,건조,맑음,교차로 - 교차로안,승용,남,44세,상해없음,승용,남,36세,경상
2014090900100140,2014년 9월 9일 12시,화요일,전라남도 담양군 금성면,경상사고,0,0,3,0,차대차 - 추돌 - 주정차중,안전운전불이행,건조,맑음,단일로 - 기타,승용,남,27세,상해없음,승용,남,50세,경상
2014090900100162,2014년 9월 9일 13시,화요일,전라남도 여수시 봉산동,경상사고,0,0,1,0,차대차 - 측면직각충돌,차로위반,건조,맑음,교차로 - 교차로부근,승용,남,39세,상해없음,이륜,남,57세,경상
2014090900100163,2014년 9월 9일 13시,화요일,전라남도 영암군 삼호읍,중상사고,0,2,0,0,차대차 - 추돌 - 진행중,안전운전불이행,건조,맑음,단일로 - 기타,승용,남,53세,상해없음,원동기,남,52세,중상
2014090900100228,2014년 9월 9일 15시,화요일,전라남도 영암군 삼호읍,중상사고,0,1,0,0,차대차 - 정면충돌,안전운전불이행,건조,맑음,단일로 - 기타,승용,여,50세,상해없음,원동기,남,79세,중상
2014090900100229,2014년 9월 9일 15시,화요일,전라남도 담양군 담양읍,경상사고,0,0,4,0,차대차 - 측면직각충돌,신호위반,건조,맑음,교차로 - 교차로안,승합,남,34세,상해없음,승용,남,39세,경상
2014090900100258,2014년 9월 9일 16시,화요일,전라남도 영암군 덕진면,경상사고,0,0,2,0,차대차 - 추돌 - 진행중,안전거리미확보,건조,맑음,단일로 - 기타,승용,남,59세,상해없음,승용,남,36세,경상
2014090900100309,2014년 9월 9일 18시,화요일,전라남도 목포시 죽교동,중상사고,0,1,1,0,차량단독 - 도로외이탈 - 추락,안전운전불이행,건조,맑음,단일로 - 기타,승용,여,65세,경상,,,,
2014090900100310,2014년 9월 9일 18시,화요일,전라남도 목포시 남교동,중상사고,0,1,1,0,차대차 - 기타,교차로운행방법위반,건조,맑음,교차로 - 교차로안,승용,남,45세,상해없음,승합,남,58세,경상
2014090900100311,2014년 9월 9일 18시,화요일,전라남도 해남군 화산면,중상사고,0,1,0,0,차대사람 - 횡단중,안전운전불이행,건조,맑음,단일로 - 기타,승합,남,56세,상해없음,보행자,남,11세,중상
2014090900100312,2014년 9월 9일 18시,화요일,전라남도 영광군 홍농읍,경상사고,0,0,6,0,차대차 - 측면직각충돌,중앙선침범,건조,맑음,단일로 - 기타,승용,여,43세,상해없음,승용,남,50세,경상
2014090900100313,2014년 9월 9일 18시,화요일,전라남도 영암군 군서면,중상사고,0,2,0,0,차대차 - 측면직각충돌,중앙선침범,건조,맑음,교차로 - 교차로부근,승용,여,65세,중상,화물,남,18세,중상
2014090900100354,2014년 9월 9일 19시,화요일,전라남도 여수시 신기동,중상사고,0,1,2,0,차대차 - 측면직각충돌,신호위반,건조,맑음,교차로 - 교차로안,승용,남,39세,상해없음,이륜,남,27세,중상
2014090900100355,2014년 9월 9일 19시,화요일,전라남도 함평군 해보면,경상사고,0,0,6,0,차대차 - 기타,안전운전불이행,건조,맑음,단일로 - 기타,승용,남,44세,경상,승용,남,37세,경상
2014090900100408,2014년 9월 9일 21시,화요일,전라남도 여수시 신기동,경상사고,0,0,1,0,차대차 - 측면직각충돌,차로위반,건조,맑음,교차로 - 교차로부근,승용,여,39세,상해없음,이륜,남,18세,경상
2014090900100432,2014년 9월 9일 22시,화요일,전라남도 목포시 용당동,경상사고,0,0,2,0,차대차 - 기타,안전운전불이행,건조,맑음,교차로 - 교차로부근,승용,남,21세,상해없음,승용,남,35세,경상
2014091000100039,2014년 9월 10일 03시,수요일,전라남도 순천시 왕지동,경상사고,0,0,2,0,차대차 - 기타,신호위반,건조,맑음,교차로 - 교차로안,승용,여,44세,경상,승용,남,22세,경상
2014091000100055,2014년 9월 10일 05시,수요일,전라남도 해남군 산이면,경상사고,0,0,1,0,차대차 - 추돌 - 주정차중,안전운전불이행,건조,맑음,단일로 - 기타,승용,남,72세,경상,승용,여,55세,기타불명
2014091000100085,2014년 9월 10일 08시,수요일,전라남도 보성군 벌교읍,경상사고,0,0,2,0,차대차 - 측면직각충돌,교차로운행방법위반,건조,맑음,교차로 - 교차로안,화물,남,62세,경상,승용,남,62세,경상
2014091000100105,2014년 9월 10일 09시,수요일,전라남도 목포시 상동,경상사고,0,0,1,0,차대차 - 추돌 - 진행중,안전거리미확보,건조,맑음,단일로 - 기타,승용,여,22세,상해없음,승용,남,47세,상해없음
2014091000100106,2014년 9월 10일 09시,수요일,전라남도 고흥군 포두면,사망사고,1,0,0,0,차대사람 - 기타,안전운전불이행,건조,맑음,단일로 - 기타,화물,남,79세,상해없음,보행자,남,72세,사망
2014091000100107,2014년 9월 10일 09시,수요일,전라남도 담양군 담양읍,경상사고,0,0,4,0,차대차 - 추돌 - 진행중,안전운전불이행,건조,맑음,교차로 - 교차로부근,승용,남,52세,상해없음,승용,여,52세,경상
2014091000100240,2014년 9월 10일 14시,수요일,전라남도 나주시 봉황면,경상사고,0,0,4,0,차대차 - 측면직각충돌,직진우회전진행방해,건조,맑음,교차로 - 교차로안,승용,남,57세,경상,승용,여,48세,경상
2014091000100241,2014년 9월 10일 14시,수요일,전라남도 함평군 함평읍,경상사고,0,0,2,0,차대차 - 측면직각충돌,교차로운행방법위반,건조,맑음,교차로 - 교차로안,승용,남,46세,경상,승용,남,61세,상해없음
2014091000100285,2014년 9월 10일 15시,수요일,전라남도 목포시 상동,경상사고,0,0,1,0,차대사람 - 기타,안전운전불이행,건조,맑음,단일로 - 기타,승용,여,29세,상해없음,보행자,여,14세,경상
2014091000100286,2014년 9월 10일 15시,수요일,전라남도 보성군 벌교읍,중상사고,0,1,0,0,차량단독 - 전도전복,안전운전불이행,습기,맑음,단일로 - 기타,원동기,남,65세,중상,,,,
2014091000100287,2014년 9월 10일 15시,수요일,전라남도 광양시 광양읍,중상사고,0,1,1,0,차대차 - 추돌 - 주정차중,안전운전불이행,건조,맑음,기타 - 기타,승용,남,26세,상해없음,승용,여,44세,중상
2014091000100331,2014년 9월 10일 16시,수요일,전라남도 무안군 청계면,경상사고,0,0,4,3,차대차 - 측면직각충돌,안전거리미확보,건조,맑음,교차로 - 교차로부근,승용,남,49세,경상,승용,여,31세,경상
2014091000100358,2014년 9월 10일 17시,수요일,전라남도 목포시 상동,중상사고,0,1,0,0,차대사람 - 기타,안전운전불이행,건조,맑음,단일로 - 기타,자전거,남,59세,상해없음,보행자,여,55세,중상
2014091000100359,2014년 9월 10일 17시,수요일,전라남도 순천시 승주읍,중상사고,0,2,6,0,차대차 - 측면직각충돌,직진우회전진행방해,건조,맑음,교차로 - 교차로안,승용,남,28세,경상,승용,여,26세,경상
2014091000100360,2014년 9월 10일 17시,수요일,전라남도 영광군 백수읍,중상사고,0,1,0,1,차량단독 - 공작물충돌,안전운전불이행,건조,맑음,단일로 - 기타,승용,여,61세,부상신고,,,,
2014091000100361,2014년 9월 10일 17시,수요일,전라남도 구례군 구례읍,경상사고,0,0,1,0,차대차 - 기타,직진우회전진행방해,건조,맑음,교차로 - 교차로안,승용,남,58세,기타불명,화물,남,48세,기타불명
2014091000100388,2014년 9월 10일 18시,수요일,전라남도 순천시 승주읍,경상사고,0,0,1,0,차량단독 - 도로외이탈 - 기타,안전운전불이행,건조,맑음,단일로 - 기타,화물,남,52세,경상,,,,
2014091000100389,2014년 9월 10일 18시,수요일,전라남도 순천시 금곡동,경상사고,0,0,1,0,차대사람 - 기타,안전운전불이행,건조,맑음,단일로 - 기타,기타불명,기타불명,기타불명,기타불명,보행자,여,67세,경상
2014091000100417,2014년 9월 10일 19시,수요일,전라남도 광양시 광양읍,중상사고,0,1,3,0,차대차 - 기타,신호위반,건조,맑음,교차로 - 교차로안,승용,여,52세,경상,승합,남,65세,경상
2014091000100489,2014년 9월 10일 22시,수요일,전라남도 목포시 죽교동,경상사고,0,0,1,0,차대차 - 측면직각충돌,안전운전불이행,건조,맑음,교차로 - 교차로안,승용,남,58세,상해없음,원동기,남,18세,경상
2014091000100490,2014년 9월 10일 22시,수요일,전라남도 목포시 상동,경상사고,0,0,4,0,차대차 - 추돌 - 주정차중,안전운전불이행,건조,맑음,단일로 - 기타,승용,남,25세,상해없음,승용,남,27세,경상
2014091000100491,2014년 9월 10일 22시,수요일,전라남도 순천시 조례동,중상사고,0,1,0,0,차대차 - 기타,안전운전불이행,건조,맑음,단일로 - 기타,승용,남,23세,상해없음,자전거,여,19세,중상
2014091000100492,2014년 9월 10일 22시,수요일,전라남도 영암군 삼호읍,중상사고,0,2,0,0,차대차 - 측면직각충돌,기타,건조,맑음,교차로 - 교차로부근,원동기,남,38세,중상,승용,남,26세,상해없음
2014091000100521,2014년 9월 10일 23시,수요일,전라남도 여수시 웅천동,경상사고,0,0,4,1,차대차 - 측면직각충돌,교차로운행방법위반,건조,맑음,교차로 - 교차로안,승용,여,46세,부상신고,승용,여,27세,경상
2014091000100522,2014년 9월 10일 23시,수요일,전라남도 보성군 보성읍,경상사고,0,0,1,0,차대차 - 측면직각충돌,중앙선침범,건조,맑음,단일로 - 기타,승용,남,56세,상해없음,승용,여,32세,상해없음
2014091100100014,2014년 9월 11일 00시,목요일,전라남도 나주시 삼영동,중상사고,0,2,1,0,차대차 - 정면충돌,중앙선침범,건조,맑음,단일로 - 기타,승용,남,34세,중상,승용,여,57세,중상
2014091100100084,2014년 9월 11일 07시,목요일,전라남도 장흥군 회진면,중상사고,0,1,0,0,차대차 - 측면직각충돌,교차로운행방법위반,건조,맑음,교차로 - 교차로안,자전거,남,26세,상해없음,원동기,여,55세,중상
2014091100100127,2014년 9월 11일 08시,목요일,전라남도 목포시 산정동,경상사고,0,0,1,0,차대차 - 측면직각충돌,교차로운행방법위반,건조,맑음,교차로 - 교차로안,승합,남,40세,상해없음,승용,여,45세,경상
2014091100100128,2014년 9월 11일 08시,목요일,전라남도 광양시 광양읍,경상사고,0,0,2,0,차대차 - 기타,안전운전불이행,건조,맑음,교차로 - 교차로부근,승용,여,46세,경상,승합,남,62세,경상
2014091100100174,2014년 9월 11일 09시,목요일,전라남도 순천시 연향동,경상사고,0,0,1,0,차대차 - 기타,안전운전불이행,건조,맑음,단일로 - 기타,승용,남,50세,상해없음,자전거,남,74세,경상
2014091100100175,2014년 9월 11일 09시,목요일,전라남도 고흥군 도양읍,경상사고,0,0,1,0,차대차 - 측면직각충돌,교차로운행방법위반,건조,맑음,교차로 - 교차로안,이륜,남,69세,경상,승용,남,72세,상해없음
2014091100100209,2014년 9월 11일 10시,목요일,전라남도 목포시 옥암동,경상사고,0,0,2,0,차대차 - 측면직각충돌,안전운전불이행,건조,맑음,교차로 - 교차로안,승용,남,57세,상해없음,승용,남,60세,경상
2014091100100210,2014년 9월 11일 10시,목요일,전라남도 보성군 벌교읍,중상사고,0,1,0,0,차대사람 - 차도통행중,안전운전불이행,건조,맑음,교차로 - 교차로부근,승용,남,68세,상해없음,보행자,여,78세,중상
2014091100100242,2014년 9월 11일 11시,목요일,전라남도 나주시 문평면,중상사고,0,2,1,0,차대차 - 기타,신호위반,건조,맑음,교차로 - 교차로안,승합,남,24세,상해없음,화물,남,64세,중상
2014091100100243,2014년 9월 11일 11시,목요일,전라남도 곡성군 고달면,경상사고,0,0,1,0,차대차 - 기타,안전운전불이행,건조,맑음,단일로 - 기타,건설기계,남,64세,상해없음,농기계,남,71세,경상
2014091100100244,2014년 9월 11일 11시,목요일,전라남도 구례군 구례읍,사망사고,1,0,0,0,차대차 - 기타,중앙선침범,건조,맑음,단일로 - 기타,자전거,남,79세,사망,화물,남,60세,상해없음
2014091100100271,2014년 9월 11일 12시,목요일,전라남도 고흥군 도화면,경상사고,0,0,1,0,차대사람 - 길가장자리구역통행중,안전운전불이행,건조,맑음,단일로 - 기타,화물,남,59세,상해없음,보행자,여,44세,경상
2014091100100293,2014년 9월 11일 13시,목요일,전라남도 순천시 조곡동,경상사고,0,0,1,0,차대차 - 기타,안전운전불이행,건조,맑음,단일로 - 기타,자전거,여,63세,경상,승용,남,59세,상해없음
2014091100100334,2014년 9월 11일 14시,목요일,전라남도 해남군 해남읍,경상사고,0,0,1,0,차대차 - 측면직각충돌,중앙선침범,건조,맑음,단일로 - 기타,승용,여,60세,상해없음,승용,여,39세,경상
2014091100100335,2014년 9월 11일 14시,목요일,전라남도 무안군 현경면,중상사고,0,1,0,0,차량단독 - 도로외이탈 - 추락,안전운전불이행,건조,맑음,단일로 - 기타,화물,여,59세,중상,,,,
2014091100100368,2014년 9월 11일 15시,목요일,전라남도 고흥군 고흥읍,중상사고,0,1,0,0,차대차 - 측면직각충돌,기타,건조,맑음,단일로 - 기타,화물,남,56세,상해없음,승용,남,68세,중상
2014091100100369,2014년 9월 11일 15시,목요일,전라남도 광양시 광영동,경상사고,0,0,1,0,차대차 - 측면직각충돌,안전거리미확보,건조,맑음,단일로 - 기타,이륜,남,66세,경상,승용,남,42세,상해없음
2014091100100399,2014년 9월 11일 16시,목요일,전라남도 목포시 상동,경상사고,0,0,1,0,차대차 - 추돌 - 주정차중,안전운전불이행,건조,맑음,기타 - 기타,화물,남,49세,상해없음,승용,남,32세,상해없음
2014091100100400,2014년 9월 11일 16시,목요일,전라남도 나주시 동강면,경상사고,0,0,1,0,차대차 - 기타,기타,건조,맑음,단일로 - 기타,이륜,남,55세,경상,화물,남,49세,상해없음
2014091100100401,2014년 9월 11일 16시,목요일,전라남도 장성군 장성읍,경상사고,0,0,3,0,차대차 - 측면직각충돌,안전운전불이행,건조,맑음,교차로 - 교차로안,승용,여,65세,경상,승용,여,44세,경상
2014091100100429,2014년 9월 11일 17시,목요일,전라남도 구례군 구례읍,경상사고,0,0,2,0,차대차 - 기타,직진우회전진행방해,건조,맑음,교차로 - 교차로안,승합,남,59세,상해없음,화물,남,66세,경상
2014091100100455,2014년 9월 11일 18시,목요일,전라남도 광양시 중동,중상사고,0,1,0,0,차대사람 - 횡단중,보행자보호의무위반,건조,맑음,단일로 - 횡단보도상,승용,남,53세,상해없음,보행자,남,4세,중상
2014091100100495,2014년 9월 11일 19시,목요일,전라남도 목포시 용당동,경상사고,0,0,3,0,차대차 - 측면직각충돌,중앙선침범,건조,맑음,기타 - 기타,승용,여,58세,경상,승용,남,26세,경상
2014091100100556,2014년 9월 11일 21시,목요일,전라남도 보성군 조성면,사망사고,1,0,0,0,차대사람 - 횡단중,보행자보호의무위반,건조,맑음,교차로 - 교차로안,승용,남,64세,상해없음,보행자,남,51세,사망
2014091100100557,2014년 9월 11일 21시,목요일,전라남도 영암군 삼호읍,중상사고,0,2,1,0,차대차 - 기타,신호위반,건조,맑음,교차로 - 교차로안,승용,여,30세,중상,화물,남,37세,경상
2014091100100587,2014년 9월 11일 22시,목요일,전라남도 영광군 불갑면,경상사고,0,0,1,0,차대사람 - 기타,안전운전불이행,건조,맑음,단일로 - 기타,승용,남,26세,상해없음,보행자,남,16세,경상
2014091100100615,2014년 9월 11일 23시,목요일,전라남도 목포시 상동,경상사고,0,0,1,0,차대차 - 정면충돌,안전운전불이행,건조,기타,교차로 - 교차로안,승용,남,38세,상해없음,원동기,남,19세,경상
2014091100100616,2014년 9월 11일 23시,목요일,전라남도 여수시 학동,경상사고,0,0,1,1,차대차 - 추돌 - 진행중,안전운전불이행,건조,맑음,교차로 - 교차로부근,승용,남,33세,상해없음,승용,남,58세,상해없음
2014091200100085,2014년 9월 12일 07시,금요일,전라남도 담양군 무정면,경상사고,0,0,3,0,차대차 - 측면직각충돌,중앙선침범,건조,맑음,단일로 - 기타,화물,남,64세,상해없음,승용,남,25세,경상
2014091200100117,2014년 9월 12일 08시,금요일,전라남도 여수시 문수동,경상사고,0,0,1,0,차대사람 - 기타,안전운전불이행,건조,맑음,단일로 - 기타,화물,남,48세,상해없음,보행자,여,18세,경상
2014091200100118,2014년 9월 12일 08시,금요일,전라남도 강진군 도암면,경상사고,0,0,1,0,차대차 - 기타,안전운전불이행,건조,맑음,단일로 - 기타,승용,남,58세,상해없음,농기계,남,73세,경상
2014091200100119,2014년 9월 12일 08시,금요일,전라남도 광양시 다압면,경상사고,0,0,1,0,차대차 - 기타,안전운전불이행,건조,맑음,단일로 - 기타,승용,남,25세,상해없음,승합,남,54세,상해없음
2014091200100149,2014년 9월 12일 09시,금요일,전라남도 해남군 해남읍,경상사고,0,0,2,0,차대차 - 기타,안전거리미확보,기타,맑음,기타 - 기타,승용,남,66세,상해없음,승용,남,36세,경상
2014091200100150,2014년 9월 12일 09시,금요일,전라남도 광양시 중동,경상사고,0,0,2,0,차대차 - 측면직각충돌,신호위반,건조,맑음,교차로 - 교차로안,승용,남,46세,상해없음,승용,남,52세,경상
2014091200100210,2014년 9월 12일 11시,금요일,전라남도 순천시 남정동,중상사고,0,1,1,0,차대차 - 측면직각충돌,직진우회전진행방해,건조,맑음,교차로 - 교차로안,승용,남,64세,상해없음,이륜,남,72세,경상
2014091200100263,2014년 9월 12일 13시,금요일,전라남도 함평군 신광면,경상사고,0,0,4,0,차대차 - 측면직각충돌,직진우회전진행방해,건조,맑음,교차로 - 교차로안,승용,여,48세,경상,승용,여,34세,경상
2014091200100264,2014년 9월 12일 13시,금요일,전라남도 광양시 중동,경상사고,0,0,1,0,차대차 - 추돌 - 진행중,차로위반,건조,맑음,단일로 - 기타,원동기,남,75세,경상,승용,남,26세,상해없음
2014091200100289,2014년 9월 12일 14시,금요일,전라남도 구례군 구례읍,경상사고,0,0,2,0,차대차 - 기타,직진우회전진행방해,건조,맑음,교차로 - 교차로안,승용,여,38세,기타불명,승용,여,41세,경상
2014091200100311,2014년 9월 12일 15시,금요일,전라남도 영광군 불갑면,경상사고,0,0,1,0,차대차 - 정면충돌,중앙선침범,건조,맑음,단일로 - 기타,원동기,남,69세,상해없음,화물,남,63세,경상
2014091200100357,2014년 9월 12일 16시,금요일,전라남도 여수시 소호동,경상사고,0,0,1,0,차대차 - 추돌 - 진행중,안전운전불이행,건조,맑음,단일로 - 기타,승용,남,40세,상해없음,승합,남,41세,상해없음
2014091200100381,2014년 9월 12일 17시,금요일,전라남도 목포시 상동,중상사고,0,1,0,0,차대차 - 기타,안전운전불이행,건조,맑음,단일로 - 기타,승용,남,42세,상해없음,승용,남,27세,중상
2014091200100382,2014년 9월 12일 17시,금요일,전라남도 무안군 삼향읍,경상사고,0,0,4,1,차대차 - 측면직각충돌,신호위반,건조,맑음,교차로 - 교차로안,승용,남,35세,부상신고,승합,여,52세,경상
2014091200100383,2014년 9월 12일 17시,금요일,전라남도 무안군 현경면,중상사고,0,1,1,1,차대차 - 정면충돌,중앙선침범,건조,맑음,단일로 - 기타,승용,남,61세,부상신고,승용,남,41세,경상
2014091200100384,2014년 9월 12일 17시,금요일,전라남도 진도군 진도읍,경상사고,0,0,2,0,차대차 - 기타,안전거리미확보,습기,맑음,교차로 - 교차로안,승용,여,40세,상해없음,승용,남,59세,경상
2014091200100417,2014년 9월 12일 18시,금요일,전라남도 순천시 연향동,경상사고,0,0,1,0,차대사람 - 길가장자리구역통행중,안전운전불이행,건조,맑음,단일로 - 기타,화물,남,62세,상해없음,보행자,남,30세,경상
2014091200100418,2014년 9월 12일 18시,금요일,전라남도 담양군 대덕면,경상사고,0,0,1,0,차대차 - 추돌 - 주정차중,안전운전불이행,건조,맑음,단일로 - 기타,화물,남,39세,경상,승용,남,55세,기타불명