사고번호,사고일시,요일,시군구,사고내용,사망자수,중상자수,경상자수,부상신고자수,사고유형,법규위반,노면상태,기상상태,도로형태,가해운전자 차종,가해운전자 성별,가해운전자 연령,가해운전자 상해정도,피해운전자 차종,피해운전자 성별,피해운전자 연령,피해운전자 상해정도
2014091200100460,2014년 9월 12일 19시,금요일,전라남도 목포시 석현동,경상사고,0,0,2,0,차대차 - 기타,중앙선침범,건조,맑음,교차로 - 교차로안,승용,남,53세,상해없음,승용,여,41세,경상
2014091200100507,2014년 9월 12일 20시,금요일,전라남도 영암군 도포면,사망사고,1,1,0,0,차대차 - 정면충돌,중앙선침범,건조,흐림,단일로 - 기타,화물,남,33세,중상,화물,남,51세,사망
2014091200100508,2014년 9월 12일 20시,금요일,전라남도 장성군 삼서면,중상사고,0,1,0,0,차량단독 - 전도전복,안전운전불이행,건조,맑음,단일로 - 기타,승용,남,25세,중상,,,,
2014091200100509,2014년 9월 12일 20시,금요일,전라남도 담양군 고서면,중상사고,0,1,1,0,차량단독 - 공작물충돌,안전운전불이행,건조,맑음,단일로 - 기타,승용,여,27세,중상,,,,
2014091200100552,2014년 9월 12일 21시,금요일,전라남도 순천시 연향동,경상사고,0,0,1,0,차대사람 - 횡단중,보행자보호의무위반,건조,맑음,단일로 - 횡단보도상,승용,여,48세,상해없음,보행자,남,5세,경상
2014091200100583,2014년 9월 12일 22시,금요일,전라남도 목포시 대양동,경상사고,0,0,1,0,차대차 - 측면직각충돌,안전거리미확보,건조,맑음,단일로 - 기타,승용,남,40세,경상,화물,남,35세,상해없음
2014091200100602,2014년 9월 12일 23시,금요일,전라남도 목포시 죽교동,경상사고,0,0,1,0,차대사람 - 기타,안전운전불이행,건조,맑음,단일로 - 기타,승용,남,45세,상해없음,보행자,남,53세,경상
2014091200100603,2014년 9월 12일 23시,금요일,전라남도 목포시 산정동,중상사고,0,1,1,0,차대차 - 측면직각충돌,신호위반,건조,맑음,교차로 - 교차로안,이륜,남,16세,경상,승용,남,41세,상해없음
2014091300100014,2014년 9월 13일 00시,토요일,전라남도 여수시 해산동,사망사고,1,0,3,0,차대차 - 기타,안전운전불이행,건조,맑음,기타 - 기타,특수,남,52세,사망,승용,여,35세,경상
2014091300100035,2014년 9월 13일 01시,토요일,전라남도 목포시 산정동,경상사고,0,0,3,0,차대차 - 기타,안전운전불이행,건조,맑음,단일로 - 기타,승용,여,45세,상해없음,승용,여,54세,경상
2014091300100036,2014년 9월 13일 01시,토요일,전라남도 무안군 무안읍,경상사고,0,0,2,1,차량단독 - 기타,안전운전불이행,건조,맑음,단일로 - 기타,승용,남,43세,부상신고,,,,
2014091300100092,2014년 9월 13일 06시,토요일,전라남도 광양시 중동,경상사고,0,0,1,0,차대차 - 측면직각충돌,신호위반,건조,맑음,교차로 - 교차로안,화물,남,37세,상해없음,승용,남,46세,경상
2014091300100112,2014년 9월 13일 07시,토요일,전라남도 목포시 옥암동,중상사고,0,1,2,0,차대차 - 기타,신호위반,건조,맑음,교차로 - 교차로안,승용,남,58세,상해없음,승용,남,48세,경상
2014091300100113,2014년 9월 13일 07시,토요일,전라남도 장성군 장성읍,경상사고,0,0,1,0,차대차 - 측면직각충돌,안전운전불이행,건조,맑음,교차로 - 교차로부근,특수,남,44세,상해없음,승용,남,38세,경상
2014091300100114,2014년 9월 13일 07시,토요일,전라남도 장성군 남면,경상사고,0,0,3,0,차대차 - 추돌 - 진행중,안전운전불이행,건조,맑음,단일로 - 기타,화물,남,34세,경상,승용,남,42세,경상
2014091300100130,2014년 9월 13일 08시,토요일,전라남도 장성군 삼서면,경상사고,0,0,1,0,차대차 - 측면직각충돌,안전운전불이행,건조,맑음,단일로 - 기타,원동기,여,72세,경상,화물,남,38세,상해없음
2014091300100131,2014년 9월 13일 08시,토요일,전라남도 구례군 구례읍,중상사고,0,1,1,0,차대차 - 기타,신호위반,건조,맑음,교차로 - 교차로안,승용,남,54세,상해없음,이륜,남,71세,중상
2014091300100164,2014년 9월 13일 09시,토요일,전라남도 나주시 봉황면,경상사고,0,0,1,0,차대차 - 측면직각충돌,안전운전불이행,건조,맑음,교차로 - 교차로안,건설기계,남,53세,상해없음,화물,남,47세,경상
2014091300100228,2014년 9월 13일 11시,토요일,전라남도 목포시 옥암동,경상사고,0,0,1,0,차대차 - 기타,안전운전불이행,건조,맑음,단일로 - 기타,승용,여,58세,상해없음,승용,여,52세,경상
2014091300100229,2014년 9월 13일 11시,토요일,전라남도 신안군 지도읍,중상사고,0,1,0,0,차대차 - 기타,기타,건조,맑음,단일로 - 기타,이륜,여,57세,중상,화물,남,32세,상해없음
2014091300100252,2014년 9월 13일 12시,토요일,전라남도 영광군 영광읍,경상사고,0,0,3,0,차대차 - 정면충돌,안전운전불이행,건조,맑음,단일로 - 기타,승용,남,46세,상해없음,승합,남,62세,경상
2014091300100253,2014년 9월 13일 12시,토요일,전라남도 함평군 손불면,경상사고,0,0,3,0,차대차 - 기타,중앙선침범,건조,맑음,단일로 - 기타,승용,남,44세,상해없음,승용,남,36세,경상
2014091300100291,2014년 9월 13일 13시,토요일,전라남도 나주시 이창동,경상사고,0,0,1,0,차대차 - 측면직각충돌,안전운전불이행,건조,맑음,단일로 - 기타,승용,여,59세,상해없음,승용,여,42세,경상
2014091300100292,2014년 9월 13일 13시,토요일,전라남도 강진군 신전면,중상사고,0,1,0,0,차대차 - 추돌 - 진행중,안전운전불이행,건조,맑음,단일로 - 기타,화물,남,45세,상해없음,자전거,남,25세,중상
2014091300100330,2014년 9월 13일 14시,토요일,전라남도 순천시 낙안면,경상사고,0,0,4,0,차대차 - 측면직각충돌,중앙선침범,건조,맑음,단일로 - 기타,화물,남,56세,상해없음,승용,남,37세,경상
2014091300100331,2014년 9월 13일 14시,토요일,전라남도 순천시 용당동,중상사고,0,1,0,0,차대차 - 기타,안전운전불이행,건조,맑음,기타 - 기타,승용,여,37세,상해없음,이륜,남,16세,중상
2014091300100363,2014년 9월 13일 15시,토요일,전라남도 순천시 주암면,경상사고,0,0,1,0,차대차 - 기타,중앙선침범,건조,맑음,교차로 - 교차로부근,원동기,남,70세,경상,승용,남,64세,상해없음
2014091300100394,2014년 9월 13일 16시,토요일,전라남도 목포시 산정동,경상사고,0,0,3,0,차대차 - 기타,안전거리미확보,건조,맑음,단일로 - 기타,승용,여,47세,상해없음,승용,여,31세,경상
2014091300100430,2014년 9월 13일 17시,토요일,전라남도 여수시 소라면,중상사고,0,1,1,0,차대차 - 정면충돌,중앙선침범,건조,맑음,단일로 - 기타,승용,남,52세,상해없음,승용,남,57세,경상
2014091300100431,2014년 9월 13일 17시,토요일,전라남도 영암군 삼호읍,중상사고,0,1,0,0,차대차 - 기타,기타,건조,맑음,교차로 - 교차로안,승용,남,24세,상해없음,자전거,남,56세,중상
2014091300100432,2014년 9월 13일 17시,토요일,전라남도 강진군 강진읍,경상사고,0,0,1,0,차량단독 - 전도전복,안전운전불이행,건조,맑음,단일로 - 기타,이륜,남,43세,경상,,,,
2014091300100467,2014년 9월 13일 18시,토요일,전라남도 나주시 성북동,경상사고,0,0,1,0,차대사람 - 횡단중,안전운전불이행,건조,맑음,교차로 - 교차로부근,승용,남,53세,상해없음,보행자,여,14세,경상
2014091300100507,2014년 9월 13일 19시,토요일,전라남도 나주시 동강면,경상사고,0,0,2,0,차대차 - 측면직각충돌,중앙선침범,건조,맑음,단일로 - 기타,화물,남,57세,상해없음,승용,남,60세,경상
2014091300100508,2014년 9월 13일 19시,토요일,전라남도 진도군 진도읍,경상사고,0,0,3,0,차대차 - 기타,안전운전불이행,건조,맑음,교차로 - 교차로부근,승용,여,24세,경상,승용,남,44세,경상
2014091300100544,2014년 9월 13일 20시,토요일,전라남도 여수시 신기동,중상사고,0,1,1,0,차대사람 - 횡단중,보행자보호의무위반,건조,맑음,교차로 - 교차로부근,승용,남,34세,상해없음,보행자,여,67세,중상
2014091300100568,2014년 9월 13일 21시,토요일,전라남도 무안군 청계면,경상사고,0,0,1,0,차대차 - 측면직각충돌,신호위반,건조,맑음,교차로 - 교차로안,이륜,남,43세,경상,승용,남,46세,상해없음
2014091300100594,2014년 9월 13일 22시,토요일,전라남도 구례군 마산면,중상사고,0,1,0,0,차대사람 - 기타,안전운전불이행,건조,맑음,단일로 - 기타,승용,남,58세,상해없음,보행자,여,83세,중상
2014091300100626,2014년 9월 13일 23시,토요일,전라남도 목포시 산정동,경상사고,0,0,1,0,차대사람 - 기타,안전운전불이행,건조,맑음,단일로 - 기타,화물,남,29세,상해없음,보행자,남,43세,경상
2014091400100011,2014년 9월 14일 00시,일요일,전라남도 목포시 옥암동,중상사고,0,2,0,0,차대사람 - 기타,보행자보호의무위반,건조,맑음,단일로 - 기타,승용,남,32세,상해없음,보행자,남,53세,중상
2014091400100020,2014년 9월 14일 01시,일요일,전라남도 순천시 조례동,중상사고,0,1,0,0,차량단독 - 공작물충돌,안전운전불이행,건조,맑음,단일로 - 기타,승용,남,30세,상해없음,,,,
2014091400100037,2014년 9월 14일 02시,일요일,전라남도 해남군 옥천면,경상사고,0,0,1,0,차량단독 - 공작물충돌,안전운전불이행,건조,맑음,단일로 - 기타,승용,남,52세,경상,,,,
2014091400100096,2014년 9월 14일 07시,일요일,전라남도 무안군 몽탄면,부상신고사고,0,0,0,1,차대사람 - 기타,안전운전불이행,건조,맑음,단일로 - 기타,기타불명,기타불명,기타불명,기타불명,보행자,여,80세,부상신고
2014091400100141,2014년 9월 14일 10시,일요일,전라남도 장성군 북일면,경상사고,0,0,4,0,차대차 - 측면직각충돌,차로위반,건조,맑음,단일로 - 기타,승용,남,24세,상해없음,승용,남,41세,경상
2014091400100187,2014년 9월 14일 12시,일요일,전라남도 해남군 해남읍,경상사고,0,0,2,0,차대차 - 기타,안전거리미확보,건조,맑음,단일로 - 기타,승용,여,59세,경상,농기계,남,52세,상해없음
2014091400100188,2014년 9월 14일 12시,일요일,전라남도 영암군 삼호읍,사망사고,1,0,0,0,차대사람 - 기타,안전운전불이행,건조,맑음,단일로 - 기타,화물,남,41세,상해없음,보행자,남,81세,사망
2014091400100241,2014년 9월 14일 14시,일요일,전라남도 화순군 화순읍,경상사고,0,0,3,0,차대차 - 추돌 - 주정차중,안전운전불이행,건조,맑음,단일로 - 기타,승용,남,33세,상해없음,승용,남,50세,상해없음
2014091400100303,2014년 9월 14일 16시,일요일,전라남도 순천시 석현동,경상사고,0,0,2,0,차대차 - 기타,신호위반,건조,맑음,교차로 - 교차로안,승합,남,19세,상해없음,승용,여,28세,경상
2014091400100304,2014년 9월 14일 16시,일요일,전라남도 광양시 진상면,중상사고,0,1,2,0,차대차 - 측면직각충돌,교차로운행방법위반,건조,맑음,교차로 - 교차로안,승용,남,57세,상해없음,승용,여,22세,중상
2014091400100341,2014년 9월 14일 17시,일요일,전라남도 목포시 상동,중상사고,0,1,0,0,차대사람 - 차도통행중,안전운전불이행,건조,맑음,단일로 - 기타,승용,남,42세,상해없음,보행자,여,7세,중상
2014091400100342,2014년 9월 14일 17시,일요일,전라남도 나주시 남평읍,경상사고,0,0,4,0,차대차 - 측면직각충돌,직진우회전진행방해,건조,맑음,교차로 - 교차로안,승용,남,55세,경상,승용,남,51세,경상
2014091400100343,2014년 9월 14일 17시,일요일,전라남도 영암군 금정면,경상사고,0,0,1,0,차대차 - 측면직각충돌,안전거리미확보,건조,맑음,단일로 - 기타,승용,여,66세,상해없음,승합,남,49세,경상
2014091400100371,2014년 9월 14일 18시,일요일,전라남도 완도군 고금면,경상사고,0,0,2,0,차대차 - 기타,안전운전불이행,건조,맑음,단일로 - 기타,이륜,남,52세,경상,승용,여,50세,상해없음
2014091400100400,2014년 9월 14일 19시,일요일,전라남도 여수시 돌산읍,경상사고,0,0,3,0,차대차 - 추돌 - 주정차중,안전운전불이행,건조,맑음,교차로 - 교차로부근,승용,남,52세,상해없음,승용,남,37세,경상
2014091400100419,2014년 9월 14일 20시,일요일,전라남도 여수시 중앙동,중상사고,0,1,1,1,차대차 - 추돌 - 주정차중,안전운전불이행,건조,맑음,단일로 - 기타,승용,남,49세,상해없음,승용,남,49세,상해없음
2014091400100439,2014년 9월 14일 21시,일요일,전라남도 여수시 둔덕동,경상사고,0,0,1,0,차대사람 - 차도통행중,안전운전불이행,건조,맑음,단일로 - 기타,승용,남,50세,상해없음,보행자,남,59세,경상
2014091400100440,2014년 9월 14일 21시,일요일,전라남도 나주시 남평읍,경상사고,0,0,2,0,차대차 - 측면직각충돌,직진우회전진행방해,건조,맑음,교차로 - 교차로안,승용,남,52세,경상,승용,남,33세,상해없음
2014091500100038,2014년 9월 15일 06시,월요일,전라남도 영암군 삼호읍,경상사고,0,0,1,1,차대차 - 측면직각충돌,신호위반,건조,맑음,교차로 - 교차로안,승용,여,47세,부상신고,승용,남,57세,경상
2014091500100054,2014년 9월 15일 07시,월요일,전라남도 여수시 상암동,경상사고,0,0,1,0,차대차 - 추돌 - 진행중,안전운전불이행,건조,맑음,단일로 - 기타,승용,남,51세,상해없음,승용,남,46세,경상
2014091500100055,2014년 9월 15일 07시,월요일,전라남도 장흥군 장흥읍,중상사고,0,1,0,0,차대차 - 기타,안전운전불이행,건조,맑음,단일로 - 기타,승용,남,59세,상해없음,원동기,여,65세,중상
2014091500100095,2014년 9월 15일 08시,월요일,전라남도 해남군 해남읍,경상사고,0,0,1,0,차대차 - 기타,안전운전불이행,건조,맑음,단일로 - 기타,화물,남,66세,상해없음,이륜,남,74세,경상
2014091500100131,2014년 9월 15일 09시,월요일,전라남도 영암군 삼호읍,경상사고,0,0,1,0,차대차 - 추돌 - 주정차중,안전운전불이행,건조,맑음,단일로 - 기타,화물,남,23세,경상,승용,남,50세,기타불명
2014091500100159,2014년 9월 15일 10시,월요일,전라남도 광양시 광양읍,경상사고,0,0,1,0,차대차 - 기타,교차로운행방법위반,건조,맑음,교차로 - 교차로안,승용,여,46세,경상,화물,남,59세,기타불명
2014091500100188,2014년 9월 15일 11시,월요일,전라남도 목포시 용당동,경상사고,0,0,1,0,차대차 - 측면직각충돌,신호위반,건조,맑음,단일로 - 기타,승합,남,67세,상해없음,승용,여,36세,경상
2014091500100189,2014년 9월 15일 11시,월요일,전라남도 나주시 이창동,경상사고,0,0,2,0,차대차 - 기타,직진우회전진행방해,건조,맑음,교차로 - 교차로안,원동기,남,69세,경상,승용,남,57세,상해없음
2014091500100219,2014년 9월 15일 12시,월요일,전라남도 순천시 저전동,경상사고,0,0,1,0,차대사람 - 횡단중,안전운전불이행,건조,맑음,단일로 - 기타,승용,여,65세,상해없음,보행자,남,19세,경상
2014091500100246,2014년 9월 15일 13시,월요일,전라남도 화순군 도곡면,사망사고,1,0,0,0,차대차 - 정면충돌,중앙선침범,건조,맑음,단일로 - 기타,승용,여,56세,상해없음,원동기,남,73세,사망
2014091500100247,2014년 9월 15일 13시,월요일,전라남도 화순군 화순읍,경상사고,0,0,1,0,차대차 - 추돌 - 주정차중,안전운전불이행,건조,맑음,교차로 - 교차로부근,건설기계,남,46세,상해없음,승용,남,35세,경상
2014091500100270,2014년 9월 15일 14시,월요일,전라남도 영암군 삼호읍,중상사고,0,1,1,0,차대차 - 측면직각충돌,안전운전불이행,건조,맑음,단일로 - 기타,화물,남,36세,경상,승용,남,66세,중상
2014091500100271,2014년 9월 15일 14시,월요일,전라남도 담양군 고서면,경상사고,0,0,1,0,차대차 - 기타,안전운전불이행,건조,맑음,교차로 - 교차로안,화물,남,50세,상해없음,자전거,남,79세,경상
2014091500100303,2014년 9월 15일 15시,월요일,전라남도 나주시 대호동,경상사고,0,0,1,0,차대사람 - 차도통행중,안전운전불이행,건조,맑음,단일로 - 기타,승용,여,57세,상해없음,보행자,남,21세,경상
2014091500100304,2014년 9월 15일 15시,월요일,전라남도 장흥군 안양면,경상사고,0,0,2,0,차대사람 - 기타,안전운전불이행,건조,맑음,단일로 - 기타,원동기,여,73세,경상,보행자,여,54세,경상
2014091500100305,2014년 9월 15일 15시,월요일,전라남도 함평군 해보면,사망사고,1,0,0,0,차대차 - 측면직각충돌,교차로운행방법위반,건조,맑음,교차로 - 교차로안,승합,남,59세,상해없음,자전거,남,81세,사망
2014091500100306,2014년 9월 15일 15시,월요일,전라남도 장성군 서삼면,중상사고,0,1,0,0,차량단독 - 전도전복,안전운전불이행,건조,맑음,단일로 - 기타,화물,남,61세,중상,,,,
2014091500100336,2014년 9월 15일 16시,월요일,전라남도 순천시 풍덕동,경상사고,0,0,1,0,차대차 - 추돌 - 진행중,안전운전불이행,건조,맑음,단일로 - 기타,승용,남,80세,기타불명,화물,남,35세,경상
2014091500100370,2014년 9월 15일 17시,월요일,전라남도 완도군 군외면,부상신고사고,0,0,0,1,차량단독 - 전도전복,안전운전불이행,건조,맑음,단일로 - 기타,화물,남,27세,부상신고,,,,
2014091500100414,2014년 9월 15일 18시,월요일,전라남도 여수시 호명동,경상사고,0,0,3,0,차대차 - 측면직각충돌,교차로운행방법위반,건조,맑음,교차로 - 교차로안,승용,여,34세,경상,승용,남,29세,경상
2014091500100456,2014년 9월 15일 19시,월요일,전라남도 여수시 고소동,경상사고,0,0,1,0,차대차 - 측면직각충돌,안전운전불이행,건조,맑음,교차로 - 교차로안,화물,남,38세,상해없음,화물,남,23세,경상
2014091500100457,2014년 9월 15일 19시,월요일,전라남도 장성군 황룡면,중상사고,0,1,0,0,차대차 - 기타,안전운전불이행,건조,맑음,단일로 - 기타,원동기,남,64세,상해없음,원동기,남,61세,중상
2014091500100458,2014년 9월 15일 19시,월요일,전라남도 강진군 강진읍,경상사고,0,0,1,0,차량단독 - 기타,안전운전불이행,건조,맑음,단일로 - 기타,승용,여,24세,경상,,,,
2014091500100496,2014년 9월 15일 20시,월요일,전라남도 순천시 인제동,경상사고,0,0,2,0,차대차 - 추돌 - 주정차중,안전운전불이행,건조,맑음,교차로 - 교차로부근,승용,남,49세,상해없음,승용,여,31세,경상
2014091600100044,2014년 9월 16일 02시,화요일,전라남도 순천시 조례동,경상사고,0,0,1,0,차대차 - 추돌 - 주정차중,안전운전불이행,건조,맑음,교차로 - 교차로부근,승용,남,37세,상해없음,승용,남,59세,경상
2014091600100045,2014년 9월 16일 02시,화요일,전라남도 순천시 연향동,경상사고,0,0,1,0,차대차 - 정면충돌,중앙선침범,건조,맑음,단일로 - 기타,승용,남,37세,상해없음,승용,남,48세,경상
2014091600100046,2014년 9월 16일 02시,화요일,전라남도 나주시 다시면,경상사고,0,0,1,0,차량단독 - 공작물충돌,안전운전불이행,건조,기타,단일로 - 기타,승용,남,59세,경상,,,,
2014091600100062,2014년 9월 16일 05시,화요일,전라남도 목포시 산정동,중상사고,0,1,1,0,차대사람 - 횡단중,안전운전불이행,건조,맑음,단일로 - 기타,이륜,남,71세,경상,보행자,여,73세,중상
2014091600100063,2014년 9월 16일 05시,화요일,전라남도 순천시 조례동,경상사고,0,0,2,0,차대차 - 추돌 - 주정차중,안전운전불이행,건조,맑음,단일로 - 기타,승용,남,29세,경상,승용,남,44세,상해없음
2014091600100200,2014년 9월 16일 10시,화요일,전라남도 곡성군 곡성읍,중상사고,0,1,0,0,차대사람 - 기타,안전운전불이행,건조,맑음,교차로 - 교차로안,승용,남,70세,상해없음,보행자,남,78세,중상
2014091600100240,2014년 9월 16일 12시,화요일,전라남도 영암군 삼호읍,중상사고,0,1,0,1,차대차 - 측면직각충돌,안전거리미확보,건조,맑음,단일로 - 기타,승용,여,53세,부상신고,승용,여,46세,중상
2014091600100316,2014년 9월 16일 15시,화요일,전라남도 목포시 동명동,경상사고,0,0,1,0,차대차 - 측면직각충돌,교차로운행방법위반,건조,맑음,교차로 - 교차로부근,화물,남,24세,상해없음,자전거,남,79세,경상
2014091600100381,2014년 9월 16일 17시,화요일,전라남도 장흥군 용산면,사망사고,1,0,0,0,차량단독 - 전도전복,안전운전불이행,건조,맑음,단일로 - 기타,원동기,남,72세,사망,,,,
2014091600100424,2014년 9월 16일 18시,화요일,전라남도 목포시 연산동,경상사고,0,0,2,0,차대차 - 측면직각충돌,안전운전불이행,건조,맑음,교차로 - 교차로안,이륜,남,52세,경상,승용,여,45세,경상
2014091600100425,2014년 9월 16일 18시,화요일,전라남도 여수시 국동,경상사고,0,0,1,0,차대차 - 기타,안전운전불이행,건조,맑음,단일로 - 기타,승용,남,52세,상해없음,자전거,남,15세,경상
2014091600100426,2014년 9월 16일 18시,화요일,전라남도 고흥군 동강면,경상사고,0,0,1,0,차대차 - 기타,안전운전불이행,건조,맑음,단일로 - 기타,승용,남,46세,상해없음,승용,여,24세,경상
2014091600100459,2014년 9월 16일 19시,화요일,전라남도 목포시 용당동,경상사고,0,0,1,0,차대차 - 추돌 - 진행중,안전운전불이행,건조,맑음,교차로 - 교차로안,이륜,남,58세,경상,승용,여,55세,상해없음
2014091600100460,2014년 9월 16일 19시,화요일,전라남도 여수시 여서동,경상사고,0,0,1,0,차대사람 - 기타,안전운전불이행,건조,맑음,교차로 - 교차로안,승용,여,31세,상해없음,보행자,남,14세,경상
2014091600100461,2014년 9월 16일 19시,화요일,전라남도 여수시 소호동,부상신고사고,0,0,0,1,차대차 - 기타,안전운전불이행,건조,맑음,단일로 - 기타,승합,남,38세,상해없음,자전거,남,11세,부상신고
2014091600100487,2014년 9월 16일 20시,화요일,전라남도 목포시 상동,경상사고,0,0,2,0,차대차 - 측면직각충돌,신호위반,건조,맑음,교차로 - 교차로안,승용,여,59세,상해없음,승용,여,57세,경상
2014091600100514,2014년 9월 16일 21시,화요일,전라남도 목포시 죽교동,중상사고,0,1,2,0,차대차 - 측면직각충돌,신호위반,건조,맑음,교차로 - 교차로안,승용,남,48세,상해없음,승용,남,28세,경상
2014091600100515,2014년 9월 16일 21시,화요일,전라남도 화순군 화순읍,중상사고,0,1,1,0,차대차 - 정면충돌,중앙선침범,건조,맑음,단일로 - 기타,승용,여,41세,경상,승용,여,33세,중상
2014091600100546,2014년 9월 16일 22시,화요일,전라남도 순천시 서면,중상사고,0,1,0,0,차대사람 - 기타,안전운전불이행,건조,맑음,단일로 - 기타,승용,남,73세,상해없음,보행자,남,39세,중상
2014091600100569,2014년 9월 16일 23시,화요일,전라남도 목포시 용해동,경상사고,0,0,1,0,차대차 - 추돌 - 주정차중,안전운전불이행,건조,맑음,단일로 - 기타,승용,남,23세,상해없음,승용,여,22세,경상
2014091700100011,2014년 9월 17일 00시,수요일,전라남도 순천시 해룡면,중상사고,0,1,0,0,차대차 - 측면직각충돌,직진우회전진행방해,건조,맑음,교차로 - 교차로안,화물,남,53세,상해없음,승용,남,40세,중상
2014091700100139,2014년 9월 17일 08시,수요일,전라남도 순천시 조례동,중상사고,0,1,3,0,차대차 - 기타,신호위반,건조,맑음,교차로 - 교차로안,승용,남,32세,경상,승용,여,39세,중상
2014091700100170,2014년 9월 17일 09시,수요일,전라남도 목포시 상동,경상사고,0,0,1,0,차대사람 - 기타,보행자보호의무위반,건조,맑음,단일로 - 기타,화물,남,28세,상해없음,보행자,남,75세,경상
2014091700100171,2014년 9월 17일 09시,수요일,전라남도 함평군 함평읍,경상사고,0,0,1,0,차대사람 - 기타,안전운전불이행,건조,맑음,교차로 - 교차로안,승용,여,60세,상해없음,보행자,여,76세,경상
2014091700100249,2014년 9월 17일 12시,수요일,전라남도 목포시 죽교동,경상사고,0,0,1,0,차량단독 - 공작물충돌,교차로운행방법위반,건조,맑음,교차로 - 교차로안,승용,여,26세,경상,,,,
2014091700100250,2014년 9월 17일 12시,수요일,전라남도 영암군 미암면,중상사고,0,1,5,0,차대차 - 측면직각충돌,기타,건조,맑음,교차로 - 교차로안,화물,남,51세,경상,승용,남,33세,경상
2014091700100251,2014년 9월 17일 12시,수요일,전라남도 광양시 광영동,경상사고,0,0,1,0,차대차 - 측면직각충돌,직진우회전진행방해,건조,맑음,교차로 - 교차로부근,승용,여,43세,상해없음,승용,여,47세,경상
2014091700100371,2014년 9월 17일 16시,수요일,전라남도 강진군 군동면,중상사고,0,1,3,0,차대차 - 측면직각충돌,교차로운행방법위반,건조,맑음,교차로 - 교차로안,승용,여,57세,경상,승용,남,65세,경상
2014091700100411,2014년 9월 17일 17시,수요일,전라남도 목포시 상동,경상사고,0,0,4,2,차대차 - 추돌 - 진행중,안전운전불이행,건조,맑음,단일로 - 기타,승용,남,41세,경상,승용,남,30세,부상신고
2014091700100412,2014년 9월 17일 17시,수요일,전라남도 순천시 조곡동,경상사고,0,0,1,0,차량단독 - 전도전복,안전운전불이행,습기,비,단일로 - 기타,원동기,남,54세,경상,,,,
2014091700100413,2014년 9월 17일 17시,수요일,전라남도 장흥군 대덕읍,경상사고,0,0,2,1,차대차 - 기타,안전운전불이행,건조,맑음,교차로 - 교차로안,화물,여,45세,경상,승용,여,31세,경상
2014091700100414,2014년 9월 17일 17시,수요일,전라남도 광양시 중동,중상사고,0,1,0,0,차대차 - 기타,차로위반,습기,비,교차로 - 교차로부근,기타불명,기타불명,기타불명,기타불명,이륜,남,66세,중상
2014091700100463,2014년 9월 17일 18시,수요일,전라남도 나주시 성북동,중상사고,0,1,0,0,차대사람 - 기타,안전운전불이행,건조,맑음,교차로 - 교차로부근,화물,남,34세,상해없음,보행자,남,48세,중상
2014091700100464,2014년 9월 17일 18시,수요일,전라남도 함평군 함평읍,중상사고,0,1,1,0,차대차 - 기타,안전운전불이행,건조,맑음,교차로 - 교차로부근,이륜,남,76세,경상,이륜,남,75세,중상
2014091700100465,2014년 9월 17일 18시,수요일,전라남도 광양시 광양읍,경상사고,0,0,1,0,차대차 - 추돌 - 진행중,안전운전불이행,건조,맑음,단일로 - 기타,화물,남,23세,상해없음,승용,남,47세,경상
2014091700100518,2014년 9월 17일 19시,수요일,전라남도 순천시 연향동,중상사고,0,1,0,0,차대사람 - 횡단중,보행자보호의무위반,습기,비,단일로 - 기타,승용,여,49세,상해없음,보행자,여,23세,중상
2014091700100591,2014년 9월 17일 21시,수요일,전라남도 순천시 조례동,경상사고,0,0,1,0,차대차 - 추돌 - 진행중,안전운전불이행,건조,맑음,교차로 - 교차로안,승용,여,34세,상해없음,승용,남,27세,경상
2014091700100622,2014년 9월 17일 22시,수요일,전라남도 목포시 용당동,경상사고,0,0,2,0,차대사람 - 기타,안전운전불이행,건조,맑음,단일로 - 기타,승용,남,37세,상해없음,보행자,남,46세,경상
2014091700100623,2014년 9월 17일 22시,수요일,전라남도 목포시 상동,경상사고,0,0,3,0,차대차 - 기타,안전운전불이행,건조,맑음,단일로 - 기타,승용,남,43세,상해없음,승용,여,41세,경상
2014091700100624,2014년 9월 17일 22시,수요일,전라남도 광양시 마동,경상사고,0,0,2,0,차대차 - 추돌 - 주정차중,안전운전불이행,건조,맑음,교차로 - 교차로부근,승용,남,43세,상해없음,승용,남,46세,경상
2014091700100652,2014년 9월 17일 23시,수요일,전라남도 담양군 고서면,경상사고,0,0,1,0,차대차 - 기타,중앙선침범,건조,맑음,단일로 - 기타,기타불명,기타불명,기타불명,기타불명,승용,남,26세,상해없음
2014091800100011,2014년 9월 18일 00시,목요일,전라남도 담양군 담양읍,경상사고,0,0,2,0,차대차 - 측면직각충돌,직진우회전진행방해,건조,맑음,교차로 - 교차로안,승용,남,40세,상해없음,승용,남,42세,경상
2014091800100043,2014년 9월 18일 02시,목요일,전라남도 여수시 학동,경상사고,0,0,1,0,차대차 - 기타,안전운전불이행,건조,맑음,단일로 - 기타,승용,남,47세,상해없음,이륜,남,65세,경상