사고번호,사고일시,요일,시군구,사고내용,사망자수,중상자수,경상자수,부상신고자수,사고유형,법규위반,노면상태,기상상태,도로형태,가해운전자 차종,가해운전자 성별,가해운전자 연령,가해운전자 상해정도,피해운전자 차종,피해운전자 성별,피해운전자 연령,피해운전자 상해정도
2014091800100050,2014년 9월 18일 03시,목요일,전라남도 구례군 마산면,경상사고,0,0,2,2,차대차 - 기타,중앙선침범,건조,맑음,단일로 - 기타,승용,여,40세,상해없음,화물,남,56세,경상
2014091800100097,2014년 9월 18일 07시,목요일,전라남도 여수시 율촌면,중상사고,0,1,1,0,차대차 - 측면직각충돌,중앙선침범,건조,맑음,단일로 - 기타,승용,여,53세,상해없음,승용,남,34세,경상
2014091800100098,2014년 9월 18일 07시,목요일,전라남도 여수시 월하동,경상사고,0,0,1,0,차대차 - 측면직각충돌,교차로운행방법위반,건조,맑음,교차로 - 교차로안,승용,남,66세,상해없음,승용,남,35세,경상
2014091800100142,2014년 9월 18일 08시,목요일,전라남도 목포시 용해동,경상사고,0,0,2,0,차대차 - 측면직각충돌,차로위반,건조,맑음,단일로 - 기타,승용,여,43세,경상,승용,여,59세,경상
2014091800100143,2014년 9월 18일 08시,목요일,전라남도 여수시 신기동,경상사고,0,0,1,0,차대차 - 측면직각충돌,안전운전불이행,건조,맑음,교차로 - 교차로부근,승용,여,38세,상해없음,자전거,남,63세,경상
2014091800100144,2014년 9월 18일 08시,목요일,전라남도 영광군 영광읍,경상사고,0,0,1,0,차대차 - 기타,안전거리미확보,건조,맑음,단일로 - 기타,승용,남,30세,상해없음,승합,남,35세,경상
2014091800100145,2014년 9월 18일 08시,목요일,전라남도 광양시 광양읍,경상사고,0,0,1,0,차대차 - 추돌 - 진행중,안전거리미확보,건조,맑음,단일로 - 교량,건설기계,남,61세,상해없음,승용,여,28세,경상
2014091800100165,2014년 9월 18일 09시,목요일,전라남도 여수시 신기동,경상사고,0,0,1,0,차대차 - 정면충돌,중앙선침범,건조,맑음,단일로 - 기타,승용,남,37세,상해없음,승용,남,33세,경상
2014091800100166,2014년 9월 18일 09시,목요일,전라남도 영암군 군서면,중상사고,0,1,0,0,차대차 - 측면직각충돌,안전운전불이행,건조,맑음,단일로 - 기타,승용,여,41세,상해없음,원동기,남,74세,중상
2014091800100167,2014년 9월 18일 09시,목요일,전라남도 장성군 장성읍,중상사고,0,1,0,0,차대차 - 기타,안전운전불이행,건조,맑음,단일로 - 기타,승용,여,52세,상해없음,자전거,남,88세,중상
2014091800100199,2014년 9월 18일 10시,목요일,전라남도 목포시 죽교동,경상사고,0,0,2,0,차대차 - 측면직각충돌,교차로운행방법위반,건조,맑음,교차로 - 교차로안,승용,남,23세,경상,승용,남,60세,경상
2014091800100200,2014년 9월 18일 10시,목요일,전라남도 장성군 북하면,경상사고,0,0,2,0,차대차 - 측면직각충돌,교차로운행방법위반,건조,맑음,교차로 - 교차로안,승용,남,55세,상해없음,승용,여,35세,상해없음
2014091800100224,2014년 9월 18일 11시,목요일,전라남도 목포시 용당동,경상사고,0,0,2,0,차대차 - 추돌 - 진행중,안전운전불이행,건조,맑음,단일로 - 기타,승합,남,63세,상해없음,화물,남,42세,경상
2014091800100225,2014년 9월 18일 11시,목요일,전라남도 강진군 군동면,경상사고,0,0,1,0,차대차 - 기타,직진우회전진행방해,건조,맑음,교차로 - 교차로안,승용,남,69세,상해없음,승용,남,39세,경상
2014091800100248,2014년 9월 18일 12시,목요일,전라남도 순천시 연향동,경상사고,0,0,1,0,차대차 - 추돌 - 주정차중,안전거리미확보,건조,맑음,단일로 - 기타,승용,여,43세,상해없음,승용,여,45세,경상
2014091800100280,2014년 9월 18일 13시,목요일,전라남도 목포시 산정동,중상사고,0,1,0,0,차대사람 - 길가장자리구역통행중,안전운전불이행,건조,맑음,단일로 - 기타,승용,남,50세,상해없음,보행자,여,78세,중상
2014091800100310,2014년 9월 18일 14시,목요일,전라남도 목포시 용당동,경상사고,0,0,4,0,차대차 - 측면직각충돌,교차로운행방법위반,건조,맑음,교차로 - 교차로안,승용,남,39세,경상,승용,남,36세,경상
2014091800100311,2014년 9월 18일 14시,목요일,전라남도 순천시 덕암동,경상사고,0,0,2,0,차대차 - 추돌 - 진행중,안전운전불이행,건조,맑음,단일로 - 횡단보도부근,화물,남,47세,경상,승용,여,42세,경상
2014091800100336,2014년 9월 18일 15시,목요일,전라남도 구례군 간전면,경상사고,0,0,1,0,차대차 - 기타,중앙선침범,건조,맑음,단일로 - 기타,화물,남,53세,기타불명,화물,남,40세,경상
2014091800100388,2014년 9월 18일 16시,목요일,전라남도 순천시 조곡동,경상사고,0,0,1,0,차대차 - 기타,신호위반,건조,맑음,교차로 - 교차로안,승합,남,56세,상해없음,승용,여,58세,경상
2014091800100417,2014년 9월 18일 17시,목요일,전라남도 목포시 옥암동,경상사고,0,0,2,0,차대차 - 추돌 - 진행중,안전운전불이행,건조,맑음,단일로 - 기타,화물,남,42세,상해없음,승용,남,26세,경상
2014091800100463,2014년 9월 18일 18시,목요일,전라남도 목포시 상동,경상사고,0,0,2,0,차대차 - 측면직각충돌,신호위반,건조,맑음,교차로 - 교차로안,승용,여,44세,상해없음,승용,남,29세,경상
2014091800100464,2014년 9월 18일 18시,목요일,전라남도 여수시 봉계동,중상사고,0,1,0,0,차대차 - 추돌 - 주정차중,안전운전불이행,건조,맑음,단일로 - 기타,승용,여,51세,상해없음,승용,여,32세,중상
2014091800100465,2014년 9월 18일 18시,목요일,전라남도 보성군 보성읍,중상사고,0,1,0,0,차대사람 - 횡단중,안전운전불이행,건조,맑음,교차로 - 교차로안,승합,남,52세,상해없음,보행자,여,75세,중상
2014091800100501,2014년 9월 18일 19시,목요일,전라남도 순천시 승주읍,경상사고,0,0,5,0,차대차 - 측면직각충돌,직진우회전진행방해,건조,맑음,교차로 - 교차로안,승용,여,52세,경상,승용,남,51세,경상
2014091800100537,2014년 9월 18일 20시,목요일,전라남도 여수시 학동,중상사고,0,1,0,0,차대사람 - 횡단중,신호위반,건조,맑음,단일로 - 횡단보도부근,승용,남,29세,상해없음,보행자,남,42세,중상
2014091800100538,2014년 9월 18일 20시,목요일,전라남도 여수시 여서동,중상사고,0,1,0,0,차대차 - 추돌 - 주정차중,교차로운행방법위반,건조,맑음,교차로 - 교차로안,승용,남,70세,상해없음,원동기,남,22세,중상
2014091800100539,2014년 9월 18일 20시,목요일,전라남도 광양시 광양읍,경상사고,0,0,1,0,차대차 - 추돌 - 진행중,안전운전불이행,건조,맑음,교차로 - 교차로부근,화물,남,72세,상해없음,승용,남,28세,경상
2014091800100576,2014년 9월 18일 21시,목요일,전라남도 나주시 왕곡면,경상사고,0,0,2,0,차대차 - 측면직각충돌,교차로운행방법위반,건조,맑음,교차로 - 교차로안,화물,남,41세,상해없음,승용,여,45세,경상
2014091800100577,2014년 9월 18일 21시,목요일,전라남도 무안군 일로읍,중상사고,0,1,0,0,차대차 - 추돌 - 진행중,안전운전불이행,건조,맑음,단일로 - 기타,이륜,남,54세,중상,농기계,남,48세,상해없음
2014091800100614,2014년 9월 18일 22시,목요일,전라남도 여수시 신기동,경상사고,0,0,2,0,차대차 - 추돌 - 주정차중,안전운전불이행,건조,맑음,교차로 - 교차로안,승용,남,38세,기타불명,화물,남,33세,경상
2014091800100615,2014년 9월 18일 22시,목요일,전라남도 영암군 삼호읍,경상사고,0,0,1,0,차대차 - 추돌 - 진행중,안전운전불이행,건조,맑음,단일로 - 기타,승용,남,49세,상해없음,승용,남,46세,경상
2014091900100056,2014년 9월 19일 03시,금요일,전라남도 목포시 상락동1가,경상사고,0,0,1,0,차대차 - 측면직각충돌,교차로운행방법위반,건조,맑음,교차로 - 교차로안,승용,남,44세,상해없음,승용,남,26세,경상
2014091900100082,2014년 9월 19일 06시,금요일,전라남도 순천시 덕암동,경상사고,0,0,1,0,차대차 - 추돌 - 주정차중,안전운전불이행,건조,맑음,단일로 - 기타,승용,남,59세,상해없음,승합,남,62세,경상
2014091900100201,2014년 9월 19일 09시,금요일,전라남도 구례군 문척면,중상사고,0,1,0,0,차량단독 - 공작물충돌,안전운전불이행,건조,맑음,단일로 - 기타,이륜,남,52세,중상,,,,
2014091900100253,2014년 9월 19일 11시,금요일,전라남도 목포시 동명동,중상사고,0,1,0,0,차대차 - 기타,안전운전불이행,건조,맑음,단일로 - 기타,자전거,남,79세,중상,승용,남,28세,상해없음
2014091900100323,2014년 9월 19일 13시,금요일,전라남도 나주시 이창동,중상사고,0,1,0,0,차대차 - 측면직각충돌,직진우회전진행방해,건조,맑음,교차로 - 교차로안,원동기,남,67세,중상,승용,남,37세,상해없음
2014091900100384,2014년 9월 19일 15시,금요일,전라남도 순천시 영동,중상사고,0,2,0,0,차대차 - 기타,안전운전불이행,건조,맑음,교차로 - 교차로안,자전거,남,15세,중상,승용,남,43세,상해없음
2014091900100469,2014년 9월 19일 17시,금요일,전라남도 장흥군 장흥읍,중상사고,0,1,0,0,차대사람 - 기타,안전운전불이행,건조,맑음,교차로 - 교차로부근,승합,남,61세,상해없음,보행자,여,82세,중상
2014091900100511,2014년 9월 19일 18시,금요일,전라남도 목포시 상동,경상사고,0,0,9,0,차대차 - 기타,안전운전불이행,건조,맑음,단일로 - 기타,승용,여,29세,경상,승합,남,59세,상해없음
2014091900100512,2014년 9월 19일 18시,금요일,전라남도 영광군 홍농읍,경상사고,0,0,1,0,차대사람 - 횡단중,안전운전불이행,건조,맑음,단일로 - 기타,승용,여,42세,상해없음,보행자,남,3세,경상
2014091900100567,2014년 9월 19일 19시,금요일,전라남도 영암군 학산면,경상사고,0,0,1,0,차량단독 - 기타,안전운전불이행,건조,맑음,단일로 - 기타,화물,남,65세,경상,,,,
2014091900100615,2014년 9월 19일 20시,금요일,전라남도 순천시 영동,중상사고,0,1,1,0,차대차 - 측면직각충돌,교차로운행방법위반,건조,맑음,교차로 - 교차로안,승용,남,23세,경상,승합,남,51세,중상
2014091900100616,2014년 9월 19일 20시,금요일,전라남도 나주시 금천면,중상사고,0,2,0,0,차대차 - 측면직각충돌,교차로운행방법위반,건조,흐림,교차로 - 교차로안,화물,남,53세,상해없음,원동기,남,21세,중상
2014091900100658,2014년 9월 19일 21시,금요일,전라남도 신안군 지도읍,경상사고,0,0,1,0,차대사람 - 횡단중,안전운전불이행,건조,맑음,단일로 - 기타,승용,남,39세,상해없음,보행자,남,34세,경상
2014091900100659,2014년 9월 19일 21시,금요일,전라남도 목포시 옥암동,중상사고,0,1,0,0,차대차 - 기타,안전운전불이행,건조,맑음,단일로 - 기타,승용,여,44세,상해없음,자전거,여,22세,중상
2014091900100660,2014년 9월 19일 21시,금요일,전라남도 진도군 임회면,중상사고,0,1,0,0,차대사람 - 횡단중,안전운전불이행,건조,맑음,단일로 - 기타,화물,남,41세,상해없음,보행자,여,76세,중상
2014091900100730,2014년 9월 19일 23시,금요일,전라남도 목포시 옥암동,경상사고,0,0,1,0,차대차 - 기타,안전운전불이행,건조,맑음,단일로 - 기타,화물,남,32세,상해없음,승용,남,48세,경상
2014092000100017,2014년 9월 20일 00시,토요일,전라남도 영광군 영광읍,부상신고사고,0,0,0,1,차량단독 - 공작물충돌,안전운전불이행,건조,맑음,교차로 - 교차로안,화물,남,23세,부상신고,,,,
2014092000100043,2014년 9월 20일 01시,토요일,전라남도 나주시 성북동,경상사고,0,0,1,0,차대차 - 측면직각충돌,신호위반,건조,맑음,교차로 - 교차로안,승용,여,56세,경상,승용,남,41세,상해없음
2014092000100111,2014년 9월 20일 05시,토요일,전라남도 해남군 문내면,경상사고,0,0,4,0,차대차 - 기타,안전운전불이행,건조,맑음,단일로 - 기타,승용,남,69세,경상,농기계,남,58세,경상
2014092000100130,2014년 9월 20일 06시,토요일,전라남도 목포시 남교동,중상사고,0,1,0,0,차대사람 - 기타,안전운전불이행,건조,맑음,단일로 - 기타,승용,남,39세,상해없음,보행자,여,71세,중상
2014092000100131,2014년 9월 20일 06시,토요일,전라남도 나주시 왕곡면,경상사고,0,0,5,0,차대차 - 측면직각충돌,신호위반,건조,맑음,교차로 - 교차로안,승용,남,59세,경상,화물,남,41세,경상
2014092000100158,2014년 9월 20일 07시,토요일,전라남도 영암군 삼호읍,중상사고,0,2,0,0,차대차 - 기타,신호위반,건조,맑음,교차로 - 교차로안,승용,여,40세,중상,승용,남,56세,중상
2014092000100182,2014년 9월 20일 08시,토요일,전라남도 나주시 성북동,경상사고,0,0,1,0,차대차 - 기타,안전운전불이행,건조,맑음,교차로 - 교차로부근,승용,남,37세,경상,건설기계,남,66세,상해없음
2014092000100241,2014년 9월 20일 10시,토요일,전라남도 화순군 화순읍,경상사고,0,0,1,0,차대차 - 추돌 - 주정차중,안전운전불이행,건조,맑음,교차로 - 교차로부근,승용,여,60세,경상,건설기계,남,45세,상해없음
2014092000100270,2014년 9월 20일 11시,토요일,전라남도 목포시 용해동,경상사고,0,0,1,0,차대차 - 기타,교차로운행방법위반,건조,맑음,교차로 - 교차로안,승용,여,25세,상해없음,승합,남,58세,상해없음
2014092000100271,2014년 9월 20일 11시,토요일,전라남도 화순군 화순읍,부상신고사고,0,0,0,1,차대차 - 기타,안전운전불이행,건조,맑음,단일로 - 기타,자전거,남,9세,부상신고,승용,여,27세,상해없음
2014092000100272,2014년 9월 20일 11시,토요일,전라남도 무안군 운남면,경상사고,0,0,1,0,차대차 - 측면직각충돌,안전운전불이행,건조,맑음,단일로 - 기타,승용,남,56세,경상,화물,남,46세,상해없음
2014092000100311,2014년 9월 20일 12시,토요일,전라남도 순천시 풍덕동,경상사고,0,0,2,0,차대차 - 추돌 - 주정차중,안전운전불이행,건조,맑음,교차로 - 교차로부근,승용,남,54세,상해없음,승용,남,40세,경상
2014092000100312,2014년 9월 20일 12시,토요일,전라남도 보성군 득량면,경상사고,0,0,1,0,차대사람 - 횡단중,안전운전불이행,건조,맑음,교차로 - 교차로안,승용,여,32세,상해없음,보행자,남,39세,경상
2014092000100313,2014년 9월 20일 12시,토요일,전라남도 강진군 강진읍,경상사고,0,0,1,0,차대차 - 추돌 - 진행중,안전운전불이행,건조,맑음,단일로 - 기타,화물,남,61세,상해없음,화물,남,61세,경상
2014092000100348,2014년 9월 20일 13시,토요일,전라남도 강진군 성전면,중상사고,0,1,0,0,차대사람 - 횡단중,안전운전불이행,건조,맑음,단일로 - 기타,승용,여,50세,상해없음,보행자,남,4세,중상
2014092000100394,2014년 9월 20일 14시,토요일,전라남도 목포시 옥암동,경상사고,0,0,4,0,차대차 - 정면충돌,중앙선침범,건조,맑음,단일로 - 기타,승용,남,46세,기타불명,승용,여,47세,경상
2014092000100395,2014년 9월 20일 14시,토요일,전라남도 목포시 상동,경상사고,0,0,4,0,차대차 - 측면직각충돌,안전거리미확보,건조,맑음,단일로 - 기타,승용,여,53세,경상,화물,여,61세,경상
2014092000100396,2014년 9월 20일 14시,토요일,전라남도 장흥군 부산면,경상사고,0,0,1,0,차대차 - 기타,안전운전불이행,건조,맑음,단일로 - 기타,화물,남,31세,상해없음,원동기,여,72세,경상
2014092000100397,2014년 9월 20일 14시,토요일,전라남도 강진군 칠량면,중상사고,0,2,0,0,차대차 - 측면직각충돌,안전운전불이행,건조,맑음,단일로 - 기타,화물,남,67세,상해없음,화물,남,50세,중상
2014092000100447,2014년 9월 20일 15시,토요일,전라남도 광양시 중동,중상사고,0,1,0,0,차대사람 - 기타,안전운전불이행,건조,맑음,교차로 - 교차로부근,승용,남,34세,상해없음,보행자,남,88세,중상
2014092000100481,2014년 9월 20일 16시,토요일,전라남도 고흥군 두원면,경상사고,0,0,1,0,차대차 - 기타,직진우회전진행방해,건조,맑음,교차로 - 교차로안,승용,남,56세,상해없음,승합,남,58세,상해없음
2014092000100519,2014년 9월 20일 17시,토요일,전라남도 신안군 증도면,중상사고,0,1,0,0,차대차 - 측면직각충돌,안전운전불이행,건조,맑음,단일로 - 기타,원동기,남,53세,중상,승합,남,72세,상해없음
2014092000100520,2014년 9월 20일 17시,토요일,전라남도 여수시 종화동,경상사고,0,0,2,0,차대차 - 측면직각충돌,중앙선침범,건조,맑음,단일로 - 기타,승용,남,30세,상해없음,승용,남,26세,경상
2014092000100521,2014년 9월 20일 17시,토요일,전라남도 순천시 조례동,중상사고,0,1,0,0,차대차 - 추돌 - 주정차중,안전운전불이행,건조,맑음,단일로 - 기타,승용,남,45세,상해없음,승용,여,29세,기타불명
2014092000100522,2014년 9월 20일 17시,토요일,전라남도 담양군 담양읍,경상사고,0,0,4,0,차대차 - 기타,교차로운행방법위반,건조,맑음,교차로 - 교차로안,승용,여,24세,경상,승용,여,54세,경상
2014092000100523,2014년 9월 20일 17시,토요일,전라남도 광양시 중동,중상사고,0,1,0,0,차대사람 - 기타,안전운전불이행,건조,맑음,교차로 - 교차로부근,승용,남,52세,상해없음,보행자,여,18세,중상
2014092000100611,2014년 9월 20일 19시,토요일,전라남도 함평군 함평읍,중상사고,0,2,0,0,차대차 - 추돌 - 진행중,안전운전불이행,건조,맑음,단일로 - 기타,승용,여,53세,상해없음,농기계,남,58세,중상
2014092000100612,2014년 9월 20일 19시,토요일,전라남도 영암군 덕진면,사망사고,1,3,0,0,차대차 - 측면직각충돌,직진우회전진행방해,건조,맑음,교차로 - 교차로안,화물,남,70세,사망,승용,남,24세,중상
2014092000100684,2014년 9월 20일 21시,토요일,전라남도 여수시 여서동,경상사고,0,0,1,0,차대사람 - 기타,안전운전불이행,건조,맑음,교차로 - 교차로부근,승용,남,29세,상해없음,보행자,남,48세,경상
2014092000100685,2014년 9월 20일 21시,토요일,전라남도 순천시 주암면,사망사고,1,0,0,0,차대사람 - 차도통행중,안전운전불이행,건조,맑음,단일로 - 기타,승용,남,60세,상해없음,보행자,남,80세,사망
2014092000100686,2014년 9월 20일 21시,토요일,전라남도 영암군 삼호읍,중상사고,0,1,0,0,차대차 - 추돌 - 주정차중,안전운전불이행,건조,맑음,교차로 - 교차로부근,승용,남,33세,상해없음,승용,여,52세,중상
2014092000100687,2014년 9월 20일 21시,토요일,전라남도 곡성군 입면,중상사고,0,1,0,0,차대사람 - 기타,안전운전불이행,건조,맑음,단일로 - 기타,승용,남,35세,상해없음,보행자,남,41세,중상
2014092000100719,2014년 9월 20일 22시,토요일,전라남도 목포시 상동,중상사고,0,1,0,0,차대차 - 측면직각충돌,교차로운행방법위반,건조,맑음,교차로 - 교차로안,화물,남,29세,상해없음,원동기,남,45세,중상
2014092100100013,2014년 9월 21일 00시,일요일,전라남도 목포시 옥암동,경상사고,0,0,2,0,차대차 - 추돌 - 주정차중,안전운전불이행,건조,맑음,교차로 - 교차로부근,승용,남,25세,상해없음,승용,남,54세,경상
2014092100100033,2014년 9월 21일 01시,일요일,전라남도 영암군 삼호읍,사망사고,2,1,0,0,차대차 - 기타,신호위반,건조,맑음,교차로 - 교차로안,승용,남,30세,중상,승용,남,41세,사망
2014092100100082,2014년 9월 21일 05시,일요일,전라남도 나주시 왕곡면,중상사고,0,1,0,0,차대차 - 추돌 - 주정차중,안전운전불이행,건조,맑음,단일로 - 횡단보도부근,승용,남,23세,상해없음,승용,여,70세,기타불명
2014092100100083,2014년 9월 21일 05시,일요일,전라남도 구례군 광의면,경상사고,0,0,1,0,차대차 - 기타,안전운전불이행,건조,맑음,교차로 - 교차로안,화물,여,55세,상해없음,승용,여,45세,경상
2014092100100133,2014년 9월 21일 08시,일요일,전라남도 무안군 해제면,중상사고,0,1,0,0,차대차 - 측면직각충돌,직진우회전진행방해,건조,맑음,교차로 - 교차로안,화물,남,53세,상해없음,이륜,남,69세,중상
2014092100100239,2014년 9월 21일 13시,일요일,전라남도 여수시 신기동,경상사고,0,0,1,0,차대차 - 측면직각충돌,교차로운행방법위반,건조,맑음,교차로 - 교차로부근,이륜,남,20세,경상,승용,남,41세,상해없음
2014092100100286,2014년 9월 21일 14시,일요일,전라남도 무안군 청계면,경상사고,0,0,1,0,차대차 - 기타,안전운전불이행,건조,맑음,교차로 - 교차로부근,화물,남,70세,상해없음,자전거,남,4세,경상
2014092100100317,2014년 9월 21일 15시,일요일,전라남도 목포시 산정동,경상사고,0,0,1,0,차대차 - 기타,안전운전불이행,건조,맑음,교차로 - 교차로안,이륜,남,22세,경상,승용,남,41세,상해없음
2014092100100318,2014년 9월 21일 15시,일요일,전라남도 순천시 생목동,경상사고,0,0,2,0,차대차 - 기타,안전거리미확보,건조,맑음,단일로 - 기타,승용,남,49세,경상,승용,남,33세,상해없음
2014092100100319,2014년 9월 21일 15시,일요일,전라남도 나주시 세지면,경상사고,0,0,1,0,차대차 - 기타,차로위반,건조,맑음,단일로 - 기타,원동기,남,23세,경상,승용,남,60세,상해없음
2014092100100347,2014년 9월 21일 16시,일요일,전라남도 순천시 조례동,경상사고,0,0,2,0,차대차 - 기타,신호위반,건조,맑음,교차로 - 교차로안,승용,여,54세,경상,승용,남,25세,경상
2014092100100376,2014년 9월 21일 17시,일요일,전라남도 해남군 계곡면,경상사고,0,0,1,0,차량단독 - 전도전복,안전운전불이행,건조,맑음,단일로 - 기타,이륜,남,77세,상해없음,,,,
2014092100100401,2014년 9월 21일 18시,일요일,전라남도 순천시 조례동,중상사고,0,1,0,0,차대사람 - 횡단중,안전운전불이행,건조,맑음,기타 - 기타,원동기,남,47세,상해없음,보행자,남,5세,중상
2014092100100441,2014년 9월 21일 19시,일요일,전라남도 순천시 황전면,사망사고,1,0,0,0,차대사람 - 기타,안전운전불이행,건조,맑음,단일로 - 기타,승용,남,57세,상해없음,보행자,여,78세,사망
2014092100100442,2014년 9월 21일 19시,일요일,전라남도 순천시 황전면,경상사고,0,0,4,0,차대차 - 추돌 - 주정차중,안전운전불이행,건조,맑음,교차로 - 교차로부근,화물,남,42세,상해없음,승용,남,41세,경상
2014092100100482,2014년 9월 21일 20시,일요일,전라남도 목포시 상동,중상사고,0,1,0,0,차대차 - 기타,교차로운행방법위반,건조,맑음,교차로 - 교차로안,승용,남,57세,상해없음,원동기,남,20세,중상
2014092100100483,2014년 9월 21일 20시,일요일,전라남도 순천시 연향동,경상사고,0,0,1,0,차대차 - 측면직각충돌,안전거리미확보,건조,흐림,단일로 - 기타,승용,여,44세,상해없음,승용,남,26세,경상
2014092100100484,2014년 9월 21일 20시,일요일,전라남도 해남군 산이면,중상사고,0,1,2,4,차대차 - 측면직각충돌,신호위반,건조,맑음,교차로 - 교차로안,승용,남,43세,부상신고,승용,남,40세,경상
2014092100100485,2014년 9월 21일 20시,일요일,전라남도 무안군 삼향읍,경상사고,0,0,3,0,차대차 - 추돌 - 주정차중,안전운전불이행,건조,맑음,단일로 - 기타,승용,여,38세,상해없음,승용,남,32세,상해없음
2014092100100516,2014년 9월 21일 21시,일요일,전라남도 여수시 문수동,경상사고,0,0,1,0,차대차 - 기타,안전운전불이행,건조,맑음,단일로 - 기타,승용,여,43세,상해없음,승용,여,51세,경상
2014092100100517,2014년 9월 21일 21시,일요일,전라남도 보성군 노동면,사망사고,1,0,0,0,차대차 - 추돌 - 진행중,안전운전불이행,건조,맑음,단일로 - 기타,승용,남,24세,사망,화물,남,48세,상해없음
2014092100100537,2014년 9월 21일 22시,일요일,전라남도 순천시 조례동,중상사고,0,1,2,0,차대차 - 기타,교차로운행방법위반,건조,맑음,교차로 - 교차로안,승용,남,26세,상해없음,승용,남,62세,경상
2014092200100049,2014년 9월 22일 06시,월요일,전라남도 목포시 용해동,경상사고,0,0,2,0,차대차 - 기타,신호위반,건조,맑음,교차로 - 교차로안,승용,남,69세,경상,승용,여,56세,경상
2014092200100079,2014년 9월 22일 07시,월요일,전라남도 나주시 송월동,경상사고,0,0,1,0,차대차 - 측면직각충돌,직진우회전진행방해,건조,맑음,교차로 - 교차로안,기타불명,기타불명,기타불명,기타불명,자전거,남,12세,경상
2014092200100121,2014년 9월 22일 08시,월요일,전라남도 여수시 화치동,중상사고,0,1,0,0,차대차 - 측면직각충돌,안전운전불이행,건조,맑음,단일로 - 기타,이륜,남,40세,중상,화물,남,55세,상해없음
2014092200100122,2014년 9월 22일 08시,월요일,전라남도 진도군 고군면,중상사고,0,2,0,0,차대차 - 기타,안전운전불이행,건조,맑음,교차로 - 교차로안,승용,남,30세,상해없음,원동기,남,76세,중상
2014092200100158,2014년 9월 22일 09시,월요일,전라남도 목포시 산정동,경상사고,0,0,1,0,차대차 - 측면직각충돌,안전운전불이행,건조,맑음,교차로 - 교차로안,화물,남,64세,상해없음,승용,여,27세,경상
2014092200100159,2014년 9월 22일 09시,월요일,전라남도 나주시 중앙동,중상사고,0,1,0,0,차대사람 - 횡단중,안전운전불이행,건조,맑음,단일로 - 기타,승용,여,44세,상해없음,보행자,남,75세,중상
2014092200100160,2014년 9월 22일 09시,월요일,전라남도 영광군 묘량면,중상사고,0,1,0,0,차대차 - 측면직각충돌,안전운전불이행,건조,맑음,단일로 - 기타,승용,여,60세,상해없음,이륜,남,59세,중상
2014092200100185,2014년 9월 22일 10시,월요일,전라남도 나주시 이창동,경상사고,0,0,1,0,차대차 - 측면직각충돌,안전운전불이행,건조,맑음,교차로 - 교차로부근,원동기,남,85세,경상,화물,남,65세,상해없음
2014092200100186,2014년 9월 22일 10시,월요일,전라남도 영광군 백수읍,사망사고,1,0,0,0,차대차 - 측면직각충돌,안전운전불이행,건조,맑음,교차로 - 교차로안,이륜,남,77세,사망,화물,남,53세,상해없음
2014092200100220,2014년 9월 22일 11시,월요일,전라남도 나주시 다도면,경상사고,0,0,1,0,차대사람 - 기타,안전운전불이행,건조,맑음,단일로 - 기타,승용,남,68세,상해없음,보행자,남,32세,경상
2014092200100247,2014년 9월 22일 12시,월요일,전라남도 함평군 해보면,중상사고,0,1,0,0,차대차 - 기타,안전운전불이행,건조,맑음,단일로 - 기타,화물,남,56세,상해없음,이륜,남,69세,중상
2014092200100289,2014년 9월 22일 13시,월요일,전라남도 순천시 남정동,중상사고,0,1,0,0,차대차 - 기타,안전운전불이행,건조,맑음,교차로 - 교차로안,승용,남,21세,상해없음,자전거,남,70세,중상
2014092200100290,2014년 9월 22일 13시,월요일,전라남도 순천시 연향동,경상사고,0,0,1,0,차대차 - 기타,불법유턴,건조,맑음,단일로 - 기타,승용,여,49세,상해없음,원동기,남,34세,경상
2014092200100317,2014년 9월 22일 14시,월요일,전라남도 여수시 웅천동,경상사고,0,0,1,0,차대차 - 측면직각충돌,안전운전불이행,건조,맑음,교차로 - 교차로안,화물,남,33세,상해없음,승합,남,40세,경상
2014092200100318,2014년 9월 22일 14시,월요일,전라남도 강진군 칠량면,중상사고,0,2,3,0,차대차 - 기타,직진우회전진행방해,건조,맑음,교차로 - 교차로안,승용,여,32세,경상,승용,여,55세,중상
2014092200100319,2014년 9월 22일 14시,월요일,전라남도 곡성군 곡성읍,경상사고,0,0,1,0,차대차 - 기타,안전운전불이행,건조,맑음,단일로 - 기타,화물,남,40세,상해없음,자전거,여,7세,경상
2014092200100320,2014년 9월 22일 14시,월요일,전라남도 곡성군 겸면,중상사고,0,1,0,0,차대사람 - 횡단중,안전운전불이행,건조,맑음,단일로 - 기타,자전거,남,65세,상해없음,보행자,여,59세,중상
2014092200100398,2014년 9월 22일 16시,월요일,전라남도 목포시 용당동,경상사고,0,0,1,0,차대차 - 추돌 - 주정차중,안전운전불이행,건조,맑음,교차로 - 교차로부근,승용,남,61세,상해없음,승용,여,24세,경상
2014092200100399,2014년 9월 22일 16시,월요일,전라남도 목포시 온금동,경상사고,0,0,3,0,차대차 - 추돌 - 진행중,차로위반,건조,맑음,단일로 - 기타,승용,여,50세,경상,승용,남,55세,경상
2014092200100400,2014년 9월 22일 16시,월요일,전라남도 순천시 해룡면,경상사고,0,0,3,0,차대차 - 측면직각충돌,안전운전불이행,건조,맑음,교차로 - 교차로안,승용,여,27세,경상,승용,여,46세,경상