사고번호,사고일시,요일,시군구,사고내용,사망자수,중상자수,경상자수,부상신고자수,사고유형,법규위반,노면상태,기상상태,도로형태,가해운전자 차종,가해운전자 성별,가해운전자 연령,가해운전자 상해정도,피해운전자 차종,피해운전자 성별,피해운전자 연령,피해운전자 상해정도
2014092200100434,2014년 9월 22일 17시,월요일,전라남도 순천시 서면,경상사고,0,0,4,0,차대차 - 기타,기타,건조,맑음,교차로 - 교차로안,승용,남,55세,경상,승용,남,36세,경상
2014092200100435,2014년 9월 22일 17시,월요일,전라남도 보성군 회천면,중상사고,0,1,0,0,차량단독 - 공작물충돌,안전운전불이행,건조,맑음,기타 - 기타,농기계,남,78세,중상,,,,
2014092200100436,2014년 9월 22일 17시,월요일,전라남도 영광군 대마면,중상사고,0,1,0,0,차대차 - 추돌 - 진행중,안전운전불이행,건조,맑음,단일로 - 기타,승용,여,46세,상해없음,농기계,남,50세,중상
2014092200100484,2014년 9월 22일 18시,월요일,전라남도 여수시 여서동,경상사고,0,0,2,0,차대차 - 추돌 - 진행중,안전운전불이행,건조,맑음,단일로 - 기타,화물,남,56세,상해없음,화물,남,65세,경상
2014092200100485,2014년 9월 22일 18시,월요일,전라남도 나주시 남평읍,경상사고,0,0,2,0,차대차 - 추돌 - 진행중,안전운전불이행,건조,맑음,단일로 - 교량,승용,여,33세,경상,승용,남,36세,경상
2014092200100486,2014년 9월 22일 18시,월요일,전라남도 고흥군 점암면,중상사고,0,1,0,0,차대사람 - 기타,안전운전불이행,건조,맑음,단일로 - 기타,화물,남,54세,상해없음,보행자,남,55세,중상
2014092200100487,2014년 9월 22일 18시,월요일,전라남도 해남군 황산면,사망사고,1,1,0,0,차량단독 - 전도전복,안전운전불이행,기타,맑음,단일로 - 기타,화물,여,36세,중상,,,,
2014092200100488,2014년 9월 22일 18시,월요일,전라남도 영암군 영암읍,중상사고,0,1,0,0,차대차 - 기타,직진우회전진행방해,건조,맑음,교차로 - 교차로안,원동기,여,64세,중상,화물,남,64세,상해없음
2014092200100524,2014년 9월 22일 19시,월요일,전라남도 목포시 산정동,중상사고,0,1,0,0,차대사람 - 횡단중,안전운전불이행,건조,맑음,단일로 - 기타,이륜,남,42세,상해없음,보행자,여,70세,중상
2014092200100566,2014년 9월 22일 20시,월요일,전라남도 영광군 영광읍,경상사고,0,0,1,0,차대사람 - 기타,안전운전불이행,건조,맑음,단일로 - 기타,기타불명,기타불명,기타불명,기타불명,보행자,남,53세,경상
2014092300100039,2014년 9월 23일 01시,화요일,전라남도 신안군 지도읍,중상사고,0,1,0,0,차량단독 - 기타,안전운전불이행,건조,맑음,교차로 - 교차로부근,승용,남,49세,중상,,,,
2014092300100078,2014년 9월 23일 05시,화요일,전라남도 목포시 대성동,경상사고,0,0,1,0,차대차 - 측면직각충돌,기타,건조,맑음,교차로 - 교차로안,이륜,남,23세,상해없음,승용,남,27세,경상
2014092300100079,2014년 9월 23일 05시,화요일,전라남도 여수시 호명동,경상사고,0,0,3,0,차대차 - 기타,안전운전불이행,습기,비,단일로 - 기타,승용,여,23세,경상,승용,남,57세,경상
2014092300100090,2014년 9월 23일 06시,화요일,전라남도 담양군 고서면,경상사고,0,0,1,0,차대차 - 측면직각충돌,신호위반,건조,맑음,교차로 - 교차로안,화물,남,65세,상해없음,승용,여,55세,경상
2014092300100117,2014년 9월 23일 07시,화요일,전라남도 순천시 남정동,중상사고,0,1,0,0,차대차 - 측면직각충돌,안전운전불이행,건조,맑음,단일로 - 기타,승용,남,70세,상해없음,이륜,남,52세,중상
2014092300100157,2014년 9월 23일 08시,화요일,전라남도 고흥군 풍양면,경상사고,0,0,2,0,차대차 - 측면직각충돌,안전운전불이행,건조,맑음,단일로 - 기타,승합,여,49세,상해없음,농기계,남,82세,경상
2014092300100158,2014년 9월 23일 08시,화요일,전라남도 영광군 영광읍,경상사고,0,0,1,0,차대차 - 측면직각충돌,안전운전불이행,건조,맑음,단일로 - 기타,승용,남,56세,상해없음,이륜,남,68세,경상
2014092300100159,2014년 9월 23일 08시,화요일,전라남도 영광군 홍농읍,중상사고,0,2,0,0,차량단독 - 전도전복,안전운전불이행,건조,맑음,단일로 - 기타,이륜,남,69세,중상,,,,
2014092300100249,2014년 9월 23일 11시,화요일,전라남도 나주시 남평읍,경상사고,0,0,1,0,차량단독 - 기타,안전운전불이행,건조,맑음,단일로 - 기타,승용,남,50세,경상,,,,
2014092300100281,2014년 9월 23일 12시,화요일,전라남도 목포시 죽교동,중상사고,0,1,0,0,차대차 - 기타,안전운전불이행,건조,기타,단일로 - 기타,원동기,남,60세,중상,승용,여,48세,기타불명
2014092300100282,2014년 9월 23일 12시,화요일,전라남도 목포시 상동,경상사고,0,0,1,0,차대사람 - 횡단중,안전운전불이행,건조,기타,교차로 - 교차로안,승용,남,37세,상해없음,보행자,남,7세,경상
2014092300100308,2014년 9월 23일 13시,화요일,전라남도 강진군 마량면,중상사고,0,1,1,0,차량단독 - 도로외이탈 - 추락,안전운전불이행,건조,맑음,단일로 - 기타,승용,남,63세,상해없음,,,,
2014092300100340,2014년 9월 23일 14시,화요일,전라남도 여수시 국동,경상사고,0,0,4,0,차대차 - 기타,안전운전불이행,습기,비,단일로 - 기타,화물,남,37세,경상,화물,남,55세,경상
2014092300100341,2014년 9월 23일 14시,화요일,전라남도 여수시 웅천동,경상사고,0,0,2,0,차대차 - 측면직각충돌,안전운전불이행,건조,맑음,교차로 - 교차로안,승용,여,35세,상해없음,승용,남,35세,경상
2014092300100377,2014년 9월 23일 15시,화요일,전라남도 신안군 지도읍,중상사고,0,1,0,0,차량단독 - 공작물충돌,안전운전불이행,습기,비,단일로 - 기타,원동기,남,48세,중상,,,,
2014092300100378,2014년 9월 23일 15시,화요일,전라남도 순천시 조례동,경상사고,0,0,1,0,차대차 - 기타,직진우회전진행방해,건조,맑음,교차로 - 교차로안,승용,여,43세,상해없음,승용,여,46세,경상
2014092300100379,2014년 9월 23일 15시,화요일,전라남도 해남군 해남읍,경상사고,0,0,1,0,차대차 - 측면직각충돌,신호위반,건조,맑음,교차로 - 교차로안,승용,남,55세,상해없음,승용,남,74세,경상
2014092300100414,2014년 9월 23일 16시,화요일,전라남도 순천시 남정동,중상사고,0,1,0,0,차대사람 - 보도통행중,안전운전불이행,건조,맑음,교차로 - 교차로부근,승용,남,66세,상해없음,보행자,여,8세,중상
2014092300100415,2014년 9월 23일 16시,화요일,전라남도 광양시 광영동,경상사고,0,0,2,0,차대차 - 측면직각충돌,교차로운행방법위반,건조,맑음,교차로 - 교차로안,승용,여,50세,경상,승용,남,42세,경상
2014092300100453,2014년 9월 23일 17시,화요일,전라남도 해남군 해남읍,경상사고,0,0,2,0,차대차 - 추돌 - 주정차중,안전운전불이행,건조,맑음,단일로 - 기타,승용,남,74세,상해없음,화물,남,41세,경상
2014092300100454,2014년 9월 23일 17시,화요일,전라남도 광양시 광양읍,중상사고,0,1,0,0,차대차 - 측면직각충돌,신호위반,건조,흐림,교차로 - 교차로안,자전거,남,60세,중상,승용,남,51세,상해없음
2014092300100496,2014년 9월 23일 18시,화요일,전라남도 목포시 상동,경상사고,0,0,2,0,차대차 - 기타,안전운전불이행,건조,기타,교차로 - 교차로안,승용,남,33세,경상,승용,여,52세,상해없음
2014092300100497,2014년 9월 23일 18시,화요일,전라남도 순천시 금곡동,중상사고,0,1,0,0,차대차 - 기타,안전거리미확보,습기,비,교차로 - 교차로안,자전거,남,16세,중상,승용,남,47세,상해없음
2014092300100498,2014년 9월 23일 18시,화요일,전라남도 순천시 서면,부상신고사고,0,0,0,1,차대차 - 추돌 - 주정차중,안전운전불이행,건조,맑음,기타 - 기타,승용,여,51세,상해없음,승용,남,37세,부상신고
2014092300100499,2014년 9월 23일 18시,화요일,전라남도 순천시 조곡동,사망사고,1,0,0,0,차대사람 - 횡단중,안전운전불이행,습기,비,단일로 - 기타,승용,여,24세,상해없음,보행자,여,78세,사망
2014092300100550,2014년 9월 23일 19시,화요일,전라남도 순천시 풍덕동,중상사고,0,1,0,0,차대차 - 기타,안전운전불이행,습기,비,교차로 - 교차로안,화물,남,70세,상해없음,승용,남,49세,중상
2014092300100551,2014년 9월 23일 19시,화요일,전라남도 순천시 주암면,경상사고,0,0,1,0,차대차 - 측면직각충돌,안전운전불이행,건조,맑음,기타 - 기타,기타불명,남,61세,경상,화물,남,53세,상해없음
2014092300100603,2014년 9월 23일 20시,화요일,전라남도 무안군 삼향읍,경상사고,0,0,1,0,차대차 - 기타,안전운전불이행,습기,비,교차로 - 교차로안,승용,남,33세,상해없음,이륜,남,45세,경상
2014092300100653,2014년 9월 23일 21시,화요일,전라남도 목포시 산정동,경상사고,0,0,2,0,차대차 - 기타,중앙선침범,습기,비,교차로 - 교차로안,승용,남,31세,상해없음,승용,남,42세,경상
2014092300100654,2014년 9월 23일 21시,화요일,전라남도 여수시 안산동,경상사고,0,0,2,0,차대차 - 추돌 - 진행중,안전운전불이행,습기,비,단일로 - 기타,승용,남,44세,상해없음,승용,남,59세,경상
2014092300100655,2014년 9월 23일 21시,화요일,전라남도 여수시 소라면,경상사고,0,0,1,0,차대차 - 추돌 - 주정차중,안전운전불이행,습기,흐림,교차로 - 교차로부근,승용,남,27세,상해없음,승용,남,28세,경상
2014092300100656,2014년 9월 23일 21시,화요일,전라남도 순천시 해룡면,부상신고사고,0,0,0,1,차대사람 - 차도통행중,안전운전불이행,습기,비,단일로 - 기타,승용,기타불명,기타불명,기타불명,보행자,여,24세,부상신고
2014092300100657,2014년 9월 23일 21시,화요일,전라남도 영암군 삼호읍,경상사고,0,0,1,0,차대차 - 정면충돌,신호위반,건조,맑음,교차로 - 교차로부근,자전거,남,25세,경상,승용,남,27세,상해없음
2014092300100701,2014년 9월 23일 22시,화요일,전라남도 목포시 상동,경상사고,0,0,3,0,차대차 - 기타,안전운전불이행,습기,비,미분류 - 미분류,승용,남,37세,상해없음,승용,남,39세,경상
2014092300100702,2014년 9월 23일 22시,화요일,전라남도 순천시 연향동,경상사고,0,0,2,0,차대차 - 측면직각충돌,안전운전불이행,습기,비,교차로 - 교차로안,승용,남,44세,상해없음,승용,여,28세,경상
2014092300100703,2014년 9월 23일 22시,화요일,전라남도 순천시 연향동,경상사고,0,0,1,0,차대차 - 기타,안전운전불이행,습기,흐림,교차로 - 교차로안,화물,기타불명,기타불명,기타불명,승용,남,54세,경상
2014092300100704,2014년 9월 23일 22시,화요일,전라남도 담양군 창평면,중상사고,0,1,0,0,차대차 - 정면충돌,중앙선침범,습기,흐림,단일로 - 기타,기타불명,기타불명,기타불명,기타불명,승용,남,63세,중상
2014092300100746,2014년 9월 23일 23시,화요일,전라남도 순천시 연향동,경상사고,0,0,2,0,차대차 - 측면직각충돌,안전운전불이행,습기,비,단일로 - 기타,화물,남,35세,상해없음,승용,남,22세,경상
2014092300100747,2014년 9월 23일 23시,화요일,전라남도 나주시 대호동,경상사고,0,0,2,0,차대차 - 측면직각충돌,안전운전불이행,습기,비,단일로 - 기타,승용,남,54세,상해없음,승용,남,35세,경상
2014092300100748,2014년 9월 23일 23시,화요일,전라남도 무안군 청계면,경상사고,0,0,2,0,차대차 - 기타,안전운전불이행,건조,맑음,단일로 - 기타,기타불명,기타불명,기타불명,기타불명,승용,남,40세,경상
2014092400100152,2014년 9월 24일 07시,수요일,전라남도 여수시 신월동,경상사고,0,0,1,0,차대차 - 기타,안전운전불이행,습기,비,교차로 - 교차로안,승용,여,39세,경상,승합,남,37세,상해없음
2014092400100153,2014년 9월 24일 07시,수요일,전라남도 여수시 소라면,경상사고,0,0,1,0,차대차 - 기타,안전운전불이행,습기,비,교차로 - 교차로부근,화물,남,50세,상해없음,승용,여,41세,경상
2014092400100186,2014년 9월 24일 08시,수요일,전라남도 해남군 문내면,중상사고,0,1,0,0,차대차 - 기타,안전운전불이행,습기,비,교차로 - 교차로안,화물,남,54세,상해없음,승합,남,57세,중상
2014092400100227,2014년 9월 24일 09시,수요일,전라남도 순천시 조례동,경상사고,0,0,2,0,차대차 - 측면직각충돌,교차로운행방법위반,습기,비,교차로 - 교차로안,승용,여,37세,경상,승용,여,47세,경상
2014092400100228,2014년 9월 24일 09시,수요일,전라남도 담양군 담양읍,경상사고,0,0,1,0,차대차 - 기타,직진우회전진행방해,습기,비,교차로 - 교차로안,승용,여,24세,경상,승합,남,35세,상해없음
2014092400100264,2014년 9월 24일 10시,수요일,전라남도 순천시 조례동,경상사고,0,0,1,0,차대사람 - 기타,안전운전불이행,습기,비,교차로 - 교차로안,승용,여,46세,상해없음,보행자,여,53세,경상
2014092400100265,2014년 9월 24일 10시,수요일,전라남도 구례군 구례읍,사망사고,1,0,0,0,차대사람 - 기타,안전운전불이행,습기,비,단일로 - 기타,승용,남,42세,상해없음,보행자,남,64세,사망
2014092400100288,2014년 9월 24일 11시,수요일,전라남도 여수시 미평동,중상사고,0,1,0,0,차대사람 - 기타,안전운전불이행,습기,비,단일로 - 기타,승용,남,70세,상해없음,보행자,남,82세,중상
2014092400100289,2014년 9월 24일 11시,수요일,전라남도 순천시 별량면,사망사고,1,1,0,0,차량단독 - 전도전복,안전운전불이행,습기,비,단일로 - 기타,승용,남,35세,사망,,,,
2014092400100319,2014년 9월 24일 12시,수요일,전라남도 목포시 용해동,중상사고,0,1,3,0,차대차 - 기타,안전운전불이행,습기,비,교차로 - 교차로부근,승용,남,28세,경상,승용,남,69세,중상
2014092400100320,2014년 9월 24일 12시,수요일,전라남도 여수시 시전동,중상사고,0,1,0,0,차대사람 - 기타,안전운전불이행,습기,비,교차로 - 교차로부근,승합,남,37세,상해없음,보행자,남,78세,중상
2014092400100352,2014년 9월 24일 13시,수요일,전라남도 영암군 영암읍,경상사고,0,0,1,0,차대차 - 기타,안전운전불이행,습기,흐림,교차로 - 교차로안,원동기,남,76세,경상,승합,남,48세,상해없음
2014092400100393,2014년 9월 24일 14시,수요일,전라남도 여수시 화정면,부상신고사고,0,0,0,1,차량단독 - 전도전복,안전운전불이행,습기,비,기타 - 기타,이륜,남,68세,부상신고,,,,
2014092400100394,2014년 9월 24일 14시,수요일,전라남도 나주시 성북동,경상사고,0,0,1,0,차대사람 - 기타,안전운전불이행,건조,흐림,단일로 - 기타,승용,여,64세,상해없음,보행자,여,10세,경상
2014092400100429,2014년 9월 24일 15시,수요일,전라남도 해남군 황산면,경상사고,0,0,2,0,차대차 - 기타,안전거리미확보,기타,맑음,단일로 - 기타,화물,남,49세,상해없음,화물,남,58세,경상
2014092400100430,2014년 9월 24일 15시,수요일,전라남도 강진군 칠량면,경상사고,0,0,2,0,차대차 - 정면충돌,중앙선침범,건조,맑음,단일로 - 기타,화물,남,59세,경상,승용,남,67세,경상
2014092400100431,2014년 9월 24일 15시,수요일,전라남도 광양시 광영동,경상사고,0,0,2,0,차대차 - 측면직각충돌,안전운전불이행,건조,맑음,단일로 - 기타,승용,여,41세,상해없음,승용,남,62세,경상
2014092400100468,2014년 9월 24일 16시,수요일,전라남도 장흥군 장흥읍,중상사고,0,1,1,0,차대차 - 정면충돌,중앙선침범,습기,흐림,단일로 - 기타,승용,남,49세,경상,승용,남,37세,중상
2014092400100469,2014년 9월 24일 16시,수요일,전라남도 무안군 삼향읍,경상사고,0,0,1,0,차대사람 - 기타,안전운전불이행,건조,맑음,단일로 - 기타,승용,남,70세,상해없음,보행자,여,10세,경상
2014092400100500,2014년 9월 24일 17시,수요일,전라남도 여수시 서교동,경상사고,0,0,1,0,차대차 - 기타,안전운전불이행,건조,맑음,교차로 - 교차로부근,원동기,여,52세,경상,승용,남,63세,상해없음
2014092400100501,2014년 9월 24일 17시,수요일,전라남도 순천시 매곡동,부상신고사고,0,0,0,1,차대차 - 측면직각충돌,교차로운행방법위반,건조,맑음,교차로 - 교차로안,승용,남,50세,부상신고,승용,남,59세,상해없음
2014092400100528,2014년 9월 24일 18시,수요일,전라남도 여수시 덕충동,경상사고,0,0,1,0,차대차 - 측면직각충돌,안전운전불이행,건조,맑음,단일로 - 기타,승용,남,76세,상해없음,승용,여,47세,경상
2014092400100529,2014년 9월 24일 18시,수요일,전라남도 여수시 웅천동,경상사고,0,0,1,0,차대차 - 추돌 - 주정차중,안전운전불이행,습기,비,기타 - 기타,승합,남,46세,상해없음,승용,여,32세,경상
2014092400100587,2014년 9월 24일 19시,수요일,전라남도 장성군 북일면,경상사고,0,0,1,0,차대차 - 추돌 - 진행중,안전운전불이행,건조,흐림,단일로 - 기타,승용,여,74세,상해없음,농기계,남,68세,경상
2014092400100588,2014년 9월 24일 19시,수요일,전라남도 광양시 마동,경상사고,0,0,1,0,차대차 - 측면직각충돌,교차로운행방법위반,습기,비,교차로 - 교차로안,승용,남,33세,상해없음,승용,남,24세,경상
2014092400100633,2014년 9월 24일 20시,수요일,전라남도 광양시 광양읍,경상사고,0,0,1,0,차대사람 - 기타,안전운전불이행,습기,흐림,단일로 - 기타,승용,여,28세,상해없음,보행자,남,49세,경상
2014092400100702,2014년 9월 24일 22시,수요일,전라남도 목포시 죽교동,경상사고,0,0,2,0,차대차 - 기타,안전거리미확보,건조,맑음,단일로 - 기타,승용,남,53세,상해없음,승용,남,38세,경상
2014092500100047,2014년 9월 25일 04시,목요일,전라남도 순천시 별량면,사망사고,1,0,0,0,차대사람 - 차도통행중,안전운전불이행,건조,맑음,단일로 - 기타,승용,남,44세,상해없음,보행자,여,86세,사망
2014092500100069,2014년 9월 25일 06시,목요일,전라남도 여수시 봉산동,사망사고,1,0,0,0,차대사람 - 기타,중앙선침범,건조,맑음,단일로 - 기타,화물,남,32세,상해없음,보행자,여,72세,사망
2014092500100093,2014년 9월 25일 07시,목요일,전라남도 여수시 화치동,중상사고,0,1,0,0,차대차 - 측면직각충돌,안전운전불이행,건조,맑음,교차로 - 교차로부근,승용,남,36세,상해없음,이륜,남,54세,중상
2014092500100127,2014년 9월 25일 08시,목요일,전라남도 여수시 호명동,경상사고,0,0,1,0,차대차 - 추돌 - 진행중,안전거리미확보,건조,맑음,단일로 - 기타,화물,남,65세,상해없음,승용,남,43세,경상
2014092500100128,2014년 9월 25일 08시,목요일,전라남도 화순군 화순읍,경상사고,0,0,1,0,차대차 - 측면직각충돌,안전운전불이행,건조,맑음,교차로 - 교차로안,승용,여,45세,상해없음,승용,남,33세,경상
2014092500100129,2014년 9월 25일 08시,목요일,전라남도 완도군 약산면,경상사고,0,0,1,0,차량단독 - 공작물충돌,안전운전불이행,건조,맑음,단일로 - 기타,승용,여,47세,경상,,,,
2014092500100172,2014년 9월 25일 09시,목요일,전라남도 고흥군 도양읍,중상사고,0,1,0,0,차대차 - 측면직각충돌,안전운전불이행,건조,맑음,교차로 - 교차로안,승용,남,62세,상해없음,건설기계,남,53세,상해없음
2014092500100173,2014년 9월 25일 09시,목요일,전라남도 영광군 홍농읍,경상사고,0,0,1,1,차대차 - 정면충돌,중앙선침범,건조,맑음,단일로 - 기타,승용,남,51세,부상신고,승용,남,34세,경상
2014092500100209,2014년 9월 25일 10시,목요일,전라남도 순천시 조례동,경상사고,0,0,2,0,차대차 - 추돌 - 주정차중,안전운전불이행,건조,맑음,교차로 - 교차로부근,화물,남,43세,상해없음,화물,남,49세,경상
2014092500100210,2014년 9월 25일 10시,목요일,전라남도 광양시 광양읍,경상사고,0,0,1,0,차량단독 - 공작물충돌,안전운전불이행,건조,맑음,교차로 - 교차로부근,승용,남,27세,경상,,,,
2014092500100246,2014년 9월 25일 11시,목요일,전라남도 나주시 산포면,경상사고,0,0,1,0,차대차 - 추돌 - 주정차중,안전운전불이행,건조,맑음,교차로 - 교차로부근,원동기,남,35세,경상,화물,남,47세,기타불명
2014092500100247,2014년 9월 25일 11시,목요일,전라남도 광양시 황길동,경상사고,0,0,1,0,차량단독 - 공작물충돌,안전운전불이행,건조,맑음,단일로 - 기타,승용,남,35세,경상,,,,
2014092500100328,2014년 9월 25일 14시,목요일,전라남도 여수시 소라면,경상사고,0,0,1,0,차량단독 - 전도전복,안전운전불이행,건조,맑음,기타 - 기타,승용,남,49세,경상,,,,
2014092500100329,2014년 9월 25일 14시,목요일,전라남도 해남군 송지면,중상사고,0,1,1,0,차대차 - 기타,중앙선침범,건조,맑음,단일로 - 기타,승합,여,63세,상해없음,승용,여,43세,경상
2014092500100330,2014년 9월 25일 14시,목요일,전라남도 영광군 법성면,중상사고,0,1,1,0,차대차 - 추돌 - 진행중,안전운전불이행,건조,맑음,단일로 - 기타,화물,남,60세,상해없음,승합,남,63세,경상
2014092500100364,2014년 9월 25일 15시,목요일,전라남도 무안군 무안읍,중상사고,0,1,0,0,차대차 - 측면직각충돌,기타,건조,맑음,교차로 - 교차로안,화물,여,51세,상해없음,이륜,남,66세,중상
2014092500100437,2014년 9월 25일 17시,목요일,전라남도 목포시 대양동,경상사고,0,0,1,0,차대차 - 측면직각충돌,안전운전불이행,건조,맑음,단일로 - 기타,승용,남,68세,상해없음,승용,남,43세,상해없음
2014092500100438,2014년 9월 25일 17시,목요일,전라남도 함평군 학교면,경상사고,0,0,2,0,차대차 - 기타,안전거리미확보,건조,맑음,교차로 - 교차로부근,이륜,남,73세,경상,승용,여,33세,상해없음
2014092500100439,2014년 9월 25일 17시,목요일,전라남도 담양군 무정면,경상사고,0,0,1,0,차대차 - 기타,교차로운행방법위반,건조,맑음,교차로 - 교차로안,승용,남,57세,상해없음,화물,남,50세,경상
2014092500100466,2014년 9월 25일 18시,목요일,전라남도 목포시 상동,경상사고,0,0,1,0,차대차 - 측면직각충돌,불법유턴,건조,맑음,단일로 - 기타,자전거,남,11세,경상,승용,남,41세,상해없음
2014092500100467,2014년 9월 25일 18시,목요일,전라남도 순천시 동외동,경상사고,0,0,1,1,차량단독 - 전도전복,안전운전불이행,건조,맑음,단일로 - 교량,승용,여,38세,부상신고,,,,
2014092500100468,2014년 9월 25일 18시,목요일,전라남도 고흥군 도양읍,중상사고,0,1,0,0,차대사람 - 기타,보행자보호의무위반,건조,맑음,단일로 - 횡단보도상,화물,남,47세,상해없음,보행자,여,59세,중상
2014092500100548,2014년 9월 25일 20시,목요일,전라남도 영암군 삼호읍,사망사고,1,0,0,0,차대사람 - 기타,신호위반,건조,맑음,교차로 - 교차로안,승용,남,31세,상해없음,보행자,남,47세,사망
2014092500100612,2014년 9월 25일 22시,목요일,전라남도 영광군 영광읍,경상사고,0,0,1,0,차대차 - 측면직각충돌,안전운전불이행,건조,맑음,단일로 - 기타,승용,남,53세,상해없음,승용,남,65세,경상
2014092600100013,2014년 9월 26일 00시,금요일,전라남도 여수시 미평동,경상사고,0,0,2,0,차대차 - 측면직각충돌,중앙선침범,건조,맑음,단일로 - 기타,승용,남,31세,상해없음,승합,남,42세,경상
2014092600100035,2014년 9월 26일 01시,금요일,전라남도 영암군 도포면,사망사고,1,0,0,0,차대차 - 기타,안전운전불이행,습기,안개,단일로 - 기타,화물,남,49세,사망,승용,남,55세,상해없음
2014092600100036,2014년 9월 26일 01시,금요일,전라남도 곡성군 죽곡면,중상사고,0,1,0,0,차량단독 - 기타,안전운전불이행,건조,맑음,단일로 - 기타,화물,남,43세,중상,,,,
2014092600100110,2014년 9월 26일 07시,금요일,전라남도 여수시 만흥동,경상사고,0,0,1,0,차량단독 - 도로외이탈 - 기타,안전운전불이행,건조,맑음,단일로 - 기타,승용,여,35세,경상,,,,
2014092600100158,2014년 9월 26일 08시,금요일,전라남도 순천시 조례동,중상사고,0,1,0,0,차대사람 - 기타,기타,건조,맑음,단일로 - 기타,승용,여,45세,상해없음,보행자,여,12세,중상
2014092600100159,2014년 9월 26일 08시,금요일,전라남도 해남군 해남읍,중상사고,0,1,0,0,차대사람 - 기타,보행자보호의무위반,건조,맑음,단일로 - 기타,원동기,남,64세,상해없음,보행자,남,75세,중상
2014092600100160,2014년 9월 26일 08시,금요일,전라남도 무안군 일로읍,경상사고,0,0,1,0,차대차 - 측면직각충돌,안전운전불이행,건조,맑음,교차로 - 교차로안,이륜,남,69세,경상,승용,여,66세,상해없음
2014092600100247,2014년 9월 26일 11시,금요일,전라남도 영암군 삼호읍,경상사고,0,0,1,0,차대차 - 측면직각충돌,직진우회전진행방해,건조,맑음,교차로 - 교차로안,승용,남,48세,경상,승용,남,42세,상해없음
2014092600100282,2014년 9월 26일 12시,금요일,전라남도 나주시 남평읍,경상사고,0,0,2,0,차대차 - 측면직각충돌,안전운전불이행,건조,맑음,단일로 - 기타,화물,남,38세,상해없음,승용,남,32세,경상
2014092600100303,2014년 9월 26일 13시,금요일,전라남도 목포시 산정동,경상사고,0,0,2,0,차대차 - 추돌 - 주정차중,안전운전불이행,건조,맑음,기타 - 기타,승용,남,68세,경상,승용,여,52세,경상
2014092600100304,2014년 9월 26일 13시,금요일,전라남도 영암군 삼호읍,중상사고,0,1,0,0,차대차 - 측면직각충돌,차로위반,건조,맑음,단일로 - 기타,기타불명,기타불명,기타불명,기타불명,승용,남,24세,중상
2014092600100336,2014년 9월 26일 14시,금요일,전라남도 영암군 삼호읍,경상사고,0,0,3,0,차대차 - 추돌 - 진행중,안전거리미확보,건조,맑음,단일로 - 기타,승용,여,36세,경상,승용,여,33세,경상
2014092600100337,2014년 9월 26일 14시,금요일,전라남도 광양시 금호동,경상사고,0,0,1,0,차대차 - 측면직각충돌,안전운전불이행,건조,맑음,교차로 - 교차로안,승용,남,28세,상해없음,승용,여,53세,경상
2014092600100363,2014년 9월 26일 15시,금요일,전라남도 영광군 영광읍,사망사고,1,0,0,0,차량단독 - 전도전복,안전운전불이행,건조,맑음,단일로 - 기타,이륜,남,74세,사망,,,,
2014092600100364,2014년 9월 26일 15시,금요일,전라남도 담양군 대덕면,경상사고,0,0,2,0,차대차 - 추돌 - 진행중,안전운전불이행,건조,맑음,단일로 - 기타,승용,남,51세,상해없음,승용,여,44세,경상
2014092600100400,2014년 9월 26일 16시,금요일,전라남도 여수시 여서동,중상사고,0,1,0,0,차대사람 - 횡단중,신호위반,건조,맑음,단일로 - 기타,승합,남,42세,상해없음,보행자,여,50세,중상
2014092600100401,2014년 9월 26일 16시,금요일,전라남도 나주시 송월동,경상사고,0,0,3,0,차대차 - 추돌 - 주정차중,안전운전불이행,건조,맑음,단일로 - 기타,승용,여,46세,상해없음,승용,여,39세,경상
2014092600100402,2014년 9월 26일 16시,금요일,전라남도 진도군 진도읍,경상사고,0,0,1,0,차대차 - 추돌 - 주정차중,안전운전불이행,건조,맑음,교차로 - 교차로안,승용,남,32세,상해없음,이륜,남,39세,경상
2014092600100442,2014년 9월 26일 17시,금요일,전라남도 여수시 공화동,경상사고,0,0,3,0,차대차 - 측면직각충돌,교차로운행방법위반,건조,맑음,교차로 - 교차로안,승용,여,52세,상해없음,승용,남,35세,경상
2014092600100494,2014년 9월 26일 18시,금요일,전라남도 목포시 달동,중상사고,0,1,0,0,차대차 - 측면직각충돌,직진우회전진행방해,건조,맑음,교차로 - 교차로안,자전거,남,32세,중상,승용,여,27세,상해없음
2014092600100495,2014년 9월 26일 18시,금요일,전라남도 순천시 덕암동,경상사고,0,0,1,0,차대사람 - 기타,안전운전불이행,건조,맑음,교차로 - 교차로안,화물,남,40세,상해없음,보행자,여,75세,경상
2014092600100496,2014년 9월 26일 18시,금요일,전라남도 영광군 영광읍,경상사고,0,0,1,0,차대차 - 기타,안전운전불이행,건조,맑음,단일로 - 기타,화물,남,54세,상해없음,승용,여,29세,경상
2014092600100556,2014년 9월 26일 19시,금요일,전라남도 나주시 성북동,경상사고,0,0,1,0,차대사람 - 기타,안전운전불이행,건조,맑음,단일로 - 기타,승용,남,46세,상해없음,보행자,남,58세,경상