사고번호,사고일시,요일,시군구,사고내용,사망자수,중상자수,경상자수,부상신고자수,사고유형,법규위반,노면상태,기상상태,도로형태,가해운전자 차종,가해운전자 성별,가해운전자 연령,가해운전자 상해정도,피해운전자 차종,피해운전자 성별,피해운전자 연령,피해운전자 상해정도
2014092600100601,2014년 9월 26일 20시,금요일,전라남도 광양시 도이동,경상사고,0,0,2,0,차대차 - 추돌 - 주정차중,안전운전불이행,건조,맑음,교차로 - 교차로부근,승용,남,44세,경상,승용,남,26세,경상
2014092600100655,2014년 9월 26일 21시,금요일,전라남도 여수시 수정동,중상사고,0,2,0,0,차대차 - 측면직각충돌,안전운전불이행,건조,맑음,단일로 - 기타,승용,여,42세,상해없음,이륜,남,77세,중상
2014092600100703,2014년 9월 26일 22시,금요일,전라남도 순천시 연향동,경상사고,0,0,1,0,차대차 - 기타,직진우회전진행방해,건조,맑음,교차로 - 교차로안,승용,남,44세,상해없음,자전거,남,16세,경상
2014092600100704,2014년 9월 26일 22시,금요일,전라남도 광양시 마동,경상사고,0,0,2,0,차대차 - 기타,중앙선침범,건조,맑음,교차로 - 교차로부근,승용,남,47세,상해없음,승용,남,32세,경상
2014092700100078,2014년 9월 27일 03시,토요일,전라남도 순천시 동외동,경상사고,0,0,3,0,차대차 - 기타,차로위반,건조,맑음,단일로 - 기타,승용,남,26세,상해없음,승용,남,51세,경상
2014092700100110,2014년 9월 27일 05시,토요일,전라남도 장흥군 장흥읍,사망사고,1,0,0,0,차대차 - 추돌 - 진행중,안전운전불이행,건조,맑음,단일로 - 기타,승용,남,71세,상해없음,이륜,여,66세,사망
2014092700100111,2014년 9월 27일 05시,토요일,전라남도 장성군 동화면,중상사고,0,1,0,0,차대차 - 추돌 - 진행중,안전운전불이행,습기,안개,단일로 - 기타,화물,남,39세,상해없음,이륜,남,72세,중상
2014092700100125,2014년 9월 27일 06시,토요일,전라남도 고흥군 도양읍,중상사고,0,1,0,0,차대차 - 기타,안전운전불이행,건조,맑음,단일로 - 기타,승용,여,36세,상해없음,원동기,여,71세,중상
2014092700100126,2014년 9월 27일 06시,토요일,전라남도 무안군 삼향읍,경상사고,0,0,2,0,차대차 - 측면직각충돌,신호위반,건조,맑음,교차로 - 교차로안,승용,여,47세,경상,승용,남,53세,경상
2014092700100146,2014년 9월 27일 07시,토요일,전라남도 목포시 용당동,중상사고,0,1,0,0,차대사람 - 기타,안전운전불이행,건조,맑음,기타 - 기타,자전거,남,12세,상해없음,보행자,여,80세,중상
2014092700100179,2014년 9월 27일 08시,토요일,전라남도 순천시 덕월동,경상사고,0,0,1,0,차대사람 - 횡단중,신호위반,건조,맑음,단일로 - 횡단보도상,승용,기타불명,기타불명,기타불명,보행자,여,11세,경상
2014092700100180,2014년 9월 27일 08시,토요일,전라남도 함평군 함평읍,중상사고,0,1,0,0,차대차 - 기타,안전운전불이행,건조,맑음,단일로 - 기타,화물,남,34세,상해없음,이륜,남,76세,중상
2014092700100211,2014년 9월 27일 09시,토요일,전라남도 함평군 해보면,경상사고,0,0,3,0,차대차 - 추돌 - 주정차중,안전운전불이행,건조,맑음,단일로 - 기타,화물,남,48세,경상,화물,남,45세,경상
2014092700100244,2014년 9월 27일 10시,토요일,전라남도 함평군 학교면,경상사고,0,0,1,0,차대차 - 정면충돌,중앙선침범,건조,맑음,단일로 - 기타,화물,남,59세,상해없음,승용,남,42세,경상
2014092700100245,2014년 9월 27일 10시,토요일,전라남도 영암군 삼호읍,중상사고,0,1,2,0,차대차 - 측면직각충돌,직진우회전진행방해,건조,맑음,교차로 - 교차로안,승용,남,56세,상해없음,승합,남,28세,중상
2014092700100246,2014년 9월 27일 10시,토요일,전라남도 광양시 다압면,부상신고사고,0,0,0,1,차대사람 - 길가장자리구역통행중,안전운전불이행,건조,맑음,단일로 - 기타,기타불명,기타불명,기타불명,기타불명,보행자,여,12세,부상신고
2014092700100276,2014년 9월 27일 11시,토요일,전라남도 영광군 군남면,경상사고,0,0,1,0,차대사람 - 기타,안전운전불이행,건조,맑음,단일로 - 기타,승용,남,66세,상해없음,보행자,여,51세,경상
2014092700100315,2014년 9월 27일 12시,토요일,전라남도 화순군 화순읍,경상사고,0,0,2,0,차대차 - 측면직각충돌,직진우회전진행방해,건조,맑음,교차로 - 교차로안,화물,남,25세,경상,승용,남,34세,경상
2014092700100360,2014년 9월 27일 13시,토요일,전라남도 목포시 용해동,경상사고,0,0,1,0,차대사람 - 기타,안전운전불이행,건조,맑음,단일로 - 기타,승합,여,52세,상해없음,보행자,여,52세,경상
2014092700100361,2014년 9월 27일 13시,토요일,전라남도 여수시 둔덕동,중상사고,0,1,0,0,차대차 - 측면직각충돌,안전운전불이행,건조,맑음,교차로 - 교차로부근,원동기,남,63세,중상,승용,남,49세,상해없음
2014092700100362,2014년 9월 27일 13시,토요일,전라남도 해남군 옥천면,부상신고사고,0,0,0,1,차량단독 - 전도전복,안전운전불이행,기타,맑음,기타 - 기타,이륜,남,61세,부상신고,,,,
2014092700100363,2014년 9월 27일 13시,토요일,전라남도 보성군 회천면,경상사고,0,0,1,0,차대차 - 기타,안전운전불이행,건조,맑음,단일로 - 기타,승용,남,57세,상해없음,이륜,남,64세,경상
2014092700100364,2014년 9월 27일 13시,토요일,전라남도 화순군 화순읍,중상사고,0,1,0,0,차대차 - 측면직각충돌,신호위반,건조,맑음,교차로 - 교차로안,건설기계,남,66세,상해없음,승용,남,55세,중상
2014092700100365,2014년 9월 27일 13시,토요일,전라남도 강진군 군동면,중상사고,0,1,0,0,차대차 - 기타,직진우회전진행방해,건조,맑음,교차로 - 교차로안,이륜,남,72세,중상,승용,남,64세,상해없음
2014092700100366,2014년 9월 27일 13시,토요일,전라남도 구례군 구례읍,경상사고,0,0,1,0,차대차 - 측면직각충돌,신호위반,건조,맑음,교차로 - 교차로안,승용,여,24세,상해없음,이륜,여,44세,경상
2014092700100408,2014년 9월 27일 14시,토요일,전라남도 목포시 산정동,경상사고,0,0,2,0,차대차 - 측면직각충돌,안전운전불이행,건조,맑음,단일로 - 기타,승용,여,45세,상해없음,승용,여,33세,경상
2014092700100409,2014년 9월 27일 14시,토요일,전라남도 순천시 별량면,경상사고,0,0,3,0,차대차 - 기타,직진우회전진행방해,건조,맑음,교차로 - 교차로안,승용,여,47세,상해없음,승용,남,63세,경상
2014092700100410,2014년 9월 27일 14시,토요일,전라남도 영광군 백수읍,중상사고,0,2,0,0,차대차 - 측면직각충돌,안전운전불이행,건조,맑음,단일로 - 기타,승합,남,48세,상해없음,원동기,남,65세,중상
2014092700100439,2014년 9월 27일 15시,토요일,전라남도 여수시 돌산읍,경상사고,0,0,3,0,차대차 - 측면직각충돌,기타,건조,맑음,단일로 - 기타,승합,여,43세,상해없음,건설기계,남,55세,상해없음
2014092700100481,2014년 9월 27일 16시,토요일,전라남도 순천시 조례동,경상사고,0,0,1,0,차대차 - 추돌 - 주정차중,안전운전불이행,건조,맑음,단일로 - 기타,승용,남,44세,상해없음,승용,남,39세,경상
2014092700100482,2014년 9월 27일 16시,토요일,전라남도 나주시 산포면,경상사고,0,0,2,0,차대차 - 기타,안전운전불이행,건조,맑음,단일로 - 교량,승용,여,41세,경상,화물,남,31세,경상
2014092700100483,2014년 9월 27일 16시,토요일,전라남도 담양군 담양읍,경상사고,0,0,1,0,차량단독 - 기타,안전운전불이행,건조,맑음,단일로 - 기타,자전거,여,48세,경상,,,,
2014092700100522,2014년 9월 27일 17시,토요일,전라남도 여수시 소라면,경상사고,0,0,2,0,차대차 - 측면직각충돌,교차로운행방법위반,건조,맑음,교차로 - 교차로안,승용,남,32세,경상,원동기,남,62세,경상
2014092700100523,2014년 9월 27일 17시,토요일,전라남도 구례군 구례읍,경상사고,0,0,3,0,차량단독 - 기타,안전운전불이행,건조,맑음,단일로 - 기타,승용,남,42세,경상,,,,
2014092700100560,2014년 9월 27일 18시,토요일,전라남도 여수시 선원동,경상사고,0,0,1,0,차대차 - 기타,안전운전불이행,건조,맑음,교차로 - 교차로부근,승용,남,64세,상해없음,승용,여,36세,경상
2014092700100603,2014년 9월 27일 19시,토요일,전라남도 영광군 영광읍,중상사고,0,1,0,0,차대사람 - 기타,안전운전불이행,건조,맑음,단일로 - 기타,승합,남,61세,상해없음,보행자,여,55세,중상
2014092700100604,2014년 9월 27일 19시,토요일,전라남도 광양시 광양읍,사망사고,1,0,0,0,차대사람 - 횡단중,안전운전불이행,건조,맑음,교차로 - 교차로부근,승용,여,27세,상해없음,보행자,여,41세,사망
2014092700100644,2014년 9월 27일 20시,토요일,전라남도 목포시 상동,경상사고,0,0,2,0,차대차 - 기타,안전운전불이행,건조,맑음,교차로 - 교차로안,승용,남,68세,상해없음,승용,남,39세,경상
2014092700100645,2014년 9월 27일 20시,토요일,전라남도 여수시 신기동,경상사고,0,0,1,0,차대차 - 추돌 - 진행중,안전운전불이행,건조,맑음,단일로 - 기타,승용,남,56세,상해없음,승용,여,51세,경상
2014092700100646,2014년 9월 27일 20시,토요일,전라남도 순천시 장천동,경상사고,0,0,1,0,차대차 - 추돌 - 진행중,안전운전불이행,건조,맑음,단일로 - 기타,승용,남,66세,상해없음,승용,남,37세,경상
2014092700100679,2014년 9월 27일 21시,토요일,전라남도 순천시 조례동,경상사고,0,0,1,0,차대차 - 정면충돌,안전운전불이행,건조,맑음,교차로 - 교차로안,승용,남,43세,상해없음,승용,여,46세,상해없음
2014092700100680,2014년 9월 27일 21시,토요일,전라남도 무안군 운남면,중상사고,0,1,0,0,차량단독 - 기타,안전운전불이행,건조,맑음,단일로 - 기타,이륜,남,50세,중상,,,,
2014092700100710,2014년 9월 27일 22시,토요일,전라남도 여수시 충무동,경상사고,0,0,1,0,차대사람 - 횡단중,안전운전불이행,건조,맑음,교차로 - 교차로안,승용,남,41세,상해없음,보행자,남,64세,경상
2014092700100711,2014년 9월 27일 22시,토요일,전라남도 나주시 대호동,경상사고,0,0,1,0,차대사람 - 기타,안전운전불이행,건조,기타,교차로 - 교차로안,승용,남,31세,상해없음,보행자,여,19세,경상
2014092700100712,2014년 9월 27일 22시,토요일,전라남도 나주시 왕곡면,중상사고,0,1,0,0,차대차 - 추돌 - 진행중,안전운전불이행,건조,맑음,단일로 - 기타,승용,남,30세,상해없음,원동기,남,35세,중상
2014092800100081,2014년 9월 28일 04시,일요일,전라남도 고흥군 도덕면,중상사고,0,1,0,0,차량단독 - 공작물충돌,안전운전불이행,기타,기타,단일로 - 기타,승용,여,33세,상해없음,,,,
2014092800100111,2014년 9월 28일 07시,일요일,전라남도 목포시 산정동,경상사고,0,0,1,0,차대차 - 기타,중앙선침범,건조,맑음,단일로 - 기타,자전거,남,40세,경상,승합,남,59세,상해없음
2014092800100112,2014년 9월 28일 07시,일요일,전라남도 광양시 중동,중상사고,0,2,2,0,차대차 - 측면직각충돌,직진우회전진행방해,건조,맑음,교차로 - 교차로안,화물,남,44세,경상,승용,여,48세,중상
2014092800100127,2014년 9월 28일 08시,일요일,전라남도 강진군 마량면,경상사고,0,0,1,0,차대차 - 정면충돌,안전운전불이행,건조,맑음,단일로 - 기타,승용,남,59세,상해없음,원동기,남,71세,경상
2014092800100175,2014년 9월 28일 11시,일요일,전라남도 영암군 삼호읍,경상사고,0,0,1,0,차대차 - 기타,안전운전불이행,건조,맑음,교차로 - 교차로안,이륜,남,32세,상해없음,승용,남,75세,경상
2014092800100176,2014년 9월 28일 11시,일요일,전라남도 영암군 삼호읍,경상사고,0,0,2,1,차대차 - 측면직각충돌,신호위반,건조,맑음,교차로 - 교차로안,승용,남,35세,부상신고,승용,남,36세,경상
2014092800100204,2014년 9월 28일 12시,일요일,전라남도 목포시 산정동,중상사고,0,1,0,0,차대사람 - 기타,안전운전불이행,건조,맑음,단일로 - 기타,화물,남,67세,상해없음,보행자,남,55세,중상
2014092800100229,2014년 9월 28일 13시,일요일,전라남도 목포시 상동,경상사고,0,0,1,0,차대사람 - 횡단중,신호위반,건조,맑음,단일로 - 횡단보도상,이륜,남,17세,상해없음,보행자,여,30세,경상
2014092800100230,2014년 9월 28일 13시,일요일,전라남도 순천시 조례동,중상사고,0,1,0,0,차대차 - 기타,직진우회전진행방해,건조,맑음,교차로 - 교차로안,승용,남,47세,상해없음,자전거,남,40세,중상
2014092800100231,2014년 9월 28일 13시,일요일,전라남도 광양시 광양읍,경상사고,0,0,1,0,차대차 - 측면직각충돌,직진우회전진행방해,건조,맑음,교차로 - 교차로안,화물,남,49세,상해없음,승용,남,25세,경상
2014092800100261,2014년 9월 28일 14시,일요일,전라남도 목포시 대성동,경상사고,0,0,1,0,차대차 - 측면직각충돌,안전운전불이행,건조,맑음,교차로 - 교차로부근,승용,남,66세,상해없음,화물,남,49세,경상
2014092800100262,2014년 9월 28일 14시,일요일,전라남도 목포시 상동,경상사고,0,0,1,0,차대차 - 측면직각충돌,직진우회전진행방해,건조,맑음,교차로 - 교차로안,이륜,남,17세,경상,승용,남,78세,상해없음
2014092800100263,2014년 9월 28일 14시,일요일,전라남도 나주시 남평읍,중상사고,0,1,0,0,차대차 - 기타,직진우회전진행방해,건조,맑음,교차로 - 교차로안,화물,남,57세,상해없음,이륜,남,64세,중상
2014092800100264,2014년 9월 28일 14시,일요일,전라남도 광양시 마동,부상신고사고,0,0,0,4,차대차 - 측면직각충돌,직진우회전진행방해,건조,맑음,교차로 - 교차로안,승용,남,48세,부상신고,승용,남,44세,부상신고
2014092800100293,2014년 9월 28일 15시,일요일,전라남도 여수시 문수동,경상사고,0,0,1,0,차대차 - 추돌 - 주정차중,안전운전불이행,건조,맑음,교차로 - 교차로부근,승용,남,44세,상해없음,승용,여,28세,경상
2014092800100294,2014년 9월 28일 15시,일요일,전라남도 고흥군 포두면,경상사고,0,0,1,0,차대차 - 기타,안전운전불이행,건조,맑음,교차로 - 교차로부근,농기계,여,61세,경상,승합,남,56세,상해없음
2014092800100295,2014년 9월 28일 15시,일요일,전라남도 장성군 삼서면,경상사고,0,0,3,0,차대차 - 정면충돌,안전운전불이행,건조,맑음,단일로 - 기타,승용,여,43세,경상,승용,남,84세,경상
2014092800100321,2014년 9월 28일 16시,일요일,전라남도 영암군 삼호읍,경상사고,0,0,1,0,차대차 - 측면직각충돌,신호위반,건조,맑음,교차로 - 교차로안,승용,남,29세,기타불명,승용,남,43세,경상
2014092800100322,2014년 9월 28일 16시,일요일,전라남도 광양시 광영동,경상사고,0,0,1,0,차대차 - 측면직각충돌,직진우회전진행방해,건조,맑음,교차로 - 교차로안,승용,여,46세,상해없음,승용,남,39세,경상
2014092800100350,2014년 9월 28일 17시,일요일,전라남도 여수시 둔덕동,중상사고,0,1,0,0,차대사람 - 기타,안전운전불이행,건조,맑음,단일로 - 기타,승용,남,60세,상해없음,보행자,남,12세,중상
2014092800100351,2014년 9월 28일 17시,일요일,전라남도 곡성군 옥과면,중상사고,0,1,0,0,차대사람 - 기타,안전운전불이행,건조,맑음,단일로 - 기타,승용,남,57세,상해없음,보행자,여,50세,중상
2014092800100394,2014년 9월 28일 18시,일요일,전라남도 목포시 상동,경상사고,0,0,1,0,차대사람 - 기타,안전운전불이행,건조,맑음,단일로 - 기타,승용,남,26세,상해없음,보행자,남,30세,경상
2014092800100395,2014년 9월 28일 18시,일요일,전라남도 화순군 화순읍,경상사고,0,0,1,0,차대차 - 추돌 - 진행중,안전거리미확보,건조,맑음,단일로 - 기타,화물,남,45세,상해없음,화물,남,56세,기타불명
2014092800100429,2014년 9월 28일 19시,일요일,전라남도 순천시 연향동,경상사고,0,0,7,0,차대차 - 측면직각충돌,안전운전불이행,건조,맑음,단일로 - 기타,승합,남,45세,상해없음,승합,남,30세,경상
2014092800100430,2014년 9월 28일 19시,일요일,전라남도 순천시 승주읍,경상사고,0,0,1,0,차량단독 - 도로외이탈 - 기타,안전운전불이행,건조,맑음,단일로 - 기타,승용,남,58세,경상,,,,
2014092800100468,2014년 9월 28일 20시,일요일,전라남도 담양군 용면,중상사고,0,1,0,0,차대차 - 기타,중앙선침범,건조,맑음,단일로 - 기타,원동기,남,53세,중상,승용,남,66세,상해없음
2014092800100495,2014년 9월 28일 21시,일요일,전라남도 여수시 문수동,경상사고,0,0,1,0,차대사람 - 기타,안전운전불이행,건조,맑음,교차로 - 교차로안,원동기,남,17세,상해없음,보행자,남,59세,경상
2014092800100496,2014년 9월 28일 21시,일요일,전라남도 순천시 연향동,경상사고,0,0,1,0,차대사람 - 기타,안전운전불이행,건조,맑음,기타 - 기타,승용,남,31세,상해없음,보행자,남,36세,경상
2014092800100497,2014년 9월 28일 21시,일요일,전라남도 나주시 송월동,경상사고,0,0,3,0,차대차 - 정면충돌,중앙선침범,건조,맑음,교차로 - 교차로부근,승용,남,27세,상해없음,승용,남,65세,경상
2014092800100519,2014년 9월 28일 22시,일요일,전라남도 목포시 석현동,경상사고,0,0,1,0,차대차 - 기타,직진우회전진행방해,건조,맑음,교차로 - 교차로안,승용,남,33세,상해없음,이륜,남,19세,경상
2014092800100520,2014년 9월 28일 22시,일요일,전라남도 나주시 삼영동,경상사고,0,0,1,0,차대차 - 추돌 - 진행중,안전운전불이행,건조,맑음,교차로 - 교차로부근,승용,남,60세,기타불명,승용,남,63세,경상
2014092800100533,2014년 9월 28일 23시,일요일,전라남도 고흥군 고흥읍,경상사고,0,0,3,0,차대차 - 기타,안전운전불이행,건조,맑음,교차로 - 교차로부근,화물,남,73세,상해없음,승용,여,53세,경상
2014092900100035,2014년 9월 29일 04시,월요일,전라남도 순천시 해룡면,경상사고,0,0,2,0,차대차 - 기타,직진우회전진행방해,건조,맑음,교차로 - 교차로안,승용,남,32세,경상,승용,남,48세,경상
2014092900100052,2014년 9월 29일 05시,월요일,전라남도 여수시 둔덕동,경상사고,0,0,3,0,차대차 - 기타,안전운전불이행,건조,맑음,교차로 - 교차로안,승용,기타불명,기타불명,기타불명,승합,남,61세,경상
2014092900100093,2014년 9월 29일 07시,월요일,전라남도 곡성군 겸면,경상사고,0,0,1,0,차대차 - 기타,신호위반,건조,맑음,교차로 - 교차로안,승합,남,65세,상해없음,승용,남,55세,경상
2014092900100121,2014년 9월 29일 08시,월요일,전라남도 나주시 대기동,경상사고,0,0,1,0,차대사람 - 기타,안전운전불이행,건조,맑음,단일로 - 기타,승용,기타불명,기타불명,기타불명,보행자,남,15세,경상
2014092900100122,2014년 9월 29일 08시,월요일,전라남도 무안군 청계면,경상사고,0,0,1,0,차대사람 - 기타,안전운전불이행,건조,맑음,단일로 - 기타,승용,여,22세,상해없음,보행자,여,20세,경상
2014092900100158,2014년 9월 29일 09시,월요일,전라남도 순천시 저전동,경상사고,0,0,1,0,차대차 - 기타,불법유턴,건조,맑음,교차로 - 교차로안,화물,남,61세,상해없음,승용,남,21세,경상
2014092900100159,2014년 9월 29일 09시,월요일,전라남도 담양군 담양읍,사망사고,1,0,0,0,차대사람 - 기타,안전운전불이행,건조,흐림,단일로 - 기타,승용,남,25세,상해없음,보행자,여,79세,사망
2014092900100194,2014년 9월 29일 10시,월요일,전라남도 곡성군 옥과면,경상사고,0,0,1,0,차대차 - 기타,안전운전불이행,건조,맑음,교차로 - 교차로부근,승용,여,49세,상해없음,승용,여,34세,경상
2014092900100295,2014년 9월 29일 13시,월요일,전라남도 여수시 미평동,경상사고,0,0,1,0,차대차 - 측면직각충돌,신호위반,건조,맑음,교차로 - 교차로안,승용,여,35세,상해없음,승용,남,42세,경상
2014092900100296,2014년 9월 29일 13시,월요일,전라남도 진도군 진도읍,경상사고,0,0,2,0,차대차 - 정면충돌,중앙선침범,습기,비,단일로 - 기타,화물,남,65세,경상,승합,남,55세,경상
2014092900100357,2014년 9월 29일 15시,월요일,전라남도 화순군 화순읍,부상신고사고,0,0,0,1,차대차 - 측면직각충돌,안전운전불이행,습기,비,단일로 - 기타,승용,여,40세,상해없음,승용,남,32세,부상신고
2014092900100358,2014년 9월 29일 15시,월요일,전라남도 광양시 광양읍,중상사고,0,1,0,0,차대차 - 기타,안전운전불이행,건조,맑음,교차로 - 교차로부근,승용,남,54세,상해없음,원동기,남,77세,중상
2014092900100359,2014년 9월 29일 15시,월요일,전라남도 광양시 금호동,경상사고,0,0,1,0,차량단독 - 공작물충돌,안전운전불이행,건조,흐림,단일로 - 기타,승용,여,54세,경상,,,,
2014092900100392,2014년 9월 29일 16시,월요일,전라남도 목포시 용해동,중상사고,0,1,0,0,차대사람 - 기타,안전운전불이행,건조,맑음,단일로 - 기타,승합,여,35세,상해없음,보행자,여,4세,중상
2014092900100393,2014년 9월 29일 16시,월요일,전라남도 목포시 옥암동,경상사고,0,0,1,0,차대차 - 기타,직진우회전진행방해,건조,맑음,교차로 - 교차로안,승용,남,32세,상해없음,승합,남,41세,경상
2014092900100394,2014년 9월 29일 16시,월요일,전라남도 강진군 강진읍,경상사고,0,0,1,0,차량단독 - 기타,안전운전불이행,습기,비,교차로 - 교차로안,이륜,남,41세,경상,,,,
2014092900100395,2014년 9월 29일 16시,월요일,전라남도 담양군 금성면,중상사고,0,1,0,0,차량단독 - 공작물충돌,안전운전불이행,습기,비,단일로 - 기타,승용,남,50세,중상,,,,
2014092900100440,2014년 9월 29일 17시,월요일,전라남도 목포시 호남동,경상사고,0,0,1,0,차대차 - 측면직각충돌,신호위반,건조,맑음,교차로 - 교차로안,승용,여,67세,경상,승용,남,57세,상해없음
2014092900100483,2014년 9월 29일 18시,월요일,전라남도 순천시 서면,중상사고,0,1,1,0,차대차 - 기타,중앙선침범,습기,비,단일로 - 기타,승용,여,42세,상해없음,원동기,남,32세,중상
2014092900100533,2014년 9월 29일 19시,월요일,전라남도 영광군 법성면,사망사고,1,0,0,0,차대차 - 정면충돌,중앙선침범,습기,비,단일로 - 기타,원동기,남,43세,사망,승용,남,42세,상해없음
2014092900100534,2014년 9월 29일 19시,월요일,전라남도 광양시 옥곡면,경상사고,0,0,8,0,차대차 - 추돌 - 진행중,안전운전불이행,습기,비,단일로 - 기타,화물,남,34세,상해없음,승용,남,71세,경상
2014092900100535,2014년 9월 29일 19시,월요일,전라남도 구례군 마산면,경상사고,0,0,1,0,차대차 - 기타,안전운전불이행,건조,맑음,단일로 - 기타,승합,여,68세,상해없음,이륜,남,65세,경상
2014092900100573,2014년 9월 29일 20시,월요일,전라남도 광양시 광양읍,경상사고,0,0,1,0,차대차 - 추돌 - 진행중,안전운전불이행,습기,비,단일로 - 교량,화물,남,53세,경상,화물,남,34세,상해없음
2014092900100574,2014년 9월 29일 20시,월요일,전라남도 광양시 중동,경상사고,0,0,1,0,차대사람 - 횡단중,안전운전불이행,건조,맑음,교차로 - 교차로부근,승용,남,35세,상해없음,보행자,남,44세,경상
2014092900100660,2014년 9월 29일 23시,월요일,전라남도 여수시 학동,경상사고,0,0,1,0,차대차 - 측면직각충돌,안전운전불이행,습기,흐림,교차로 - 교차로부근,승용,남,25세,상해없음,승용,여,45세,경상
2014093000100012,2014년 9월 30일 00시,화요일,전라남도 순천시 덕암동,경상사고,0,0,4,0,차대차 - 기타,직진우회전진행방해,습기,흐림,교차로 - 교차로안,승용,남,21세,경상,승용,남,57세,경상
2014093000100013,2014년 9월 30일 00시,화요일,전라남도 나주시 청동,경상사고,0,0,1,0,차량단독 - 공작물충돌,안전운전불이행,습기,비,단일로 - 기타,승용,남,23세,상해없음,,,,
2014093000100030,2014년 9월 30일 01시,화요일,전라남도 여수시 국동,중상사고,0,1,2,0,차대차 - 측면직각충돌,안전운전불이행,습기,흐림,단일로 - 기타,기타불명,기타불명,기타불명,기타불명,승용,남,30세,경상
2014093000100088,2014년 9월 30일 06시,화요일,전라남도 광양시 금호동,부상신고사고,0,0,0,1,차대차 - 기타,안전운전불이행,건조,흐림,단일로 - 기타,화물,남,73세,부상신고,화물,남,39세,기타불명
2014093000100149,2014년 9월 30일 08시,화요일,전라남도 목포시 상동,경상사고,0,0,1,0,차대차 - 기타,안전운전불이행,건조,맑음,단일로 - 기타,자전거,여,43세,경상,승합,남,36세,상해없음
2014093000100150,2014년 9월 30일 08시,화요일,전라남도 순천시 풍덕동,경상사고,0,0,2,0,차대차 - 기타,교차로운행방법위반,건조,맑음,교차로 - 교차로안,승용,남,51세,상해없음,승용,남,38세,경상
2014093000100151,2014년 9월 30일 08시,화요일,전라남도 진도군 조도면,중상사고,0,1,0,0,차대차 - 측면직각충돌,안전운전불이행,건조,맑음,단일로 - 기타,화물,남,64세,상해없음,원동기,남,65세,중상
2014093000100192,2014년 9월 30일 09시,화요일,전라남도 순천시 낙안면,중상사고,0,1,0,0,차대사람 - 횡단중,안전운전불이행,건조,맑음,단일로 - 기타,승용,남,53세,상해없음,보행자,여,75세,중상
2014093000100193,2014년 9월 30일 09시,화요일,전라남도 보성군 벌교읍,중상사고,0,1,0,0,차대사람 - 횡단중,안전운전불이행,건조,맑음,단일로 - 기타,승합,남,49세,상해없음,보행자,남,55세,중상
2014093000100194,2014년 9월 30일 09시,화요일,전라남도 강진군 군동면,경상사고,0,0,1,0,차대차 - 기타,안전운전불이행,건조,맑음,단일로 - 기타,이륜,남,57세,경상,승용,여,39세,상해없음
2014093000100195,2014년 9월 30일 09시,화요일,전라남도 구례군 토지면,경상사고,0,0,1,0,차대차 - 기타,안전거리미확보,건조,맑음,단일로 - 기타,화물,남,71세,상해없음,화물,남,55세,상해없음
2014093000100232,2014년 9월 30일 10시,화요일,전라남도 순천시 장천동,경상사고,0,0,1,0,차대차 - 추돌 - 주정차중,안전거리미확보,건조,맑음,교차로 - 교차로안,승용,여,44세,상해없음,승용,남,38세,경상
2014093000100281,2014년 9월 30일 11시,화요일,전라남도 여수시 선원동,경상사고,0,0,1,0,차대차 - 측면직각충돌,신호위반,건조,맑음,교차로 - 교차로안,승용,남,45세,상해없음,승용,남,59세,경상
2014093000100282,2014년 9월 30일 11시,화요일,전라남도 여수시 학동,경상사고,0,0,1,0,차대차 - 측면직각충돌,교차로운행방법위반,건조,맑음,교차로 - 교차로안,건설기계,남,54세,상해없음,승용,남,38세,경상
2014093000100283,2014년 9월 30일 11시,화요일,전라남도 진도군 진도읍,경상사고,0,0,7,0,차대차 - 추돌 - 주정차중,안전거리미확보,건조,맑음,교차로 - 교차로부근,승용,남,67세,상해없음,승합,남,43세,경상
2014093000100312,2014년 9월 30일 12시,화요일,전라남도 목포시 남교동,중상사고,0,1,0,0,차대사람 - 횡단중,보행자보호의무위반,건조,맑음,교차로 - 교차로부근,기타불명,기타불명,기타불명,기타불명,보행자,여,64세,중상
2014093000100313,2014년 9월 30일 12시,화요일,전라남도 진도군 임회면,경상사고,0,0,1,0,차대차 - 추돌 - 진행중,안전운전불이행,건조,맑음,단일로 - 기타,승용,남,34세,상해없음,원동기,남,48세,경상
2014093000100345,2014년 9월 30일 13시,화요일,전라남도 목포시 옥암동,경상사고,0,0,1,0,차대차 - 측면직각충돌,안전거리미확보,건조,맑음,단일로 - 기타,승합,남,22세,상해없음,승용,여,47세,경상
2014093000100346,2014년 9월 30일 13시,화요일,전라남도 나주시 이창동,경상사고,0,0,1,0,차대사람 - 기타,안전운전불이행,건조,맑음,단일로 - 기타,승용,여,30세,상해없음,보행자,남,46세,경상
2014093000100393,2014년 9월 30일 14시,화요일,전라남도 해남군 문내면,경상사고,0,0,3,0,차대차 - 기타,신호위반,건조,흐림,교차로 - 교차로안,승용,여,56세,경상,화물,남,53세,경상
2014093000100425,2014년 9월 30일 15시,화요일,전라남도 목포시 용해동,경상사고,0,0,1,0,차대차 - 기타,안전운전불이행,건조,맑음,기타 - 기타,기타불명,기타불명,기타불명,기타불명,원동기,남,24세,경상