사고번호,사고일시,요일,시군구,사고내용,사망자수,중상자수,경상자수,부상신고자수,사고유형,법규위반,노면상태,기상상태,도로형태,가해운전자 차종,가해운전자 성별,가해운전자 연령,가해운전자 상해정도,피해운전자 차종,피해운전자 성별,피해운전자 연령,피해운전자 상해정도
2014093000100426,2014년 9월 30일 15시,화요일,전라남도 순천시 왕지동,경상사고,0,0,2,0,차대차 - 추돌 - 주정차중,안전운전불이행,건조,맑음,단일로 - 기타,화물,남,51세,상해없음,승용,여,49세,경상
2014093000100427,2014년 9월 30일 15시,화요일,전라남도 영암군 신북면,중상사고,0,1,0,0,차대차 - 측면직각충돌,직진우회전진행방해,건조,맑음,교차로 - 교차로안,승용,여,64세,상해없음,원동기,남,47세,중상
2014093000100463,2014년 9월 30일 16시,화요일,전라남도 영암군 삼호읍,중상사고,0,1,0,0,차대차 - 측면직각충돌,안전운전불이행,건조,맑음,단일로 - 기타,승용,남,49세,상해없음,원동기,남,51세,중상
2014093000100617,2014년 9월 30일 19시,화요일,전라남도 나주시 산포면,경상사고,0,0,1,0,차대차 - 추돌 - 진행중,안전거리미확보,건조,맑음,단일로 - 기타,원동기,남,17세,경상,승용,남,46세,상해없음
2014093000100618,2014년 9월 30일 19시,화요일,전라남도 고흥군 대서면,중상사고,0,1,0,0,차대차 - 추돌 - 진행중,안전운전불이행,건조,맑음,단일로 - 기타,승용,남,45세,상해없음,자전거,남,60세,중상
2014093000100721,2014년 9월 30일 22시,화요일,전라남도 순천시 연향동,경상사고,0,0,1,0,차대차 - 측면직각충돌,안전운전불이행,건조,맑음,교차로 - 교차로안,승용,남,57세,상해없음,승용,여,46세,경상
2014093000100722,2014년 9월 30일 22시,화요일,전라남도 영암군 영암읍,중상사고,0,1,0,0,차량단독 - 도로외이탈 - 기타,안전운전불이행,건조,맑음,단일로 - 기타,원동기,남,38세,중상,,,,
2014093000100723,2014년 9월 30일 22시,화요일,전라남도 광양시 중동,부상신고사고,0,0,0,1,차대차 - 기타,안전운전불이행,건조,맑음,교차로 - 교차로안,자전거,남,15세,부상신고,승용,남,43세,상해없음
2014100100100030,2014년 10월 1일 01시,수요일,전라남도 순천시 연향동,중상사고,0,1,0,0,차대사람 - 기타,안전운전불이행,건조,맑음,단일로 - 기타,승용,여,39세,상해없음,보행자,남,56세,중상
2014100100100079,2014년 10월 1일 06시,수요일,전라남도 해남군 해남읍,중상사고,0,2,0,1,차대차 - 기타,교차로운행방법위반,건조,맑음,교차로 - 교차로안,승용,남,51세,부상신고,화물,남,68세,중상
2014100100100176,2014년 10월 1일 09시,수요일,전라남도 영암군 삼호읍,경상사고,0,0,3,0,차대차 - 기타,불법유턴,건조,맑음,교차로 - 교차로안,승용,남,74세,기타불명,승용,남,47세,경상
2014100100100232,2014년 10월 1일 11시,수요일,전라남도 완도군 완도읍,중상사고,0,1,0,0,차대사람 - 기타,안전운전불이행,건조,맑음,단일로 - 기타,화물,남,59세,상해없음,보행자,남,71세,중상
2014100100100256,2014년 10월 1일 12시,수요일,전라남도 담양군 금성면,중상사고,0,1,0,0,차대차 - 기타,안전운전불이행,건조,맑음,교차로 - 교차로안,승용,남,31세,상해없음,원동기,남,69세,중상
2014100100100284,2014년 10월 1일 13시,수요일,전라남도 여수시 신기동,중상사고,0,1,0,0,차대차 - 기타,안전운전불이행,건조,맑음,교차로 - 교차로부근,승용,여,38세,상해없음,승합,남,42세,상해없음
2014100100100285,2014년 10월 1일 13시,수요일,전라남도 해남군 황산면,중상사고,0,1,0,0,차대사람 - 횡단중,중앙선침범,건조,맑음,단일로 - 기타,화물,남,56세,상해없음,보행자,여,82세,중상
2014100100100286,2014년 10월 1일 13시,수요일,전라남도 영암군 삼호읍,경상사고,0,0,1,0,차대차 - 기타,안전운전불이행,건조,맑음,교차로 - 교차로부근,승용,남,61세,상해없음,승용,여,46세,경상
2014100100100322,2014년 10월 1일 14시,수요일,전라남도 여수시 신월동,경상사고,0,0,1,0,차대차 - 정면충돌,안전운전불이행,건조,맑음,단일로 - 기타,승용,남,48세,상해없음,승용,남,58세,경상
2014100100100323,2014년 10월 1일 14시,수요일,전라남도 완도군 완도읍,경상사고,0,0,1,0,차대차 - 측면직각충돌,직진우회전진행방해,건조,맑음,교차로 - 교차로안,승용,남,76세,상해없음,승용,남,26세,경상
2014100100100354,2014년 10월 1일 15시,수요일,전라남도 여수시 돌산읍,경상사고,0,0,3,0,차대차 - 측면직각충돌,교차로운행방법위반,건조,맑음,교차로 - 교차로안,승합,여,46세,경상,승합,남,57세,상해없음
2014100100100387,2014년 10월 1일 16시,수요일,전라남도 영광군 홍농읍,경상사고,0,0,4,0,차대차 - 기타,안전운전불이행,건조,맑음,단일로 - 기타,화물,남,56세,상해없음,승용,남,30세,경상
2014100100100419,2014년 10월 1일 17시,수요일,전라남도 여수시 교동,경상사고,0,0,1,0,차대사람 - 횡단중,안전운전불이행,건조,맑음,단일로 - 기타,승용,남,18세,상해없음,보행자,여,37세,경상
2014100100100420,2014년 10월 1일 17시,수요일,전라남도 고흥군 도양읍,중상사고,0,1,1,0,차대차 - 추돌 - 주정차중,안전거리미확보,건조,맑음,교차로 - 교차로안,승합,남,58세,상해없음,화물,남,33세,중상
2014100100100466,2014년 10월 1일 18시,수요일,전라남도 여수시 소라면,사망사고,1,0,0,0,차대사람 - 기타,안전운전불이행,건조,맑음,교차로 - 교차로부근,승용,여,47세,상해없음,보행자,여,89세,사망
2014100100100467,2014년 10월 1일 18시,수요일,전라남도 고흥군 포두면,경상사고,0,0,1,0,차대차 - 측면직각충돌,안전운전불이행,건조,맑음,단일로 - 기타,농기계,남,57세,경상,승용,여,46세,상해없음
2014100100100508,2014년 10월 1일 19시,수요일,전라남도 목포시 옥암동,경상사고,0,0,1,0,차대차 - 기타,안전운전불이행,건조,흐림,단일로 - 기타,승용,여,49세,상해없음,승용,남,33세,경상
2014100100100546,2014년 10월 1일 20시,수요일,전라남도 신안군 압해읍,경상사고,0,0,1,0,차대사람 - 차도통행중,안전운전불이행,건조,흐림,단일로 - 기타,승용,남,47세,상해없음,보행자,남,72세,경상
2014100100100584,2014년 10월 1일 21시,수요일,전라남도 해남군 문내면,경상사고,0,0,2,2,차대차 - 측면직각충돌,안전운전불이행,건조,맑음,교차로 - 교차로안,기타불명,기타불명,기타불명,기타불명,승용,여,28세,경상
2014100100100585,2014년 10월 1일 21시,수요일,전라남도 광양시 진월면,중상사고,0,1,0,0,차대차 - 추돌 - 주정차중,안전운전불이행,건조,맑음,단일로 - 기타,승용,남,27세,중상,승용,남,28세,기타불명
2014100100100608,2014년 10월 1일 22시,수요일,전라남도 화순군 화순읍,경상사고,0,0,1,1,차대차 - 추돌 - 주정차중,안전운전불이행,건조,맑음,단일로 - 기타,승용,남,61세,부상신고,승용,남,44세,상해없음
2014100200100063,2014년 10월 2일 05시,목요일,전라남도 장성군 장성읍,중상사고,0,1,0,0,차량단독 - 공작물충돌,안전운전불이행,건조,맑음,단일로 - 기타,승용,남,43세,상해없음,,,,
2014100200100096,2014년 10월 2일 07시,목요일,전라남도 나주시 부덕동,사망사고,1,2,2,0,차대차 - 정면충돌,중앙선침범,건조,맑음,교차로 - 교차로부근,화물,남,66세,중상,화물,남,57세,경상
2014100200100097,2014년 10월 2일 07시,목요일,전라남도 나주시 봉황면,중상사고,0,1,0,0,차대차 - 기타,안전운전불이행,건조,맑음,단일로 - 기타,자전거,남,79세,중상,건설기계,남,28세,상해없음
2014100200100137,2014년 10월 2일 08시,목요일,전라남도 목포시 용당동,경상사고,0,0,1,0,차대차 - 추돌 - 주정차중,안전운전불이행,건조,맑음,교차로 - 교차로부근,승용,남,29세,상해없음,승용,여,62세,경상
2014100200100173,2014년 10월 2일 09시,목요일,전라남도 영암군 삼호읍,경상사고,0,0,1,0,차대차 - 측면직각충돌,신호위반,건조,맑음,교차로 - 교차로안,화물,남,68세,상해없음,승용,남,43세,경상
2014100200100174,2014년 10월 2일 09시,목요일,전라남도 무안군 일로읍,중상사고,0,1,0,0,차대차 - 기타,안전운전불이행,건조,맑음,단일로 - 기타,승용,여,46세,상해없음,자전거,남,53세,중상
2014100200100194,2014년 10월 2일 10시,목요일,전라남도 장흥군 안양면,중상사고,0,1,1,0,차대차 - 기타,교차로운행방법위반,건조,맑음,교차로 - 교차로안,승용,여,53세,상해없음,농기계,남,68세,중상
2014100200100195,2014년 10월 2일 10시,목요일,전라남도 해남군 문내면,중상사고,0,2,0,1,차대사람 - 기타,안전운전불이행,기타,맑음,기타 - 기타,승용,남,73세,상해없음,보행자,여,78세,중상
2014100200100196,2014년 10월 2일 10시,목요일,전라남도 담양군 담양읍,경상사고,0,0,1,0,차량단독 - 기타,기타,건조,맑음,기타 - 기타,원동기,남,55세,경상,,,,
2014100200100197,2014년 10월 2일 10시,목요일,전라남도 곡성군 곡성읍,중상사고,0,1,0,0,차대사람 - 기타,안전운전불이행,건조,맑음,단일로 - 교량,화물,남,66세,상해없음,보행자,여,53세,중상
2014100200100229,2014년 10월 2일 11시,목요일,전라남도 여수시 오림동,경상사고,0,0,2,0,차대차 - 추돌 - 주정차중,안전운전불이행,건조,맑음,단일로 - 기타,승용,남,27세,경상,승용,남,64세,경상
2014100200100230,2014년 10월 2일 11시,목요일,전라남도 여수시 소라면,경상사고,0,0,3,0,차대차 - 추돌 - 주정차중,안전운전불이행,건조,맑음,교차로 - 교차로부근,화물,남,52세,상해없음,승용,여,51세,경상
2014100200100261,2014년 10월 2일 12시,목요일,전라남도 순천시 풍덕동,중상사고,0,1,0,0,차대사람 - 기타,안전운전불이행,건조,맑음,단일로 - 기타,승용,남,44세,상해없음,보행자,여,87세,중상
2014100200100289,2014년 10월 2일 13시,목요일,전라남도 여수시 문수동,중상사고,0,1,0,0,차대차 - 측면직각충돌,안전운전불이행,건조,맑음,교차로 - 교차로부근,승용,남,33세,상해없음,원동기,남,17세,중상
2014100200100290,2014년 10월 2일 13시,목요일,전라남도 장흥군 장흥읍,경상사고,0,0,1,0,차대차 - 기타,교차로운행방법위반,건조,맑음,교차로 - 교차로안,승합,남,66세,상해없음,승용,여,45세,경상
2014100200100291,2014년 10월 2일 13시,목요일,전라남도 무안군 청계면,중상사고,0,1,0,0,차대사람 - 기타,신호위반,건조,맑음,교차로 - 교차로안,화물,남,62세,상해없음,보행자,여,64세,중상
2014100200100321,2014년 10월 2일 14시,목요일,전라남도 목포시 옥암동,경상사고,0,0,2,0,차대차 - 기타,신호위반,건조,맑음,교차로 - 교차로안,승용,여,37세,상해없음,승용,여,61세,경상
2014100200100349,2014년 10월 2일 15시,목요일,전라남도 여수시 안산동,경상사고,0,0,1,0,차대사람 - 횡단중,안전운전불이행,건조,맑음,단일로 - 기타,기타불명,기타불명,기타불명,기타불명,보행자,남,13세,경상
2014100200100350,2014년 10월 2일 15시,목요일,전라남도 장흥군 장흥읍,경상사고,0,0,1,0,차대차 - 기타,안전운전불이행,건조,맑음,교차로 - 교차로부근,승용,여,69세,상해없음,화물,남,70세,경상
2014100200100351,2014년 10월 2일 15시,목요일,전라남도 화순군 화순읍,경상사고,0,0,1,0,차대차 - 측면직각충돌,안전운전불이행,건조,맑음,교차로 - 교차로부근,화물,남,47세,상해없음,승용,남,51세,경상
2014100200100377,2014년 10월 2일 16시,목요일,전라남도 여수시 주삼동,경상사고,0,0,2,1,차대차 - 기타,안전운전불이행,건조,맑음,미분류 - 미분류,승용,남,48세,부상신고,화물,남,54세,경상
2014100200100378,2014년 10월 2일 16시,목요일,전라남도 나주시 금천면,경상사고,0,0,1,0,차대차 - 기타,안전운전불이행,습기,흐림,단일로 - 기타,화물,남,49세,상해없음,자전거,남,9세,경상
2014100200100471,2014년 10월 2일 18시,목요일,전라남도 목포시 옥암동,경상사고,0,0,1,0,차대사람 - 기타,안전운전불이행,건조,맑음,기타 - 기타,승합,남,62세,상해없음,보행자,여,36세,경상
2014100200100472,2014년 10월 2일 18시,목요일,전라남도 목포시 대양동,경상사고,0,0,3,0,차대차 - 기타,안전운전불이행,건조,맑음,단일로 - 기타,승용,여,38세,상해없음,승용,남,37세,경상
2014100200100473,2014년 10월 2일 18시,목요일,전라남도 여수시 신기동,경상사고,0,0,1,0,차대차 - 기타,안전거리미확보,건조,맑음,단일로 - 기타,승용,남,55세,상해없음,승용,남,33세,경상
2014100200100474,2014년 10월 2일 18시,목요일,전라남도 순천시 조례동,중상사고,0,1,0,0,차대사람 - 횡단중,안전운전불이행,건조,맑음,단일로 - 기타,이륜,남,32세,상해없음,보행자,여,58세,중상
2014100200100475,2014년 10월 2일 18시,목요일,전라남도 순천시 연향동,경상사고,0,0,5,0,차대차 - 기타,안전운전불이행,건조,맑음,교차로 - 교차로안,승용,남,38세,경상,승합,남,53세,경상
2014100200100476,2014년 10월 2일 18시,목요일,전라남도 영광군 영광읍,중상사고,0,1,0,0,차대차 - 기타,안전운전불이행,건조,맑음,교차로 - 교차로안,자전거,남,54세,중상,화물,남,55세,상해없음
2014100200100477,2014년 10월 2일 18시,목요일,전라남도 담양군 담양읍,경상사고,0,0,1,0,차대차 - 기타,중앙선침범,건조,맑음,교차로 - 교차로안,원동기,남,74세,경상,승용,여,41세,상해없음
2014100200100478,2014년 10월 2일 18시,목요일,전라남도 광양시 광양읍,중상사고,0,2,3,0,차대차 - 정면충돌,중앙선침범,건조,맑음,단일로 - 기타,승합,남,50세,경상,승용,남,46세,경상
2014100200100570,2014년 10월 2일 20시,목요일,전라남도 강진군 강진읍,경상사고,0,0,2,0,차대차 - 측면직각충돌,안전운전불이행,건조,맑음,교차로 - 교차로안,화물,남,52세,상해없음,승합,남,45세,경상
2014100200100640,2014년 10월 2일 22시,목요일,전라남도 나주시 왕곡면,경상사고,0,0,1,0,차대차 - 기타,안전운전불이행,습기,흐림,단일로 - 기타,승용,남,47세,상해없음,이륜,남,40세,경상
2014100200100641,2014년 10월 2일 22시,목요일,전라남도 광양시 중군동,경상사고,0,0,1,0,차대차 - 측면직각충돌,신호위반,건조,맑음,교차로 - 교차로안,승용,남,43세,기타불명,승용,남,51세,경상
2014100200100642,2014년 10월 2일 22시,목요일,전라남도 광양시 광영동,경상사고,0,0,1,0,차대차 - 추돌 - 주정차중,안전운전불이행,건조,맑음,교차로 - 교차로부근,승용,남,47세,상해없음,승용,여,28세,경상
2014100200100643,2014년 10월 2일 22시,목요일,전라남도 광양시 금호동,중상사고,0,1,0,0,차대차 - 기타,안전운전불이행,건조,맑음,교차로 - 교차로부근,자전거,여,14세,중상,승용,여,46세,상해없음
2014100200100677,2014년 10월 2일 23시,목요일,전라남도 여수시 학동,부상신고사고,0,0,0,1,차대사람 - 기타,안전운전불이행,건조,맑음,단일로 - 기타,기타불명,기타불명,기타불명,기타불명,보행자,여,24세,부상신고
2014100300100041,2014년 10월 3일 01시,금요일,전라남도 목포시 상동,경상사고,0,0,1,0,차대차 - 측면직각충돌,안전운전불이행,건조,맑음,교차로 - 교차로부근,승용,남,31세,상해없음,자전거,남,32세,경상
2014100300100090,2014년 10월 3일 04시,금요일,전라남도 장성군 북하면,경상사고,0,0,1,0,차량단독 - 기타,안전운전불이행,건조,맑음,단일로 - 기타,승용,남,28세,경상,,,,
2014100300100130,2014년 10월 3일 07시,금요일,전라남도 고흥군 동강면,사망사고,1,0,0,0,차대차 - 기타,안전운전불이행,건조,맑음,교차로 - 교차로부근,화물,남,69세,상해없음,이륜,남,58세,사망
2014100300100131,2014년 10월 3일 07시,금요일,전라남도 해남군 황산면,중상사고,0,2,1,0,차대차 - 측면직각충돌,중앙선침범,건조,맑음,단일로 - 기타,승용,여,29세,경상,이륜,남,76세,중상
2014100300100175,2014년 10월 3일 09시,금요일,전라남도 여수시 선원동,중상사고,0,1,0,0,차량단독 - 기타,안전운전불이행,건조,맑음,교차로 - 교차로안,승합,남,42세,상해없음,,,,
2014100300100176,2014년 10월 3일 09시,금요일,전라남도 장흥군 장흥읍,중상사고,0,1,0,0,차대차 - 측면직각충돌,교차로운행방법위반,건조,맑음,교차로 - 교차로안,화물,남,51세,상해없음,원동기,여,67세,중상
2014100300100177,2014년 10월 3일 09시,금요일,전라남도 강진군 강진읍,경상사고,0,0,1,0,차대차 - 측면직각충돌,중앙선침범,건조,맑음,교차로 - 교차로부근,승용,남,72세,상해없음,자전거,남,13세,경상
2014100300100272,2014년 10월 3일 12시,금요일,전라남도 영암군 미암면,중상사고,0,1,0,0,차대사람 - 차도통행중,안전운전불이행,건조,맑음,단일로 - 기타,승용,남,55세,상해없음,보행자,여,15세,중상
2014100300100306,2014년 10월 3일 13시,금요일,전라남도 순천시 별량면,경상사고,0,0,4,0,차대차 - 추돌 - 주정차중,안전운전불이행,건조,맑음,단일로 - 기타,승합,남,55세,상해없음,화물,남,51세,경상
2014100300100342,2014년 10월 3일 14시,금요일,전라남도 나주시 문평면,중상사고,0,1,0,0,차대사람 - 기타,안전운전불이행,건조,맑음,단일로 - 기타,승용,남,41세,상해없음,보행자,여,81세,중상
2014100300100343,2014년 10월 3일 14시,금요일,전라남도 해남군 북평면,경상사고,0,0,4,0,차대차 - 측면직각충돌,안전운전불이행,건조,맑음,단일로 - 기타,승합,남,66세,상해없음,승용,여,42세,경상
2014100300100344,2014년 10월 3일 14시,금요일,전라남도 광양시 광양읍,사망사고,1,2,0,0,차대차 - 정면충돌,안전운전불이행,건조,맑음,단일로 - 기타,승용,남,63세,사망,승용,여,52세,중상
2014100300100371,2014년 10월 3일 15시,금요일,전라남도 목포시 옥암동,경상사고,0,0,1,0,차대차 - 추돌 - 주정차중,안전운전불이행,건조,맑음,단일로 - 기타,자전거,남,15세,경상,화물,남,46세,상해없음
2014100300100420,2014년 10월 3일 16시,금요일,전라남도 고흥군 금산면,경상사고,0,0,1,0,차대차 - 측면직각충돌,안전운전불이행,건조,맑음,교차로 - 교차로안,승용,여,31세,상해없음,원동기,남,68세,경상
2014100300100421,2014년 10월 3일 16시,금요일,전라남도 무안군 해제면,경상사고,0,0,1,0,차량단독 - 기타,안전운전불이행,건조,맑음,단일로 - 기타,승용,남,34세,상해없음,,,,
2014100300100465,2014년 10월 3일 17시,금요일,전라남도 순천시 서면,경상사고,0,0,1,0,차대차 - 기타,안전운전불이행,건조,맑음,교차로 - 교차로안,건설기계,남,40세,상해없음,화물,남,58세,경상
2014100300100466,2014년 10월 3일 17시,금요일,전라남도 순천시 해룡면,중상사고,0,1,1,0,차대차 - 기타,기타,건조,맑음,단일로 - 횡단보도상,승용,여,44세,상해없음,자전거,남,10세,경상
2014100300100467,2014년 10월 3일 17시,금요일,전라남도 고흥군 동강면,경상사고,0,0,1,0,차대차 - 기타,안전운전불이행,건조,맑음,교차로 - 교차로안,화물,남,65세,상해없음,원동기,여,65세,경상
2014100300100468,2014년 10월 3일 17시,금요일,전라남도 해남군 현산면,중상사고,0,5,1,0,차대차 - 추돌 - 진행중,안전거리미확보,건조,맑음,단일로 - 기타,승합,남,40세,경상,승용,여,44세,중상
2014100300100512,2014년 10월 3일 18시,금요일,전라남도 여수시 오림동,경상사고,0,0,1,0,차량단독 - 기타,안전운전불이행,건조,맑음,단일로 - 기타,자전거,남,8세,경상,,,,
2014100300100557,2014년 10월 3일 19시,금요일,전라남도 목포시 석현동,경상사고,0,0,1,0,차대차 - 측면직각충돌,신호위반,건조,맑음,단일로 - 기타,승용,남,66세,상해없음,자전거,남,36세,경상
2014100300100558,2014년 10월 3일 19시,금요일,전라남도 나주시 이창동,경상사고,0,0,1,1,차대차 - 측면직각충돌,기타,건조,맑음,교차로 - 교차로안,이륜,남,19세,부상신고,이륜,남,39세,경상
2014100300100595,2014년 10월 3일 20시,금요일,전라남도 목포시 옥암동,경상사고,0,0,1,0,차대차 - 측면직각충돌,안전운전불이행,건조,맑음,단일로 - 기타,승용,남,53세,상해없음,자전거,남,9세,경상
2014100300100596,2014년 10월 3일 20시,금요일,전라남도 순천시 풍덕동,중상사고,0,1,0,0,차대차 - 측면직각충돌,안전거리미확보,건조,맑음,단일로 - 기타,승용,남,59세,상해없음,이륜,남,20세,중상
2014100300100658,2014년 10월 3일 22시,금요일,전라남도 목포시 용당동,경상사고,0,0,1,0,차대차 - 측면직각충돌,신호위반,건조,맑음,교차로 - 교차로안,승용,남,55세,상해없음,승용,남,56세,상해없음
2014100300100659,2014년 10월 3일 22시,금요일,전라남도 목포시 대성동,경상사고,0,0,3,0,차대차 - 추돌 - 진행중,안전운전불이행,건조,맑음,단일로 - 기타,승합,남,48세,상해없음,승용,남,51세,경상
2014100300100660,2014년 10월 3일 22시,금요일,전라남도 순천시 덕월동,경상사고,0,0,2,0,차대차 - 측면직각충돌,신호위반,건조,맑음,교차로 - 교차로안,승용,여,49세,상해없음,승용,남,45세,경상
2014100300100681,2014년 10월 3일 23시,금요일,전라남도 목포시 산정동,중상사고,0,1,0,0,차대차 - 정면충돌,중앙선침범,건조,맑음,단일로 - 기타,승용,남,53세,상해없음,승용,남,50세,중상
2014100300100682,2014년 10월 3일 23시,금요일,전라남도 순천시 석현동,경상사고,0,0,1,0,차대차 - 추돌 - 주정차중,안전운전불이행,건조,맑음,기타 - 기타,승용,여,62세,상해없음,승용,남,55세,경상
2014100300100683,2014년 10월 3일 23시,금요일,전라남도 담양군 남면,경상사고,0,0,2,0,차대차 - 기타,안전운전불이행,건조,맑음,단일로 - 기타,승용,여,19세,상해없음,승용,남,53세,경상
2014100400100014,2014년 10월 4일 00시,토요일,전라남도 담양군 담양읍,경상사고,0,0,1,0,차량단독 - 공작물충돌,안전운전불이행,건조,맑음,단일로 - 기타,승용,남,29세,상해없음,,,,
2014100400100015,2014년 10월 4일 00시,토요일,전라남도 무안군 삼향읍,경상사고,0,0,4,1,차대차 - 측면직각충돌,직진우회전진행방해,건조,맑음,교차로 - 교차로안,승용,남,35세,부상신고,승용,여,40세,경상
2014100400100092,2014년 10월 4일 07시,토요일,전라남도 영광군 영광읍,경상사고,0,0,2,0,차대차 - 기타,신호위반,건조,맑음,교차로 - 교차로안,화물,남,52세,상해없음,승용,여,39세,경상
2014100400100093,2014년 10월 4일 07시,토요일,전라남도 영암군 삼호읍,경상사고,0,0,2,0,차대차 - 측면직각충돌,안전거리미확보,건조,맑음,단일로 - 기타,승용,남,42세,경상,승용,남,28세,경상
2014100400100094,2014년 10월 4일 07시,토요일,전라남도 광양시 마동,경상사고,0,0,1,0,차대차 - 측면직각충돌,신호위반,건조,맑음,교차로 - 교차로안,자전거,남,15세,경상,승용,남,50세,상해없음
2014100400100116,2014년 10월 4일 08시,토요일,전라남도 순천시 해룡면,중상사고,0,1,0,0,차대차 - 기타,안전운전불이행,건조,맑음,단일로 - 기타,화물,남,33세,상해없음,승용,남,38세,중상
2014100400100117,2014년 10월 4일 08시,토요일,전라남도 완도군 완도읍,중상사고,0,2,0,0,차대차 - 추돌 - 진행중,안전운전불이행,건조,맑음,교차로 - 교차로부근,승용,남,42세,상해없음,승용,남,64세,중상
2014100400100137,2014년 10월 4일 09시,토요일,전라남도 무안군 몽탄면,경상사고,0,0,2,0,차대차 - 측면직각충돌,중앙선침범,건조,맑음,단일로 - 기타,승용,남,32세,경상,승용,남,19세,경상
2014100400100164,2014년 10월 4일 10시,토요일,전라남도 완도군 완도읍,경상사고,0,0,1,0,차대차 - 정면충돌,교차로운행방법위반,건조,맑음,교차로 - 교차로부근,승용,여,54세,상해없음,승용,여,45세,경상
2014100400100165,2014년 10월 4일 10시,토요일,전라남도 무안군 삼향읍,중상사고,0,1,1,0,차대차 - 측면직각충돌,중앙선침범,건조,맑음,교차로 - 교차로안,이륜,남,70세,중상,승용,남,58세,경상
2014100400100166,2014년 10월 4일 10시,토요일,전라남도 광양시 중동,중상사고,0,1,0,0,차대차 - 측면직각충돌,직진우회전진행방해,건조,맑음,교차로 - 교차로안,건설기계,남,53세,상해없음,승용,남,47세,상해없음
2014100400100167,2014년 10월 4일 10시,토요일,전라남도 구례군 간전면,경상사고,0,0,1,0,차대사람 - 기타,안전운전불이행,건조,맑음,단일로 - 기타,화물,남,54세,상해없음,보행자,남,39세,경상
2014100400100201,2014년 10월 4일 11시,토요일,전라남도 신안군 압해읍,경상사고,0,0,1,0,차대차 - 기타,안전운전불이행,건조,맑음,단일로 - 기타,승용,남,22세,상해없음,승용,남,61세,경상
2014100400100202,2014년 10월 4일 11시,토요일,전라남도 여수시 충무동,중상사고,0,1,0,0,차대사람 - 길가장자리구역통행중,안전운전불이행,건조,맑음,단일로 - 기타,승용,여,33세,상해없음,보행자,남,79세,중상
2014100400100203,2014년 10월 4일 11시,토요일,전라남도 나주시 문평면,경상사고,0,0,1,0,차대차 - 기타,안전운전불이행,건조,맑음,교차로 - 교차로안,승용,여,57세,상해없음,이륜,여,72세,경상
2014100400100204,2014년 10월 4일 11시,토요일,전라남도 담양군 창평면,경상사고,0,0,1,0,차대사람 - 횡단중,안전운전불이행,건조,맑음,단일로 - 기타,승용,여,52세,상해없음,보행자,남,4세,경상
2014100400100237,2014년 10월 4일 12시,토요일,전라남도 여수시 여서동,경상사고,0,0,1,0,차대사람 - 횡단중,보행자보호의무위반,건조,맑음,단일로 - 횡단보도상,승용,남,52세,상해없음,보행자,남,60세,경상
2014100400100238,2014년 10월 4일 12시,토요일,전라남도 순천시 대대동,중상사고,0,1,0,0,차대사람 - 횡단중,보행자보호의무위반,건조,맑음,단일로 - 기타,승용,남,40세,상해없음,보행자,여,66세,중상
2014100400100239,2014년 10월 4일 12시,토요일,전라남도 순천시 대대동,경상사고,0,0,1,0,차대차 - 추돌 - 주정차중,안전운전불이행,건조,맑음,기타 - 기타,승용,남,58세,상해없음,승용,남,44세,경상
2014100400100240,2014년 10월 4일 12시,토요일,전라남도 고흥군 동강면,경상사고,0,0,1,0,차량단독 - 공작물충돌,안전운전불이행,건조,맑음,단일로 - 기타,승용,여,26세,경상,,,,
2014100400100241,2014년 10월 4일 12시,토요일,전라남도 곡성군 오곡면,사망사고,1,0,0,0,차량단독 - 기타,안전운전불이행,건조,맑음,교차로 - 교차로부근,원동기,남,42세,사망,,,,
2014100400100278,2014년 10월 4일 13시,토요일,전라남도 장성군 삼서면,중상사고,0,1,0,0,차대차 - 측면직각충돌,안전운전불이행,건조,맑음,교차로 - 교차로안,이륜,남,64세,중상,화물,남,36세,상해없음
2014100400100279,2014년 10월 4일 13시,토요일,전라남도 구례군 마산면,사망사고,1,2,4,0,차대차 - 정면충돌,중앙선침범,건조,맑음,단일로 - 기타,화물,남,61세,사망,승용,여,39세,경상
2014100400100349,2014년 10월 4일 15시,토요일,전라남도 담양군 담양읍,경상사고,0,0,1,0,차대차 - 추돌 - 주정차중,안전운전불이행,건조,맑음,교차로 - 교차로부근,화물,남,35세,상해없음,승용,여,60세,경상
2014100400100350,2014년 10월 4일 15시,토요일,전라남도 진도군 진도읍,경상사고,0,0,1,0,차대차 - 측면직각충돌,교차로운행방법위반,건조,맑음,교차로 - 교차로안,원동기,남,68세,경상,화물,남,44세,상해없음
2014100400100384,2014년 10월 4일 16시,토요일,전라남도 목포시 용해동,중상사고,0,1,1,0,차대차 - 기타,신호위반,건조,맑음,교차로 - 교차로안,화물,남,52세,경상,승용,여,45세,중상
2014100400100385,2014년 10월 4일 16시,토요일,전라남도 장흥군 대덕읍,경상사고,0,0,2,0,차대차 - 정면충돌,중앙선침범,건조,맑음,단일로 - 기타,화물,남,43세,상해없음,화물,남,44세,경상
2014100400100386,2014년 10월 4일 16시,토요일,전라남도 영광군 영광읍,경상사고,0,0,1,0,차대차 - 측면직각충돌,안전운전불이행,건조,맑음,교차로 - 교차로안,승용,남,59세,상해없음,승용,남,64세,경상