사고번호,사고일시,요일,시군구,사고내용,사망자수,중상자수,경상자수,부상신고자수,사고유형,법규위반,노면상태,기상상태,도로형태,가해운전자 차종,가해운전자 성별,가해운전자 연령,가해운전자 상해정도,피해운전자 차종,피해운전자 성별,피해운전자 연령,피해운전자 상해정도
2014100400100387,2014년 10월 4일 16시,토요일,전라남도 광양시 성황동,경상사고,0,0,1,0,차대차 - 추돌 - 주정차중,안전운전불이행,건조,맑음,교차로 - 교차로부근,승용,남,45세,상해없음,승용,남,34세,경상
2014100400100423,2014년 10월 4일 17시,토요일,전라남도 목포시 남교동,경상사고,0,0,2,0,차대차 - 기타,안전운전불이행,건조,맑음,단일로 - 기타,승합,남,65세,상해없음,승용,남,29세,경상
2014100400100424,2014년 10월 4일 17시,토요일,전라남도 순천시 연향동,경상사고,0,0,1,0,차대차 - 기타,안전운전불이행,건조,맑음,기타 - 기타,승용,남,59세,상해없음,자전거,남,48세,경상
2014100400100462,2014년 10월 4일 18시,토요일,전라남도 목포시 동명동,경상사고,0,0,1,0,차대사람 - 횡단중,안전운전불이행,건조,맑음,단일로 - 횡단보도상,승용,남,59세,상해없음,보행자,여,13세,경상
2014100400100463,2014년 10월 4일 18시,토요일,전라남도 순천시 오천동,경상사고,0,0,3,0,차대차 - 기타,안전운전불이행,건조,맑음,단일로 - 기타,화물,남,51세,상해없음,승용,남,35세,경상
2014100400100464,2014년 10월 4일 18시,토요일,전라남도 완도군 완도읍,경상사고,0,0,1,0,차대사람 - 기타,안전운전불이행,건조,맑음,단일로 - 기타,화물,남,34세,상해없음,보행자,남,53세,경상
2014100400100524,2014년 10월 4일 20시,토요일,전라남도 장흥군 대덕읍,중상사고,0,2,0,0,차대차 - 측면직각충돌,교차로운행방법위반,건조,맑음,교차로 - 교차로안,화물,남,64세,상해없음,원동기,남,18세,중상
2014100400100525,2014년 10월 4일 20시,토요일,전라남도 광양시 중동,경상사고,0,0,1,0,차대차 - 추돌 - 진행중,안전운전불이행,건조,맑음,단일로 - 기타,승합,남,48세,상해없음,승용,남,28세,경상
2014100400100590,2014년 10월 4일 22시,토요일,전라남도 목포시 용해동,중상사고,0,2,0,0,차대사람 - 기타,보행자보호의무위반,건조,맑음,단일로 - 횡단보도상,승용,남,19세,상해없음,보행자,남,27세,중상
2014100400100623,2014년 10월 4일 23시,토요일,전라남도 여수시 학동,경상사고,0,0,1,0,차대차 - 추돌 - 진행중,안전운전불이행,건조,맑음,단일로 - 기타,승용,여,40세,상해없음,승용,여,29세,경상
2014100500100031,2014년 10월 5일 01시,일요일,전라남도 순천시 연향동,경상사고,0,0,2,0,차대차 - 기타,교차로운행방법위반,건조,맑음,교차로 - 교차로안,승용,남,26세,상해없음,승용,남,42세,경상
2014100500100058,2014년 10월 5일 03시,일요일,전라남도 여수시 서교동,중상사고,0,1,1,1,차대차 - 측면직각충돌,신호위반,건조,맑음,교차로 - 교차로안,승용,남,21세,부상신고,승용,남,50세,경상
2014100500100095,2014년 10월 5일 07시,일요일,전라남도 해남군 해남읍,중상사고,0,2,0,0,차대차 - 기타,안전운전불이행,건조,맑음,단일로 - 기타,화물,남,35세,상해없음,승합,남,51세,중상
2014100500100135,2014년 10월 5일 10시,일요일,전라남도 여수시 여서동,경상사고,0,0,1,0,차대차 - 측면직각충돌,안전운전불이행,건조,맑음,단일로 - 기타,승용,남,33세,상해없음,승용,남,43세,경상
2014100500100136,2014년 10월 5일 10시,일요일,전라남도 보성군 보성읍,경상사고,0,0,1,0,차대차 - 측면직각충돌,직진우회전진행방해,건조,맑음,교차로 - 교차로안,승용,남,66세,경상,승합,남,57세,상해없음
2014100500100164,2014년 10월 5일 11시,일요일,전라남도 순천시 해룡면,경상사고,0,0,1,0,차대차 - 기타,교차로운행방법위반,건조,맑음,교차로 - 교차로부근,승용,남,41세,상해없음,자전거,남,57세,경상
2014100500100165,2014년 10월 5일 11시,일요일,전라남도 순천시 해룡면,경상사고,0,0,2,0,차대차 - 기타,안전운전불이행,건조,맑음,교차로 - 교차로안,화물,남,29세,상해없음,승용,남,30세,경상
2014100500100166,2014년 10월 5일 11시,일요일,전라남도 장성군 삼계면,경상사고,0,0,2,0,차량단독 - 공작물충돌,안전운전불이행,건조,맑음,교차로 - 교차로부근,승용,남,21세,경상,,,,
2014100500100167,2014년 10월 5일 11시,일요일,전라남도 담양군 담양읍,경상사고,0,0,2,0,차대차 - 기타,교차로운행방법위반,건조,맑음,교차로 - 교차로안,승용,남,41세,상해없음,승용,남,63세,경상
2014100500100168,2014년 10월 5일 11시,일요일,전라남도 무안군 현경면,중상사고,0,1,5,0,차대차 - 추돌 - 주정차중,안전운전불이행,건조,맑음,교차로 - 교차로부근,화물,남,53세,상해없음,승용,남,57세,중상
2014100500100218,2014년 10월 5일 13시,일요일,전라남도 목포시 석현동,중상사고,0,1,3,0,차대차 - 측면직각충돌,교차로운행방법위반,건조,맑음,교차로 - 교차로안,승용,여,59세,경상,승용,남,61세,중상
2014100500100219,2014년 10월 5일 13시,일요일,전라남도 순천시 연향동,경상사고,0,0,4,0,차대차 - 측면직각충돌,안전운전불이행,건조,맑음,단일로 - 기타,승용,여,43세,경상,승용,여,47세,경상
2014100500100239,2014년 10월 5일 14시,일요일,전라남도 목포시 옥암동,경상사고,0,0,2,0,차대차 - 측면직각충돌,안전운전불이행,건조,맑음,단일로 - 기타,자전거,남,10세,경상,승용,남,33세,상해없음
2014100500100240,2014년 10월 5일 14시,일요일,전라남도 여수시 묘도동,경상사고,0,0,1,0,차대차 - 기타,안전운전불이행,건조,맑음,단일로 - 기타,화물,남,29세,상해없음,승용,남,27세,경상
2014100500100272,2014년 10월 5일 15시,일요일,전라남도 순천시 가곡동,경상사고,0,0,2,0,차대차 - 기타,교차로운행방법위반,건조,맑음,교차로 - 교차로부근,승용,남,67세,경상,승용,남,59세,기타불명
2014100500100322,2014년 10월 5일 16시,일요일,전라남도 여수시 군자동,경상사고,0,0,2,0,차대차 - 기타,안전운전불이행,건조,맑음,단일로 - 기타,승용,남,59세,상해없음,승용,남,27세,경상
2014100500100323,2014년 10월 5일 16시,일요일,전라남도 나주시 금천면,중상사고,0,2,0,0,차대차 - 기타,신호위반,건조,맑음,교차로 - 교차로안,승용,남,46세,상해없음,승용,남,63세,중상
2014100500100360,2014년 10월 5일 17시,일요일,전라남도 영광군 법성면,경상사고,0,0,4,0,차대차 - 측면직각충돌,교차로운행방법위반,건조,맑음,교차로 - 교차로안,승합,여,35세,경상,승용,남,56세,경상
2014100500100361,2014년 10월 5일 17시,일요일,전라남도 영암군 삼호읍,중상사고,0,1,0,0,차대차 - 추돌 - 진행중,안전운전불이행,건조,맑음,단일로 - 기타,승합,남,40세,중상,화물,남,57세,상해없음
2014100500100423,2014년 10월 5일 19시,일요일,전라남도 목포시 산정동,중상사고,0,1,0,0,차대차 - 추돌 - 주정차중,안전운전불이행,건조,맑음,단일로 - 기타,승합,남,53세,상해없음,승용,남,32세,중상
2014100500100424,2014년 10월 5일 19시,일요일,전라남도 목포시 산정동,중상사고,0,1,0,0,차대사람 - 횡단중,안전운전불이행,건조,맑음,교차로 - 교차로안,승용,여,55세,상해없음,보행자,남,65세,중상
2014100500100513,2014년 10월 5일 23시,일요일,전라남도 여수시 여서동,경상사고,0,0,2,0,차대차 - 측면직각충돌,중앙선침범,건조,맑음,교차로 - 교차로안,승합,여,47세,상해없음,승용,남,50세,경상
2014100600100031,2014년 10월 6일 03시,월요일,전라남도 함평군 월야면,경상사고,0,0,1,1,차량단독 - 기타,안전운전불이행,건조,맑음,단일로 - 기타,승용,남,30세,부상신고,,,,
2014100600100083,2014년 10월 6일 07시,월요일,전라남도 영광군 영광읍,경상사고,0,0,3,0,차대차 - 기타,교차로운행방법위반,건조,맑음,교차로 - 교차로안,화물,남,70세,상해없음,화물,남,56세,경상
2014100600100084,2014년 10월 6일 07시,월요일,전라남도 영암군 학산면,경상사고,0,0,2,0,차대차 - 추돌 - 진행중,안전운전불이행,건조,맑음,단일로 - 기타,원동기,남,82세,경상,자전거,남,72세,경상
2014100600100125,2014년 10월 6일 08시,월요일,전라남도 목포시 상동,경상사고,0,0,3,0,차대차 - 추돌 - 주정차중,안전거리미확보,건조,맑음,교차로 - 교차로부근,승용,남,34세,상해없음,승용,여,52세,경상
2014100600100126,2014년 10월 6일 08시,월요일,전라남도 나주시 산정동,경상사고,0,0,1,0,차대차 - 기타,신호위반,건조,맑음,단일로 - 기타,승용,여,70세,상해없음,승용,남,47세,경상
2014100600100127,2014년 10월 6일 08시,월요일,전라남도 고흥군 도양읍,중상사고,0,2,1,0,차대사람 - 기타,안전운전불이행,건조,맑음,단일로 - 기타,승용,여,57세,중상,보행자,남,48세,중상
2014100600100128,2014년 10월 6일 08시,월요일,전라남도 장성군 황룡면,중상사고,0,1,0,0,차대사람 - 횡단중,안전운전불이행,건조,맑음,단일로 - 기타,화물,남,48세,상해없음,보행자,남,53세,중상
2014100600100129,2014년 10월 6일 08시,월요일,전라남도 장성군 장성읍,경상사고,0,0,1,0,차대차 - 측면직각충돌,안전운전불이행,건조,맑음,교차로 - 교차로안,승용,여,47세,상해없음,이륜,남,74세,경상
2014100600100130,2014년 10월 6일 08시,월요일,전라남도 광양시 중동,경상사고,0,0,1,0,차대차 - 추돌 - 주정차중,안전운전불이행,건조,맑음,교차로 - 교차로부근,승용,남,29세,상해없음,승용,남,32세,상해없음
2014100600100179,2014년 10월 6일 09시,월요일,전라남도 순천시 조례동,부상신고사고,0,0,0,1,차대사람 - 기타,안전운전불이행,건조,맑음,단일로 - 기타,승용,여,44세,상해없음,보행자,여,63세,부상신고
2014100600100180,2014년 10월 6일 09시,월요일,전라남도 고흥군 고흥읍,중상사고,0,1,0,0,차대사람 - 기타,안전운전불이행,건조,맑음,단일로 - 기타,화물,남,47세,상해없음,보행자,여,72세,중상
2014100600100181,2014년 10월 6일 09시,월요일,전라남도 영암군 영암읍,중상사고,0,1,0,0,차대차 - 추돌 - 진행중,직진우회전진행방해,건조,맑음,교차로 - 교차로안,화물,여,62세,상해없음,원동기,남,77세,중상
2014100600100182,2014년 10월 6일 09시,월요일,전라남도 무안군 삼향읍,경상사고,0,0,1,0,차대차 - 측면직각충돌,안전거리미확보,건조,맑음,기타 - 기타,화물,남,62세,상해없음,승용,여,25세,경상
2014100600100283,2014년 10월 6일 12시,월요일,전라남도 목포시 산정동,경상사고,0,0,1,0,차대차 - 기타,안전운전불이행,건조,맑음,교차로 - 교차로부근,승용,남,35세,상해없음,승용,여,37세,경상
2014100600100284,2014년 10월 6일 12시,월요일,전라남도 순천시 승주읍,사망사고,1,0,0,0,차량단독 - 기타,안전운전불이행,건조,맑음,단일로 - 기타,농기계,남,76세,사망,,,,
2014100600100285,2014년 10월 6일 12시,월요일,전라남도 나주시 송월동,경상사고,0,0,1,0,차대사람 - 횡단중,안전운전불이행,건조,맑음,단일로 - 횡단보도상,승용,남,52세,상해없음,보행자,여,56세,경상
2014100600100286,2014년 10월 6일 12시,월요일,전라남도 담양군 대덕면,경상사고,0,0,1,0,차대차 - 추돌 - 진행중,안전운전불이행,건조,맑음,단일로 - 기타,이륜,남,63세,경상,화물,남,57세,상해없음
2014100600100350,2014년 10월 6일 14시,월요일,전라남도 목포시 무안동,경상사고,0,0,1,0,차대사람 - 차도통행중,안전운전불이행,건조,맑음,단일로 - 기타,승용,기타불명,기타불명,기타불명,보행자,여,43세,경상
2014100600100351,2014년 10월 6일 14시,월요일,전라남도 순천시 장천동,중상사고,0,1,0,0,차대사람 - 기타,보행자보호의무위반,건조,맑음,단일로 - 횡단보도상,승용,남,20세,상해없음,보행자,여,68세,중상
2014100600100352,2014년 10월 6일 14시,월요일,전라남도 광양시 옥룡면,사망사고,1,0,0,0,차량단독 - 기타,안전운전불이행,건조,맑음,단일로 - 기타,농기계,남,76세,사망,,,,
2014100600100386,2014년 10월 6일 15시,월요일,전라남도 목포시 산정동,경상사고,0,0,4,0,차대차 - 기타,교차로운행방법위반,건조,맑음,교차로 - 교차로안,승합,남,52세,경상,승합,남,49세,상해없음
2014100600100387,2014년 10월 6일 15시,월요일,전라남도 순천시 조례동,경상사고,0,0,1,0,차대사람 - 기타,안전운전불이행,건조,맑음,단일로 - 기타,승용,남,75세,상해없음,보행자,남,7세,경상
2014100600100388,2014년 10월 6일 15시,월요일,전라남도 해남군 삼산면,중상사고,0,1,0,1,차대차 - 측면직각충돌,기타,건조,맑음,교차로 - 교차로안,화물,남,56세,부상신고,화물,남,63세,중상
2014100600100465,2014년 10월 6일 17시,월요일,전라남도 순천시 낙안면,경상사고,0,0,2,0,차량단독 - 기타,안전운전불이행,건조,맑음,단일로 - 기타,원동기,남,67세,경상,,,,
2014100600100466,2014년 10월 6일 17시,월요일,전라남도 화순군 화순읍,경상사고,0,0,1,0,차대차 - 측면직각충돌,안전운전불이행,건조,맑음,교차로 - 교차로안,승용,남,38세,상해없음,승용,남,52세,상해없음
2014100600100598,2014년 10월 6일 20시,월요일,전라남도 장성군 삼계면,경상사고,0,0,1,0,차대차 - 측면직각충돌,안전거리미확보,건조,맑음,단일로 - 기타,기타불명,기타불명,기타불명,기타불명,승용,남,60세,경상
2014100700100046,2014년 10월 7일 05시,화요일,전라남도 무안군 일로읍,사망사고,1,1,0,0,차대차 - 측면직각충돌,교차로운행방법위반,건조,맑음,교차로 - 교차로안,승용,남,49세,상해없음,원동기,남,76세,사망
2014100700100062,2014년 10월 7일 06시,화요일,전라남도 순천시 해룡면,중상사고,0,1,0,1,차대차 - 기타,안전운전불이행,건조,맑음,단일로 - 기타,승용,남,25세,부상신고,화물,남,65세,상해없음
2014100700100091,2014년 10월 7일 07시,화요일,전라남도 목포시 상동,경상사고,0,0,1,0,차대사람 - 기타,안전운전불이행,건조,맑음,기타 - 기타,승용,남,62세,기타불명,보행자,남,61세,경상
2014100700100092,2014년 10월 7일 07시,화요일,전라남도 여수시 교동,중상사고,0,1,0,0,차대사람 - 보도통행중,보행자보호의무위반,건조,맑음,단일로 - 횡단보도상,승용,남,54세,상해없음,보행자,여,77세,중상
2014100700100127,2014년 10월 7일 08시,화요일,전라남도 여수시 묘도동,경상사고,0,0,1,0,차대차 - 추돌 - 주정차중,안전운전불이행,건조,맑음,단일로 - 교량,건설기계,남,52세,상해없음,특수,남,58세,경상
2014100700100128,2014년 10월 7일 08시,화요일,전라남도 광양시 광양읍,경상사고,0,0,1,0,차대사람 - 횡단중,보행자보호의무위반,건조,맑음,단일로 - 횡단보도상,승용,여,40세,상해없음,보행자,여,42세,경상
2014100700100170,2014년 10월 7일 09시,화요일,전라남도 여수시 신월동,경상사고,0,0,1,0,차대사람 - 차도통행중,중앙선침범,건조,맑음,단일로 - 횡단보도부근,승합,여,61세,상해없음,보행자,남,80세,경상
2014100700100171,2014년 10월 7일 09시,화요일,전라남도 함평군 함평읍,중상사고,0,1,1,0,차대차 - 기타,신호위반,건조,맑음,교차로 - 교차로부근,이륜,남,80세,경상,화물,남,52세,상해없음
2014100700100256,2014년 10월 7일 12시,화요일,전라남도 여수시 안산동,경상사고,0,0,2,0,차대차 - 측면직각충돌,신호위반,건조,맑음,교차로 - 교차로안,이륜,남,19세,상해없음,승용,남,50세,상해없음
2014100700100257,2014년 10월 7일 12시,화요일,전라남도 곡성군 오곡면,중상사고,0,1,0,0,차대차 - 기타,안전운전불이행,건조,맑음,교차로 - 교차로안,이륜,여,59세,중상,승용,남,40세,상해없음
2014100700100314,2014년 10월 7일 14시,화요일,전라남도 장흥군 장흥읍,경상사고,0,0,1,0,차대차 - 추돌 - 진행중,안전운전불이행,건조,맑음,교차로 - 교차로부근,승용,여,50세,상해없음,승용,남,55세,경상
2014100700100315,2014년 10월 7일 14시,화요일,전라남도 해남군 마산면,중상사고,0,1,0,0,차량단독 - 전도전복,안전운전불이행,기타,맑음,단일로 - 기타,건설기계,남,44세,중상,,,,
2014100700100316,2014년 10월 7일 14시,화요일,전라남도 영암군 삼호읍,경상사고,0,0,1,0,차대차 - 기타,안전운전불이행,건조,맑음,단일로 - 기타,화물,남,38세,상해없음,승용,남,60세,경상
2014100700100317,2014년 10월 7일 14시,화요일,전라남도 완도군 완도읍,경상사고,0,0,1,0,차대차 - 추돌 - 주정차중,안전운전불이행,건조,맑음,단일로 - 기타,화물,남,67세,경상,화물,남,40세,기타불명
2014100700100356,2014년 10월 7일 15시,화요일,전라남도 목포시 죽교동,경상사고,0,0,1,0,차대차 - 추돌 - 진행중,안전운전불이행,건조,맑음,단일로 - 기타,화물,남,58세,상해없음,승용,남,70세,경상
2014100700100357,2014년 10월 7일 15시,화요일,전라남도 광양시 광양읍,경상사고,0,0,1,0,차량단독 - 전도전복,안전운전불이행,건조,맑음,교차로 - 교차로안,화물,남,68세,경상,,,,
2014100700100393,2014년 10월 7일 16시,화요일,전라남도 나주시 대호동,중상사고,0,1,0,0,차대사람 - 기타,보행자보호의무위반,건조,맑음,단일로 - 횡단보도상,승용,여,61세,상해없음,보행자,남,54세,중상
2014100700100394,2014년 10월 7일 16시,화요일,전라남도 고흥군 점암면,중상사고,0,1,0,0,차대차 - 추돌 - 주정차중,안전운전불이행,건조,맑음,단일로 - 기타,승합,여,57세,중상,기타불명,여,78세,상해없음
2014100700100395,2014년 10월 7일 16시,화요일,전라남도 무안군 삼향읍,중상사고,0,1,0,0,차대차 - 측면직각충돌,안전운전불이행,건조,맑음,단일로 - 기타,이륜,남,29세,중상,승용,남,46세,상해없음
2014100700100433,2014년 10월 7일 17시,화요일,전라남도 여수시 신기동,경상사고,0,0,1,0,차대사람 - 기타,안전운전불이행,건조,맑음,교차로 - 교차로부근,화물,남,51세,상해없음,보행자,남,68세,경상
2014100700100434,2014년 10월 7일 17시,화요일,전라남도 광양시 광양읍,경상사고,0,0,1,0,차대사람 - 횡단중,안전운전불이행,건조,맑음,교차로 - 교차로부근,승합,남,66세,상해없음,보행자,남,12세,경상
2014100700100475,2014년 10월 7일 18시,화요일,전라남도 목포시 산정동,경상사고,0,0,1,0,차대사람 - 길가장자리구역통행중,안전운전불이행,건조,맑음,단일로 - 기타,화물,남,63세,상해없음,보행자,여,35세,경상
2014100700100476,2014년 10월 7일 18시,화요일,전라남도 순천시 가곡동,경상사고,0,0,1,0,차대차 - 기타,안전운전불이행,건조,맑음,단일로 - 기타,승용,남,38세,상해없음,자전거,남,47세,경상
2014100700100477,2014년 10월 7일 18시,화요일,전라남도 순천시 해룡면,경상사고,0,0,5,0,차대차 - 측면직각충돌,교차로운행방법위반,건조,맑음,교차로 - 교차로안,화물,남,31세,상해없음,화물,남,46세,경상
2014100700100478,2014년 10월 7일 18시,화요일,전라남도 함평군 함평읍,중상사고,0,1,0,0,차대사람 - 기타,안전운전불이행,건조,맑음,단일로 - 기타,승용,남,59세,상해없음,보행자,남,54세,중상
2014100700100479,2014년 10월 7일 18시,화요일,전라남도 영암군 삼호읍,경상사고,0,0,1,0,차대차 - 추돌 - 진행중,교차로운행방법위반,건조,맑음,교차로 - 교차로안,화물,남,66세,상해없음,승용,남,32세,상해없음
2014100700100521,2014년 10월 7일 19시,화요일,전라남도 화순군 화순읍,경상사고,0,0,2,0,차대차 - 추돌 - 진행중,안전거리미확보,건조,기타,미분류 - 미분류,승용,남,31세,상해없음,승용,남,44세,경상
2014100700100522,2014년 10월 7일 19시,화요일,전라남도 무안군 청계면,경상사고,0,0,1,0,차대사람 - 기타,안전운전불이행,건조,맑음,단일로 - 기타,화물,남,66세,상해없음,보행자,남,24세,경상
2014100700100554,2014년 10월 7일 20시,화요일,전라남도 영광군 영광읍,중상사고,0,1,0,0,차대차 - 측면직각충돌,직진우회전진행방해,건조,맑음,교차로 - 교차로안,화물,남,41세,상해없음,원동기,남,16세,중상
2014100700100555,2014년 10월 7일 20시,화요일,전라남도 광양시 광양읍,경상사고,0,0,1,0,차대차 - 추돌 - 진행중,안전운전불이행,건조,맑음,교차로 - 교차로안,원동기,남,21세,경상,승용,여,53세,상해없음
2014100700100577,2014년 10월 7일 21시,화요일,전라남도 순천시 조례동,경상사고,0,0,1,0,차대사람 - 횡단중,보행자보호의무위반,건조,맑음,단일로 - 횡단보도상,승용,남,58세,상해없음,보행자,여,24세,경상
2014100700100578,2014년 10월 7일 21시,화요일,전라남도 해남군 해남읍,중상사고,0,1,0,0,차대차 - 기타,교차로운행방법위반,기타,기타,교차로 - 교차로안,승용,남,47세,상해없음,원동기,여,44세,중상
2014100700100579,2014년 10월 7일 21시,화요일,전라남도 무안군 무안읍,경상사고,0,0,1,0,차대차 - 측면직각충돌,안전운전불이행,건조,맑음,교차로 - 교차로부근,승용,여,50세,상해없음,승용,남,22세,경상
2014100700100580,2014년 10월 7일 21시,화요일,전라남도 광양시 중동,중상사고,0,1,0,0,차대사람 - 기타,안전운전불이행,건조,맑음,단일로 - 기타,승용,남,30세,상해없음,보행자,남,39세,중상
2014100700100602,2014년 10월 7일 22시,화요일,전라남도 순천시 남정동,경상사고,0,0,3,0,차대차 - 기타,안전운전불이행,건조,맑음,교차로 - 교차로부근,승용,남,39세,상해없음,승용,남,52세,경상
2014100700100603,2014년 10월 7일 22시,화요일,전라남도 해남군 해남읍,경상사고,0,0,1,0,차대사람 - 기타,안전운전불이행,기타,기타,단일로 - 기타,승용,여,53세,상해없음,보행자,여,49세,경상
2014100700100604,2014년 10월 7일 22시,화요일,전라남도 함평군 엄다면,경상사고,0,0,2,0,차대차 - 기타,안전운전불이행,건조,맑음,단일로 - 기타,승용,남,49세,상해없음,승용,남,41세,경상
2014100700100605,2014년 10월 7일 22시,화요일,전라남도 무안군 삼향읍,경상사고,0,0,1,0,차대차 - 측면직각충돌,중앙선침범,건조,맑음,단일로 - 기타,승용,남,42세,상해없음,승용,남,49세,경상
2014100700100638,2014년 10월 7일 23시,화요일,전라남도 목포시 용당동,경상사고,0,0,2,0,차대차 - 측면직각충돌,안전운전불이행,건조,맑음,교차로 - 교차로안,승용,남,57세,상해없음,승용,남,42세,경상
2014100800100010,2014년 10월 8일 00시,수요일,전라남도 여수시 여서동,중상사고,0,1,0,0,차대차 - 측면직각충돌,차로위반,건조,맑음,교차로 - 교차로안,승용,남,63세,상해없음,이륜,남,17세,중상
2014100800100069,2014년 10월 8일 06시,수요일,전라남도 영암군 삼호읍,경상사고,0,0,5,0,차대차 - 기타,안전운전불이행,건조,맑음,단일로 - 기타,승용,남,39세,상해없음,승합,남,52세,상해없음
2014100800100126,2014년 10월 8일 08시,수요일,전라남도 여수시 신월동,중상사고,0,1,0,0,차대사람 - 횡단중,안전운전불이행,건조,맑음,교차로 - 교차로안,승용,여,40세,상해없음,보행자,여,71세,중상
2014100800100127,2014년 10월 8일 08시,수요일,전라남도 나주시 동강면,경상사고,0,0,1,0,차대차 - 기타,안전운전불이행,건조,맑음,단일로 - 기타,승합,남,58세,상해없음,원동기,남,75세,경상
2014100800100128,2014년 10월 8일 08시,수요일,전라남도 완도군 완도읍,중상사고,0,1,0,0,차대차 - 기타,안전운전불이행,건조,맑음,기타 - 기타,승용,남,49세,상해없음,원동기,남,43세,중상
2014100800100160,2014년 10월 8일 09시,수요일,전라남도 장성군 황룡면,경상사고,0,0,1,0,차대차 - 기타,안전운전불이행,건조,맑음,단일로 - 기타,화물,남,40세,상해없음,이륜,남,73세,경상
2014100800100161,2014년 10월 8일 09시,수요일,전라남도 무안군 삼향읍,중상사고,0,2,0,0,차대차 - 정면충돌,교차로운행방법위반,건조,맑음,교차로 - 교차로안,화물,남,66세,상해없음,승용,여,42세,중상
2014100800100162,2014년 10월 8일 09시,수요일,전라남도 강진군 성전면,경상사고,0,0,2,0,차대차 - 추돌 - 진행중,안전운전불이행,건조,맑음,단일로 - 터널,화물,남,55세,상해없음,화물,남,42세,경상
2014100800100189,2014년 10월 8일 10시,수요일,전라남도 나주시 산정동,경상사고,0,0,1,0,차대차 - 측면직각충돌,신호위반,건조,맑음,교차로 - 교차로안,건설기계,남,53세,상해없음,승합,남,43세,경상
2014100800100190,2014년 10월 8일 10시,수요일,전라남도 구례군 마산면,중상사고,0,1,0,0,차대차 - 기타,안전운전불이행,건조,맑음,단일로 - 기타,승용,남,76세,상해없음,이륜,남,72세,중상
2014100800100219,2014년 10월 8일 11시,수요일,전라남도 함평군 신광면,사망사고,1,0,0,0,차대차 - 측면직각충돌,안전운전불이행,건조,맑음,단일로 - 기타,화물,남,49세,상해없음,원동기,남,75세,사망
2014100800100220,2014년 10월 8일 11시,수요일,전라남도 영암군 도포면,경상사고,0,0,1,0,차량단독 - 공작물충돌,안전운전불이행,건조,맑음,단일로 - 기타,승용,남,78세,경상,,,,
2014100800100256,2014년 10월 8일 12시,수요일,전라남도 목포시 상동,중상사고,0,2,1,0,차대사람 - 횡단중,안전운전불이행,건조,기타,교차로 - 교차로안,승용,여,32세,상해없음,보행자,여,26세,중상
2014100800100257,2014년 10월 8일 12시,수요일,전라남도 목포시 대양동,중상사고,0,1,2,0,차대차 - 기타,안전운전불이행,건조,기타,단일로 - 기타,승용,여,52세,중상,승용,남,50세,경상
2014100800100258,2014년 10월 8일 12시,수요일,전라남도 보성군 회천면,중상사고,0,1,0,0,차대사람 - 횡단중,안전운전불이행,건조,맑음,교차로 - 교차로안,화물,여,62세,상해없음,보행자,남,86세,중상
2014100800100290,2014년 10월 8일 13시,수요일,전라남도 함평군 함평읍,중상사고,0,2,0,0,차대차 - 측면직각충돌,신호위반,건조,맑음,교차로 - 교차로안,이륜,남,72세,중상,화물,남,39세,상해없음
2014100800100291,2014년 10월 8일 13시,수요일,전라남도 곡성군 고달면,중상사고,0,1,0,0,차대차 - 기타,안전운전불이행,건조,맑음,교차로 - 교차로부근,화물,남,68세,상해없음,자전거,남,60세,중상
2014100800100318,2014년 10월 8일 14시,수요일,전라남도 목포시 용당동,경상사고,0,0,2,0,차대차 - 기타,직진우회전진행방해,건조,맑음,교차로 - 교차로안,승용,남,55세,상해없음,승용,여,55세,경상
2014100800100319,2014년 10월 8일 14시,수요일,전라남도 여수시 웅천동,중상사고,0,1,0,0,차대사람 - 기타,안전운전불이행,건조,맑음,단일로 - 기타,승용,남,42세,상해없음,보행자,남,15세,중상
2014100800100320,2014년 10월 8일 14시,수요일,전라남도 장성군 북이면,중상사고,0,1,0,0,차량단독 - 도로외이탈 - 추락,안전운전불이행,건조,맑음,단일로 - 기타,이륜,여,60세,중상,,,,
2014100800100385,2014년 10월 8일 16시,수요일,전라남도 여수시 웅천동,경상사고,0,0,2,0,차대차 - 추돌 - 주정차중,안전운전불이행,건조,맑음,단일로 - 기타,승용,남,42세,상해없음,승용,여,50세,경상
2014100800100427,2014년 10월 8일 17시,수요일,전라남도 영광군 군서면,경상사고,0,0,1,0,차대차 - 측면직각충돌,안전운전불이행,건조,맑음,교차로 - 교차로안,원동기,남,77세,경상,화물,여,52세,상해없음
2014100800100487,2014년 10월 8일 18시,수요일,전라남도 화순군 동복면,부상신고사고,0,0,0,1,차대차 - 측면직각충돌,직진우회전진행방해,건조,맑음,교차로 - 교차로안,원동기,남,40세,부상신고,승용,남,58세,상해없음
2014100800100488,2014년 10월 8일 18시,수요일,전라남도 영암군 삼호읍,경상사고,0,0,2,0,차대차 - 추돌 - 진행중,안전거리미확보,건조,맑음,단일로 - 기타,승용,남,47세,상해없음,승용,남,39세,경상
2014100800100545,2014년 10월 8일 19시,수요일,전라남도 영암군 시종면,중상사고,0,1,0,0,차대사람 - 횡단중,안전운전불이행,건조,맑음,단일로 - 기타,기타불명,기타불명,기타불명,기타불명,보행자,여,74세,중상