사고번호,사고일시,요일,시군구,사고내용,사망자수,중상자수,경상자수,부상신고자수,사고유형,법규위반,노면상태,기상상태,도로형태,가해운전자 차종,가해운전자 성별,가해운전자 연령,가해운전자 상해정도,피해운전자 차종,피해운전자 성별,피해운전자 연령,피해운전자 상해정도
2014100800100622,2014년 10월 8일 21시,수요일,전라남도 무안군 삼향읍,경상사고,0,0,1,0,차대차 - 추돌 - 진행중,안전운전불이행,건조,맑음,단일로 - 기타,승용,여,23세,상해없음,화물,남,65세,경상
2014100800100623,2014년 10월 8일 21시,수요일,전라남도 여수시 여서동,경상사고,0,0,1,0,차대차 - 추돌 - 주정차중,안전운전불이행,건조,맑음,단일로 - 기타,승합,남,20세,상해없음,화물,남,22세,상해없음
2014100800100624,2014년 10월 8일 21시,수요일,전라남도 구례군 산동면,사망사고,1,0,0,0,차량단독 - 공작물충돌,안전운전불이행,건조,맑음,교차로 - 교차로안,승용,남,45세,사망,,,,
2014100800100663,2014년 10월 8일 22시,수요일,전라남도 목포시 옥암동,경상사고,0,0,1,0,차대차 - 기타,안전운전불이행,건조,기타,교차로 - 교차로부근,승용,여,46세,상해없음,승용,남,46세,경상
2014100800100689,2014년 10월 8일 23시,수요일,전라남도 순천시 덕월동,중상사고,0,1,0,0,차량단독 - 도로외이탈 - 추락,안전운전불이행,건조,맑음,기타 - 기타,승용,남,32세,중상,,,,
2014100900100051,2014년 10월 9일 01시,목요일,전라남도 여수시 신기동,경상사고,0,0,1,0,차대차 - 추돌 - 주정차중,안전운전불이행,건조,맑음,단일로 - 기타,자전거,남,24세,경상,승용,남,31세,상해없음
2014100900100068,2014년 10월 9일 02시,목요일,전라남도 목포시 용해동,경상사고,0,0,1,0,차대차 - 기타,직진우회전진행방해,건조,기타,교차로 - 교차로부근,승용,남,66세,상해없음,승용,남,28세,경상
2014100900100069,2014년 10월 9일 02시,목요일,전라남도 나주시 금천면,중상사고,0,1,1,0,차대차 - 추돌 - 주정차중,안전운전불이행,건조,맑음,교차로 - 교차로부근,승용,남,36세,기타불명,승용,남,32세,경상
2014100900100070,2014년 10월 9일 02시,목요일,전라남도 보성군 벌교읍,중상사고,0,1,0,0,차대차 - 추돌 - 주정차중,안전운전불이행,건조,맑음,단일로 - 기타,승용,여,49세,중상,승합,남,37세,상해없음
2014100900100110,2014년 10월 9일 05시,목요일,전라남도 함평군 엄다면,중상사고,0,1,0,1,차대차 - 추돌 - 진행중,안전거리미확보,건조,맑음,단일로 - 기타,화물,남,41세,부상신고,농기계,남,66세,중상
2014100900100147,2014년 10월 9일 07시,목요일,전라남도 나주시 금천면,중상사고,0,1,3,0,차대차 - 기타,안전운전불이행,건조,맑음,교차로 - 교차로부근,화물,남,55세,경상,건설기계,남,37세,상해없음
2014100900100174,2014년 10월 9일 08시,목요일,전라남도 영암군 학산면,경상사고,0,0,1,0,차대차 - 측면직각충돌,안전운전불이행,건조,맑음,단일로 - 기타,화물,남,45세,상해없음,승용,여,35세,경상
2014100900100192,2014년 10월 9일 09시,목요일,전라남도 나주시 대호동,경상사고,0,0,1,0,차대차 - 측면직각충돌,차로위반,건조,맑음,단일로 - 기타,이륜,남,75세,경상,승용,남,51세,상해없음
2014100900100193,2014년 10월 9일 09시,목요일,전라남도 함평군 엄다면,경상사고,0,0,1,0,차대차 - 측면직각충돌,직진우회전진행방해,건조,맑음,교차로 - 교차로안,승합,남,37세,상해없음,원동기,남,65세,경상
2014100900100211,2014년 10월 9일 10시,목요일,전라남도 순천시 남정동,경상사고,0,0,1,0,차대차 - 측면직각충돌,안전운전불이행,건조,맑음,단일로 - 기타,승용,남,59세,상해없음,승용,남,59세,경상
2014100900100212,2014년 10월 9일 10시,목요일,전라남도 영암군 도포면,경상사고,0,0,2,0,차대차 - 기타,안전운전불이행,건조,맑음,단일로 - 기타,승용,남,45세,상해없음,원동기,남,79세,경상
2014100900100242,2014년 10월 9일 11시,목요일,전라남도 여수시 둔덕동,경상사고,0,0,1,0,차대차 - 추돌 - 주정차중,안전운전불이행,건조,맑음,교차로 - 교차로부근,승용,여,62세,상해없음,승용,남,27세,경상
2014100900100243,2014년 10월 9일 11시,목요일,전라남도 장흥군 장흥읍,중상사고,0,1,0,0,차대사람 - 기타,안전운전불이행,건조,맑음,단일로 - 기타,화물,남,49세,상해없음,보행자,남,51세,중상
2014100900100244,2014년 10월 9일 11시,목요일,전라남도 해남군 현산면,경상사고,0,0,1,0,차대차 - 기타,안전운전불이행,건조,맑음,단일로 - 기타,화물,남,59세,상해없음,화물,남,57세,경상
2014100900100301,2014년 10월 9일 13시,목요일,전라남도 목포시 대양동,경상사고,0,0,3,0,차대차 - 기타,교차로운행방법위반,건조,맑음,교차로 - 교차로안,승용,남,22세,경상,승용,남,61세,경상
2014100900100335,2014년 10월 9일 14시,목요일,전라남도 여수시 신기동,경상사고,0,0,1,0,차대차 - 측면직각충돌,안전운전불이행,건조,맑음,교차로 - 교차로안,승용,여,48세,상해없음,승용,남,51세,경상
2014100900100336,2014년 10월 9일 14시,목요일,전라남도 순천시 왕지동,경상사고,0,0,1,0,차대사람 - 기타,안전운전불이행,건조,맑음,단일로 - 기타,승용,남,69세,상해없음,보행자,남,30세,경상
2014100900100395,2014년 10월 9일 16시,목요일,전라남도 나주시 금천면,중상사고,0,1,0,0,차대사람 - 차도통행중,보행자보호의무위반,건조,맑음,단일로 - 기타,화물,남,53세,상해없음,보행자,남,4세,중상
2014100900100396,2014년 10월 9일 16시,목요일,전라남도 강진군 칠량면,중상사고,0,1,0,0,차대차 - 추돌 - 진행중,안전거리미확보,건조,맑음,단일로 - 기타,화물,여,44세,상해없음,승용,여,58세,중상
2014100900100397,2014년 10월 9일 16시,목요일,전라남도 완도군 완도읍,중상사고,0,1,0,0,차대차 - 측면직각충돌,안전운전불이행,건조,맑음,교차로 - 교차로안,화물,남,53세,상해없음,이륜,여,56세,중상
2014100900100398,2014년 10월 9일 16시,목요일,전라남도 광양시 마동,경상사고,0,0,4,0,차대차 - 추돌 - 진행중,직진우회전진행방해,건조,맑음,교차로 - 교차로안,승용,남,55세,경상,승용,여,33세,경상
2014100900100476,2014년 10월 9일 18시,목요일,전라남도 나주시 산포면,경상사고,0,0,2,0,차대사람 - 횡단중,신호위반,건조,기타,단일로 - 횡단보도상,화물,남,47세,경상,보행자,남,61세,경상
2014100900100477,2014년 10월 9일 18시,목요일,전라남도 무안군 현경면,중상사고,0,1,0,0,차대차 - 추돌 - 진행중,안전운전불이행,건조,맑음,단일로 - 기타,화물,남,55세,상해없음,농기계,남,46세,중상
2014100900100517,2014년 10월 9일 19시,목요일,전라남도 여수시 종화동,경상사고,0,0,1,0,차대사람 - 횡단중,안전운전불이행,건조,맑음,단일로 - 기타,승용,남,32세,상해없음,보행자,남,1세,경상
2014100900100518,2014년 10월 9일 19시,목요일,전라남도 무안군 현경면,부상신고사고,0,0,0,1,차대차 - 추돌 - 주정차중,안전운전불이행,건조,맑음,단일로 - 기타,승용,남,50세,부상신고,농기계,남,46세,기타불명
2014100900100551,2014년 10월 9일 20시,목요일,전라남도 순천시 서면,경상사고,0,0,1,0,차대차 - 기타,안전운전불이행,건조,맑음,단일로 - 기타,승용,남,25세,상해없음,원동기,남,17세,경상
2014100900100578,2014년 10월 9일 21시,목요일,전라남도 여수시 신기동,중상사고,0,1,0,0,차대사람 - 기타,안전운전불이행,건조,맑음,단일로 - 기타,승용,남,42세,상해없음,보행자,남,39세,중상
2014100900100609,2014년 10월 9일 22시,목요일,전라남도 목포시 대양동,중상사고,0,1,0,0,차대사람 - 기타,안전운전불이행,건조,맑음,단일로 - 기타,이륜,남,46세,상해없음,보행자,여,44세,중상
2014100900100610,2014년 10월 9일 22시,목요일,전라남도 무안군 삼향읍,경상사고,0,0,1,0,차대차 - 측면직각충돌,안전운전불이행,건조,맑음,교차로 - 교차로안,승용,남,28세,상해없음,이륜,남,18세,경상
2014100900100625,2014년 10월 9일 23시,목요일,전라남도 광양시 광양읍,중상사고,0,3,0,0,차량단독 - 공작물충돌,안전운전불이행,건조,맑음,단일로 - 기타,승용,여,43세,중상,,,,
2014101000100029,2014년 10월 10일 02시,금요일,전라남도 목포시 옥암동,경상사고,0,0,1,0,차량단독 - 전도전복,안전운전불이행,건조,맑음,교차로 - 교차로부근,승용,남,17세,경상,,,,
2014101000100078,2014년 10월 10일 06시,금요일,전라남도 영암군 삼호읍,중상사고,0,2,0,0,차대차 - 측면직각충돌,안전운전불이행,건조,맑음,교차로 - 교차로부근,건설기계,남,34세,상해없음,원동기,남,64세,중상
2014101000100104,2014년 10월 10일 07시,금요일,전라남도 곡성군 석곡면,중상사고,0,1,0,0,차대차 - 기타,안전운전불이행,습기,안개,단일로 - 기타,승용,남,65세,상해없음,자전거,남,73세,중상
2014101000100105,2014년 10월 10일 07시,금요일,전라남도 완도군 고금면,사망사고,1,2,1,0,차대차 - 측면직각충돌,중앙선침범,건조,맑음,교차로 - 교차로부근,화물,남,57세,경상,화물,남,63세,중상
2014101000100156,2014년 10월 10일 08시,금요일,전라남도 광양시 광양읍,중상사고,0,1,0,0,차대사람 - 기타,안전운전불이행,건조,맑음,단일로 - 기타,화물,남,67세,상해없음,보행자,남,41세,중상
2014101000100237,2014년 10월 10일 10시,금요일,전라남도 영암군 군서면,경상사고,0,0,2,0,차대차 - 측면직각충돌,안전운전불이행,건조,맑음,단일로 - 기타,화물,남,57세,경상,승용,남,31세,경상
2014101000100238,2014년 10월 10일 10시,금요일,전라남도 구례군 산동면,중상사고,0,2,0,0,차대차 - 기타,중앙선침범,건조,맑음,단일로 - 기타,승용,남,40세,상해없음,화물,남,72세,중상
2014101000100273,2014년 10월 10일 11시,금요일,전라남도 여수시 봉산동,경상사고,0,0,2,0,차대차 - 측면직각충돌,안전운전불이행,건조,맑음,교차로 - 교차로안,승용,여,38세,상해없음,승용,남,62세,경상
2014101000100274,2014년 10월 10일 11시,금요일,전라남도 여수시 소라면,중상사고,0,3,0,0,차대차 - 측면직각충돌,교차로운행방법위반,건조,맑음,교차로 - 교차로안,화물,남,65세,상해없음,승용,남,60세,중상
2014101000100275,2014년 10월 10일 11시,금요일,전라남도 장성군 북하면,경상사고,0,0,1,0,차대차 - 기타,교차로운행방법위반,건조,맑음,교차로 - 교차로안,승용,남,60세,상해없음,화물,남,56세,경상
2014101000100302,2014년 10월 10일 12시,금요일,전라남도 목포시 상동,경상사고,0,0,1,0,차대차 - 측면직각충돌,안전거리미확보,건조,맑음,교차로 - 교차로부근,승용,여,57세,상해없음,화물,남,40세,경상
2014101000100362,2014년 10월 10일 14시,금요일,전라남도 장흥군 안양면,경상사고,0,0,1,0,차대차 - 기타,안전운전불이행,건조,맑음,단일로 - 기타,승용,여,37세,상해없음,원동기,남,70세,경상
2014101000100404,2014년 10월 10일 15시,금요일,전라남도 광양시 태인동,경상사고,0,0,5,0,차대차 - 기타,안전운전불이행,건조,맑음,단일로 - 교량,승용,남,45세,경상,승용,남,24세,경상
2014101000100450,2014년 10월 10일 16시,금요일,전라남도 순천시 연향동,중상사고,0,1,0,0,차대차 - 기타,중앙선침범,건조,맑음,교차로 - 교차로부근,원동기,여,72세,중상,화물,남,62세,상해없음
2014101000100451,2014년 10월 10일 16시,금요일,전라남도 담양군 대덕면,중상사고,0,1,0,0,차량단독 - 기타,안전운전불이행,건조,맑음,단일로 - 기타,승용,남,37세,상해없음,,,,
2014101000100452,2014년 10월 10일 16시,금요일,전라남도 진도군 지산면,중상사고,0,2,0,0,차대차 - 측면직각충돌,교차로운행방법위반,건조,맑음,교차로 - 교차로안,승용,남,32세,중상,화물,남,58세,상해없음
2014101000100495,2014년 10월 10일 17시,금요일,전라남도 목포시 산정동,경상사고,0,0,1,0,차대사람 - 기타,안전운전불이행,건조,맑음,단일로 - 기타,기타불명,기타불명,기타불명,기타불명,보행자,여,62세,경상
2014101000100496,2014년 10월 10일 17시,금요일,전라남도 여수시 학동,경상사고,0,0,4,0,차대차 - 측면직각충돌,안전운전불이행,건조,맑음,단일로 - 기타,승용,남,61세,상해없음,승용,남,33세,경상
2014101000100497,2014년 10월 10일 17시,금요일,전라남도 순천시 동외동,경상사고,0,0,1,0,차대차 - 기타,안전운전불이행,건조,맑음,교차로 - 교차로안,승용,남,26세,상해없음,승용,남,65세,경상
2014101000100498,2014년 10월 10일 17시,금요일,전라남도 순천시 매곡동,경상사고,0,0,1,0,차대차 - 정면충돌,안전운전불이행,건조,맑음,교차로 - 교차로안,화물,남,53세,상해없음,자전거,여,68세,경상
2014101000100499,2014년 10월 10일 17시,금요일,전라남도 해남군 해남읍,경상사고,0,0,2,1,차대차 - 기타,안전운전불이행,건조,맑음,단일로 - 기타,승용,남,52세,부상신고,승용,여,55세,경상
2014101000100500,2014년 10월 10일 17시,금요일,전라남도 무안군 현경면,중상사고,0,1,0,0,차대차 - 정면충돌,중앙선침범,건조,맑음,단일로 - 기타,원동기,남,78세,중상,화물,남,46세,상해없음
2014101000100542,2014년 10월 10일 18시,금요일,전라남도 목포시 용해동,경상사고,0,0,1,0,차대사람 - 횡단중,안전운전불이행,건조,맑음,단일로 - 기타,승용,여,33세,상해없음,보행자,남,65세,경상
2014101000100543,2014년 10월 10일 18시,금요일,전라남도 나주시 남평읍,중상사고,0,1,0,0,차대차 - 추돌 - 진행중,안전거리미확보,건조,맑음,단일로 - 기타,화물,남,71세,상해없음,승용,남,65세,상해없음
2014101000100544,2014년 10월 10일 18시,금요일,전라남도 나주시 노안면,경상사고,0,0,1,0,차대차 - 정면충돌,안전운전불이행,건조,맑음,단일로 - 기타,승용,여,67세,경상,농기계,남,47세,상해없음
2014101000100545,2014년 10월 10일 18시,금요일,전라남도 광양시 광영동,경상사고,0,0,1,0,차대차 - 기타,교차로운행방법위반,건조,맑음,교차로 - 교차로안,승용,남,38세,상해없음,승용,남,39세,경상
2014101000100604,2014년 10월 10일 19시,금요일,전라남도 영암군 삼호읍,경상사고,0,0,1,0,차대차 - 추돌 - 진행중,안전거리미확보,건조,맑음,단일로 - 기타,승용,남,58세,상해없음,승용,남,33세,경상
2014101000100605,2014년 10월 10일 19시,금요일,전라남도 무안군 청계면,사망사고,1,0,1,0,차대차 - 측면직각충돌,안전운전불이행,건조,맑음,교차로 - 교차로부근,화물,남,49세,사망,승용,남,35세,경상
2014101000100606,2014년 10월 10일 19시,금요일,전라남도 무안군 청계면,경상사고,0,0,2,0,차대차 - 추돌 - 진행중,안전운전불이행,건조,맑음,단일로 - 기타,승용,남,28세,상해없음,승용,남,69세,경상
2014101000100607,2014년 10월 10일 19시,금요일,전라남도 광양시 중동,경상사고,0,0,1,0,차대차 - 기타,중앙선침범,건조,맑음,교차로 - 교차로부근,승용,남,38세,상해없음,원동기,남,34세,경상
2014101000100647,2014년 10월 10일 20시,금요일,전라남도 순천시 덕암동,경상사고,0,0,1,0,차대차 - 추돌 - 진행중,안전운전불이행,건조,맑음,단일로 - 교량,화물,남,59세,상해없음,승용,여,48세,경상
2014101000100648,2014년 10월 10일 20시,금요일,전라남도 순천시 안풍동,중상사고,0,1,1,0,차대차 - 추돌 - 진행중,안전운전불이행,건조,맑음,단일로 - 기타,화물,남,42세,중상,화물,남,57세,경상
2014101100100019,2014년 10월 11일 00시,토요일,전라남도 목포시 용당동,중상사고,0,2,0,0,차대차 - 측면직각충돌,안전운전불이행,건조,맑음,교차로 - 교차로안,승용,남,53세,중상,승용,남,30세,중상
2014101100100032,2014년 10월 11일 01시,토요일,전라남도 담양군 담양읍,경상사고,0,0,2,0,차대차 - 기타,안전운전불이행,건조,흐림,단일로 - 기타,승용,남,58세,상해없음,승용,여,44세,경상
2014101100100045,2014년 10월 11일 02시,토요일,전라남도 목포시 상동,경상사고,0,0,1,0,차대차 - 추돌 - 주정차중,안전거리미확보,건조,맑음,교차로 - 교차로안,이륜,남,18세,상해없음,이륜,남,17세,경상
2014101100100046,2014년 10월 11일 02시,토요일,전라남도 목포시 용해동,경상사고,0,0,1,0,차대사람 - 기타,안전운전불이행,건조,맑음,교차로 - 교차로부근,승용,남,49세,상해없음,보행자,여,50세,경상
2014101100100100,2014년 10월 11일 06시,토요일,전라남도 광양시 옥곡면,중상사고,0,1,1,0,차대차 - 추돌 - 진행중,안전운전불이행,건조,맑음,단일로 - 기타,화물,남,60세,경상,특수,남,39세,중상
2014101100100137,2014년 10월 11일 08시,토요일,전라남도 순천시 연향동,중상사고,0,1,0,0,차대사람 - 기타,안전운전불이행,건조,맑음,단일로 - 기타,승용,여,67세,상해없음,보행자,여,81세,중상
2014101100100138,2014년 10월 11일 08시,토요일,전라남도 장성군 서삼면,경상사고,0,0,2,0,차대차 - 정면충돌,중앙선침범,건조,맑음,단일로 - 기타,승용,남,65세,상해없음,승용,남,52세,경상
2014101100100139,2014년 10월 11일 08시,토요일,전라남도 강진군 도암면,중상사고,0,1,0,0,차대차 - 추돌 - 진행중,안전거리미확보,건조,맑음,단일로 - 기타,화물,남,63세,상해없음,원동기,남,70세,중상
2014101100100161,2014년 10월 11일 09시,토요일,전라남도 나주시 남평읍,중상사고,0,1,0,0,차대사람 - 횡단중,안전운전불이행,건조,맑음,교차로 - 교차로안,화물,남,56세,상해없음,보행자,여,74세,중상
2014101100100190,2014년 10월 11일 10시,토요일,전라남도 함평군 해보면,중상사고,0,2,2,0,차대차 - 측면직각충돌,교차로운행방법위반,건조,맑음,교차로 - 교차로안,승용,남,52세,상해없음,승용,여,59세,중상
2014101100100191,2014년 10월 11일 10시,토요일,전라남도 영암군 영암읍,중상사고,0,1,0,0,차대차 - 기타,안전운전불이행,건조,맑음,단일로 - 기타,승용,여,56세,상해없음,자전거,남,77세,중상
2014101100100192,2014년 10월 11일 10시,토요일,전라남도 강진군 칠량면,사망사고,1,2,0,0,차량단독 - 공작물충돌,안전운전불이행,건조,맑음,단일로 - 기타,승용,남,71세,중상,,,,
2014101100100228,2014년 10월 11일 11시,토요일,전라남도 광양시 광양읍,경상사고,0,0,1,0,차대차 - 측면직각충돌,안전운전불이행,건조,맑음,교차로 - 교차로안,승용,남,46세,상해없음,승용,여,39세,경상
2014101100100297,2014년 10월 11일 13시,토요일,전라남도 순천시 조례동,중상사고,0,1,0,0,차대사람 - 기타,교차로운행방법위반,건조,맑음,교차로 - 교차로안,승용,여,54세,상해없음,보행자,남,52세,중상
2014101100100298,2014년 10월 11일 13시,토요일,전라남도 장흥군 관산읍,중상사고,0,1,0,0,차량단독 - 공작물충돌,안전운전불이행,건조,맑음,단일로 - 기타,화물,남,64세,중상,,,,
2014101100100299,2014년 10월 11일 13시,토요일,전라남도 강진군 대구면,경상사고,0,0,1,0,차대차 - 추돌 - 진행중,안전운전불이행,건조,맑음,단일로 - 기타,화물,남,71세,상해없음,승용,여,29세,경상
2014101100100330,2014년 10월 11일 14시,토요일,전라남도 목포시 산정동,경상사고,0,0,2,0,차대차 - 추돌 - 진행중,안전운전불이행,건조,맑음,교차로 - 교차로안,승용,남,70세,경상,화물,여,51세,경상
2014101100100376,2014년 10월 11일 15시,토요일,전라남도 목포시 상동,경상사고,0,0,1,0,차대차 - 추돌 - 진행중,안전운전불이행,건조,맑음,기타 - 기타,승용,여,54세,상해없음,승용,남,50세,경상
2014101100100377,2014년 10월 11일 15시,토요일,전라남도 영광군 법성면,중상사고,0,1,1,0,차대차 - 기타,기타,건조,맑음,기타 - 기타,화물,남,55세,상해없음,자전거,남,10세,중상
2014101100100378,2014년 10월 11일 15시,토요일,전라남도 담양군 담양읍,경상사고,0,0,1,0,차대차 - 측면직각충돌,안전거리미확보,건조,맑음,단일로 - 기타,자전거,남,7세,경상,화물,남,68세,상해없음
2014101100100422,2014년 10월 11일 16시,토요일,전라남도 나주시 남평읍,경상사고,0,0,1,0,차대차 - 측면직각충돌,직진우회전진행방해,건조,맑음,교차로 - 교차로안,승용,여,74세,경상,화물,남,54세,상해없음
2014101100100423,2014년 10월 11일 16시,토요일,전라남도 무안군 일로읍,중상사고,0,1,1,0,차대차 - 기타,직진우회전진행방해,건조,맑음,교차로 - 교차로안,화물,남,73세,상해없음,원동기,남,54세,중상
2014101100100424,2014년 10월 11일 16시,토요일,전라남도 무안군 현경면,중상사고,0,1,0,0,차대차 - 기타,안전운전불이행,건조,맑음,단일로 - 기타,화물,남,37세,상해없음,원동기,남,62세,중상
2014101100100464,2014년 10월 11일 17시,토요일,전라남도 목포시 호남동,경상사고,0,0,2,0,차대차 - 추돌 - 주정차중,안전운전불이행,건조,맑음,기타 - 기타,승용,여,36세,상해없음,승용,남,41세,경상
2014101100100465,2014년 10월 11일 17시,토요일,전라남도 순천시 석현동,경상사고,0,0,1,0,차대차 - 기타,안전운전불이행,건조,맑음,교차로 - 교차로안,승용,남,58세,상해없음,승용,남,55세,경상
2014101100100466,2014년 10월 11일 17시,토요일,전라남도 무안군 운남면,중상사고,0,1,0,0,차대차 - 기타,안전운전불이행,건조,맑음,교차로 - 교차로안,화물,남,33세,상해없음,원동기,남,87세,중상
2014101100100554,2014년 10월 11일 19시,토요일,전라남도 해남군 송지면,중상사고,0,1,0,0,차대사람 - 길가장자리구역통행중,중앙선침범,건조,맑음,단일로 - 기타,승용,남,59세,기타불명,보행자,여,49세,중상
2014101100100591,2014년 10월 11일 20시,토요일,전라남도 목포시 산정동,경상사고,0,0,1,0,차대차 - 추돌 - 주정차중,안전운전불이행,건조,맑음,기타 - 기타,승용,남,36세,상해없음,화물,남,42세,경상
2014101100100592,2014년 10월 11일 20시,토요일,전라남도 나주시 금천면,중상사고,0,1,4,0,차대차 - 추돌 - 주정차중,안전운전불이행,건조,맑음,교차로 - 교차로부근,승합,남,67세,상해없음,승용,남,67세,경상
2014101100100593,2014년 10월 11일 20시,토요일,전라남도 담양군 담양읍,사망사고,1,3,6,0,차대차 - 측면직각충돌,신호위반,건조,맑음,교차로 - 교차로안,승합,여,53세,경상,화물,남,22세,경상
2014101100100594,2014년 10월 11일 20시,토요일,전라남도 무안군 현경면,중상사고,0,1,0,0,차대차 - 기타,중앙선침범,건조,맑음,단일로 - 기타,승합,남,34세,상해없음,화물,남,53세,중상
2014101100100628,2014년 10월 11일 21시,토요일,전라남도 여수시 봉계동,경상사고,0,0,2,0,차대차 - 측면직각충돌,중앙선침범,건조,맑음,단일로 - 기타,승용,남,29세,상해없음,승용,남,44세,경상
2014101100100629,2014년 10월 11일 21시,토요일,전라남도 보성군 조성면,경상사고,0,0,2,0,차대차 - 추돌 - 진행중,차로위반,건조,맑음,단일로 - 기타,화물,남,67세,상해없음,승용,여,66세,경상
2014101100100656,2014년 10월 11일 22시,토요일,전라남도 목포시 상동,경상사고,0,0,1,0,차대차 - 추돌 - 주정차중,안전운전불이행,건조,맑음,기타 - 기타,승용,여,45세,상해없음,승용,여,48세,경상
2014101100100657,2014년 10월 11일 22시,토요일,전라남도 순천시 서면,중상사고,0,1,0,0,차대사람 - 기타,보행자보호의무위반,건조,맑음,교차로 - 교차로안,승용,남,38세,상해없음,보행자,남,18세,중상
2014101100100679,2014년 10월 11일 23시,토요일,전라남도 여수시 신기동,경상사고,0,0,3,0,차대차 - 측면직각충돌,신호위반,건조,맑음,교차로 - 교차로안,승용,여,32세,상해없음,승용,남,50세,경상
2014101200100015,2014년 10월 12일 00시,일요일,전라남도 순천시 조례동,경상사고,0,0,1,0,차대차 - 기타,교차로운행방법위반,건조,맑음,교차로 - 교차로안,원동기,남,19세,경상,승용,남,53세,상해없음
2014101200100016,2014년 10월 12일 00시,일요일,전라남도 순천시 해룡면,경상사고,0,0,1,0,차대사람 - 기타,안전운전불이행,건조,맑음,단일로 - 기타,승용,남,51세,상해없음,보행자,남,25세,경상
2014101200100037,2014년 10월 12일 01시,일요일,전라남도 보성군 보성읍,중상사고,0,2,2,0,차량단독 - 공작물충돌,안전운전불이행,건조,맑음,단일로 - 기타,승용,남,17세,중상,,,,
2014101200100136,2014년 10월 12일 09시,일요일,전라남도 무안군 무안읍,부상신고사고,0,0,0,1,차대차 - 측면직각충돌,차로위반,건조,맑음,단일로 - 횡단보도부근,화물,남,73세,상해없음,승용,남,30세,상해없음
2014101200100151,2014년 10월 12일 10시,일요일,전라남도 장성군 남면,경상사고,0,0,1,0,차대차 - 기타,안전운전불이행,건조,맑음,단일로 - 기타,건설기계,남,42세,상해없음,자전거,남,23세,경상
2014101200100264,2014년 10월 12일 14시,일요일,전라남도 보성군 벌교읍,중상사고,0,2,0,0,차량단독 - 공작물충돌,안전운전불이행,습기,비,교차로 - 교차로부근,화물,남,76세,중상,,,,
2014101200100294,2014년 10월 12일 15시,일요일,전라남도 화순군 동면,경상사고,0,0,2,0,차대차 - 측면직각충돌,차로위반,건조,맑음,단일로 - 기타,승용,남,69세,상해없음,승용,남,72세,경상
2014101200100295,2014년 10월 12일 15시,일요일,전라남도 영암군 삼호읍,중상사고,0,2,4,0,차대차 - 측면직각충돌,직진우회전진행방해,건조,맑음,교차로 - 교차로안,승용,여,48세,경상,승용,남,52세,경상
2014101200100324,2014년 10월 12일 16시,일요일,전라남도 목포시 석현동,경상사고,0,0,2,0,차대차 - 추돌 - 진행중,안전운전불이행,습기,비,교차로 - 교차로부근,화물,남,34세,경상,승용,여,47세,경상
2014101200100325,2014년 10월 12일 16시,일요일,전라남도 나주시 남평읍,경상사고,0,0,2,0,차대차 - 측면직각충돌,직진우회전진행방해,습기,비,교차로 - 교차로안,승용,남,54세,경상,화물,남,48세,경상
2014101200100326,2014년 10월 12일 16시,일요일,전라남도 장흥군 안양면,경상사고,0,0,1,0,차대차 - 기타,불법유턴,건조,맑음,기타 - 기타,화물,남,70세,상해없음,농기계,남,61세,경상
2014101200100365,2014년 10월 12일 17시,일요일,전라남도 고흥군 포두면,경상사고,0,0,3,0,차대차 - 추돌 - 진행중,안전운전불이행,건조,맑음,단일로 - 기타,승용,여,37세,상해없음,승합,남,41세,경상
2014101200100366,2014년 10월 12일 17시,일요일,전라남도 고흥군 포두면,경상사고,0,0,2,0,차대차 - 측면직각충돌,안전운전불이행,건조,맑음,교차로 - 교차로안,화물,남,73세,경상,화물,남,71세,경상
2014101200100367,2014년 10월 12일 17시,일요일,전라남도 보성군 회천면,사망사고,1,0,0,0,차대사람 - 기타,안전운전불이행,건조,흐림,교차로 - 교차로안,화물,남,60세,상해없음,보행자,여,61세,사망
2014101200100368,2014년 10월 12일 17시,일요일,전라남도 영암군 삼호읍,중상사고,0,4,2,0,차대차 - 기타,안전거리미확보,습기,비,교차로 - 교차로부근,승용,남,55세,상해없음,승용,남,31세,중상
2014101200100407,2014년 10월 12일 18시,일요일,전라남도 여수시 문수동,경상사고,0,0,1,0,차대차 - 측면직각충돌,안전운전불이행,건조,맑음,단일로 - 기타,승용,남,41세,상해없음,승용,여,55세,상해없음
2014101200100408,2014년 10월 12일 18시,일요일,전라남도 보성군 보성읍,경상사고,0,0,1,0,차대사람 - 횡단중,안전운전불이행,습기,비,단일로 - 기타,승용,남,52세,상해없음,보행자,여,68세,경상
2014101200100462,2014년 10월 12일 19시,일요일,전라남도 순천시 별량면,중상사고,0,2,2,0,차대차 - 기타,안전거리미확보,건조,흐림,단일로 - 기타,승용,남,33세,상해없음,화물,남,37세,중상
2014101200100539,2014년 10월 12일 21시,일요일,전라남도 여수시 화장동,중상사고,0,1,0,0,차대사람 - 횡단중,신호위반,습기,비,교차로 - 교차로안,승용,남,27세,상해없음,보행자,남,44세,중상