사고번호,사고일시,요일,시군구,사고내용,사망자수,중상자수,경상자수,부상신고자수,사고유형,법규위반,노면상태,기상상태,도로형태,가해운전자 차종,가해운전자 성별,가해운전자 연령,가해운전자 상해정도,피해운전자 차종,피해운전자 성별,피해운전자 연령,피해운전자 상해정도
2014101200100540,2014년 10월 12일 21시,일요일,전라남도 영암군 영암읍,중상사고,0,1,0,0,차대차 - 기타,안전운전불이행,습기,비,교차로 - 교차로부근,화물,여,46세,상해없음,승용,여,50세,중상
2014101200100598,2014년 10월 12일 23시,일요일,전라남도 광양시 중동,경상사고,0,0,1,0,차대차 - 추돌 - 진행중,안전운전불이행,건조,흐림,교차로 - 교차로부근,승용,남,39세,상해없음,승용,여,53세,경상
2014101300100040,2014년 10월 13일 02시,월요일,전라남도 신안군 지도읍,중상사고,0,1,0,0,차량단독 - 기타,안전운전불이행,습기,맑음,단일로 - 기타,이륜,남,45세,중상,,,,
2014101300100066,2014년 10월 13일 05시,월요일,전라남도 무안군 현경면,부상신고사고,0,0,0,1,차대차 - 기타,안전운전불이행,습기,비,단일로 - 기타,승용,남,45세,부상신고,농기계,남,56세,상해없음
2014101300100120,2014년 10월 13일 07시,월요일,전라남도 여수시 문수동,경상사고,0,0,2,0,차대차 - 추돌 - 주정차중,안전운전불이행,건조,맑음,단일로 - 기타,승용,남,23세,경상,승합,남,56세,경상
2014101300100121,2014년 10월 13일 07시,월요일,전라남도 여수시 웅천동,중상사고,0,2,2,0,차대차 - 기타,안전운전불이행,습기,비,단일로 - 기타,승용,남,51세,상해없음,승용,남,64세,중상
2014101300100122,2014년 10월 13일 07시,월요일,전라남도 나주시 문평면,경상사고,0,0,1,0,차대차 - 측면직각충돌,안전운전불이행,습기,비,교차로 - 교차로안,승용,남,54세,경상,화물,남,47세,상해없음
2014101300100123,2014년 10월 13일 07시,월요일,전라남도 완도군 완도읍,경상사고,0,0,5,0,차대차 - 측면직각충돌,안전운전불이행,건조,맑음,교차로 - 교차로안,승용,여,50세,상해없음,승용,남,30세,경상
2014101300100173,2014년 10월 13일 08시,월요일,전라남도 강진군 마량면,중상사고,0,1,0,0,차대사람 - 기타,안전운전불이행,건조,맑음,단일로 - 기타,승용,남,72세,상해없음,보행자,여,63세,중상
2014101300100174,2014년 10월 13일 08시,월요일,전라남도 광양시 광영동,경상사고,0,0,2,0,차대차 - 추돌 - 주정차중,안전운전불이행,습기,비,교차로 - 교차로부근,화물,남,61세,경상,승용,여,38세,경상
2014101300100215,2014년 10월 13일 09시,월요일,전라남도 여수시 돌산읍,경상사고,0,0,1,0,차대차 - 정면충돌,중앙선침범,습기,비,단일로 - 기타,화물,남,53세,상해없음,승용,남,37세,경상
2014101300100216,2014년 10월 13일 09시,월요일,전라남도 순천시 조례동,중상사고,0,1,1,0,차대차 - 기타,안전운전불이행,습기,비,단일로 - 기타,승용,남,64세,상해없음,화물,남,62세,경상
2014101300100217,2014년 10월 13일 09시,월요일,전라남도 영암군 삼호읍,경상사고,0,0,1,0,차대차 - 측면직각충돌,안전운전불이행,건조,맑음,교차로 - 교차로부근,승용,남,27세,경상,화물,남,56세,상해없음
2014101300100218,2014년 10월 13일 09시,월요일,전라남도 장성군 삼서면,사망사고,1,1,0,0,차량단독 - 기타,안전운전불이행,건조,맑음,단일로 - 기타,이륜,여,74세,중상,,,,
2014101300100219,2014년 10월 13일 09시,월요일,전라남도 담양군 고서면,중상사고,0,1,0,0,차량단독 - 공작물충돌,안전운전불이행,습기,흐림,단일로 - 기타,승용,여,41세,중상,,,,
2014101300100244,2014년 10월 13일 10시,월요일,전라남도 순천시 해룡면,중상사고,0,1,0,0,차대사람 - 기타,안전운전불이행,건조,맑음,교차로 - 교차로안,화물,남,57세,상해없음,보행자,남,75세,중상
2014101300100280,2014년 10월 13일 11시,월요일,전라남도 무안군 삼향읍,경상사고,0,0,1,0,차대차 - 추돌 - 진행중,안전운전불이행,건조,맑음,교차로 - 교차로안,승용,남,46세,상해없음,이륜,남,66세,경상
2014101300100363,2014년 10월 13일 13시,월요일,전라남도 여수시 화장동,경상사고,0,0,1,0,차대차 - 기타,안전운전불이행,건조,맑음,교차로 - 교차로안,승용,남,50세,상해없음,이륜,남,34세,경상
2014101300100364,2014년 10월 13일 13시,월요일,전라남도 나주시 세지면,경상사고,0,0,6,0,차대차 - 추돌 - 주정차중,기타,건조,맑음,교차로 - 교차로부근,승용,남,55세,상해없음,승합,남,43세,경상
2014101300100431,2014년 10월 13일 15시,월요일,전라남도 여수시 웅천동,경상사고,0,0,2,0,차대차 - 측면직각충돌,안전운전불이행,건조,맑음,교차로 - 교차로안,승용,남,34세,상해없음,승용,남,32세,경상
2014101300100432,2014년 10월 13일 15시,월요일,전라남도 담양군 고서면,경상사고,0,0,1,0,차대차 - 추돌 - 진행중,안전거리미확보,건조,맑음,단일로 - 기타,승용,남,36세,상해없음,승용,남,59세,경상
2014101300100476,2014년 10월 13일 16시,월요일,전라남도 여수시 둔덕동,경상사고,0,0,4,0,차대차 - 측면직각충돌,안전운전불이행,건조,맑음,단일로 - 기타,승용,여,31세,경상,승용,남,57세,경상
2014101300100516,2014년 10월 13일 17시,월요일,전라남도 목포시 서산동,중상사고,0,1,0,0,차대사람 - 기타,안전운전불이행,건조,맑음,단일로 - 기타,승용,여,62세,상해없음,보행자,남,2세,중상
2014101300100517,2014년 10월 13일 17시,월요일,전라남도 여수시 미평동,중상사고,0,1,1,0,차대사람 - 기타,안전운전불이행,건조,맑음,단일로 - 기타,승용,여,36세,상해없음,보행자,여,14세,중상
2014101300100561,2014년 10월 13일 18시,월요일,전라남도 진도군 의신면,사망사고,1,0,0,0,차대사람 - 횡단중,안전운전불이행,건조,맑음,교차로 - 교차로안,화물,남,53세,상해없음,보행자,여,77세,사망
2014101300100690,2014년 10월 13일 22시,월요일,전라남도 영암군 삼호읍,경상사고,0,0,2,0,차대차 - 기타,안전운전불이행,건조,흐림,단일로 - 기타,승용,여,32세,상해없음,승용,여,43세,경상
2014101300100691,2014년 10월 13일 22시,월요일,전라남도 광양시 마동,경상사고,0,0,2,0,차대차 - 측면직각충돌,안전운전불이행,건조,맑음,단일로 - 기타,승용,여,36세,상해없음,승용,남,54세,경상
2014101300100717,2014년 10월 13일 23시,월요일,전라남도 여수시 오림동,중상사고,0,1,0,0,차대차 - 추돌 - 주정차중,안전운전불이행,건조,맑음,단일로 - 기타,승용,남,41세,중상,건설기계,남,58세,기타불명
2014101400100030,2014년 10월 14일 01시,화요일,전라남도 여수시 신월동,경상사고,0,0,2,0,차대차 - 추돌 - 주정차중,안전운전불이행,건조,맑음,단일로 - 기타,승용,남,63세,경상,승용,남,35세,상해없음
2014101400100031,2014년 10월 14일 01시,화요일,전라남도 나주시 봉황면,중상사고,0,1,0,0,차량단독 - 공작물충돌,안전운전불이행,건조,맑음,단일로 - 기타,화물,남,54세,중상,,,,
2014101400100100,2014년 10월 14일 07시,화요일,전라남도 여수시 학동,중상사고,0,1,0,0,차대차 - 기타,교차로운행방법위반,건조,맑음,교차로 - 교차로안,승용,남,31세,상해없음,승용,여,54세,중상
2014101400100101,2014년 10월 14일 07시,화요일,전라남도 화순군 이양면,중상사고,0,1,3,0,차대차 - 측면직각충돌,직진우회전진행방해,건조,맑음,교차로 - 교차로안,화물,남,46세,상해없음,승용,여,50세,중상
2014101400100102,2014년 10월 14일 07시,화요일,전라남도 영암군 영암읍,중상사고,0,2,0,0,차대차 - 측면직각충돌,안전운전불이행,건조,맑음,단일로 - 기타,승용,여,51세,중상,승용,남,32세,중상
2014101400100103,2014년 10월 14일 07시,화요일,전라남도 장성군 남면,경상사고,0,0,1,0,차대차 - 측면직각충돌,안전거리미확보,건조,맑음,단일로 - 기타,승용,남,38세,상해없음,승용,여,54세,경상
2014101400100147,2014년 10월 14일 08시,화요일,전라남도 여수시 학동,중상사고,0,2,0,0,차대차 - 기타,중앙선침범,건조,맑음,단일로 - 기타,승용,여,42세,상해없음,이륜,남,72세,중상
2014101400100339,2014년 10월 14일 14시,화요일,전라남도 무안군 무안읍,경상사고,0,0,2,0,차대차 - 측면직각충돌,안전운전불이행,건조,맑음,단일로 - 기타,승용,남,59세,경상,승용,남,55세,경상
2014101400100375,2014년 10월 14일 15시,화요일,전라남도 여수시 선원동,중상사고,0,1,0,0,차대차 - 측면직각충돌,안전운전불이행,건조,맑음,교차로 - 교차로부근,승용,남,47세,상해없음,자전거,남,50세,중상
2014101400100376,2014년 10월 14일 15시,화요일,전라남도 해남군 송지면,중상사고,0,1,0,0,차량단독 - 전도전복,안전운전불이행,건조,맑음,단일로 - 기타,승용,남,43세,기타불명,,,,
2014101400100415,2014년 10월 14일 16시,화요일,전라남도 순천시 용당동,부상신고사고,0,0,0,1,차대차 - 기타,안전운전불이행,건조,맑음,교차로 - 교차로부근,자전거,남,10세,부상신고,승용,여,30세,상해없음
2014101400100461,2014년 10월 14일 17시,화요일,전라남도 신안군 비금면,경상사고,0,0,1,0,차대차 - 기타,안전운전불이행,건조,맑음,단일로 - 기타,화물,여,48세,상해없음,자전거,남,55세,경상
2014101400100462,2014년 10월 14일 17시,화요일,전라남도 광양시 도이동,중상사고,0,1,0,0,차대사람 - 횡단중,안전운전불이행,건조,맑음,단일로 - 기타,승용,여,56세,상해없음,보행자,남,82세,중상
2014101400100505,2014년 10월 14일 18시,화요일,전라남도 목포시 연산동,중상사고,0,1,0,0,차대사람 - 횡단중,안전운전불이행,건조,맑음,단일로 - 기타,승용,남,45세,상해없음,보행자,여,76세,중상
2014101400100506,2014년 10월 14일 18시,화요일,전라남도 영광군 백수읍,경상사고,0,0,1,0,차대차 - 측면직각충돌,기타,건조,맑음,교차로 - 교차로안,승용,남,30세,상해없음,화물,남,57세,경상
2014101400100507,2014년 10월 14일 18시,화요일,전라남도 함평군 대동면,경상사고,0,0,1,0,차대차 - 추돌 - 진행중,안전운전불이행,건조,맑음,단일로 - 기타,이륜,여,28세,경상,화물,남,54세,상해없음
2014101400100508,2014년 10월 14일 18시,화요일,전라남도 함평군 해보면,경상사고,0,0,3,0,차대차 - 정면충돌,중앙선침범,건조,맑음,단일로 - 기타,승용,남,77세,상해없음,화물,남,71세,경상
2014101400100509,2014년 10월 14일 18시,화요일,전라남도 무안군 몽탄면,경상사고,0,0,1,0,차대차 - 기타,안전운전불이행,건조,맑음,교차로 - 교차로안,화물,남,50세,상해없음,화물,남,69세,경상
2014101400100560,2014년 10월 14일 19시,화요일,전라남도 순천시 연향동,경상사고,0,0,1,0,차대사람 - 횡단중,보행자보호의무위반,건조,맑음,단일로 - 횡단보도상,승용,남,25세,상해없음,보행자,남,18세,경상
2014101400100597,2014년 10월 14일 20시,화요일,전라남도 목포시 산정동,중상사고,0,1,0,0,차대사람 - 횡단중,안전운전불이행,건조,맑음,교차로 - 교차로부근,승용,남,33세,상해없음,보행자,여,45세,중상
2014101400100598,2014년 10월 14일 20시,화요일,전라남도 순천시 덕암동,경상사고,0,0,1,0,차대차 - 측면직각충돌,안전운전불이행,건조,맑음,교차로 - 교차로안,승용,남,43세,상해없음,자전거,여,63세,경상
2014101400100599,2014년 10월 14일 20시,화요일,전라남도 고흥군 금산면,부상신고사고,0,0,0,1,차량단독 - 기타,안전운전불이행,건조,맑음,교차로 - 교차로안,이륜,남,57세,부상신고,,,,
2014101400100600,2014년 10월 14일 20시,화요일,전라남도 진도군 진도읍,경상사고,0,0,2,0,차대차 - 측면직각충돌,안전운전불이행,건조,기타,교차로 - 교차로부근,화물,남,51세,상해없음,승용,남,39세,경상
2014101500100050,2014년 10월 15일 03시,수요일,전라남도 목포시 옥암동,중상사고,0,1,1,0,차대차 - 측면직각충돌,신호위반,건조,맑음,교차로 - 교차로안,승용,남,35세,상해없음,화물,남,49세,경상
2014101500100071,2014년 10월 15일 05시,수요일,전라남도 순천시 덕암동,경상사고,0,0,1,0,차대차 - 기타,안전운전불이행,건조,맑음,교차로 - 교차로부근,승용,남,56세,상해없음,화물,남,68세,경상
2014101500100086,2014년 10월 15일 06시,수요일,전라남도 나주시 대호동,중상사고,0,1,0,0,차대차 - 기타,안전운전불이행,건조,맑음,단일로 - 기타,자전거,남,21세,중상,승용,남,57세,상해없음
2014101500100109,2014년 10월 15일 07시,수요일,전라남도 무안군 청계면,경상사고,0,0,1,0,차대차 - 기타,기타,건조,맑음,단일로 - 기타,기타불명,기타불명,기타불명,기타불명,승용,남,43세,경상
2014101500100110,2014년 10월 15일 07시,수요일,전라남도 광양시 태인동,경상사고,0,0,1,0,차대차 - 측면직각충돌,안전운전불이행,건조,맑음,교차로 - 교차로안,화물,남,56세,경상,승용,남,39세,상해없음
2014101500100176,2014년 10월 15일 09시,수요일,전라남도 무안군 해제면,부상신고사고,0,0,0,1,차대차 - 측면직각충돌,안전운전불이행,건조,맑음,교차로 - 교차로부근,승용,남,45세,부상신고,화물,남,46세,상해없음
2014101500100200,2014년 10월 15일 10시,수요일,전라남도 순천시 연향동,경상사고,0,0,1,0,차대사람 - 기타,안전운전불이행,건조,맑음,교차로 - 교차로안,승용,여,41세,상해없음,보행자,여,54세,경상
2014101500100260,2014년 10월 15일 12시,수요일,전라남도 목포시 상동,중상사고,0,1,0,0,차대차 - 측면직각충돌,안전운전불이행,건조,맑음,단일로 - 기타,승용,남,27세,상해없음,승용,여,41세,중상
2014101500100348,2014년 10월 15일 15시,수요일,전라남도 신안군 암태면,중상사고,0,1,0,0,차대사람 - 길가장자리구역통행중,안전운전불이행,건조,맑음,단일로 - 기타,승합,남,50세,상해없음,보행자,남,84세,중상
2014101500100394,2014년 10월 15일 16시,수요일,전라남도 화순군 화순읍,경상사고,0,0,3,1,차대차 - 추돌 - 진행중,안전거리미확보,건조,맑음,단일로 - 기타,화물,남,46세,부상신고,승용,여,43세,경상
2014101500100395,2014년 10월 15일 16시,수요일,전라남도 광양시 중동,중상사고,0,2,2,0,차대차 - 기타,교차로운행방법위반,건조,맑음,교차로 - 교차로안,승용,남,62세,경상,승용,여,21세,중상
2014101500100425,2014년 10월 15일 17시,수요일,전라남도 목포시 대양동,경상사고,0,0,1,0,차대차 - 추돌 - 진행중,안전거리미확보,건조,맑음,단일로 - 기타,승용,남,53세,상해없음,승용,여,37세,경상
2014101500100426,2014년 10월 15일 17시,수요일,전라남도 여수시 율촌면,중상사고,0,1,0,0,차대사람 - 횡단중,안전운전불이행,건조,맑음,단일로 - 기타,화물,남,29세,상해없음,보행자,남,8세,중상
2014101500100427,2014년 10월 15일 17시,수요일,전라남도 순천시 별량면,부상신고사고,0,0,0,1,차대차 - 측면직각충돌,안전운전불이행,건조,맑음,단일로 - 기타,이륜,남,80세,부상신고,화물,남,59세,상해없음
2014101500100474,2014년 10월 15일 18시,수요일,전라남도 여수시 봉산동,경상사고,0,0,2,0,차대차 - 추돌 - 주정차중,안전운전불이행,건조,맑음,단일로 - 기타,승용,남,55세,상해없음,승용,여,33세,경상
2014101500100475,2014년 10월 15일 18시,수요일,전라남도 나주시 노안면,경상사고,0,0,1,0,차량단독 - 기타,안전운전불이행,습기,비,교차로 - 교차로부근,이륜,남,57세,경상,,,,
2014101500100476,2014년 10월 15일 18시,수요일,전라남도 영암군 삼호읍,중상사고,0,1,0,0,차대차 - 기타,신호위반,건조,맑음,단일로 - 횡단보도상,승용,남,59세,상해없음,자전거,남,22세,중상
2014101500100477,2014년 10월 15일 18시,수요일,전라남도 광양시 중동,경상사고,0,0,1,0,차대차 - 기타,안전운전불이행,건조,맑음,단일로 - 기타,승용,남,51세,상해없음,원동기,남,42세,경상
2014101500100537,2014년 10월 15일 19시,수요일,전라남도 영암군 삼호읍,경상사고,0,0,2,0,차대차 - 측면직각충돌,안전거리미확보,건조,흐림,단일로 - 기타,이륜,남,19세,경상,승용,남,22세,상해없음
2014101500100538,2014년 10월 15일 19시,수요일,전라남도 영암군 삼호읍,경상사고,0,0,2,0,차대차 - 추돌 - 진행중,안전운전불이행,건조,맑음,단일로 - 기타,승용,남,49세,상해없음,승용,남,37세,경상
2014101500100569,2014년 10월 15일 20시,수요일,전라남도 목포시 상동,경상사고,0,0,2,0,차대차 - 측면직각충돌,안전운전불이행,건조,맑음,단일로 - 기타,승용,여,19세,상해없음,화물,남,47세,경상
2014101500100598,2014년 10월 15일 21시,수요일,전라남도 목포시 산정동,경상사고,0,0,1,0,차대사람 - 횡단중,안전운전불이행,건조,맑음,단일로 - 기타,승용,남,45세,상해없음,보행자,남,54세,경상
2014101500100599,2014년 10월 15일 21시,수요일,전라남도 강진군 강진읍,경상사고,0,0,1,0,차대차 - 측면직각충돌,중앙선침범,건조,맑음,단일로 - 기타,승합,남,40세,상해없음,승용,남,32세,경상
2014101500100631,2014년 10월 15일 22시,수요일,전라남도 순천시 해룡면,중상사고,0,1,0,0,차대사람 - 횡단중,안전운전불이행,건조,맑음,교차로 - 교차로부근,승용,남,40세,상해없음,보행자,여,53세,중상
2014101500100632,2014년 10월 15일 22시,수요일,전라남도 순천시 풍덕동,부상신고사고,0,0,0,1,차대사람 - 기타,안전운전불이행,건조,맑음,단일로 - 기타,기타불명,기타불명,기타불명,기타불명,보행자,남,38세,부상신고
2014101500100656,2014년 10월 15일 23시,수요일,전라남도 여수시 학동,중상사고,0,1,0,0,차대차 - 측면직각충돌,차로위반,건조,맑음,교차로 - 교차로부근,승용,남,23세,상해없음,이륜,남,18세,중상
2014101600100021,2014년 10월 16일 00시,목요일,전라남도 여수시 여서동,경상사고,0,0,1,0,차대차 - 측면직각충돌,안전운전불이행,건조,맑음,교차로 - 교차로안,승용,남,59세,상해없음,승용,남,52세,경상
2014101600100022,2014년 10월 16일 00시,목요일,전라남도 영암군 삼호읍,경상사고,0,0,1,0,차대차 - 추돌 - 진행중,안전운전불이행,건조,기타,단일로 - 기타,기타불명,기타불명,기타불명,기타불명,승용,남,65세,상해없음
2014101600100023,2014년 10월 16일 00시,목요일,전라남도 진도군 진도읍,경상사고,0,0,1,0,차대사람 - 횡단중,안전운전불이행,건조,맑음,교차로 - 교차로부근,승용,남,39세,상해없음,보행자,남,49세,경상
2014101600100059,2014년 10월 16일 02시,목요일,전라남도 목포시 동명동,경상사고,0,0,1,0,차대차 - 추돌 - 진행중,안전운전불이행,건조,맑음,단일로 - 기타,승용,남,28세,기타불명,승용,남,29세,경상
2014101600100125,2014년 10월 16일 07시,목요일,전라남도 여수시 돌산읍,경상사고,0,0,1,1,차대차 - 측면직각충돌,중앙선침범,건조,맑음,단일로 - 기타,화물,남,32세,부상신고,승용,남,42세,경상
2014101600100126,2014년 10월 16일 07시,목요일,전라남도 여수시 주삼동,경상사고,0,0,1,0,차대차 - 추돌 - 주정차중,안전운전불이행,건조,맑음,단일로 - 기타,승용,남,41세,상해없음,승용,남,57세,경상
2014101600100199,2014년 10월 16일 09시,목요일,전라남도 목포시 연산동,경상사고,0,0,1,0,차대차 - 추돌 - 진행중,안전운전불이행,건조,맑음,교차로 - 교차로부근,승용,남,48세,상해없음,승용,여,46세,경상
2014101600100200,2014년 10월 16일 09시,목요일,전라남도 광양시 마동,중상사고,0,1,0,0,차대사람 - 횡단중,보행자보호의무위반,건조,맑음,단일로 - 횡단보도상,승용,여,37세,상해없음,보행자,여,57세,중상
2014101600100228,2014년 10월 16일 10시,목요일,전라남도 나주시 왕곡면,경상사고,0,0,2,0,차대차 - 측면직각충돌,안전운전불이행,건조,맑음,단일로 - 기타,농기계,남,75세,경상,승용,남,65세,상해없음
2014101600100229,2014년 10월 16일 10시,목요일,전라남도 강진군 강진읍,경상사고,0,0,1,0,차대차 - 기타,안전거리미확보,건조,맑음,단일로 - 기타,화물,남,61세,상해없음,승용,남,33세,경상
2014101600100230,2014년 10월 16일 10시,목요일,전라남도 담양군 고서면,경상사고,0,0,1,0,차대차 - 측면직각충돌,중앙선침범,건조,맑음,단일로 - 기타,자전거,남,79세,경상,승용,남,67세,상해없음
2014101600100231,2014년 10월 16일 10시,목요일,전라남도 무안군 현경면,경상사고,0,0,1,0,차대차 - 측면직각충돌,안전운전불이행,건조,맑음,단일로 - 기타,화물,남,69세,상해없음,승용,남,75세,상해없음
2014101600100232,2014년 10월 16일 10시,목요일,전라남도 구례군 마산면,경상사고,0,0,1,0,차대차 - 기타,안전운전불이행,건조,맑음,교차로 - 교차로안,이륜,남,75세,경상,승합,남,42세,상해없음
2014101600100253,2014년 10월 16일 11시,목요일,전라남도 나주시 삼영동,경상사고,0,0,1,0,차대차 - 추돌 - 진행중,안전운전불이행,건조,맑음,교차로 - 교차로안,승용,남,57세,상해없음,승용,남,43세,경상
2014101600100254,2014년 10월 16일 11시,목요일,전라남도 영광군 법성면,중상사고,0,1,0,1,차대차 - 정면충돌,중앙선침범,건조,맑음,단일로 - 기타,승용,남,65세,부상신고,승용,남,46세,중상
2014101600100255,2014년 10월 16일 11시,목요일,전라남도 강진군 강진읍,경상사고,0,0,1,0,차대차 - 측면직각충돌,직진우회전진행방해,건조,맑음,교차로 - 교차로안,화물,남,61세,상해없음,승용,남,30세,경상
2014101600100256,2014년 10월 16일 11시,목요일,전라남도 완도군 노화읍,중상사고,0,1,1,0,차대차 - 정면충돌,중앙선침범,건조,맑음,단일로 - 기타,이륜,남,78세,중상,화물,남,44세,경상
2014101600100289,2014년 10월 16일 12시,목요일,전라남도 곡성군 곡성읍,경상사고,0,0,1,1,차대차 - 기타,안전운전불이행,건조,맑음,단일로 - 기타,승용,여,49세,부상신고,화물,남,32세,경상
2014101600100316,2014년 10월 16일 13시,목요일,전라남도 목포시 상동,경상사고,0,0,1,0,차대차 - 추돌 - 주정차중,교차로운행방법위반,건조,맑음,교차로 - 교차로안,승용,남,59세,상해없음,승용,남,46세,경상
2014101600100317,2014년 10월 16일 13시,목요일,전라남도 곡성군 오곡면,중상사고,0,3,0,0,차대차 - 기타,안전운전불이행,건조,맑음,교차로 - 교차로안,승용,남,62세,상해없음,승용,여,52세,중상
2014101600100345,2014년 10월 16일 14시,목요일,전라남도 여수시 중앙동,경상사고,0,0,2,0,차대차 - 측면직각충돌,교차로운행방법위반,건조,맑음,교차로 - 교차로안,승용,남,63세,상해없음,승용,남,35세,상해없음
2014101600100346,2014년 10월 16일 14시,목요일,전라남도 순천시 연향동,경상사고,0,0,2,0,차대차 - 추돌 - 진행중,안전운전불이행,건조,맑음,단일로 - 기타,화물,남,44세,상해없음,승용,여,44세,경상
2014101600100385,2014년 10월 16일 15시,목요일,전라남도 목포시 상동,중상사고,0,1,1,0,차대차 - 측면직각충돌,신호위반,건조,맑음,교차로 - 교차로부근,이륜,남,19세,중상,승용,남,37세,경상
2014101600100386,2014년 10월 16일 15시,목요일,전라남도 영광군 영광읍,중상사고,0,1,2,0,차대차 - 측면직각충돌,신호위반,건조,맑음,교차로 - 교차로안,화물,남,55세,상해없음,화물,남,41세,경상
2014101600100438,2014년 10월 16일 16시,목요일,전라남도 목포시 상동,경상사고,0,0,1,0,차대차 - 측면직각충돌,안전운전불이행,건조,맑음,교차로 - 교차로안,승용,여,41세,상해없음,자전거,남,11세,경상
2014101600100439,2014년 10월 16일 16시,목요일,전라남도 순천시 해룡면,부상신고사고,0,0,0,1,차대사람 - 기타,안전운전불이행,건조,맑음,교차로 - 교차로부근,승용,여,53세,상해없음,보행자,여,7세,부상신고
2014101600100440,2014년 10월 16일 16시,목요일,전라남도 함평군 신광면,중상사고,0,1,0,0,차대차 - 측면직각충돌,교차로운행방법위반,건조,맑음,교차로 - 교차로부근,화물,여,47세,상해없음,이륜,남,67세,중상
2014101600100441,2014년 10월 16일 16시,목요일,전라남도 광양시 광양읍,경상사고,0,0,1,0,차대차 - 추돌 - 주정차중,안전운전불이행,건조,맑음,교차로 - 교차로부근,승합,남,63세,상해없음,화물,남,53세,경상
2014101600100487,2014년 10월 16일 17시,목요일,전라남도 목포시 대성동,중상사고,0,1,0,0,차대차 - 측면직각충돌,신호위반,건조,맑음,교차로 - 교차로부근,승용,남,55세,상해없음,자전거,남,34세,중상
2014101600100537,2014년 10월 16일 18시,목요일,전라남도 여수시 안산동,경상사고,0,0,1,0,차대차 - 측면직각충돌,안전운전불이행,건조,맑음,단일로 - 기타,승합,남,62세,상해없음,승용,여,42세,경상
2014101600100538,2014년 10월 16일 18시,목요일,전라남도 고흥군 금산면,중상사고,0,1,0,0,차대차 - 추돌 - 진행중,안전운전불이행,건조,맑음,단일로 - 기타,원동기,남,71세,중상,농기계,남,73세,상해없음
2014101600100539,2014년 10월 16일 18시,목요일,전라남도 해남군 삼산면,경상사고,0,0,1,1,차대차 - 기타,안전운전불이행,건조,맑음,단일로 - 기타,승용,남,74세,부상신고,농기계,남,57세,경상
2014101600100540,2014년 10월 16일 18시,목요일,전라남도 영광군 법성면,중상사고,0,1,0,0,차대차 - 기타,안전운전불이행,건조,맑음,단일로 - 기타,승용,여,37세,상해없음,이륜,남,27세,중상
2014101600100541,2014년 10월 16일 18시,목요일,전라남도 광양시 광영동,경상사고,0,0,1,0,차대사람 - 기타,안전운전불이행,건조,맑음,단일로 - 기타,화물,남,50세,상해없음,보행자,남,48세,경상
2014101600100581,2014년 10월 16일 19시,목요일,전라남도 목포시 산정동,중상사고,0,2,0,0,차대사람 - 차도통행중,안전운전불이행,건조,흐림,단일로 - 기타,이륜,남,51세,중상,보행자,남,56세,중상
2014101600100582,2014년 10월 16일 19시,목요일,전라남도 영암군 영암읍,경상사고,0,0,2,0,차대사람 - 기타,보행자보호의무위반,건조,맑음,교차로 - 교차로부근,승용,남,25세,상해없음,보행자,남,49세,경상
2014101600100618,2014년 10월 16일 20시,목요일,전라남도 영암군 신북면,사망사고,1,1,1,0,차대차 - 추돌 - 진행중,안전운전불이행,건조,맑음,교차로 - 교차로부근,화물,남,61세,사망,화물,남,65세,중상
2014101600100672,2014년 10월 16일 22시,목요일,전라남도 영암군 시종면,중상사고,0,2,0,0,차량단독 - 기타,안전운전불이행,건조,맑음,단일로 - 기타,승용,여,51세,중상,,,,
2014101600100705,2014년 10월 16일 23시,목요일,전라남도 목포시 옥암동,중상사고,0,1,1,0,차대차 - 측면직각충돌,신호위반,건조,흐림,교차로 - 교차로안,승용,남,51세,경상,승용,여,23세,중상
2014101600100706,2014년 10월 16일 23시,목요일,전라남도 나주시 성북동,중상사고,0,1,0,0,차대사람 - 횡단중,안전운전불이행,건조,맑음,단일로 - 기타,화물,남,41세,상해없음,보행자,남,48세,중상
2014101700100103,2014년 10월 17일 06시,금요일,전라남도 목포시 상동,중상사고,0,1,1,0,차대차 - 측면직각충돌,신호위반,건조,맑음,교차로 - 교차로안,이륜,남,17세,상해없음,승용,남,21세,경상
2014101700100104,2014년 10월 17일 06시,금요일,전라남도 순천시 와룡동,사망사고,1,0,0,0,차대사람 - 기타,안전운전불이행,건조,맑음,단일로 - 기타,승용,여,39세,상해없음,보행자,여,76세,사망
2014101700100105,2014년 10월 17일 06시,금요일,전라남도 담양군 봉산면,중상사고,0,1,1,0,차대차 - 측면직각충돌,직진우회전진행방해,건조,맑음,교차로 - 교차로안,승용,남,54세,상해없음,농기계,남,71세,중상
2014101700100138,2014년 10월 17일 07시,금요일,전라남도 목포시 석현동,경상사고,0,0,2,0,차대차 - 측면직각충돌,교차로운행방법위반,건조,흐림,교차로 - 교차로부근,특수,남,28세,상해없음,화물,남,44세,경상
2014101700100139,2014년 10월 17일 07시,금요일,전라남도 여수시 광무동,중상사고,0,1,0,0,차대사람 - 횡단중,보행자보호의무위반,건조,맑음,단일로 - 기타,이륜,남,66세,상해없음,보행자,여,63세,중상