사고번호,사고일시,요일,시군구,사고내용,사망자수,중상자수,경상자수,부상신고자수,사고유형,법규위반,노면상태,기상상태,도로형태,가해운전자 차종,가해운전자 성별,가해운전자 연령,가해운전자 상해정도,피해운전자 차종,피해운전자 성별,피해운전자 연령,피해운전자 상해정도
2014101700100140,2014년 10월 17일 07시,금요일,전라남도 순천시 연향동,경상사고,0,0,1,0,차대사람 - 기타,보행자보호의무위반,건조,맑음,교차로 - 교차로부근,승용,남,57세,상해없음,보행자,여,17세,경상
2014101700100188,2014년 10월 17일 08시,금요일,전라남도 목포시 상동,경상사고,0,0,2,0,차대차 - 측면직각충돌,안전운전불이행,건조,맑음,교차로 - 교차로안,승용,여,45세,경상,화물,남,32세,경상
2014101700100189,2014년 10월 17일 08시,금요일,전라남도 여수시 여서동,경상사고,0,0,1,0,차대차 - 측면직각충돌,안전운전불이행,건조,맑음,단일로 - 기타,승합,남,60세,상해없음,승용,남,34세,경상
2014101700100190,2014년 10월 17일 08시,금요일,전라남도 순천시 해룡면,경상사고,0,0,1,0,차대차 - 측면직각충돌,안전운전불이행,건조,맑음,교차로 - 교차로부근,승용,남,42세,상해없음,승합,여,45세,경상
2014101700100191,2014년 10월 17일 08시,금요일,전라남도 순천시 해룡면,경상사고,0,0,1,0,차대차 - 기타,안전운전불이행,건조,맑음,교차로 - 교차로부근,승용,남,56세,상해없음,승용,남,38세,경상
2014101700100237,2014년 10월 17일 09시,금요일,전라남도 영암군 신북면,경상사고,0,0,5,0,차대차 - 추돌 - 진행중,안전거리미확보,건조,맑음,교차로 - 교차로부근,승용,여,60세,경상,승용,남,37세,상해없음
2014101700100238,2014년 10월 17일 09시,금요일,전라남도 진도군 진도읍,중상사고,0,1,0,0,차대사람 - 기타,보행자보호의무위반,건조,맑음,단일로 - 횡단보도상,승용,여,67세,상해없음,보행자,남,58세,중상
2014101700100269,2014년 10월 17일 10시,금요일,전라남도 순천시 해룡면,중상사고,0,1,1,0,차대차 - 측면직각충돌,중앙선침범,건조,맑음,단일로 - 기타,화물,남,67세,상해없음,승용,남,56세,경상
2014101700100270,2014년 10월 17일 10시,금요일,전라남도 장흥군 관산읍,경상사고,0,0,1,0,차대차 - 측면직각충돌,교차로운행방법위반,건조,맑음,교차로 - 교차로안,승용,여,54세,상해없음,승용,여,65세,경상
2014101700100271,2014년 10월 17일 10시,금요일,전라남도 장흥군 장흥읍,경상사고,0,0,1,0,차대차 - 기타,교차로운행방법위반,건조,맑음,교차로 - 교차로안,승용,남,33세,상해없음,자전거,여,53세,경상
2014101700100308,2014년 10월 17일 11시,금요일,전라남도 순천시 조례동,경상사고,0,0,3,0,차대차 - 기타,안전운전불이행,건조,맑음,단일로 - 기타,승용,여,66세,상해없음,승합,여,39세,경상
2014101700100340,2014년 10월 17일 12시,금요일,전라남도 고흥군 도화면,경상사고,0,0,1,0,차대차 - 기타,안전운전불이행,건조,맑음,단일로 - 기타,화물,남,33세,상해없음,이륜,여,71세,경상
2014101700100341,2014년 10월 17일 12시,금요일,전라남도 고흥군 포두면,중상사고,0,1,0,0,차대사람 - 기타,안전운전불이행,건조,맑음,단일로 - 기타,화물,남,74세,상해없음,보행자,남,60세,중상
2014101700100410,2014년 10월 17일 14시,금요일,전라남도 여수시 신기동,중상사고,0,1,0,0,차대차 - 기타,신호위반,건조,맑음,교차로 - 교차로안,화물,남,44세,상해없음,이륜,남,30세,중상
2014101700100411,2014년 10월 17일 14시,금요일,전라남도 순천시 풍덕동,경상사고,0,0,1,0,차대차 - 기타,안전운전불이행,건조,맑음,교차로 - 교차로부근,승용,남,56세,상해없음,화물,남,69세,경상
2014101700100412,2014년 10월 17일 14시,금요일,전라남도 영광군 영광읍,중상사고,0,1,0,0,차대사람 - 횡단중,보행자보호의무위반,건조,맑음,단일로 - 횡단보도상,승용,남,32세,상해없음,보행자,여,67세,중상
2014101700100413,2014년 10월 17일 14시,금요일,전라남도 담양군 대전면,경상사고,0,0,1,0,차대차 - 기타,중앙선침범,건조,맑음,단일로 - 기타,승합,남,45세,상해없음,원동기,남,72세,경상
2014101700100439,2014년 10월 17일 15시,금요일,전라남도 순천시 덕암동,경상사고,0,0,2,1,차대차 - 기타,직진우회전진행방해,건조,맑음,교차로 - 교차로안,승용,여,46세,상해없음,승용,여,30세,경상
2014101700100440,2014년 10월 17일 15시,금요일,전라남도 순천시 매곡동,중상사고,0,1,0,0,차대차 - 측면직각충돌,안전운전불이행,건조,맑음,단일로 - 기타,기타불명,기타불명,기타불명,기타불명,자전거,남,15세,중상
2014101700100441,2014년 10월 17일 15시,금요일,전라남도 함평군 대동면,중상사고,0,1,0,0,차대차 - 측면직각충돌,직진우회전진행방해,건조,맑음,교차로 - 교차로안,이륜,여,71세,중상,농기계,남,55세,상해없음
2014101700100442,2014년 10월 17일 15시,금요일,전라남도 강진군 작천면,경상사고,0,0,1,0,차량단독 - 기타,안전운전불이행,건조,맑음,단일로 - 기타,원동기,여,64세,경상,,,,
2014101700100443,2014년 10월 17일 15시,금요일,전라남도 광양시 중동,경상사고,0,0,1,0,차대차 - 측면직각충돌,교차로운행방법위반,건조,맑음,교차로 - 교차로안,승용,남,31세,상해없음,승용,남,27세,경상
2014101700100444,2014년 10월 17일 15시,금요일,전라남도 구례군 토지면,중상사고,0,2,1,0,차대차 - 기타,안전운전불이행,건조,맑음,단일로 - 기타,건설기계,남,42세,상해없음,승합,남,68세,상해없음
2014101700100485,2014년 10월 17일 16시,금요일,전라남도 목포시 산정동,경상사고,0,0,2,0,차대차 - 기타,안전운전불이행,건조,맑음,단일로 - 기타,승용,남,34세,상해없음,승용,여,44세,상해없음
2014101700100486,2014년 10월 17일 16시,금요일,전라남도 순천시 조곡동,경상사고,0,0,1,0,차대사람 - 횡단중,안전운전불이행,건조,맑음,단일로 - 기타,승용,남,64세,상해없음,보행자,여,48세,경상
2014101700100487,2014년 10월 17일 16시,금요일,전라남도 담양군 담양읍,중상사고,0,2,4,0,차대차 - 추돌 - 주정차중,안전운전불이행,건조,맑음,교차로 - 교차로부근,화물,여,61세,중상,승용,남,18세,경상
2014101700100521,2014년 10월 17일 17시,금요일,전라남도 목포시 연산동,경상사고,0,0,2,0,차대차 - 추돌 - 주정차중,안전운전불이행,건조,맑음,단일로 - 기타,이륜,남,80세,경상,화물,남,32세,상해없음
2014101700100522,2014년 10월 17일 17시,금요일,전라남도 순천시 조례동,경상사고,0,0,2,0,차대차 - 추돌 - 진행중,안전운전불이행,건조,맑음,단일로 - 기타,승용,남,23세,상해없음,화물,남,46세,경상
2014101700100523,2014년 10월 17일 17시,금요일,전라남도 영암군 미암면,경상사고,0,0,4,0,차대차 - 기타,직진우회전진행방해,건조,맑음,교차로 - 교차로안,승용,남,43세,상해없음,화물,남,50세,경상
2014101700100524,2014년 10월 17일 17시,금요일,전라남도 광양시 광양읍,경상사고,0,0,1,0,차대차 - 추돌 - 진행중,안전운전불이행,건조,맑음,교차로 - 교차로안,자전거,남,75세,경상,화물,남,46세,상해없음
2014101700100525,2014년 10월 17일 17시,금요일,전라남도 구례군 구례읍,중상사고,0,1,0,0,차대사람 - 기타,안전운전불이행,건조,맑음,단일로 - 기타,화물,남,30세,상해없음,보행자,여,13세,중상
2014101700100588,2014년 10월 17일 18시,금요일,전라남도 여수시 소라면,경상사고,0,0,2,0,차대차 - 정면충돌,중앙선침범,건조,맑음,단일로 - 기타,화물,남,47세,기타불명,승합,남,45세,상해없음
2014101700100589,2014년 10월 17일 18시,금요일,전라남도 나주시 송월동,경상사고,0,0,3,0,차대차 - 추돌 - 진행중,안전거리미확보,건조,맑음,단일로 - 기타,승용,여,48세,상해없음,화물,여,64세,경상
2014101700100590,2014년 10월 17일 18시,금요일,전라남도 나주시 부덕동,중상사고,0,1,0,0,차대차 - 추돌 - 진행중,안전거리미확보,건조,맑음,단일로 - 기타,승용,여,48세,기타불명,농기계,남,62세,중상
2014101700100591,2014년 10월 17일 18시,금요일,전라남도 나주시 산포면,중상사고,0,1,0,0,차대사람 - 횡단중,안전운전불이행,건조,맑음,교차로 - 교차로안,승용,남,50세,상해없음,보행자,여,72세,중상
2014101700100666,2014년 10월 17일 19시,금요일,전라남도 목포시 용당동,경상사고,0,0,4,0,차대차 - 기타,신호위반,건조,맑음,교차로 - 교차로안,승용,남,79세,경상,승합,남,46세,경상
2014101700100667,2014년 10월 17일 19시,금요일,전라남도 무안군 망운면,사망사고,1,0,0,0,차대사람 - 횡단중,안전운전불이행,건조,맑음,교차로 - 교차로부근,승용,남,18세,상해없음,보행자,여,74세,사망
2014101700100668,2014년 10월 17일 19시,금요일,전라남도 광양시 마동,중상사고,0,1,1,0,차대차 - 정면충돌,교차로운행방법위반,건조,맑음,교차로 - 교차로안,승용,여,21세,경상,이륜,남,31세,중상
2014101700100715,2014년 10월 17일 20시,금요일,전라남도 목포시 상동,경상사고,0,0,1,0,차대차 - 기타,신호위반,건조,맑음,교차로 - 교차로안,승용,여,42세,상해없음,이륜,남,35세,경상
2014101700100716,2014년 10월 17일 20시,금요일,전라남도 여수시 여서동,경상사고,0,0,1,0,차대차 - 기타,안전운전불이행,건조,맑음,교차로 - 교차로안,기타불명,기타불명,기타불명,기타불명,승용,여,46세,경상
2014101700100717,2014년 10월 17일 20시,금요일,전라남도 해남군 해남읍,중상사고,0,1,0,0,차대차 - 측면직각충돌,신호위반,건조,맑음,교차로 - 교차로안,승용,남,33세,상해없음,승용,남,35세,중상
2014101700100718,2014년 10월 17일 20시,금요일,전라남도 무안군 삼향읍,중상사고,0,1,5,0,차대차 - 측면직각충돌,신호위반,건조,맑음,교차로 - 교차로안,승용,여,44세,중상,승용,남,53세,경상
2014101700100719,2014년 10월 17일 20시,금요일,전라남도 담양군 고서면,중상사고,0,1,0,0,차대차 - 기타,안전운전불이행,건조,맑음,단일로 - 기타,화물,남,45세,상해없음,화물,남,57세,중상
2014101700100752,2014년 10월 17일 21시,금요일,전라남도 영광군 영광읍,중상사고,0,1,0,0,차대차 - 측면직각충돌,신호위반,건조,맑음,교차로 - 교차로안,화물,남,48세,상해없음,승용,남,49세,상해없음
2014101700100789,2014년 10월 17일 22시,금요일,전라남도 화순군 화순읍,중상사고,0,2,1,0,차대차 - 측면직각충돌,안전거리미확보,건조,기타,단일로 - 기타,승용,여,37세,경상,승용,여,26세,중상
2014101700100821,2014년 10월 17일 23시,금요일,전라남도 함평군 월야면,경상사고,0,0,1,0,차대차 - 측면직각충돌,중앙선침범,건조,맑음,단일로 - 기타,승용,남,72세,상해없음,승용,남,32세,상해없음
2014101800100020,2014년 10월 18일 00시,토요일,전라남도 영광군 영광읍,경상사고,0,0,1,0,차대차 - 측면직각충돌,안전운전불이행,건조,맑음,교차로 - 교차로안,승용,여,45세,상해없음,승용,남,44세,경상
2014101800100021,2014년 10월 18일 00시,토요일,전라남도 광양시 중동,경상사고,0,0,2,0,차대차 - 추돌 - 진행중,교차로운행방법위반,건조,맑음,교차로 - 교차로안,승용,여,51세,상해없음,승용,남,48세,경상
2014101800100084,2014년 10월 18일 04시,토요일,전라남도 목포시 상동,중상사고,0,1,0,0,차대사람 - 횡단중,보행자보호의무위반,건조,맑음,단일로 - 기타,승용,기타불명,기타불명,기타불명,보행자,여,70세,중상
2014101800100085,2014년 10월 18일 04시,토요일,전라남도 순천시 연향동,경상사고,0,0,1,0,차대차 - 기타,안전운전불이행,건조,맑음,교차로 - 교차로안,승용,남,27세,상해없음,승용,남,38세,경상
2014101800100099,2014년 10월 18일 05시,토요일,전라남도 보성군 미력면,경상사고,0,0,4,0,차대차 - 추돌 - 주정차중,안전운전불이행,기타,안개,단일로 - 기타,승용,남,31세,경상,승용,남,45세,경상
2014101800100117,2014년 10월 18일 06시,토요일,전라남도 여수시 광무동,경상사고,0,0,3,0,차대차 - 기타,교차로운행방법위반,건조,맑음,교차로 - 교차로안,승용,남,43세,경상,승용,남,62세,경상
2014101800100155,2014년 10월 18일 08시,토요일,전라남도 순천시 연향동,경상사고,0,0,5,0,차대차 - 추돌 - 주정차중,안전거리미확보,건조,맑음,교차로 - 교차로부근,승용,남,53세,상해없음,승용,남,67세,경상
2014101800100188,2014년 10월 18일 09시,토요일,전라남도 여수시 남산동,경상사고,0,0,1,0,차대차 - 측면직각충돌,안전운전불이행,건조,맑음,기타 - 기타,승용,남,53세,상해없음,이륜,남,71세,경상
2014101800100189,2014년 10월 18일 09시,토요일,전라남도 나주시 송월동,중상사고,0,1,0,0,차대차 - 측면직각충돌,안전운전불이행,건조,맑음,교차로 - 교차로안,화물,남,54세,상해없음,자전거,남,79세,중상
2014101800100225,2014년 10월 18일 10시,토요일,전라남도 나주시 동강면,경상사고,0,0,1,1,차대차 - 측면직각충돌,중앙선침범,건조,맑음,단일로 - 기타,화물,남,72세,부상신고,화물,남,53세,경상
2014101800100226,2014년 10월 18일 10시,토요일,전라남도 장성군 황룡면,경상사고,0,0,3,0,차대차 - 기타,중앙선침범,건조,맑음,단일로 - 기타,승용,남,45세,상해없음,승용,남,18세,경상
2014101800100255,2014년 10월 18일 11시,토요일,전라남도 무안군 현경면,경상사고,0,0,2,0,차대차 - 추돌 - 진행중,안전운전불이행,건조,맑음,교차로 - 교차로안,화물,남,71세,상해없음,화물,남,33세,상해없음
2014101800100319,2014년 10월 18일 13시,토요일,전라남도 순천시 동외동,경상사고,0,0,1,0,차대차 - 측면직각충돌,교차로운행방법위반,건조,맑음,교차로 - 교차로안,승용,여,44세,기타불명,화물,남,36세,경상
2014101800100320,2014년 10월 18일 13시,토요일,전라남도 영암군 삼호읍,경상사고,0,0,1,0,차대차 - 기타,안전거리미확보,건조,맑음,단일로 - 기타,승용,남,73세,상해없음,승용,남,62세,경상
2014101800100321,2014년 10월 18일 13시,토요일,전라남도 무안군 청계면,경상사고,0,0,1,0,차대차 - 기타,기타,건조,맑음,기타 - 기타,승용,남,49세,상해없음,승용,남,56세,경상
2014101800100322,2014년 10월 18일 13시,토요일,전라남도 광양시 광영동,부상신고사고,0,0,0,1,차대차 - 추돌 - 진행중,안전거리미확보,건조,맑음,교차로 - 교차로부근,승합,여,62세,상해없음,화물,남,56세,상해없음
2014101800100361,2014년 10월 18일 14시,토요일,전라남도 목포시 해안동1가,중상사고,0,1,0,0,차대차 - 정면충돌,중앙선침범,건조,맑음,단일로 - 기타,승용,남,35세,상해없음,이륜,남,18세,중상
2014101800100362,2014년 10월 18일 14시,토요일,전라남도 여수시 문수동,경상사고,0,0,1,0,차대차 - 기타,안전운전불이행,건조,맑음,교차로 - 교차로안,승용,남,63세,상해없음,이륜,남,68세,경상
2014101800100363,2014년 10월 18일 14시,토요일,전라남도 순천시 낙안면,경상사고,0,0,3,0,차대차 - 기타,기타,건조,맑음,교차로 - 교차로안,승용,남,33세,상해없음,승합,여,43세,경상
2014101800100364,2014년 10월 18일 14시,토요일,전라남도 광양시 광양읍,경상사고,0,0,2,0,차대차 - 측면직각충돌,신호위반,건조,맑음,교차로 - 교차로안,승용,여,40세,상해없음,승용,남,62세,경상
2014101800100409,2014년 10월 18일 15시,토요일,전라남도 장흥군 장흥읍,경상사고,0,0,1,0,차대차 - 기타,안전운전불이행,건조,맑음,교차로 - 교차로안,승용,남,43세,상해없음,원동기,남,44세,경상
2014101800100410,2014년 10월 18일 15시,토요일,전라남도 영암군 삼호읍,중상사고,0,1,1,0,차대차 - 측면직각충돌,신호위반,건조,맑음,교차로 - 교차로안,승용,남,26세,중상,화물,남,43세,경상
2014101800100464,2014년 10월 18일 16시,토요일,전라남도 순천시 생목동,경상사고,0,0,5,0,차대차 - 추돌 - 진행중,안전운전불이행,건조,맑음,단일로 - 기타,승용,남,55세,상해없음,승용,남,64세,경상
2014101800100465,2014년 10월 18일 16시,토요일,전라남도 광양시 금호동,경상사고,0,0,1,2,차량단독 - 공작물충돌,안전운전불이행,건조,맑음,단일로 - 기타,승용,남,42세,부상신고,,,,
2014101800100506,2014년 10월 18일 17시,토요일,전라남도 장성군 장성읍,경상사고,0,0,1,0,차대차 - 측면직각충돌,안전운전불이행,건조,맑음,교차로 - 교차로안,승용,여,46세,상해없음,자전거,남,77세,경상
2014101800100507,2014년 10월 18일 17시,토요일,전라남도 담양군 담양읍,경상사고,0,0,1,0,차대차 - 기타,안전운전불이행,건조,맑음,단일로 - 기타,자전거,여,9세,경상,승용,남,25세,상해없음
2014101800100508,2014년 10월 18일 17시,토요일,전라남도 광양시 봉강면,사망사고,1,0,0,0,차량단독 - 전도전복,안전운전불이행,건조,맑음,단일로 - 기타,농기계,남,77세,사망,,,,
2014101800100559,2014년 10월 18일 18시,토요일,전라남도 순천시 생목동,경상사고,0,0,4,0,차대차 - 측면직각충돌,신호위반,건조,맑음,교차로 - 교차로부근,승용,남,58세,상해없음,승용,여,55세,경상
2014101800100560,2014년 10월 18일 18시,토요일,전라남도 고흥군 포두면,경상사고,0,0,1,0,차대차 - 기타,중앙선침범,건조,맑음,단일로 - 기타,농기계,남,60세,경상,승용,남,27세,상해없음
2014101800100600,2014년 10월 18일 19시,토요일,전라남도 장흥군 장흥읍,중상사고,0,2,0,0,차대차 - 기타,교차로운행방법위반,건조,맑음,교차로 - 교차로안,승합,남,49세,상해없음,승용,여,22세,중상
2014101800100601,2014년 10월 18일 19시,토요일,전라남도 장성군 삼계면,중상사고,0,1,1,0,차대차 - 측면직각충돌,안전운전불이행,건조,맑음,교차로 - 교차로안,화물,여,56세,경상,화물,여,57세,중상
2014101800100720,2014년 10월 18일 22시,토요일,전라남도 무안군 무안읍,경상사고,0,0,3,0,차대차 - 측면직각충돌,안전운전불이행,건조,맑음,단일로 - 기타,승용,남,24세,상해없음,화물,남,51세,상해없음
2014101800100721,2014년 10월 18일 22시,토요일,전라남도 여수시 미평동,경상사고,0,0,2,0,차대차 - 추돌 - 주정차중,안전운전불이행,건조,맑음,교차로 - 교차로부근,승용,남,41세,상해없음,승용,여,32세,경상
2014101900100095,2014년 10월 19일 05시,일요일,전라남도 함평군 손불면,경상사고,0,0,1,0,차대차 - 추돌 - 진행중,안전운전불이행,건조,맑음,단일로 - 기타,화물,남,34세,상해없음,화물,남,56세,경상
2014101900100096,2014년 10월 19일 05시,일요일,전라남도 순천시 매곡동,경상사고,0,0,1,0,차대차 - 측면직각충돌,안전운전불이행,건조,맑음,단일로 - 기타,승용,남,60세,상해없음,승용,남,28세,경상
2014101900100126,2014년 10월 19일 07시,일요일,전라남도 화순군 청풍면,경상사고,0,0,2,0,차대차 - 추돌 - 진행중,안전운전불이행,건조,맑음,단일로 - 기타,화물,남,53세,상해없음,화물,남,59세,경상
2014101900100127,2014년 10월 19일 07시,일요일,전라남도 함평군 학교면,부상신고사고,0,0,0,4,차대차 - 측면직각충돌,교차로운행방법위반,건조,맑음,교차로 - 교차로안,화물,남,59세,부상신고,승합,남,21세,부상신고
2014101900100128,2014년 10월 19일 07시,일요일,전라남도 영암군 삼호읍,경상사고,0,0,1,0,차대차 - 기타,신호위반,건조,맑음,교차로 - 교차로안,승용,남,41세,상해없음,화물,남,51세,경상
2014101900100129,2014년 10월 19일 07시,일요일,전라남도 장성군 삼계면,경상사고,0,0,1,0,차대차 - 기타,안전운전불이행,건조,맑음,단일로 - 기타,화물,남,60세,상해없음,농기계,여,74세,경상
2014101900100130,2014년 10월 19일 07시,일요일,전라남도 구례군 광의면,중상사고,0,1,0,0,차대차 - 기타,차로위반,기타,안개,단일로 - 기타,화물,남,69세,기타불명,화물,남,64세,상해없음
2014101900100145,2014년 10월 19일 08시,일요일,전라남도 해남군 해남읍,중상사고,0,1,0,0,차대사람 - 기타,안전운전불이행,건조,맑음,단일로 - 기타,승용,여,42세,상해없음,보행자,여,88세,중상
2014101900100180,2014년 10월 19일 10시,일요일,전라남도 장흥군 관산읍,경상사고,0,0,1,0,차대사람 - 기타,안전운전불이행,건조,맑음,단일로 - 기타,화물,남,71세,상해없음,보행자,남,54세,경상
2014101900100181,2014년 10월 19일 10시,일요일,전라남도 영광군 영광읍,경상사고,0,0,1,0,차대사람 - 기타,안전운전불이행,습기,맑음,기타 - 기타,화물,남,63세,상해없음,보행자,여,54세,경상
2014101900100218,2014년 10월 19일 11시,일요일,전라남도 영광군 염산면,경상사고,0,0,1,0,차대차 - 측면직각충돌,안전운전불이행,건조,맑음,단일로 - 기타,승용,여,50세,상해없음,원동기,남,82세,경상
2014101900100250,2014년 10월 19일 12시,일요일,전라남도 해남군 산이면,중상사고,0,1,1,0,차대차 - 정면충돌,중앙선침범,건조,맑음,단일로 - 기타,화물,남,75세,경상,화물,남,71세,중상
2014101900100278,2014년 10월 19일 13시,일요일,전라남도 화순군 화순읍,경상사고,0,0,6,0,차대차 - 추돌 - 진행중,불법유턴,건조,맑음,단일로 - 기타,승합,남,63세,경상,화물,남,60세,경상
2014101900100308,2014년 10월 19일 14시,일요일,전라남도 해남군 화원면,경상사고,0,0,1,0,차대차 - 측면직각충돌,교차로운행방법위반,건조,맑음,단일로 - 기타,이륜,남,44세,경상,화물,남,40세,상해없음
2014101900100309,2014년 10월 19일 14시,일요일,전라남도 보성군 조성면,중상사고,0,1,0,1,차대차 - 측면직각충돌,안전운전불이행,건조,맑음,단일로 - 기타,승용,남,43세,중상,화물,남,48세,부상신고
2014101900100342,2014년 10월 19일 15시,일요일,전라남도 목포시 산정동,경상사고,0,0,1,0,차대사람 - 차도통행중,안전운전불이행,건조,맑음,단일로 - 기타,기타불명,기타불명,기타불명,기타불명,보행자,여,84세,경상
2014101900100407,2014년 10월 19일 17시,일요일,전라남도 광양시 광양읍,중상사고,0,1,0,0,차대차 - 추돌 - 진행중,안전운전불이행,건조,맑음,교차로 - 교차로안,이륜,남,78세,중상,화물,남,42세,상해없음
2014101900100454,2014년 10월 19일 18시,일요일,전라남도 여수시 문수동,중상사고,0,1,0,0,차대사람 - 횡단중,안전운전불이행,건조,맑음,단일로 - 기타,승용,남,33세,상해없음,보행자,남,21세,중상
2014101900100455,2014년 10월 19일 18시,일요일,전라남도 영광군 영광읍,중상사고,0,1,0,0,차대사람 - 횡단중,안전운전불이행,건조,맑음,단일로 - 기타,승합,남,47세,상해없음,보행자,여,43세,중상
2014101900100456,2014년 10월 19일 18시,일요일,전라남도 화순군 이양면,경상사고,0,0,4,0,차대차 - 추돌 - 주정차중,안전운전불이행,건조,맑음,단일로 - 기타,화물,남,62세,경상,화물,남,37세,경상
2014101900100457,2014년 10월 19일 18시,일요일,전라남도 강진군 칠량면,부상신고사고,0,0,0,1,차대차 - 기타,안전운전불이행,건조,맑음,단일로 - 기타,승용,남,74세,상해없음,원동기,남,51세,부상신고
2014101900100500,2014년 10월 19일 19시,일요일,전라남도 여수시 신기동,경상사고,0,0,3,0,차대차 - 추돌 - 진행중,안전운전불이행,건조,맑음,단일로 - 기타,승용,남,52세,상해없음,승용,여,31세,경상
2014101900100501,2014년 10월 19일 19시,일요일,전라남도 여수시 학동,경상사고,0,0,1,0,차대사람 - 기타,안전운전불이행,건조,맑음,단일로 - 기타,승용,남,35세,상해없음,보행자,남,46세,경상
2014101900100502,2014년 10월 19일 19시,일요일,전라남도 무안군 삼향읍,중상사고,0,1,1,0,차대차 - 측면직각충돌,신호위반,건조,맑음,교차로 - 교차로안,승용,남,48세,상해없음,승용,남,43세,중상
2014101900100531,2014년 10월 19일 20시,일요일,전라남도 여수시 웅천동,중상사고,0,1,1,0,차대차 - 측면직각충돌,신호위반,건조,맑음,교차로 - 교차로안,승용,여,48세,경상,화물,남,40세,상해없음
2014101900100587,2014년 10월 19일 22시,일요일,전라남도 목포시 옥암동,중상사고,0,1,1,0,차량단독 - 전도전복,안전운전불이행,습기,비,단일로 - 기타,화물,남,22세,경상,,,,
2014101900100604,2014년 10월 19일 23시,일요일,전라남도 여수시 웅천동,중상사고,0,1,0,0,차대차 - 기타,안전운전불이행,건조,흐림,단일로 - 기타,승용,남,32세,상해없음,승용,여,34세,중상
2014102000100090,2014년 10월 20일 06시,월요일,전라남도 목포시 용당동,경상사고,0,0,1,0,차대차 - 기타,신호위반,건조,맑음,교차로 - 교차로안,승용,남,51세,상해없음,화물,여,68세,경상
2014102000100119,2014년 10월 20일 07시,월요일,전라남도 목포시 동명동,경상사고,0,0,1,0,차대차 - 기타,중앙선침범,건조,맑음,단일로 - 기타,승용,여,58세,상해없음,승합,남,49세,경상
2014102000100120,2014년 10월 20일 07시,월요일,전라남도 여수시 율촌면,경상사고,0,0,2,0,차대차 - 추돌 - 진행중,안전거리미확보,습기,비,단일로 - 기타,승용,남,29세,경상,승용,남,25세,경상
2014102000100121,2014년 10월 20일 07시,월요일,전라남도 무안군 삼향읍,중상사고,0,1,2,0,차대차 - 측면직각충돌,신호위반,습기,비,교차로 - 교차로안,승용,여,49세,경상,승용,여,51세,중상
2014102000100162,2014년 10월 20일 08시,월요일,전라남도 목포시 산정동,경상사고,0,0,2,0,차대차 - 기타,신호위반,건조,맑음,교차로 - 교차로안,승용,여,52세,경상,승용,남,32세,경상
2014102000100163,2014년 10월 20일 08시,월요일,전라남도 목포시 죽교동,경상사고,0,0,1,0,차대차 - 기타,안전운전불이행,건조,맑음,단일로 - 기타,기타불명,기타불명,기타불명,기타불명,승용,남,43세,경상
2014102000100164,2014년 10월 20일 08시,월요일,전라남도 고흥군 대서면,중상사고,0,1,0,0,차대사람 - 기타,안전운전불이행,습기,비,단일로 - 기타,화물,여,55세,상해없음,보행자,여,61세,중상
2014102000100165,2014년 10월 20일 08시,월요일,전라남도 보성군 벌교읍,경상사고,0,0,1,0,차대차 - 기타,안전운전불이행,습기,비,교차로 - 교차로안,승용,남,55세,상해없음,이륜,남,81세,경상
2014102000100166,2014년 10월 20일 08시,월요일,전라남도 영암군 금정면,경상사고,0,0,1,0,차대차 - 측면직각충돌,중앙선침범,습기,비,단일로 - 기타,승용,남,20세,상해없음,화물,남,43세,상해없음
2014102000100207,2014년 10월 20일 09시,월요일,전라남도 목포시 상동,경상사고,0,0,4,0,차대차 - 측면직각충돌,신호위반,습기,비,교차로 - 교차로안,화물,남,66세,상해없음,승용,여,43세,경상
2014102000100244,2014년 10월 20일 10시,월요일,전라남도 목포시 무안동,경상사고,0,0,2,0,차대차 - 측면직각충돌,안전거리미확보,습기,비,단일로 - 기타,화물,남,59세,상해없음,화물,남,72세,경상
2014102000100245,2014년 10월 20일 10시,월요일,전라남도 순천시 조곡동,중상사고,0,1,0,0,차대차 - 추돌 - 진행중,안전운전불이행,습기,비,단일로 - 터널,승용,남,19세,상해없음,이륜,남,76세,중상
2014102000100246,2014년 10월 20일 10시,월요일,전라남도 광양시 광양읍,중상사고,0,1,0,0,차대사람 - 기타,안전운전불이행,습기,비,단일로 - 기타,승용,여,47세,상해없음,보행자,여,86세,중상
2014102000100247,2014년 10월 20일 10시,월요일,전라남도 광양시 마동,경상사고,0,0,2,0,차대차 - 측면직각충돌,교차로운행방법위반,습기,비,교차로 - 교차로안,승용,남,29세,경상,승합,남,35세,경상
2014102000100362,2014년 10월 20일 14시,월요일,전라남도 목포시 용당동,경상사고,0,0,1,0,차대차 - 추돌 - 주정차중,안전거리미확보,습기,비,단일로 - 기타,승용,남,63세,상해없음,승용,여,40세,경상
2014102000100363,2014년 10월 20일 14시,월요일,전라남도 고흥군 고흥읍,중상사고,0,2,0,0,차대사람 - 기타,안전운전불이행,건조,맑음,단일로 - 기타,원동기,남,65세,중상,보행자,남,71세,중상