사고번호,사고일시,요일,시군구,사고내용,사망자수,중상자수,경상자수,부상신고자수,사고유형,법규위반,노면상태,기상상태,도로형태,가해운전자 차종,가해운전자 성별,가해운전자 연령,가해운전자 상해정도,피해운전자 차종,피해운전자 성별,피해운전자 연령,피해운전자 상해정도
2014102000100364,2014년 10월 20일 14시,월요일,전라남도 영암군 신북면,중상사고,0,1,0,0,차량단독 - 전도전복,안전운전불이행,습기,비,단일로 - 기타,화물,남,44세,중상,,,,
2014102000100365,2014년 10월 20일 14시,월요일,전라남도 광양시 중동,경상사고,0,0,1,0,차량단독 - 공작물충돌,안전운전불이행,습기,비,단일로 - 기타,승용,남,50세,경상,,,,
2014102000100407,2014년 10월 20일 15시,월요일,전라남도 해남군 해남읍,경상사고,0,0,2,0,차대차 - 기타,교차로운행방법위반,습기,비,교차로 - 교차로안,화물,남,63세,상해없음,승용,남,36세,경상
2014102000100436,2014년 10월 20일 16시,월요일,전라남도 순천시 조례동,경상사고,0,0,1,0,차대차 - 추돌 - 진행중,안전운전불이행,습기,비,단일로 - 기타,승용,여,42세,상해없음,승용,남,31세,경상
2014102000100462,2014년 10월 20일 17시,월요일,전라남도 화순군 화순읍,경상사고,0,0,3,2,차대차 - 추돌 - 주정차중,안전거리미확보,습기,맑음,단일로 - 기타,화물,남,51세,부상신고,승용,남,42세,경상
2014102000100463,2014년 10월 20일 17시,월요일,전라남도 광양시 중동,경상사고,0,0,1,0,차대사람 - 기타,안전운전불이행,건조,맑음,교차로 - 교차로부근,화물,여,44세,상해없음,보행자,남,14세,경상
2014102000100523,2014년 10월 20일 18시,월요일,전라남도 여수시 서교동,경상사고,0,0,1,0,차대사람 - 기타,안전운전불이행,건조,맑음,교차로 - 교차로부근,승용,여,54세,상해없음,보행자,남,46세,경상
2014102000100579,2014년 10월 20일 19시,월요일,전라남도 목포시 산정동,경상사고,0,0,1,0,차대사람 - 횡단중,안전운전불이행,습기,흐림,교차로 - 교차로안,승용,여,50세,상해없음,보행자,여,50세,경상
2014102000100613,2014년 10월 20일 20시,월요일,전라남도 여수시 학동,중상사고,0,1,0,0,차대사람 - 횡단중,보행자보호의무위반,건조,맑음,단일로 - 횡단보도상,승용,남,54세,상해없음,보행자,여,45세,중상
2014102000100614,2014년 10월 20일 20시,월요일,전라남도 여수시 웅천동,경상사고,0,0,2,0,차대차 - 추돌 - 진행중,안전운전불이행,기타,흐림,교차로 - 교차로부근,승용,여,62세,상해없음,승용,여,23세,경상
2014102000100615,2014년 10월 20일 20시,월요일,전라남도 순천시 조례동,경상사고,0,0,2,0,차대차 - 추돌 - 진행중,안전운전불이행,습기,비,단일로 - 기타,화물,여,61세,상해없음,승용,남,44세,경상
2014102100100150,2014년 10월 21일 08시,화요일,전라남도 나주시 이창동,경상사고,0,0,1,0,차대차 - 기타,신호위반,건조,맑음,단일로 - 횡단보도상,승용,기타불명,기타불명,기타불명,자전거,여,48세,경상
2014102100100151,2014년 10월 21일 08시,화요일,전라남도 해남군 현산면,부상신고사고,0,0,0,1,차대사람 - 횡단중,안전운전불이행,건조,맑음,단일로 - 횡단보도부근,화물,기타불명,기타불명,기타불명,보행자,여,57세,부상신고
2014102100100180,2014년 10월 21일 09시,화요일,전라남도 나주시 금천면,경상사고,0,0,1,0,차대차 - 기타,안전거리미확보,건조,맑음,단일로 - 기타,화물,남,35세,상해없음,승용,남,56세,경상
2014102100100181,2014년 10월 21일 09시,화요일,전라남도 함평군 신광면,경상사고,0,0,1,0,차대차 - 추돌 - 진행중,안전거리미확보,건조,흐림,단일로 - 기타,화물,남,37세,상해없음,승용,여,34세,경상
2014102100100211,2014년 10월 21일 10시,화요일,전라남도 목포시 산정동,경상사고,0,0,1,0,차대사람 - 기타,안전운전불이행,건조,맑음,기타 - 기타,승용,남,65세,상해없음,보행자,여,80세,경상
2014102100100231,2014년 10월 21일 11시,화요일,전라남도 여수시 율촌면,중상사고,0,1,0,0,차대사람 - 횡단중,안전운전불이행,건조,맑음,단일로 - 기타,승합,남,56세,상해없음,보행자,남,73세,중상
2014102100100232,2014년 10월 21일 11시,화요일,전라남도 나주시 이창동,경상사고,0,0,1,0,차대차 - 측면직각충돌,직진우회전진행방해,건조,맑음,교차로 - 교차로안,화물,남,43세,상해없음,화물,남,61세,경상
2014102100100317,2014년 10월 21일 14시,화요일,전라남도 목포시 연산동,경상사고,0,0,1,0,차대차 - 기타,안전운전불이행,습기,비,기타 - 기타,승용,여,32세,상해없음,승용,남,23세,상해없음
2014102100100319,2014년 10월 21일 14시,화요일,전라남도 장흥군 장흥읍,중상사고,0,1,0,0,차대차 - 측면직각충돌,안전운전불이행,건조,맑음,교차로 - 교차로안,승용,남,58세,상해없음,자전거,남,82세,중상
2014102100100320,2014년 10월 21일 14시,화요일,전라남도 무안군 일로읍,경상사고,0,0,2,1,차대차 - 측면직각충돌,직진우회전진행방해,건조,맑음,교차로 - 교차로안,승용,남,71세,부상신고,화물,남,29세,경상
2014102100100321,2014년 10월 21일 14시,화요일,전라남도 구례군 광의면,중상사고,0,1,1,0,차대차 - 기타,안전운전불이행,건조,맑음,단일로 - 기타,승합,남,69세,상해없음,승용,남,37세,중상
2014102100100362,2014년 10월 21일 15시,화요일,전라남도 여수시 웅천동,경상사고,0,0,3,0,차대차 - 측면직각충돌,안전운전불이행,습기,비,단일로 - 기타,승용,여,34세,경상,화물,남,46세,경상
2014102100100363,2014년 10월 21일 15시,화요일,전라남도 순천시 가곡동,경상사고,0,0,1,0,차대사람 - 횡단중,안전운전불이행,습기,비,교차로 - 교차로부근,승용,여,45세,상해없음,보행자,남,62세,경상
2014102100100364,2014년 10월 21일 15시,화요일,전라남도 나주시 경현동,경상사고,0,0,1,0,차대차 - 추돌 - 진행중,안전거리미확보,습기,비,단일로 - 기타,화물,남,56세,상해없음,화물,남,52세,경상
2014102100100365,2014년 10월 21일 15시,화요일,전라남도 해남군 북평면,사망사고,1,0,0,0,차대사람 - 기타,안전운전불이행,습기,흐림,교차로 - 교차로안,화물,남,43세,상해없음,보행자,남,82세,사망
2014102100100393,2014년 10월 21일 16시,화요일,전라남도 해남군 북평면,사망사고,1,0,0,0,차량단독 - 기타,안전운전불이행,기타,맑음,단일로 - 기타,농기계,남,74세,사망,,,,
2014102100100394,2014년 10월 21일 16시,화요일,전라남도 영광군 백수읍,중상사고,0,2,2,0,차량단독 - 공작물충돌,안전운전불이행,습기,비,단일로 - 기타,승용,여,37세,상해없음,,,,
2014102100100433,2014년 10월 21일 17시,화요일,전라남도 해남군 해남읍,경상사고,0,0,1,0,차대차 - 기타,기타,기타,비,교차로 - 교차로안,원동기,남,56세,경상,화물,남,76세,상해없음
2014102100100495,2014년 10월 21일 18시,화요일,전라남도 여수시 신기동,경상사고,0,0,1,0,차대사람 - 기타,신호위반,습기,비,단일로 - 기타,승용,여,48세,상해없음,보행자,여,12세,경상
2014102100100496,2014년 10월 21일 18시,화요일,전라남도 여수시 웅천동,경상사고,0,0,8,0,차대차 - 추돌 - 진행중,안전거리미확보,습기,비,단일로 - 기타,승용,여,38세,경상,승용,남,46세,경상
2014102100100497,2014년 10월 21일 18시,화요일,전라남도 나주시 남평읍,사망사고,1,0,0,0,차대사람 - 차도통행중,안전운전불이행,습기,비,단일로 - 기타,화물,남,62세,상해없음,보행자,여,92세,사망
2014102100100498,2014년 10월 21일 18시,화요일,전라남도 고흥군 고흥읍,부상신고사고,0,0,0,1,차대사람 - 기타,안전운전불이행,건조,맑음,단일로 - 기타,기타불명,기타불명,기타불명,기타불명,보행자,여,17세,부상신고
2014102100100500,2014년 10월 21일 18시,화요일,전라남도 무안군 무안읍,부상신고사고,0,0,0,1,차량단독 - 기타,안전운전불이행,습기,맑음,단일로 - 기타,화물,남,53세,부상신고,,,,
2014102100100564,2014년 10월 21일 19시,화요일,전라남도 여수시 안산동,중상사고,0,1,0,0,차대사람 - 횡단중,안전운전불이행,습기,비,단일로 - 기타,승용,여,36세,상해없음,보행자,남,67세,중상
2014102100100565,2014년 10월 21일 19시,화요일,전라남도 나주시 동강면,중상사고,0,1,0,0,차대사람 - 기타,안전운전불이행,습기,비,단일로 - 기타,화물,남,53세,상해없음,보행자,남,33세,중상
2014102100100621,2014년 10월 21일 20시,화요일,전라남도 무안군 청계면,중상사고,0,1,0,0,차량단독 - 기타,안전운전불이행,습기,비,교차로 - 교차로부근,승용,남,57세,중상,,,,
2014102100100669,2014년 10월 21일 21시,화요일,전라남도 목포시 상동,경상사고,0,0,1,0,차대차 - 추돌 - 주정차중,안전운전불이행,습기,비,교차로 - 교차로부근,화물,남,57세,상해없음,승용,여,52세,경상
2014102100100670,2014년 10월 21일 21시,화요일,전라남도 목포시 죽교동,경상사고,0,0,1,0,차대사람 - 기타,안전운전불이행,습기,비,기타 - 기타,승용,여,42세,상해없음,보행자,남,34세,경상
2014102100100671,2014년 10월 21일 21시,화요일,전라남도 영광군 영광읍,경상사고,0,0,1,0,차대사람 - 기타,안전운전불이행,건조,맑음,단일로 - 기타,승용,남,52세,상해없음,보행자,남,35세,경상
2014102100100726,2014년 10월 21일 22시,화요일,전라남도 여수시 봉산동,사망사고,1,0,0,0,차대사람 - 횡단중,안전운전불이행,습기,비,단일로 - 기타,승합,남,36세,상해없음,보행자,남,58세,사망
2014102100100727,2014년 10월 21일 22시,화요일,전라남도 보성군 보성읍,경상사고,0,0,1,0,차대사람 - 기타,안전운전불이행,습기,비,단일로 - 기타,승용,남,71세,상해없음,보행자,남,53세,경상
2014102100100756,2014년 10월 21일 23시,화요일,전라남도 여수시 둔덕동,경상사고,0,0,2,0,차대차 - 기타,안전운전불이행,습기,비,단일로 - 기타,승용,남,51세,상해없음,승용,남,31세,경상
2014102100100757,2014년 10월 21일 23시,화요일,전라남도 광양시 광양읍,중상사고,0,1,0,0,차대사람 - 차도통행중,안전운전불이행,습기,비,단일로 - 기타,승용,남,53세,상해없음,보행자,남,53세,중상
2014102200100016,2014년 10월 22일 00시,수요일,전라남도 목포시 옥암동,경상사고,0,0,2,0,차대차 - 정면충돌,중앙선침범,습기,비,교차로 - 교차로부근,승용,남,33세,상해없음,승용,남,23세,경상
2014102200100017,2014년 10월 22일 00시,수요일,전라남도 광양시 광양읍,중상사고,0,2,0,0,차량단독 - 전도전복,안전운전불이행,습기,비,단일로 - 기타,승용,남,52세,상해없음,,,,
2014102200100018,2014년 10월 22일 00시,수요일,전라남도 화순군 동면,사망사고,1,0,1,0,차대사람 - 기타,안전운전불이행,습기,비,단일로 - 기타,승용,남,24세,경상,보행자,남,61세,사망
2014102200100089,2014년 10월 22일 05시,수요일,전라남도 순천시 조례동,경상사고,0,0,1,0,차대차 - 측면직각충돌,신호위반,습기,비,교차로 - 교차로안,승용,남,47세,상해없음,승용,여,40세,경상
2014102200100108,2014년 10월 22일 06시,수요일,전라남도 순천시 풍덕동,중상사고,0,1,0,0,차대사람 - 기타,안전운전불이행,습기,비,단일로 - 기타,기타불명,기타불명,기타불명,기타불명,보행자,남,75세,중상
2014102200100134,2014년 10월 22일 07시,수요일,전라남도 목포시 상동,경상사고,0,0,1,0,차대차 - 기타,안전운전불이행,습기,흐림,기타 - 기타,승용,남,30세,상해없음,승합,남,56세,상해없음
2014102200100135,2014년 10월 22일 07시,수요일,전라남도 해남군 해남읍,부상신고사고,0,0,0,1,차량단독 - 공작물충돌,안전운전불이행,습기,비,단일로 - 기타,화물,남,48세,부상신고,,,,
2014102200100136,2014년 10월 22일 07시,수요일,전라남도 영암군 영암읍,경상사고,0,0,2,0,차대차 - 기타,직진우회전진행방해,습기,비,교차로 - 교차로안,승용,여,58세,기타불명,승용,여,38세,경상
2014102200100137,2014년 10월 22일 07시,수요일,전라남도 광양시 금호동,경상사고,0,0,1,0,차량단독 - 공작물충돌,안전운전불이행,습기,비,단일로 - 기타,화물,남,28세,경상,,,,
2014102200100171,2014년 10월 22일 08시,수요일,전라남도 여수시 신월동,중상사고,0,1,0,0,차대사람 - 기타,안전운전불이행,습기,비,단일로 - 횡단보도상,승용,여,62세,상해없음,보행자,남,11세,중상
2014102200100172,2014년 10월 22일 08시,수요일,전라남도 순천시 덕암동,경상사고,0,0,1,0,차대차 - 기타,안전운전불이행,습기,흐림,교차로 - 교차로부근,승용,남,62세,상해없음,화물,남,45세,상해없음
2014102200100174,2014년 10월 22일 08시,수요일,전라남도 영암군 삼호읍,경상사고,0,0,1,0,차대차 - 기타,기타,건조,맑음,단일로 - 기타,화물,남,55세,상해없음,승합,남,42세,경상
2014102200100204,2014년 10월 22일 09시,수요일,전라남도 담양군 대전면,경상사고,0,0,1,0,차대차 - 기타,불법유턴,습기,흐림,단일로 - 기타,승용,남,30세,상해없음,화물,남,50세,상해없음
2014102200100225,2014년 10월 22일 10시,수요일,전라남도 영암군 삼호읍,경상사고,0,0,2,0,차대차 - 기타,안전거리미확보,습기,비,단일로 - 기타,승합,남,41세,상해없음,화물,여,55세,경상
2014102200100248,2014년 10월 22일 11시,수요일,전라남도 여수시 미평동,경상사고,0,0,1,0,차대차 - 측면직각충돌,중앙선침범,습기,비,단일로 - 기타,승합,여,46세,상해없음,승합,남,46세,상해없음
2014102200100249,2014년 10월 22일 11시,수요일,전라남도 순천시 조곡동,경상사고,0,0,1,0,차대차 - 기타,안전운전불이행,건조,맑음,교차로 - 교차로부근,승용,여,67세,상해없음,승용,남,32세,경상
2014102200100250,2014년 10월 22일 11시,수요일,전라남도 나주시 동강면,경상사고,0,0,1,0,차대사람 - 기타,안전운전불이행,건조,맑음,단일로 - 기타,승용,남,42세,상해없음,보행자,남,42세,경상
2014102200100251,2014년 10월 22일 11시,수요일,전라남도 영암군 신북면,사망사고,1,0,0,0,차대차 - 기타,안전운전불이행,건조,맑음,교차로 - 교차로부근,화물,남,72세,상해없음,이륜,남,76세,사망
2014102200100308,2014년 10월 22일 13시,수요일,전라남도 목포시 용당동,경상사고,0,0,1,0,차대차 - 측면직각충돌,안전운전불이행,건조,맑음,교차로 - 교차로부근,자전거,남,67세,경상,승용,남,42세,상해없음
2014102200100310,2014년 10월 22일 13시,수요일,전라남도 순천시 석현동,중상사고,0,1,0,0,차대사람 - 횡단중,보행자보호의무위반,건조,맑음,교차로 - 교차로부근,승용,여,64세,상해없음,보행자,여,72세,중상
2014102200100342,2014년 10월 22일 14시,수요일,전라남도 순천시 조례동,중상사고,0,1,0,1,차대차 - 추돌 - 진행중,안전거리미확보,건조,맑음,교차로 - 교차로안,승용,남,37세,상해없음,승용,남,39세,부상신고
2014102200100343,2014년 10월 22일 14시,수요일,전라남도 광양시 마동,경상사고,0,0,1,0,차대차 - 측면직각충돌,교차로운행방법위반,건조,맑음,교차로 - 교차로부근,화물,남,47세,상해없음,승용,여,30세,경상
2014102200100379,2014년 10월 22일 15시,수요일,전라남도 여수시 화양면,경상사고,0,0,1,0,차대차 - 추돌 - 진행중,안전운전불이행,건조,맑음,단일로 - 기타,건설기계,남,52세,상해없음,승용,여,46세,경상
2014102200100380,2014년 10월 22일 15시,수요일,전라남도 순천시 가곡동,중상사고,0,1,0,0,차대사람 - 기타,안전운전불이행,습기,흐림,기타 - 기타,승용,남,38세,상해없음,보행자,여,82세,중상
2014102200100414,2014년 10월 22일 16시,수요일,전라남도 강진군 강진읍,중상사고,0,1,0,0,차대사람 - 기타,안전운전불이행,건조,맑음,교차로 - 교차로안,승용,남,48세,상해없음,보행자,여,80세,중상
2014102200100449,2014년 10월 22일 17시,수요일,전라남도 순천시 저전동,중상사고,0,1,0,0,차대차 - 기타,안전운전불이행,건조,맑음,교차로 - 교차로안,승용,여,46세,상해없음,원동기,남,42세,중상
2014102200100450,2014년 10월 22일 17시,수요일,전라남도 순천시 조례동,부상신고사고,0,0,0,1,차대사람 - 횡단중,보행자보호의무위반,건조,맑음,단일로 - 횡단보도상,화물,기타불명,기타불명,기타불명,보행자,남,14세,부상신고
2014102200100491,2014년 10월 22일 18시,수요일,전라남도 순천시 장천동,중상사고,0,1,1,0,차대차 - 측면직각충돌,교차로운행방법위반,건조,맑음,교차로 - 교차로안,승합,남,50세,상해없음,승용,남,36세,상해없음
2014102200100492,2014년 10월 22일 18시,수요일,전라남도 나주시 송월동,경상사고,0,0,1,0,차대사람 - 기타,안전운전불이행,건조,맑음,교차로 - 교차로안,원동기,남,46세,상해없음,보행자,여,36세,경상
2014102200100493,2014년 10월 22일 18시,수요일,전라남도 영암군 미암면,중상사고,0,1,10,0,차대차 - 추돌 - 주정차중,안전운전불이행,건조,맑음,교차로 - 교차로부근,화물,남,53세,상해없음,승용,남,39세,경상
2014102200100494,2014년 10월 22일 18시,수요일,전라남도 무안군 삼향읍,중상사고,0,1,0,0,차대차 - 기타,안전운전불이행,건조,맑음,교차로 - 교차로부근,승용,남,36세,상해없음,자전거,남,52세,중상
2014102200100557,2014년 10월 22일 19시,수요일,전라남도 화순군 능주면,경상사고,0,0,2,1,차대차 - 추돌 - 진행중,안전거리미확보,건조,맑음,단일로 - 기타,화물,남,49세,부상신고,승용,남,56세,경상
2014102200100558,2014년 10월 22일 19시,수요일,전라남도 무안군 삼향읍,경상사고,0,0,2,0,차대차 - 측면직각충돌,신호위반,건조,맑음,교차로 - 교차로안,승용,남,43세,상해없음,승용,여,43세,경상
2014102200100617,2014년 10월 22일 21시,수요일,전라남도 목포시 용해동,경상사고,0,0,1,0,차대차 - 기타,안전운전불이행,건조,기타,교차로 - 교차로안,화물,남,40세,상해없음,승용,여,28세,경상
2014102200100618,2014년 10월 22일 21시,수요일,전라남도 여수시 신기동,경상사고,0,0,1,0,차대사람 - 횡단중,안전운전불이행,건조,맑음,교차로 - 교차로부근,승용,여,33세,상해없음,보행자,남,46세,경상
2014102200100619,2014년 10월 22일 21시,수요일,전라남도 순천시 조례동,경상사고,0,0,2,0,차대차 - 추돌 - 진행중,안전운전불이행,건조,맑음,교차로 - 교차로부근,승용,남,48세,상해없음,승용,여,28세,경상
2014102300100035,2014년 10월 23일 02시,목요일,전라남도 장성군 장성읍,중상사고,0,1,0,0,차대사람 - 기타,안전운전불이행,건조,맑음,단일로 - 기타,승용,여,50세,상해없음,보행자,남,57세,중상
2014102300100089,2014년 10월 23일 07시,목요일,전라남도 여수시 봉산동,경상사고,0,0,1,0,차대차 - 측면직각충돌,교차로운행방법위반,건조,맑음,교차로 - 교차로안,승용,남,68세,상해없음,승합,남,37세,경상
2014102300100139,2014년 10월 23일 08시,목요일,전라남도 목포시 산정동,경상사고,0,0,1,0,차대차 - 추돌 - 진행중,안전거리미확보,건조,맑음,단일로 - 기타,화물,남,41세,상해없음,승용,남,39세,경상
2014102300100140,2014년 10월 23일 08시,목요일,전라남도 여수시 웅천동,중상사고,0,1,0,0,차대차 - 측면직각충돌,차로위반,건조,맑음,교차로 - 교차로부근,승용,남,63세,상해없음,이륜,남,68세,중상
2014102300100141,2014년 10월 23일 08시,목요일,전라남도 여수시 주삼동,경상사고,0,0,1,0,차대차 - 측면직각충돌,안전운전불이행,건조,맑음,기타 - 기타,특수,남,38세,상해없음,승합,남,62세,경상
2014102300100142,2014년 10월 23일 08시,목요일,전라남도 나주시 문평면,경상사고,0,0,2,0,차대차 - 기타,신호위반,건조,맑음,교차로 - 교차로안,승용,남,39세,상해없음,화물,남,70세,경상
2014102300100217,2014년 10월 23일 10시,목요일,전라남도 해남군 해남읍,경상사고,0,0,2,0,차대차 - 측면직각충돌,교차로운행방법위반,건조,맑음,교차로 - 교차로안,화물,남,52세,경상,화물,남,40세,경상
2014102300100252,2014년 10월 23일 11시,목요일,전라남도 여수시 연등동,경상사고,0,0,1,0,차대사람 - 기타,기타,건조,맑음,기타 - 기타,화물,남,62세,상해없음,보행자,남,74세,경상
2014102300100253,2014년 10월 23일 11시,목요일,전라남도 해남군 북평면,경상사고,0,0,1,0,차대차 - 측면직각충돌,안전운전불이행,건조,맑음,교차로 - 교차로안,화물,남,71세,상해없음,승용,여,48세,경상
2014102300100390,2014년 10월 23일 15시,목요일,전라남도 고흥군 도덕면,중상사고,0,1,0,0,차대차 - 측면직각충돌,안전운전불이행,건조,맑음,단일로 - 기타,승용,남,67세,상해없음,화물,남,51세,상해없음
2014102300100428,2014년 10월 23일 16시,목요일,전라남도 영암군 영암읍,경상사고,0,0,1,0,차대차 - 추돌 - 진행중,안전운전불이행,건조,맑음,단일로 - 기타,화물,남,60세,상해없음,승용,여,42세,경상
2014102300100429,2014년 10월 23일 16시,목요일,전라남도 장성군 장성읍,중상사고,0,1,0,0,차대차 - 기타,안전운전불이행,건조,맑음,교차로 - 교차로안,승용,남,65세,상해없음,원동기,남,70세,중상
2014102300100480,2014년 10월 23일 17시,목요일,전라남도 순천시 조례동,중상사고,0,1,0,0,차대차 - 측면직각충돌,신호위반,건조,맑음,교차로 - 교차로안,승용,남,73세,상해없음,이륜,남,54세,중상
2014102300100527,2014년 10월 23일 18시,목요일,전라남도 순천시 황전면,중상사고,0,1,0,0,차대사람 - 기타,안전운전불이행,건조,맑음,단일로 - 기타,화물,남,41세,상해없음,보행자,여,79세,중상
2014102300100528,2014년 10월 23일 18시,목요일,전라남도 영암군 도포면,경상사고,0,0,1,0,차대차 - 추돌 - 진행중,안전운전불이행,건조,맑음,단일로 - 기타,승용,남,62세,상해없음,이륜,여,63세,경상
2014102300100529,2014년 10월 23일 18시,목요일,전라남도 광양시 중동,경상사고,0,0,1,0,차대차 - 측면직각충돌,직진우회전진행방해,건조,맑음,교차로 - 교차로안,이륜,남,23세,경상,화물,남,56세,상해없음
2014102300100576,2014년 10월 23일 19시,목요일,전라남도 여수시 학동,경상사고,0,0,1,0,차대차 - 추돌 - 진행중,안전운전불이행,건조,맑음,단일로 - 기타,승용,남,26세,상해없음,승용,여,46세,경상
2014102300100577,2014년 10월 23일 19시,목요일,전라남도 담양군 월산면,중상사고,0,1,0,0,차대차 - 기타,안전운전불이행,건조,맑음,단일로 - 기타,승용,남,58세,상해없음,자전거,남,76세,중상
2014102300100616,2014년 10월 23일 20시,목요일,전라남도 해남군 삼산면,경상사고,0,0,3,0,차대차 - 기타,안전운전불이행,건조,맑음,교차로 - 교차로안,승용,여,44세,경상,승용,여,56세,경상
2014102300100648,2014년 10월 23일 21시,목요일,전라남도 여수시 여서동,중상사고,0,1,2,0,차대차 - 추돌 - 주정차중,안전운전불이행,건조,맑음,교차로 - 교차로부근,승용,남,58세,상해없음,화물,남,45세,중상
2014102300100703,2014년 10월 23일 23시,목요일,전라남도 영광군 영광읍,중상사고,0,1,0,0,차대사람 - 차도통행중,안전운전불이행,건조,맑음,단일로 - 기타,승용,남,26세,상해없음,보행자,남,30세,중상
2014102300100704,2014년 10월 23일 23시,목요일,전라남도 광양시 광양읍,경상사고,0,0,1,1,차대차 - 정면충돌,중앙선침범,건조,맑음,교차로 - 교차로부근,승용,여,39세,부상신고,승용,남,54세,경상
2014102400100060,2014년 10월 24일 04시,금요일,전라남도 순천시 조례동,경상사고,0,0,2,0,차대차 - 기타,안전운전불이행,건조,맑음,교차로 - 교차로부근,승용,남,42세,상해없음,승용,남,49세,경상
2014102400100061,2014년 10월 24일 04시,금요일,전라남도 광양시 광양읍,경상사고,0,0,1,1,차대차 - 측면직각충돌,직진우회전진행방해,건조,맑음,교차로 - 교차로안,승용,여,60세,부상신고,승용,여,48세,경상
2014102400100093,2014년 10월 24일 06시,금요일,전라남도 영암군 군서면,중상사고,0,1,0,0,차대차 - 기타,안전운전불이행,습기,안개,단일로 - 기타,승용,남,62세,상해없음,승용,남,41세,중상
2014102400100109,2014년 10월 24일 07시,금요일,전라남도 광양시 중동,중상사고,0,1,0,0,차대사람 - 횡단중,보행자보호의무위반,건조,맑음,교차로 - 교차로부근,화물,남,52세,상해없음,보행자,여,75세,중상
2014102400100143,2014년 10월 24일 08시,금요일,전라남도 목포시 옥암동,경상사고,0,0,1,0,차대차 - 기타,안전운전불이행,건조,기타,단일로 - 기타,자전거,남,11세,경상,승용,남,48세,상해없음
2014102400100144,2014년 10월 24일 08시,금요일,전라남도 여수시 미평동,경상사고,0,0,1,0,차대차 - 추돌 - 진행중,신호위반,건조,맑음,교차로 - 교차로안,화물,남,64세,상해없음,승용,남,33세,경상
2014102400100145,2014년 10월 24일 08시,금요일,전라남도 화순군 화순읍,경상사고,0,0,1,1,차대차 - 측면직각충돌,직진우회전진행방해,건조,맑음,교차로 - 교차로안,승용,남,46세,부상신고,승용,여,58세,경상
2014102400100186,2014년 10월 24일 09시,금요일,전라남도 영암군 삼호읍,중상사고,0,2,1,0,차대차 - 측면직각충돌,신호위반,건조,맑음,교차로 - 교차로안,승용,남,26세,경상,승용,남,59세,중상
2014102400100221,2014년 10월 24일 10시,금요일,전라남도 여수시 학동,중상사고,0,1,0,0,차대사람 - 차도통행중,안전운전불이행,건조,맑음,교차로 - 교차로부근,승용,여,34세,상해없음,보행자,남,78세,중상
2014102400100250,2014년 10월 24일 11시,금요일,전라남도 곡성군 겸면,사망사고,1,0,0,0,차량단독 - 공작물충돌,안전운전불이행,건조,맑음,교차로 - 교차로안,승용,남,77세,사망,,,,
2014102400100289,2014년 10월 24일 12시,금요일,전라남도 무안군 청계면,중상사고,0,1,0,1,차량단독 - 기타,안전운전불이행,건조,맑음,교차로 - 교차로부근,이륜,남,59세,부상신고,,,,
2014102400100342,2014년 10월 24일 14시,금요일,전라남도 함평군 손불면,중상사고,0,1,2,0,차대차 - 측면직각충돌,중앙선침범,건조,맑음,단일로 - 기타,승용,남,45세,경상,승용,여,64세,경상
2014102400100343,2014년 10월 24일 14시,금요일,전라남도 광양시 도이동,경상사고,0,0,2,0,차대차 - 기타,직진우회전진행방해,건조,맑음,교차로 - 교차로안,승용,여,37세,경상,특수,남,34세,경상
2014102400100376,2014년 10월 24일 15시,금요일,전라남도 보성군 미력면,사망사고,1,0,0,0,차대사람 - 기타,안전운전불이행,건조,맑음,단일로 - 기타,화물,남,51세,상해없음,보행자,남,76세,사망
2014102400100377,2014년 10월 24일 15시,금요일,전라남도 무안군 무안읍,중상사고,0,1,0,0,차량단독 - 기타,안전운전불이행,건조,맑음,단일로 - 기타,이륜,남,79세,중상,,,,
2014102400100425,2014년 10월 24일 16시,금요일,전라남도 장성군 삼계면,중상사고,0,1,0,0,차대사람 - 기타,안전운전불이행,건조,맑음,단일로 - 기타,건설기계,남,40세,상해없음,보행자,남,14세,중상
2014102400100455,2014년 10월 24일 17시,금요일,전라남도 화순군 동면,중상사고,0,1,0,0,차대사람 - 횡단중,안전운전불이행,건조,맑음,단일로 - 기타,승용,여,54세,상해없음,보행자,여,79세,중상
2014102400100456,2014년 10월 24일 17시,금요일,전라남도 화순군 화순읍,경상사고,0,0,2,0,차대차 - 추돌 - 진행중,안전운전불이행,건조,맑음,교차로 - 교차로안,승용,여,38세,상해없음,승용,남,37세,경상
2014102400100457,2014년 10월 24일 17시,금요일,전라남도 함평군 함평읍,부상신고사고,0,0,0,1,차대차 - 측면직각충돌,교차로운행방법위반,건조,맑음,단일로 - 기타,원동기,남,21세,부상신고,승용,여,49세,상해없음
2014102400100458,2014년 10월 24일 17시,금요일,전라남도 구례군 광의면,중상사고,0,1,0,0,차대차 - 기타,교차로운행방법위반,건조,맑음,교차로 - 교차로부근,승용,남,39세,상해없음,이륜,남,72세,중상