사고번호,사고일시,요일,시군구,사고내용,사망자수,중상자수,경상자수,부상신고자수,사고유형,법규위반,노면상태,기상상태,도로형태,가해운전자 차종,가해운전자 성별,가해운전자 연령,가해운전자 상해정도,피해운전자 차종,피해운전자 성별,피해운전자 연령,피해운전자 상해정도
2014102800100703,2014년 10월 28일 23시,화요일,전라남도 여수시 덕충동,부상신고사고,0,0,0,2,차대차 - 기타,안전운전불이행,건조,맑음,단일로 - 기타,기타불명,기타불명,기타불명,기타불명,승용,남,49세,부상신고
2014102900100072,2014년 10월 29일 06시,수요일,전라남도 구례군 간전면,경상사고,0,0,1,0,차대사람 - 기타,안전운전불이행,건조,맑음,단일로 - 기타,승용,기타불명,기타불명,기타불명,보행자,남,40세,경상
2014102900100095,2014년 10월 29일 07시,수요일,전라남도 나주시 이창동,경상사고,0,0,1,0,차대차 - 측면직각충돌,신호위반,건조,맑음,교차로 - 교차로안,화물,남,36세,상해없음,승용,여,41세,경상
2014102900100160,2014년 10월 29일 09시,수요일,전라남도 순천시 조례동,경상사고,0,0,2,0,차대차 - 기타,차로위반,건조,맑음,단일로 - 기타,화물,남,54세,경상,승용,여,48세,경상
2014102900100161,2014년 10월 29일 09시,수요일,전라남도 해남군 해남읍,경상사고,0,0,1,0,차대차 - 측면직각충돌,신호위반,건조,맑음,교차로 - 교차로안,승용,여,42세,상해없음,승용,남,72세,경상
2014102900100195,2014년 10월 29일 10시,수요일,전라남도 장성군 북이면,경상사고,0,0,1,0,차대차 - 기타,안전운전불이행,건조,맑음,단일로 - 기타,승합,남,45세,상해없음,승용,여,74세,경상
2014102900100223,2014년 10월 29일 11시,수요일,전라남도 여수시 광무동,경상사고,0,0,1,0,차대차 - 기타,안전운전불이행,건조,맑음,단일로 - 기타,이륜,남,74세,경상,화물,남,41세,상해없음
2014102900100255,2014년 10월 29일 12시,수요일,전라남도 여수시 문수동,사망사고,1,0,0,0,차대사람 - 횡단중,안전운전불이행,건조,맑음,단일로 - 기타,화물,남,29세,상해없음,보행자,남,65세,사망
2014102900100256,2014년 10월 29일 12시,수요일,전라남도 화순군 화순읍,중상사고,0,1,0,0,차량단독 - 도로외이탈 - 기타,안전운전불이행,건조,맑음,단일로 - 기타,화물,남,40세,중상,,,,
2014102900100279,2014년 10월 29일 13시,수요일,전라남도 여수시 광무동,경상사고,0,0,5,0,차대차 - 측면직각충돌,신호위반,건조,맑음,교차로 - 교차로안,승용,남,61세,상해없음,승용,남,39세,경상
2014102900100280,2014년 10월 29일 13시,수요일,전라남도 나주시 왕곡면,경상사고,0,0,1,0,차대차 - 추돌 - 주정차중,안전거리미확보,건조,맑음,교차로 - 교차로부근,화물,여,44세,상해없음,승용,남,59세,경상
2014102900100281,2014년 10월 29일 13시,수요일,전라남도 나주시 산포면,경상사고,0,0,1,0,차대차 - 기타,중앙선침범,건조,맑음,교차로 - 교차로부근,원동기,남,69세,경상,건설기계,남,53세,상해없음
2014102900100282,2014년 10월 29일 13시,수요일,전라남도 담양군 고서면,경상사고,0,0,2,0,차대차 - 기타,직진우회전진행방해,건조,맑음,교차로 - 교차로안,승용,남,75세,경상,승용,남,67세,경상
2014102900100333,2014년 10월 29일 15시,수요일,전라남도 강진군 강진읍,경상사고,0,0,1,0,차대차 - 기타,안전운전불이행,건조,맑음,교차로 - 교차로안,이륜,남,84세,경상,승용,여,47세,상해없음
2014102900100334,2014년 10월 29일 15시,수요일,전라남도 광양시 옥곡면,경상사고,0,0,1,0,차대차 - 기타,안전운전불이행,건조,맑음,단일로 - 기타,기타불명,기타불명,기타불명,기타불명,화물,남,51세,경상
2014102900100335,2014년 10월 29일 15시,수요일,전라남도 광양시 광양읍,경상사고,0,0,1,0,차대차 - 기타,신호위반,건조,맑음,교차로 - 교차로안,이륜,남,70세,경상,승용,여,50세,상해없음
2014102900100336,2014년 10월 29일 15시,수요일,전라남도 광양시 황길동,중상사고,0,1,0,0,차대차 - 측면직각충돌,안전운전불이행,건조,맑음,단일로 - 기타,승용,남,47세,중상,특수,남,45세,기타불명
2014102900100370,2014년 10월 29일 16시,수요일,전라남도 완도군 군외면,경상사고,0,0,1,0,차대차 - 측면직각충돌,안전운전불이행,건조,맑음,교차로 - 교차로안,승용,여,33세,상해없음,화물,남,31세,경상
2014102900100402,2014년 10월 29일 17시,수요일,전라남도 목포시 용당동,중상사고,0,1,0,0,차대사람 - 기타,안전운전불이행,건조,맑음,단일로 - 기타,화물,여,54세,상해없음,보행자,여,60세,중상
2014102900100403,2014년 10월 29일 17시,수요일,전라남도 여수시 신기동,경상사고,0,0,2,0,차대차 - 측면직각충돌,안전운전불이행,건조,맑음,단일로 - 기타,화물,남,37세,경상,승용,여,33세,경상
2014102900100404,2014년 10월 29일 17시,수요일,전라남도 여수시 중흥동,경상사고,0,0,1,0,차대차 - 추돌 - 주정차중,교차로운행방법위반,건조,맑음,교차로 - 교차로안,특수,남,47세,상해없음,승용,남,56세,경상
2014102900100463,2014년 10월 29일 18시,수요일,전라남도 목포시 연산동,사망사고,1,0,0,0,차대사람 - 기타,보행자보호의무위반,건조,맑음,단일로 - 기타,승용,남,66세,상해없음,보행자,여,74세,사망
2014102900100464,2014년 10월 29일 18시,수요일,전라남도 여수시 학동,경상사고,0,0,1,0,차대사람 - 기타,보행자보호의무위반,건조,맑음,단일로 - 횡단보도상,승용,여,47세,상해없음,보행자,남,54세,경상
2014102900100465,2014년 10월 29일 18시,수요일,전라남도 나주시 왕곡면,경상사고,0,0,1,0,차대사람 - 기타,안전운전불이행,건조,흐림,단일로 - 기타,승용,남,57세,상해없음,보행자,여,73세,경상
2014102900100466,2014년 10월 29일 18시,수요일,전라남도 무안군 삼향읍,중상사고,0,1,0,0,차대차 - 측면직각충돌,신호위반,건조,맑음,교차로 - 교차로안,승용,여,40세,상해없음,자전거,여,45세,중상
2014102900100467,2014년 10월 29일 18시,수요일,전라남도 목포시 옥암동,경상사고,0,0,1,1,차대차 - 측면직각충돌,신호위반,건조,맑음,교차로 - 교차로안,승용,남,28세,부상신고,승용,남,75세,경상
2014102900100523,2014년 10월 29일 19시,수요일,전라남도 순천시 조례동,경상사고,0,0,1,0,차대사람 - 기타,안전운전불이행,건조,맑음,기타 - 기타,승용,남,64세,상해없음,보행자,여,41세,경상
2014102900100524,2014년 10월 29일 19시,수요일,전라남도 순천시 덕암동,경상사고,0,0,1,0,차대사람 - 횡단중,보행자보호의무위반,건조,맑음,단일로 - 횡단보도상,승용,기타불명,기타불명,기타불명,보행자,여,73세,경상
2014102900100581,2014년 10월 29일 21시,수요일,전라남도 여수시 안산동,중상사고,0,1,0,0,차대사람 - 횡단중,안전운전불이행,건조,맑음,단일로 - 기타,승용,남,67세,상해없음,보행자,여,19세,중상
2014102900100582,2014년 10월 29일 21시,수요일,전라남도 나주시 세지면,사망사고,1,0,0,0,차대사람 - 기타,안전운전불이행,건조,맑음,단일로 - 기타,화물,남,41세,상해없음,보행자,남,73세,사망
2014102900100583,2014년 10월 29일 21시,수요일,전라남도 완도군 완도읍,중상사고,0,1,0,0,차대차 - 기타,중앙선침범,건조,맑음,단일로 - 기타,승용,남,19세,상해없음,이륜,여,51세,중상
2014102900100619,2014년 10월 29일 22시,수요일,전라남도 순천시 남정동,경상사고,0,0,1,0,차대차 - 기타,안전운전불이행,건조,맑음,단일로 - 기타,기타불명,기타불명,기타불명,기타불명,원동기,남,23세,경상
2014102900100620,2014년 10월 29일 22시,수요일,전라남도 광양시 광양읍,경상사고,0,0,1,2,차대차 - 추돌 - 주정차중,안전운전불이행,건조,맑음,교차로 - 교차로부근,승용,남,45세,상해없음,승용,남,64세,부상신고
2014102900100655,2014년 10월 29일 23시,수요일,전라남도 목포시 상동,중상사고,0,1,0,0,차대사람 - 기타,신호위반,건조,맑음,교차로 - 교차로부근,승용,남,41세,상해없음,보행자,남,56세,중상
2014102900100656,2014년 10월 29일 23시,수요일,전라남도 여수시 안산동,경상사고,0,0,3,0,차대차 - 기타,안전운전불이행,건조,맑음,단일로 - 기타,승용,남,46세,상해없음,승용,남,43세,경상
2014103000100041,2014년 10월 30일 02시,목요일,전라남도 광양시 중동,경상사고,0,0,1,0,차대차 - 기타,교차로운행방법위반,건조,맑음,교차로 - 교차로부근,승용,남,39세,기타불명,승용,남,49세,경상
2014103000100056,2014년 10월 30일 04시,목요일,전라남도 순천시 해룡면,중상사고,0,2,0,0,차량단독 - 공작물충돌,안전운전불이행,건조,맑음,교차로 - 교차로부근,특수,남,53세,중상,,,,
2014103000100108,2014년 10월 30일 07시,목요일,전라남도 목포시 죽교동,경상사고,0,0,1,0,차대차 - 기타,교차로운행방법위반,건조,맑음,교차로 - 교차로안,승용,남,39세,상해없음,자전거,여,64세,경상
2014103000100109,2014년 10월 30일 07시,목요일,전라남도 보성군 보성읍,경상사고,0,0,2,0,차대차 - 측면직각충돌,직진우회전진행방해,습기,안개,교차로 - 교차로안,승용,남,50세,경상,화물,남,64세,경상
2014103000100181,2014년 10월 30일 09시,목요일,전라남도 나주시 금천면,경상사고,0,0,2,0,차대차 - 추돌 - 진행중,안전거리미확보,건조,맑음,단일로 - 기타,승용,남,56세,상해없음,승용,여,51세,경상
2014103000100202,2014년 10월 30일 10시,목요일,전라남도 영암군 시종면,중상사고,0,2,0,0,차대차 - 측면직각충돌,안전운전불이행,건조,맑음,단일로 - 기타,승용,남,27세,상해없음,농기계,남,73세,중상
2014103000100203,2014년 10월 30일 10시,목요일,전라남도 장성군 장성읍,경상사고,0,0,3,0,차대차 - 기타,안전운전불이행,건조,맑음,교차로 - 교차로안,승용,여,75세,상해없음,화물,남,56세,경상
2014103000100317,2014년 10월 30일 14시,목요일,전라남도 영광군 영광읍,경상사고,0,0,1,0,차대차 - 측면직각충돌,안전운전불이행,건조,맑음,단일로 - 기타,이륜,남,72세,상해없음,승용,남,44세,경상
2014103000100345,2014년 10월 30일 15시,목요일,전라남도 장성군 삼계면,중상사고,0,1,2,0,차대차 - 기타,교차로운행방법위반,건조,맑음,교차로 - 교차로안,승합,남,34세,상해없음,승용,남,86세,경상
2014103000100379,2014년 10월 30일 16시,목요일,전라남도 목포시 용해동,경상사고,0,0,4,0,차대차 - 측면직각충돌,안전운전불이행,건조,맑음,단일로 - 기타,승용,여,35세,상해없음,화물,남,25세,경상
2014103000100380,2014년 10월 30일 16시,목요일,전라남도 나주시 왕곡면,중상사고,0,1,0,0,차대차 - 기타,안전운전불이행,건조,맑음,단일로 - 기타,화물,여,51세,상해없음,이륜,남,81세,중상
2014103000100419,2014년 10월 30일 17시,목요일,전라남도 화순군 도곡면,사망사고,1,0,0,0,차대차 - 기타,기타,건조,흐림,교차로 - 교차로안,승용,여,65세,상해없음,자전거,여,71세,사망
2014103000100420,2014년 10월 30일 17시,목요일,전라남도 담양군 담양읍,사망사고,1,0,0,0,차량단독 - 공작물충돌,안전운전불이행,건조,맑음,단일로 - 기타,이륜,남,61세,사망,,,,
2014103000100472,2014년 10월 30일 18시,목요일,전라남도 목포시 대양동,경상사고,0,0,1,0,차대사람 - 횡단중,안전운전불이행,건조,맑음,단일로 - 기타,승용,남,63세,상해없음,보행자,여,67세,경상
2014103000100473,2014년 10월 30일 18시,목요일,전라남도 나주시 봉황면,중상사고,0,2,0,0,차대차 - 추돌 - 진행중,안전운전불이행,건조,맑음,교차로 - 교차로안,승합,남,66세,상해없음,농기계,남,57세,중상
2014103000100524,2014년 10월 30일 19시,목요일,전라남도 고흥군 도화면,중상사고,0,1,0,0,차대차 - 기타,안전거리미확보,건조,맑음,단일로 - 기타,승용,남,38세,상해없음,농기계,남,64세,중상
2014103000100557,2014년 10월 30일 20시,목요일,전라남도 담양군 창평면,중상사고,0,1,0,0,차대차 - 측면직각충돌,안전운전불이행,건조,맑음,단일로 - 기타,승용,남,30세,상해없음,화물,기타불명,기타불명,기타불명
2014103000100591,2014년 10월 30일 21시,목요일,전라남도 광양시 광양읍,경상사고,0,0,1,0,차대사람 - 횡단중,안전운전불이행,건조,맑음,단일로 - 기타,승합,남,62세,상해없음,보행자,여,33세,경상
2014103000100624,2014년 10월 30일 22시,목요일,전라남도 목포시 산정동,경상사고,0,0,1,0,차대차 - 측면직각충돌,안전운전불이행,건조,맑음,단일로 - 기타,승용,남,45세,상해없음,승용,여,60세,경상
2014103000100625,2014년 10월 30일 22시,목요일,전라남도 순천시 덕암동,경상사고,0,0,1,0,차대차 - 측면직각충돌,신호위반,건조,맑음,교차로 - 교차로안,승용,남,27세,상해없음,승용,남,66세,경상
2014103000100626,2014년 10월 30일 22시,목요일,전라남도 순천시 연향동,부상신고사고,0,0,0,1,차량단독 - 공작물충돌,안전운전불이행,건조,맑음,단일로 - 기타,이륜,남,44세,부상신고,,,,
2014103000100673,2014년 10월 30일 23시,목요일,전라남도 여수시 둔덕동,경상사고,0,0,1,0,차대차 - 추돌 - 진행중,안전운전불이행,건조,맑음,단일로 - 기타,승용,남,33세,상해없음,승용,남,58세,경상
2014103100100032,2014년 10월 31일 01시,금요일,전라남도 영암군 삼호읍,경상사고,0,0,1,0,차대차 - 기타,안전운전불이행,습기,맑음,교차로 - 교차로부근,승용,남,28세,경상,승용,남,37세,기타불명
2014103100100051,2014년 10월 31일 03시,금요일,전라남도 목포시 산정동,경상사고,0,0,5,0,차대차 - 측면직각충돌,안전운전불이행,습기,비,단일로 - 기타,승용,남,24세,상해없음,승용,남,54세,경상
2014103100100058,2014년 10월 31일 04시,금요일,전라남도 목포시 상동,경상사고,0,0,2,0,차대차 - 기타,중앙선침범,습기,비,단일로 - 기타,승용,남,61세,상해없음,승용,남,35세,경상
2014103100100069,2014년 10월 31일 05시,금요일,전라남도 목포시 옥암동,경상사고,0,0,1,0,차대사람 - 길가장자리구역통행중,안전운전불이행,습기,비,단일로 - 기타,기타불명,기타불명,기타불명,기타불명,보행자,남,41세,경상
2014103100100115,2014년 10월 31일 07시,금요일,전라남도 순천시 풍덕동,경상사고,0,0,1,1,차대차 - 측면직각충돌,신호위반,습기,비,교차로 - 교차로안,승용,남,45세,부상신고,승용,남,24세,경상
2014103100100146,2014년 10월 31일 08시,금요일,전라남도 목포시 산정동,중상사고,0,1,0,0,차대사람 - 횡단중,안전운전불이행,건조,맑음,단일로 - 기타,승용,여,53세,상해없음,보행자,여,67세,중상
2014103100100181,2014년 10월 31일 09시,금요일,전라남도 순천시 연향동,중상사고,0,1,0,0,차대차 - 기타,안전운전불이행,습기,비,단일로 - 기타,화물,남,48세,상해없음,이륜,남,39세,중상
2014103100100206,2014년 10월 31일 10시,금요일,전라남도 목포시 무안동,경상사고,0,0,4,0,차대차 - 측면직각충돌,직진우회전진행방해,습기,비,교차로 - 교차로안,승용,남,72세,경상,승용,남,45세,경상
2014103100100207,2014년 10월 31일 10시,금요일,전라남도 목포시 상동,경상사고,0,0,3,0,차대차 - 추돌 - 주정차중,안전거리미확보,습기,비,교차로 - 교차로부근,화물,남,23세,상해없음,화물,남,72세,경상
2014103100100233,2014년 10월 31일 11시,금요일,전라남도 여수시 돌산읍,경상사고,0,0,2,0,차대사람 - 기타,안전운전불이행,습기,비,단일로 - 기타,승용,남,56세,상해없음,보행자,남,59세,경상
2014103100100259,2014년 10월 31일 12시,금요일,전라남도 여수시 봉산동,경상사고,0,0,1,0,차대차 - 추돌 - 주정차중,안전운전불이행,습기,비,교차로 - 교차로부근,승용,남,57세,상해없음,승용,남,45세,경상
2014103100100310,2014년 10월 31일 14시,금요일,전라남도 순천시 용당동,경상사고,0,0,1,0,차대차 - 기타,직진우회전진행방해,습기,비,교차로 - 교차로안,승용,남,58세,상해없음,이륜,남,21세,경상
2014103100100311,2014년 10월 31일 14시,금요일,전라남도 나주시 금천면,경상사고,0,0,1,0,차대차 - 기타,교차로운행방법위반,습기,비,교차로 - 교차로안,화물,남,46세,상해없음,승용,여,53세,경상
2014103100100338,2014년 10월 31일 15시,금요일,전라남도 목포시 상동,중상사고,0,1,0,0,차대차 - 추돌 - 진행중,안전운전불이행,습기,비,단일로 - 기타,승용,여,41세,상해없음,승용,여,39세,중상
2014103100100366,2014년 10월 31일 16시,금요일,전라남도 완도군 군외면,중상사고,0,1,0,0,차대사람 - 기타,안전운전불이행,습기,비,교차로 - 교차로부근,승용,남,35세,상해없음,보행자,여,71세,중상
2014103100100367,2014년 10월 31일 16시,금요일,전라남도 광양시 중동,경상사고,0,0,2,0,차대차 - 측면직각충돌,안전운전불이행,습기,비,단일로 - 기타,승용,남,53세,경상,승용,남,58세,경상
2014103100100368,2014년 10월 31일 16시,금요일,전라남도 광양시 광양읍,경상사고,0,0,1,0,차대차 - 추돌 - 주정차중,안전운전불이행,습기,비,교차로 - 교차로부근,승용,남,37세,상해없음,승용,남,50세,경상
2014103100100412,2014년 10월 31일 17시,금요일,전라남도 여수시 국동,경상사고,0,0,1,0,차대차 - 추돌 - 주정차중,교차로운행방법위반,습기,비,교차로 - 교차로안,승용,남,50세,상해없음,승용,남,55세,경상
2014103100100413,2014년 10월 31일 17시,금요일,전라남도 순천시 생목동,경상사고,0,0,1,0,차대차 - 기타,신호위반,습기,비,교차로 - 교차로안,이륜,여,23세,경상,승용,남,64세,상해없음
2014103100100414,2014년 10월 31일 17시,금요일,전라남도 영암군 미암면,중상사고,0,2,1,0,차대차 - 측면직각충돌,직진우회전진행방해,건조,맑음,교차로 - 교차로안,화물,남,41세,중상,화물,남,41세,중상
2014103100100490,2014년 10월 31일 18시,금요일,전라남도 목포시 산정동,중상사고,0,1,0,0,차대사람 - 차도통행중,안전운전불이행,습기,비,단일로 - 기타,승용,남,38세,상해없음,보행자,남,54세,중상
2014103100100491,2014년 10월 31일 18시,금요일,전라남도 목포시 산정동,경상사고,0,0,1,0,차대사람 - 차도통행중,안전운전불이행,습기,비,교차로 - 교차로부근,승용,여,52세,상해없음,보행자,남,16세,경상
2014103100100492,2014년 10월 31일 18시,금요일,전라남도 여수시 여천동,중상사고,0,1,1,0,차대차 - 기타,안전운전불이행,습기,비,단일로 - 기타,승용,남,59세,경상,승합,남,57세,상해없음
2014103100100493,2014년 10월 31일 18시,금요일,전라남도 영암군 삼호읍,경상사고,0,0,1,0,차대차 - 기타,안전거리미확보,습기,비,단일로 - 기타,승용,남,32세,상해없음,승용,남,39세,경상
2014103100100574,2014년 10월 31일 19시,금요일,전라남도 목포시 상동,경상사고,0,0,1,0,차대사람 - 차도통행중,중앙선침범,습기,비,단일로 - 기타,승용,남,25세,상해없음,보행자,남,17세,경상
2014103100100575,2014년 10월 31일 19시,금요일,전라남도 순천시 장천동,경상사고,0,0,2,0,차대차 - 추돌 - 주정차중,안전운전불이행,습기,비,단일로 - 기타,화물,남,51세,상해없음,화물,여,46세,경상
2014103100100576,2014년 10월 31일 19시,금요일,전라남도 해남군 해남읍,중상사고,0,1,0,0,차대사람 - 길가장자리구역통행중,안전운전불이행,습기,비,교차로 - 교차로부근,승합,남,25세,상해없음,보행자,여,58세,중상
2014103100100577,2014년 10월 31일 19시,금요일,전라남도 영암군 삼호읍,경상사고,0,0,2,0,차대차 - 기타,안전운전불이행,습기,비,단일로 - 기타,승용,남,36세,상해없음,승용,여,52세,경상
2014103100100640,2014년 10월 31일 20시,금요일,전라남도 목포시 옥암동,경상사고,0,0,4,0,차대차 - 추돌 - 진행중,안전운전불이행,습기,비,교차로 - 교차로부근,승용,남,66세,경상,승용,남,54세,상해없음
2014103100100697,2014년 10월 31일 21시,금요일,전라남도 목포시 용당동,경상사고,0,0,1,0,차대사람 - 기타,안전운전불이행,건조,맑음,단일로 - 기타,승용,남,42세,상해없음,보행자,남,57세,경상
2014103100100698,2014년 10월 31일 21시,금요일,전라남도 여수시 학동,경상사고,0,0,1,0,차대차 - 추돌 - 진행중,차로위반,습기,비,교차로 - 교차로안,승용,남,51세,상해없음,이륜,남,19세,경상
2014103100100699,2014년 10월 31일 21시,금요일,전라남도 광양시 중동,경상사고,0,0,2,0,차대차 - 측면직각충돌,신호위반,습기,비,교차로 - 교차로안,승용,남,25세,경상,승용,남,41세,경상
2014103100100737,2014년 10월 31일 22시,금요일,전라남도 목포시 상동,중상사고,0,1,0,0,차량단독 - 전도전복,안전운전불이행,건조,맑음,교차로 - 교차로안,이륜,남,47세,중상,,,,
2014103100100738,2014년 10월 31일 22시,금요일,전라남도 목포시 죽교동,중상사고,0,1,0,0,차대사람 - 차도통행중,안전운전불이행,습기,비,단일로 - 기타,이륜,남,37세,상해없음,보행자,여,53세,중상
2014110100100017,2014년 11월 1일 00시,토요일,전라남도 목포시 용당동,중상사고,0,1,1,0,차대차 - 측면직각충돌,신호위반,건조,흐림,교차로 - 교차로안,승용,남,25세,중상,승용,남,40세,경상
2014110100100138,2014년 11월 1일 04시,토요일,전라남도 순천시 연향동,경상사고,0,0,2,0,차대차 - 기타,중앙선침범,습기,비,단일로 - 기타,승용,남,25세,상해없음,승용,남,56세,경상
2014110100100193,2014년 11월 1일 08시,토요일,전라남도 해남군 해남읍,사망사고,1,0,0,0,차대사람 - 기타,안전운전불이행,기타,비,단일로 - 횡단보도상,화물,여,53세,상해없음,보행자,여,73세,사망
2014110100100194,2014년 11월 1일 08시,토요일,전라남도 해남군 북일면,경상사고,0,0,1,0,차대차 - 기타,신호위반,기타,맑음,교차로 - 교차로안,화물,남,58세,상해없음,승용,남,74세,경상
2014110100100195,2014년 11월 1일 08시,토요일,전라남도 광양시 광양읍,중상사고,0,1,0,0,차량단독 - 전도전복,안전운전불이행,습기,비,교차로 - 교차로부근,승용,남,21세,중상,,,,
2014110100100218,2014년 11월 1일 09시,토요일,전라남도 순천시 오천동,중상사고,0,1,0,0,차대차 - 추돌 - 진행중,불법유턴,습기,흐림,단일로 - 기타,승용,남,44세,상해없음,승용,남,62세,중상
2014110100100219,2014년 11월 1일 09시,토요일,전라남도 해남군 해남읍,경상사고,0,0,2,0,차대차 - 기타,안전거리미확보,기타,맑음,단일로 - 기타,승용,남,62세,상해없음,승용,여,28세,경상
2014110100100220,2014년 11월 1일 09시,토요일,전라남도 영암군 금정면,경상사고,0,0,1,0,차대차 - 기타,직진우회전진행방해,건조,맑음,교차로 - 교차로부근,화물,남,62세,경상,승용,남,48세,상해없음
2014110100100254,2014년 11월 1일 10시,토요일,전라남도 여수시 미평동,중상사고,0,1,0,0,차대차 - 측면직각충돌,안전운전불이행,건조,맑음,단일로 - 기타,승용,남,66세,상해없음,승용,남,22세,중상
2014110100100255,2014년 11월 1일 10시,토요일,전라남도 순천시 장천동,경상사고,0,0,1,0,차대사람 - 차도통행중,중앙선침범,기타,맑음,단일로 - 기타,건설기계,남,70세,상해없음,보행자,남,60세,경상
2014110100100286,2014년 11월 1일 11시,토요일,전라남도 해남군 화원면,중상사고,0,1,1,0,차대차 - 기타,안전운전불이행,기타,맑음,단일로 - 기타,화물,남,73세,상해없음,승용,남,68세,중상
2014110100100307,2014년 11월 1일 12시,토요일,전라남도 여수시 오림동,경상사고,0,0,2,0,차대차 - 기타,안전거리미확보,건조,맑음,단일로 - 기타,승용,남,69세,상해없음,승합,남,46세,경상
2014110100100308,2014년 11월 1일 12시,토요일,전라남도 영암군 삼호읍,사망사고,1,1,0,0,차대차 - 기타,신호위반,건조,맑음,교차로 - 교차로안,승용,남,47세,기타불명,승용,여,45세,사망
2014110100100309,2014년 11월 1일 12시,토요일,전라남도 담양군 대전면,경상사고,0,0,2,0,차대차 - 기타,안전운전불이행,건조,맑음,교차로 - 교차로부근,승용,기타불명,기타불명,기타불명,승용,남,66세,경상
2014110100100310,2014년 11월 1일 12시,토요일,전라남도 구례군 문척면,경상사고,0,0,1,1,차대차 - 기타,교차로운행방법위반,건조,맑음,교차로 - 교차로안,승용,여,56세,부상신고,승용,남,50세,경상
2014110100100345,2014년 11월 1일 13시,토요일,전라남도 함평군 해보면,중상사고,0,1,3,0,차대차 - 정면충돌,중앙선침범,건조,흐림,단일로 - 기타,승용,남,68세,경상,승용,남,24세,경상
2014110100100346,2014년 11월 1일 13시,토요일,전라남도 무안군 현경면,경상사고,0,0,3,0,차대차 - 추돌 - 진행중,안전운전불이행,건조,맑음,교차로 - 교차로부근,승용,여,49세,경상,화물,남,54세,경상
2014110100100410,2014년 11월 1일 15시,토요일,전라남도 신안군 압해읍,경상사고,0,0,2,0,차대차 - 기타,안전운전불이행,건조,맑음,교차로 - 교차로안,승용,남,37세,상해없음,승용,남,29세,경상
2014110100100411,2014년 11월 1일 15시,토요일,전라남도 영암군 삼호읍,경상사고,0,0,3,0,차대차 - 기타,신호위반,건조,맑음,교차로 - 교차로안,승용,남,19세,경상,승용,남,32세,경상
2014110100100435,2014년 11월 1일 16시,토요일,전라남도 목포시 대성동,경상사고,0,0,1,0,차대차 - 추돌 - 주정차중,안전운전불이행,건조,맑음,교차로 - 교차로안,화물,남,45세,상해없음,승용,남,35세,경상
2014110100100436,2014년 11월 1일 16시,토요일,전라남도 곡성군 곡성읍,경상사고,0,0,1,0,차대사람 - 횡단중,안전운전불이행,건조,흐림,단일로 - 기타,승용,남,43세,상해없음,보행자,여,66세,경상
2014110100100437,2014년 11월 1일 16시,토요일,전라남도 광양시 마동,경상사고,0,0,1,0,차대차 - 측면직각충돌,교차로운행방법위반,건조,맑음,교차로 - 교차로안,승합,남,48세,상해없음,승용,남,50세,경상
2014110100100472,2014년 11월 1일 17시,토요일,전라남도 고흥군 도덕면,경상사고,0,0,1,0,차량단독 - 전도전복,안전운전불이행,건조,맑음,단일로 - 기타,승용,남,56세,경상,,,,
2014110100100530,2014년 11월 1일 18시,토요일,전라남도 해남군 해남읍,경상사고,0,0,1,0,차량단독 - 전도전복,안전운전불이행,기타,기타,단일로 - 기타,승용,여,28세,경상,,,,
2014110100100531,2014년 11월 1일 18시,토요일,전라남도 영광군 영광읍,경상사고,0,0,1,0,차대차 - 기타,신호위반,건조,맑음,교차로 - 교차로안,승용,여,65세,상해없음,승용,남,35세,경상
2014110100100532,2014년 11월 1일 18시,토요일,전라남도 영암군 미암면,경상사고,0,0,1,0,차대차 - 측면직각충돌,안전거리미확보,건조,맑음,단일로 - 기타,승합,남,61세,상해없음,승용,남,56세,경상
2014110100100533,2014년 11월 1일 18시,토요일,전라남도 무안군 삼향읍,경상사고,0,0,7,0,차대차 - 측면직각충돌,신호위반,건조,맑음,교차로 - 교차로안,승용,남,58세,경상,승용,여,37세,경상
2014110100100534,2014년 11월 1일 18시,토요일,전라남도 무안군 무안읍,경상사고,0,0,1,0,차대차 - 추돌 - 진행중,안전운전불이행,건조,맑음,교차로 - 교차로부근,승용,남,18세,상해없음,이륜,남,26세,경상
2014110100100584,2014년 11월 1일 19시,토요일,전라남도 목포시 옥암동,경상사고,0,0,1,0,차대차 - 기타,안전운전불이행,건조,맑음,단일로 - 기타,승용,여,34세,상해없음,승용,남,43세,경상
2014110100100585,2014년 11월 1일 19시,토요일,전라남도 나주시 남내동,경상사고,0,0,1,0,차대사람 - 기타,보행자보호의무위반,습기,흐림,단일로 - 횡단보도상,화물,남,54세,상해없음,보행자,여,57세,경상
2014110100100586,2014년 11월 1일 19시,토요일,전라남도 보성군 벌교읍,부상신고사고,0,0,0,1,차대차 - 측면직각충돌,중앙선침범,건조,맑음,단일로 - 기타,이륜,남,56세,부상신고,화물,남,60세,상해없음
2014110100100620,2014년 11월 1일 20시,토요일,전라남도 목포시 죽교동,경상사고,0,0,1,0,차대차 - 기타,안전운전불이행,건조,맑음,단일로 - 기타,승합,남,38세,상해없음,승용,남,47세,경상