사고번호,사고일시,요일,시군구,사고내용,사망자수,중상자수,경상자수,부상신고자수,사고유형,법규위반,노면상태,기상상태,도로형태,가해운전자 차종,가해운전자 성별,가해운전자 연령,가해운전자 상해정도,피해운전자 차종,피해운전자 성별,피해운전자 연령,피해운전자 상해정도
2014110100100621,2014년 11월 1일 20시,토요일,전라남도 순천시 교량동,중상사고,0,2,0,0,차량단독 - 공작물충돌,안전운전불이행,건조,맑음,단일로 - 기타,승용,남,49세,상해없음,,,,
2014110100100622,2014년 11월 1일 20시,토요일,전라남도 해남군 해남읍,중상사고,0,1,0,0,차대사람 - 기타,안전운전불이행,기타,기타,교차로 - 교차로안,승합,남,51세,상해없음,보행자,남,63세,중상
2014110100100650,2014년 11월 1일 21시,토요일,전라남도 여수시 화장동,경상사고,0,0,9,0,차대차 - 추돌 - 주정차중,안전운전불이행,건조,맑음,단일로 - 기타,승용,남,32세,경상,승용,남,40세,경상
2014110200100019,2014년 11월 2일 00시,일요일,전라남도 장성군 장성읍,경상사고,0,0,1,0,차대차 - 측면직각충돌,신호위반,건조,맑음,교차로 - 교차로안,승용,남,35세,상해없음,승용,남,20세,경상
2014110200100042,2014년 11월 2일 01시,일요일,전라남도 목포시 산정동,경상사고,0,0,2,0,차대사람 - 기타,안전운전불이행,건조,맑음,교차로 - 교차로안,승용,남,24세,상해없음,보행자,남,30세,경상
2014110200100043,2014년 11월 2일 01시,일요일,전라남도 순천시 낙안면,중상사고,0,2,1,0,차량단독 - 전도전복,안전운전불이행,습기,안개,단일로 - 기타,승용,여,59세,중상,,,,
2014110200100101,2014년 11월 2일 05시,일요일,전라남도 목포시 용해동,경상사고,0,0,1,0,차량단독 - 공작물충돌,안전운전불이행,건조,맑음,단일로 - 기타,승용,남,26세,경상,,,,
2014110200100146,2014년 11월 2일 08시,일요일,전라남도 영광군 묘량면,경상사고,0,0,2,0,차대차 - 정면충돌,중앙선침범,습기,비,단일로 - 기타,승용,남,28세,상해없음,승용,남,56세,경상
2014110200100165,2014년 11월 2일 09시,일요일,전라남도 고흥군 풍양면,중상사고,0,1,1,0,차대차 - 측면직각충돌,기타,습기,비,교차로 - 교차로안,화물,남,42세,상해없음,화물,남,61세,중상
2014110200100187,2014년 11월 2일 10시,일요일,전라남도 순천시 덕월동,중상사고,0,1,0,0,차대사람 - 기타,안전운전불이행,건조,맑음,교차로 - 교차로부근,화물,남,39세,상해없음,보행자,여,76세,중상
2014110200100222,2014년 11월 2일 12시,일요일,전라남도 화순군 춘양면,경상사고,0,0,1,1,차대차 - 정면충돌,중앙선침범,습기,흐림,단일로 - 기타,승용,남,24세,부상신고,승용,남,60세,경상
2014110200100271,2014년 11월 2일 14시,일요일,전라남도 나주시 왕곡면,중상사고,0,1,0,0,차대차 - 측면직각충돌,신호위반,건조,맑음,교차로 - 교차로안,이륜,남,77세,중상,승용,여,37세,상해없음
2014110200100272,2014년 11월 2일 14시,일요일,전라남도 고흥군 도양읍,중상사고,0,2,2,0,차대차 - 측면직각충돌,교차로운행방법위반,건조,맑음,교차로 - 교차로안,승용,여,40세,상해없음,승용,남,57세,경상
2014110200100273,2014년 11월 2일 14시,일요일,전라남도 영광군 군서면,중상사고,0,1,0,0,차량단독 - 공작물충돌,안전운전불이행,건조,맑음,단일로 - 기타,승용,남,77세,상해없음,,,,
2014110200100274,2014년 11월 2일 14시,일요일,전라남도 담양군 수북면,경상사고,0,0,1,0,차대차 - 측면직각충돌,안전운전불이행,건조,맑음,교차로 - 교차로안,승용,남,35세,상해없음,승용,여,30세,경상
2014110200100275,2014년 11월 2일 14시,일요일,전라남도 광양시 마동,경상사고,0,0,1,0,차대차 - 측면직각충돌,직진우회전진행방해,건조,맑음,교차로 - 교차로안,승용,남,56세,경상,승용,여,50세,상해없음
2014110200100304,2014년 11월 2일 15시,일요일,전라남도 여수시 학동,경상사고,0,0,1,0,차대차 - 측면직각충돌,교차로운행방법위반,건조,맑음,교차로 - 교차로안,승용,남,32세,상해없음,자전거,남,17세,경상
2014110200100305,2014년 11월 2일 15시,일요일,전라남도 나주시 관정동,사망사고,1,0,0,0,차대차 - 정면충돌,중앙선침범,건조,맑음,단일로 - 기타,승용,여,37세,상해없음,이륜,남,48세,사망
2014110200100348,2014년 11월 2일 16시,일요일,전라남도 순천시 상사면,경상사고,0,0,5,0,차대차 - 측면직각충돌,중앙선침범,건조,맑음,교차로 - 교차로부근,승용,여,46세,상해없음,승용,남,59세,경상
2014110200100349,2014년 11월 2일 16시,일요일,전라남도 강진군 마량면,경상사고,0,0,1,0,차대사람 - 기타,안전운전불이행,건조,맑음,단일로 - 기타,화물,남,53세,상해없음,보행자,여,48세,경상
2014110200100382,2014년 11월 2일 17시,일요일,전라남도 영암군 삼호읍,경상사고,0,0,4,0,차대차 - 측면직각충돌,직진우회전진행방해,습기,비,교차로 - 교차로안,승합,남,56세,상해없음,승용,남,39세,상해없음
2014110200100383,2014년 11월 2일 17시,일요일,전라남도 강진군 병영면,경상사고,0,0,1,0,차량단독 - 공작물충돌,안전운전불이행,건조,맑음,단일로 - 기타,화물,남,59세,상해없음,,,,
2014110200100428,2014년 11월 2일 18시,일요일,전라남도 목포시 상동,경상사고,0,0,4,0,차대차 - 측면직각충돌,교차로운행방법위반,건조,맑음,교차로 - 교차로안,승용,남,28세,경상,승용,남,46세,경상
2014110200100429,2014년 11월 2일 18시,일요일,전라남도 함평군 함평읍,중상사고,0,1,6,0,차대차 - 추돌 - 진행중,안전운전불이행,건조,맑음,교차로 - 교차로부근,화물,여,44세,경상,승용,남,26세,경상
2014110200100474,2014년 11월 2일 19시,일요일,전라남도 영암군 신북면,경상사고,0,0,1,0,차대차 - 측면직각충돌,직진우회전진행방해,건조,맑음,교차로 - 교차로안,농기계,남,75세,경상,화물,남,38세,상해없음
2014110200100475,2014년 11월 2일 19시,일요일,전라남도 담양군 대전면,경상사고,0,0,2,0,차량단독 - 공작물충돌,안전운전불이행,습기,흐림,단일로 - 기타,화물,남,38세,경상,,,,
2014110200100517,2014년 11월 2일 20시,일요일,전라남도 순천시 주암면,경상사고,0,0,1,0,차량단독 - 도로외이탈 - 추락,안전운전불이행,건조,맑음,기타 - 기타,승용,남,43세,경상,,,,
2014110200100518,2014년 11월 2일 20시,일요일,전라남도 보성군 벌교읍,중상사고,0,2,0,0,차량단독 - 기타,안전운전불이행,건조,맑음,단일로 - 기타,화물,남,41세,상해없음,,,,
2014110200100543,2014년 11월 2일 21시,일요일,전라남도 여수시 둔덕동,경상사고,0,0,1,0,차대사람 - 기타,안전운전불이행,건조,맑음,단일로 - 기타,승용,남,56세,상해없음,보행자,남,48세,경상
2014110200100544,2014년 11월 2일 21시,일요일,전라남도 순천시 장천동,중상사고,0,1,0,0,차대차 - 기타,중앙선침범,건조,맑음,단일로 - 기타,승용,남,22세,기타불명,원동기,남,22세,중상
2014110200100565,2014년 11월 2일 22시,일요일,전라남도 해남군 화원면,경상사고,0,0,1,1,차량단독 - 공작물충돌,안전운전불이행,건조,맑음,단일로 - 기타,승용,남,37세,경상,,,,
2014110200100580,2014년 11월 2일 23시,일요일,전라남도 화순군 능주면,부상신고사고,0,0,0,1,차량단독 - 공작물충돌,안전운전불이행,건조,맑음,단일로 - 기타,승용,남,38세,부상신고,,,,
2014110300100008,2014년 11월 3일 00시,월요일,전라남도 순천시 별량면,경상사고,0,0,1,0,차량단독 - 공작물충돌,안전운전불이행,건조,맑음,단일로 - 기타,승용,남,42세,상해없음,,,,
2014110300100034,2014년 11월 3일 03시,월요일,전라남도 목포시 산정동,경상사고,0,0,1,0,차대사람 - 기타,안전운전불이행,건조,맑음,단일로 - 기타,승용,남,51세,상해없음,보행자,남,59세,경상
2014110300100084,2014년 11월 3일 07시,월요일,전라남도 순천시 덕암동,중상사고,0,1,0,0,차대차 - 측면직각충돌,직진우회전진행방해,건조,맑음,기타 - 기타,승용,여,50세,상해없음,이륜,남,38세,중상
2014110300100128,2014년 11월 3일 08시,월요일,전라남도 나주시 산포면,경상사고,0,0,2,0,차대차 - 측면직각충돌,안전운전불이행,건조,맑음,교차로 - 교차로부근,화물,남,54세,경상,화물,남,44세,경상
2014110300100129,2014년 11월 3일 08시,월요일,전라남도 광양시 마동,중상사고,0,1,0,0,차대사람 - 횡단중,안전운전불이행,건조,맑음,교차로 - 교차로부근,승용,여,33세,상해없음,보행자,여,76세,중상
2014110300100156,2014년 11월 3일 09시,월요일,전라남도 고흥군 고흥읍,중상사고,0,1,1,0,차대차 - 기타,안전운전불이행,건조,맑음,단일로 - 기타,승용,남,68세,상해없음,이륜,남,82세,경상
2014110300100157,2014년 11월 3일 09시,월요일,전라남도 영암군 삼호읍,중상사고,0,1,5,0,차대차 - 기타,직진우회전진행방해,건조,맑음,교차로 - 교차로안,화물,남,60세,중상,승합,남,57세,경상
2014110300100246,2014년 11월 3일 12시,월요일,전라남도 목포시 상동,경상사고,0,0,1,0,차대차 - 기타,차로위반,건조,맑음,단일로 - 기타,승용,남,31세,상해없음,승용,여,68세,경상
2014110300100247,2014년 11월 3일 12시,월요일,전라남도 여수시 선원동,경상사고,0,0,2,0,차대차 - 측면직각충돌,중앙선침범,건조,맑음,교차로 - 교차로부근,승용,여,49세,상해없음,승용,남,53세,상해없음
2014110300100248,2014년 11월 3일 12시,월요일,전라남도 나주시 대호동,경상사고,0,0,4,0,차대차 - 기타,안전운전불이행,건조,맑음,교차로 - 교차로안,원동기,남,42세,경상,승용,여,24세,경상
2014110300100282,2014년 11월 3일 13시,월요일,전라남도 고흥군 풍양면,경상사고,0,0,2,0,차대차 - 기타,안전운전불이행,건조,맑음,단일로 - 기타,화물,남,75세,경상,승합,남,47세,경상
2014110300100283,2014년 11월 3일 13시,월요일,전라남도 강진군 병영면,사망사고,1,0,0,0,차대차 - 측면직각충돌,불법유턴,건조,맑음,교차로 - 교차로안,농기계,남,49세,상해없음,원동기,남,47세,사망
2014110300100315,2014년 11월 3일 14시,월요일,전라남도 여수시 둔덕동,중상사고,0,1,2,0,차대차 - 추돌 - 진행중,안전운전불이행,건조,맑음,단일로 - 기타,승합,남,62세,상해없음,승합,남,37세,중상
2014110300100358,2014년 11월 3일 15시,월요일,전라남도 여수시 안산동,경상사고,0,0,1,0,차대차 - 추돌 - 주정차중,안전운전불이행,건조,맑음,단일로 - 기타,승용,남,46세,상해없음,승용,남,50세,경상
2014110300100402,2014년 11월 3일 16시,월요일,전라남도 순천시 해룡면,경상사고,0,0,1,0,차대차 - 기타,신호위반,건조,맑음,교차로 - 교차로안,화물,남,65세,상해없음,승용,남,38세,경상
2014110300100403,2014년 11월 3일 16시,월요일,전라남도 순천시 조례동,경상사고,0,0,3,0,차대차 - 기타,교차로운행방법위반,건조,맑음,교차로 - 교차로안,승용,남,61세,기타불명,승합,남,60세,상해없음
2014110300100404,2014년 11월 3일 16시,월요일,전라남도 광양시 중동,경상사고,0,0,1,0,차대차 - 기타,직진우회전진행방해,건조,맑음,교차로 - 교차로안,승용,여,45세,경상,승용,남,36세,상해없음
2014110300100436,2014년 11월 3일 17시,월요일,전라남도 영암군 삼호읍,사망사고,1,3,0,0,차대차 - 측면직각충돌,신호위반,건조,맑음,교차로 - 교차로안,승용,남,28세,중상,승용,남,65세,중상
2014110300100437,2014년 11월 3일 17시,월요일,전라남도 광양시 중동,경상사고,0,0,1,0,차대차 - 추돌 - 주정차중,안전운전불이행,건조,맑음,교차로 - 교차로안,승용,남,58세,상해없음,승용,여,43세,경상
2014110300100438,2014년 11월 3일 17시,월요일,전라남도 담양군 무정면,경상사고,0,0,4,0,차대차 - 추돌 - 주정차중,안전운전불이행,건조,맑음,단일로 - 기타,승용,여,59세,경상,승용,여,47세,경상
2014110300100489,2014년 11월 3일 18시,월요일,전라남도 목포시 용당동,중상사고,0,1,0,0,차대사람 - 기타,안전운전불이행,건조,맑음,단일로 - 기타,승용,남,60세,상해없음,보행자,남,60세,중상
2014110300100490,2014년 11월 3일 18시,월요일,전라남도 여수시 학동,경상사고,0,0,1,0,차대차 - 기타,안전운전불이행,건조,맑음,교차로 - 교차로안,승용,남,52세,상해없음,이륜,남,19세,경상
2014110300100491,2014년 11월 3일 18시,월요일,전라남도 보성군 벌교읍,중상사고,0,1,0,0,차대사람 - 길가장자리구역통행중,안전운전불이행,건조,맑음,단일로 - 기타,승용,남,33세,상해없음,보행자,여,74세,중상
2014110300100492,2014년 11월 3일 18시,월요일,전라남도 화순군 화순읍,중상사고,0,1,0,0,차대사람 - 횡단중,안전운전불이행,건조,맑음,단일로 - 기타,승용,남,52세,상해없음,보행자,여,10세,중상
2014110300100542,2014년 11월 3일 19시,월요일,전라남도 목포시 용해동,중상사고,0,1,0,0,차량단독 - 기타,안전운전불이행,기타,맑음,기타 - 기타,자전거,남,55세,중상,,,,
2014110300100543,2014년 11월 3일 19시,월요일,전라남도 무안군 삼향읍,중상사고,0,1,1,0,차대차 - 측면직각충돌,신호위반,건조,맑음,교차로 - 교차로안,승용,여,39세,경상,승용,남,61세,중상
2014110300100611,2014년 11월 3일 21시,월요일,전라남도 나주시 삼도동,사망사고,1,0,0,0,차량단독 - 공작물충돌,안전운전불이행,건조,기타,단일로 - 기타,화물,남,48세,사망,,,,
2014110300100635,2014년 11월 3일 22시,월요일,전라남도 여수시 화장동,경상사고,0,0,3,0,차대차 - 기타,안전운전불이행,건조,맑음,단일로 - 기타,승용,남,42세,상해없음,승용,남,25세,경상
2014110300100636,2014년 11월 3일 22시,월요일,전라남도 영광군 영광읍,경상사고,0,0,1,0,차대차 - 추돌 - 진행중,안전운전불이행,건조,맑음,교차로 - 교차로안,승합,남,28세,상해없음,승용,남,33세,경상
2014110300100662,2014년 11월 3일 23시,월요일,전라남도 목포시 죽교동,경상사고,0,0,1,0,차대차 - 기타,안전운전불이행,건조,맑음,단일로 - 기타,승용,남,30세,상해없음,승용,남,31세,경상
2014110300100663,2014년 11월 3일 23시,월요일,전라남도 순천시 조례동,경상사고,0,0,2,0,차대차 - 기타,안전운전불이행,건조,맑음,단일로 - 기타,승용,여,23세,상해없음,승용,남,32세,경상
2014110400100006,2014년 11월 4일 00시,화요일,전라남도 무안군 삼향읍,경상사고,0,0,4,0,차대차 - 측면직각충돌,과속,건조,맑음,교차로 - 교차로안,승용,여,48세,경상,승용,남,44세,경상
2014110400100046,2014년 11월 4일 05시,화요일,전라남도 담양군 담양읍,사망사고,1,0,0,0,차대차 - 추돌 - 진행중,안전운전불이행,건조,맑음,단일로 - 기타,승용,여,47세,상해없음,자전거,여,71세,사망
2014110400100063,2014년 11월 4일 06시,화요일,전라남도 순천시 덕월동,경상사고,0,0,2,0,차대차 - 기타,신호위반,건조,맑음,교차로 - 교차로안,기타불명,기타불명,기타불명,기타불명,승용,남,26세,경상
2014110400100093,2014년 11월 4일 07시,화요일,전라남도 목포시 상동,경상사고,0,0,1,0,차대차 - 기타,안전운전불이행,건조,맑음,단일로 - 기타,승용,남,54세,상해없음,승용,남,45세,경상
2014110400100094,2014년 11월 4일 07시,화요일,전라남도 영광군 영광읍,사망사고,1,1,0,0,차대차 - 추돌 - 진행중,안전운전불이행,건조,맑음,단일로 - 기타,승용,남,59세,상해없음,원동기,남,69세,중상
2014110400100156,2014년 11월 4일 08시,화요일,전라남도 순천시 조례동,경상사고,0,0,1,0,차대사람 - 횡단중,신호위반,건조,맑음,단일로 - 횡단보도상,승용,여,51세,상해없음,보행자,여,45세,경상
2014110400100200,2014년 11월 4일 09시,화요일,전라남도 광양시 광양읍,경상사고,0,0,1,0,차대차 - 측면직각충돌,안전운전불이행,건조,맑음,단일로 - 기타,화물,남,79세,상해없음,화물,남,47세,경상
2014110400100223,2014년 11월 4일 10시,화요일,전라남도 영암군 삼호읍,경상사고,0,0,1,0,차대차 - 추돌 - 주정차중,안전운전불이행,건조,맑음,교차로 - 교차로안,승합,남,35세,경상,화물,남,50세,기타불명
2014110400100224,2014년 11월 4일 10시,화요일,전라남도 진도군 지산면,중상사고,0,1,0,0,차대차 - 측면직각충돌,안전운전불이행,건조,맑음,단일로 - 기타,건설기계,남,57세,상해없음,화물,남,74세,중상
2014110400100257,2014년 11월 4일 11시,화요일,전라남도 목포시 상동,중상사고,0,1,0,0,차대사람 - 횡단중,안전운전불이행,건조,맑음,단일로 - 기타,화물,남,41세,상해없음,보행자,여,59세,중상
2014110400100286,2014년 11월 4일 12시,화요일,전라남도 보성군 조성면,경상사고,0,0,1,0,차대차 - 측면직각충돌,중앙선침범,건조,맑음,단일로 - 기타,화물,남,55세,상해없음,승용,여,37세,경상
2014110400100287,2014년 11월 4일 12시,화요일,전라남도 무안군 일로읍,경상사고,0,0,1,0,차대차 - 측면직각충돌,교차로운행방법위반,건조,맑음,교차로 - 교차로안,승용,여,65세,경상,승용,남,48세,상해없음
2014110400100327,2014년 11월 4일 13시,화요일,전라남도 완도군 완도읍,경상사고,0,0,2,0,차대차 - 측면직각충돌,직진우회전진행방해,건조,맑음,교차로 - 교차로안,승용,여,29세,경상,화물,남,46세,상해없음
2014110400100328,2014년 11월 4일 13시,화요일,전라남도 광양시 광영동,중상사고,0,2,1,0,차대차 - 기타,교차로운행방법위반,건조,맑음,교차로 - 교차로안,승합,남,47세,경상,승용,여,46세,중상
2014110400100356,2014년 11월 4일 14시,화요일,전라남도 여수시 여서동,경상사고,0,0,2,0,차대차 - 측면직각충돌,교차로운행방법위반,건조,맑음,교차로 - 교차로안,승용,여,46세,경상,승용,여,57세,경상
2014110400100357,2014년 11월 4일 14시,화요일,전라남도 해남군 삼산면,경상사고,0,0,2,0,차대차 - 기타,교차로운행방법위반,건조,맑음,교차로 - 교차로안,건설기계,남,49세,상해없음,승용,남,53세,경상
2014110400100358,2014년 11월 4일 14시,화요일,전라남도 광양시 옥곡면,중상사고,0,1,0,0,차대사람 - 차도통행중,안전운전불이행,건조,맑음,단일로 - 기타,승용,여,54세,상해없음,보행자,여,54세,중상
2014110400100447,2014년 11월 4일 16시,화요일,전라남도 해남군 삼산면,경상사고,0,0,3,0,차대차 - 기타,직진우회전진행방해,건조,맑음,교차로 - 교차로안,승용,남,66세,경상,승용,여,42세,경상
2014110400100448,2014년 11월 4일 16시,화요일,전라남도 함평군 월야면,경상사고,0,0,2,0,차대차 - 측면직각충돌,교차로운행방법위반,건조,맑음,교차로 - 교차로안,화물,남,65세,경상,승용,남,49세,경상
2014110400100492,2014년 11월 4일 17시,화요일,전라남도 여수시 여천동,경상사고,0,0,3,0,차대차 - 추돌 - 주정차중,안전운전불이행,건조,맑음,단일로 - 기타,승합,여,53세,상해없음,화물,남,32세,경상
2014110400100493,2014년 11월 4일 17시,화요일,전라남도 나주시 용산동,경상사고,0,0,1,0,차대사람 - 기타,안전운전불이행,건조,맑음,단일로 - 기타,승용,여,47세,상해없음,보행자,여,71세,경상
2014110400100494,2014년 11월 4일 17시,화요일,전라남도 나주시 노안면,경상사고,0,0,1,0,차량단독 - 기타,안전운전불이행,건조,맑음,교차로 - 교차로안,원동기,남,72세,경상,,,,
2014110400100495,2014년 11월 4일 17시,화요일,전라남도 화순군 화순읍,경상사고,0,0,2,0,차대사람 - 기타,안전운전불이행,건조,맑음,교차로 - 교차로안,승용,여,39세,상해없음,보행자,남,54세,경상
2014110400100496,2014년 11월 4일 17시,화요일,전라남도 무안군 해제면,중상사고,0,3,1,0,차대차 - 측면직각충돌,교차로운행방법위반,건조,맑음,교차로 - 교차로안,화물,남,64세,중상,승용,남,23세,중상
2014110400100546,2014년 11월 4일 18시,화요일,전라남도 여수시 학동,경상사고,0,0,2,0,차대차 - 측면직각충돌,교차로운행방법위반,건조,맑음,교차로 - 교차로안,화물,남,32세,상해없음,승용,여,51세,경상
2014110400100547,2014년 11월 4일 18시,화요일,전라남도 여수시 둔덕동,경상사고,0,0,2,0,차대차 - 측면직각충돌,안전운전불이행,건조,맑음,단일로 - 기타,승용,여,59세,경상,승용,남,51세,경상
2014110400100548,2014년 11월 4일 18시,화요일,전라남도 여수시 공화동,경상사고,0,0,2,0,차대차 - 측면직각충돌,안전운전불이행,건조,맑음,교차로 - 교차로부근,승용,남,60세,상해없음,승용,남,31세,경상
2014110400100549,2014년 11월 4일 18시,화요일,전라남도 순천시 연향동,경상사고,0,0,3,0,차대차 - 추돌 - 주정차중,안전거리미확보,건조,맑음,교차로 - 교차로부근,승용,남,42세,상해없음,승용,남,55세,경상
2014110400100550,2014년 11월 4일 18시,화요일,전라남도 순천시 덕암동,경상사고,0,0,1,0,차대차 - 기타,안전운전불이행,건조,맑음,교차로 - 교차로안,승용,남,30세,상해없음,원동기,남,40세,경상
2014110400100551,2014년 11월 4일 18시,화요일,전라남도 순천시 덕월동,경상사고,0,0,1,0,차대사람 - 길가장자리구역통행중,안전운전불이행,건조,맑음,단일로 - 기타,이륜,남,47세,상해없음,보행자,남,21세,경상
2014110400100552,2014년 11월 4일 18시,화요일,전라남도 영암군 덕진면,중상사고,0,1,2,0,차대차 - 추돌 - 진행중,안전거리미확보,건조,맑음,단일로 - 기타,승합,남,51세,상해없음,승용,여,28세,중상
2014110400100553,2014년 11월 4일 18시,화요일,전라남도 곡성군 삼기면,경상사고,0,0,5,0,차대차 - 기타,안전운전불이행,건조,맑음,단일로 - 기타,화물,남,70세,상해없음,승용,여,42세,경상
2014110400100623,2014년 11월 4일 20시,화요일,전라남도 순천시 조례동,경상사고,0,0,1,0,차대차 - 정면충돌,중앙선침범,건조,맑음,단일로 - 기타,승용,여,38세,상해없음,이륜,남,49세,경상
2014110400100660,2014년 11월 4일 21시,화요일,전라남도 목포시 옥암동,경상사고,0,0,1,0,차대차 - 측면직각충돌,안전운전불이행,건조,맑음,교차로 - 교차로부근,승용,여,53세,상해없음,자전거,남,76세,경상
2014110400100661,2014년 11월 4일 21시,화요일,전라남도 순천시 조례동,중상사고,0,2,1,0,차대차 - 측면직각충돌,신호위반,건조,맑음,교차로 - 교차로안,승용,여,47세,중상,승용,남,59세,경상
2014110400100662,2014년 11월 4일 21시,화요일,전라남도 무안군 삼향읍,중상사고,0,1,0,0,차대차 - 측면직각충돌,신호위반,건조,맑음,교차로 - 교차로안,승용,남,53세,상해없음,승용,여,42세,중상
2014110400100697,2014년 11월 4일 22시,화요일,전라남도 무안군 일로읍,중상사고,0,1,0,0,차대차 - 추돌 - 진행중,안전운전불이행,건조,맑음,단일로 - 기타,승용,남,41세,상해없음,화물,남,54세,중상
2014110400100698,2014년 11월 4일 22시,화요일,전라남도 진도군 고군면,경상사고,0,0,1,0,차대차 - 추돌 - 주정차중,안전운전불이행,건조,기타,단일로 - 기타,승용,남,31세,기타불명,승용,여,57세,기타불명
2014110400100725,2014년 11월 4일 23시,화요일,전라남도 목포시 산정동,중상사고,0,1,0,0,차대차 - 추돌 - 진행중,안전운전불이행,건조,맑음,단일로 - 기타,승용,남,41세,상해없음,승용,남,43세,중상
2014110500100044,2014년 11월 5일 02시,수요일,전라남도 순천시 조례동,경상사고,0,0,3,0,차대차 - 기타,직진우회전진행방해,건조,맑음,교차로 - 교차로안,승용,남,22세,경상,승용,남,58세,경상
2014110500100095,2014년 11월 5일 06시,수요일,전라남도 목포시 대성동,중상사고,0,1,0,0,차대사람 - 횡단중,안전운전불이행,건조,맑음,단일로 - 기타,승용,남,46세,상해없음,보행자,여,72세,중상
2014110500100096,2014년 11월 5일 06시,수요일,전라남도 목포시 산정동,경상사고,0,0,2,0,차대차 - 측면직각충돌,직진우회전진행방해,건조,맑음,교차로 - 교차로안,승합,남,61세,경상,화물,남,64세,경상
2014110500100097,2014년 11월 5일 06시,수요일,전라남도 순천시 해룡면,부상신고사고,0,0,0,1,차대차 - 기타,안전운전불이행,건조,맑음,기타 - 기타,승용,여,50세,부상신고,승용,여,46세,상해없음
2014110500100120,2014년 11월 5일 07시,수요일,전라남도 여수시 안산동,경상사고,0,0,4,1,차대차 - 추돌 - 주정차중,안전운전불이행,건조,맑음,교차로 - 교차로부근,화물,남,26세,부상신고,승용,여,44세,경상
2014110500100121,2014년 11월 5일 07시,수요일,전라남도 무안군 망운면,중상사고,0,1,0,0,차대차 - 추돌 - 진행중,안전거리미확보,습기,비,교차로 - 교차로부근,화물,남,56세,상해없음,이륜,남,48세,중상
2014110500100122,2014년 11월 5일 07시,수요일,전라남도 진도군 진도읍,중상사고,0,1,3,0,차대차 - 추돌 - 주정차중,안전거리미확보,습기,안개,단일로 - 기타,화물,남,50세,상해없음,승용,남,48세,상해없음
2014110500100170,2014년 11월 5일 08시,수요일,전라남도 목포시 석현동,경상사고,0,0,3,0,차대차 - 측면직각충돌,안전거리미확보,건조,맑음,단일로 - 기타,승용,여,37세,경상,승용,남,57세,경상
2014110500100171,2014년 11월 5일 08시,수요일,전라남도 순천시 별량면,경상사고,0,0,1,0,차대차 - 추돌 - 주정차중,안전운전불이행,건조,맑음,교차로 - 교차로부근,승용,남,57세,상해없음,승용,남,39세,경상
2014110500100225,2014년 11월 5일 09시,수요일,전라남도 나주시 이창동,경상사고,0,0,1,0,차대차 - 기타,교차로운행방법위반,건조,맑음,교차로 - 교차로안,승용,남,60세,기타불명,승용,여,27세,경상
2014110500100226,2014년 11월 5일 09시,수요일,전라남도 해남군 산이면,중상사고,0,1,1,1,차대차 - 측면직각충돌,직진우회전진행방해,건조,맑음,교차로 - 교차로안,승용,남,64세,부상신고,건설기계,남,52세,중상
2014110500100263,2014년 11월 5일 10시,수요일,전라남도 여수시 선원동,경상사고,0,0,1,1,차대차 - 측면직각충돌,교차로운행방법위반,건조,맑음,교차로 - 교차로안,승용,남,62세,부상신고,승용,여,30세,경상
2014110500100264,2014년 11월 5일 10시,수요일,전라남도 영암군 영암읍,중상사고,0,1,0,0,차대차 - 측면직각충돌,신호위반,건조,맑음,교차로 - 교차로안,승용,남,25세,중상,화물,남,55세,상해없음
2014110500100329,2014년 11월 5일 12시,수요일,전라남도 순천시 가곡동,중상사고,0,1,0,0,차대차 - 기타,교차로운행방법위반,건조,맑음,교차로 - 교차로안,승용,여,58세,상해없음,자전거,남,40세,중상
2014110500100382,2014년 11월 5일 14시,수요일,전라남도 순천시 해룡면,경상사고,0,0,1,0,차대차 - 기타,직진우회전진행방해,건조,맑음,교차로 - 교차로안,승용,여,57세,경상,화물,남,50세,상해없음
2014110500100414,2014년 11월 5일 15시,수요일,전라남도 해남군 산이면,중상사고,0,4,2,0,차대차 - 기타,안전운전불이행,건조,맑음,단일로 - 기타,화물,여,69세,경상,승용,남,60세,중상
2014110500100415,2014년 11월 5일 15시,수요일,전라남도 담양군 담양읍,중상사고,0,1,2,0,차대차 - 추돌 - 주정차중,안전운전불이행,건조,맑음,단일로 - 기타,화물,남,56세,상해없음,화물,남,57세,경상
2014110500100452,2014년 11월 5일 16시,수요일,전라남도 목포시 산정동,중상사고,0,1,0,0,차대사람 - 기타,안전운전불이행,건조,맑음,기타 - 기타,승용,여,45세,상해없음,보행자,남,46세,중상
2014110500100453,2014년 11월 5일 16시,수요일,전라남도 보성군 회천면,중상사고,0,1,0,0,차대차 - 추돌 - 주정차중,안전운전불이행,건조,맑음,단일로 - 기타,화물,남,52세,상해없음,승용,여,44세,중상
2014110500100492,2014년 11월 5일 17시,수요일,전라남도 장흥군 장흥읍,중상사고,0,1,1,0,차대차 - 정면충돌,중앙선침범,건조,맑음,단일로 - 기타,승용,남,58세,중상,건설기계,남,46세,경상
2014110500100493,2014년 11월 5일 17시,수요일,전라남도 영암군 덕진면,경상사고,0,0,1,0,차대차 - 추돌 - 진행중,안전운전불이행,건조,맑음,교차로 - 교차로부근,승합,남,54세,상해없음,승용,여,56세,경상