사고번호,사고일시,요일,시군구,사고내용,사망자수,중상자수,경상자수,부상신고자수,사고유형,법규위반,노면상태,기상상태,도로형태,가해운전자 차종,가해운전자 성별,가해운전자 연령,가해운전자 상해정도,피해운전자 차종,피해운전자 성별,피해운전자 연령,피해운전자 상해정도
2014110500100546,2014년 11월 5일 18시,수요일,전라남도 나주시 금성동,경상사고,0,0,1,0,차대사람 - 횡단중,보행자보호의무위반,건조,맑음,교차로 - 교차로부근,승용,남,32세,상해없음,보행자,남,62세,경상
2014110500100547,2014년 11월 5일 18시,수요일,전라남도 담양군 담양읍,경상사고,0,0,1,0,차대차 - 기타,안전운전불이행,건조,맑음,단일로 - 기타,승용,남,26세,상해없음,농기계,남,73세,경상
2014110500100599,2014년 11월 5일 19시,수요일,전라남도 순천시 연향동,경상사고,0,0,1,0,차대차 - 기타,직진우회전진행방해,건조,맑음,교차로 - 교차로안,승용,남,34세,상해없음,이륜,남,19세,경상
2014110500100685,2014년 11월 5일 21시,수요일,전라남도 광양시 광영동,경상사고,0,0,3,0,차대차 - 추돌 - 진행중,안전운전불이행,건조,맑음,단일로 - 기타,화물,남,40세,상해없음,승용,남,49세,상해없음
2014110500100715,2014년 11월 5일 22시,수요일,전라남도 여수시 남산동,경상사고,0,0,1,0,차량단독 - 공작물충돌,안전운전불이행,건조,맑음,단일로 - 기타,승용,남,33세,경상,,,,
2014110500100743,2014년 11월 5일 23시,수요일,전라남도 목포시 대성동,중상사고,0,1,0,0,차대차 - 기타,안전운전불이행,건조,맑음,교차로 - 교차로부근,승용,남,27세,상해없음,승용,여,62세,중상
2014110500100744,2014년 11월 5일 23시,수요일,전라남도 장성군 북이면,경상사고,0,0,1,0,차량단독 - 공작물충돌,안전운전불이행,건조,맑음,단일로 - 기타,이륜,남,20세,상해없음,,,,
2014110600100009,2014년 11월 6일 00시,목요일,전라남도 장성군 남면,경상사고,0,0,2,0,차대차 - 정면충돌,중앙선침범,건조,맑음,단일로 - 기타,승용,남,35세,상해없음,화물,여,51세,경상
2014110600100093,2014년 11월 6일 07시,목요일,전라남도 순천시 연향동,부상신고사고,0,0,0,1,차대차 - 기타,기타,건조,맑음,단일로 - 기타,화물,남,42세,상해없음,승용,남,48세,부상신고
2014110600100094,2014년 11월 6일 07시,목요일,전라남도 강진군 강진읍,경상사고,0,0,1,0,차대차 - 측면직각충돌,교차로운행방법위반,건조,맑음,교차로 - 교차로안,승용,남,56세,상해없음,승용,남,33세,경상
2014110600100095,2014년 11월 6일 07시,목요일,전라남도 광양시 광양읍,중상사고,0,1,0,0,차대사람 - 기타,안전운전불이행,건조,맑음,단일로 - 기타,승용,남,52세,상해없음,보행자,여,74세,중상
2014110600100194,2014년 11월 6일 10시,목요일,전라남도 목포시 대양동,경상사고,0,0,2,0,차대차 - 추돌 - 진행중,차로위반,건조,맑음,단일로 - 기타,승용,여,67세,경상,화물,남,55세,경상
2014110600100195,2014년 11월 6일 10시,목요일,전라남도 나주시 봉황면,경상사고,0,0,2,0,차대차 - 기타,중앙선침범,건조,맑음,단일로 - 기타,건설기계,남,59세,경상,화물,남,54세,경상
2014110600100224,2014년 11월 6일 11시,목요일,전라남도 순천시 서면,중상사고,0,1,0,0,차대차 - 기타,안전운전불이행,건조,맑음,단일로 - 기타,이륜,남,67세,상해없음,승합,남,44세,상해없음
2014110600100225,2014년 11월 6일 11시,목요일,전라남도 나주시 빛가람동,경상사고,0,0,2,0,차대차 - 측면직각충돌,직진우회전진행방해,건조,맑음,교차로 - 교차로안,승용,남,38세,경상,화물,남,46세,경상
2014110600100226,2014년 11월 6일 11시,목요일,전라남도 영광군 군서면,사망사고,1,0,0,0,차대차 - 정면충돌,중앙선침범,건조,맑음,교차로 - 교차로부근,이륜,남,70세,사망,화물,남,57세,상해없음
2014110600100227,2014년 11월 6일 11시,목요일,전라남도 광양시 성황동,경상사고,0,0,1,0,차량단독 - 기타,안전운전불이행,건조,맑음,단일로 - 기타,승합,남,62세,기타불명,,,,
2014110600100251,2014년 11월 6일 12시,목요일,전라남도 곡성군 옥과면,경상사고,0,0,2,0,차대차 - 기타,안전운전불이행,건조,맑음,단일로 - 기타,승용,남,72세,상해없음,화물,남,53세,경상
2014110600100283,2014년 11월 6일 13시,목요일,전라남도 해남군 해남읍,경상사고,0,0,1,0,차대차 - 기타,교차로운행방법위반,기타,맑음,교차로 - 교차로안,화물,남,66세,상해없음,화물,남,75세,경상
2014110600100371,2014년 11월 6일 16시,목요일,전라남도 목포시 석현동,중상사고,0,1,0,0,차대차 - 정면충돌,안전운전불이행,건조,맑음,교차로 - 교차로부근,자전거,남,22세,중상,승용,남,47세,상해없음
2014110600100410,2014년 11월 6일 17시,목요일,전라남도 순천시 덕암동,경상사고,0,0,1,0,차대사람 - 횡단중,신호위반,건조,맑음,단일로 - 기타,승용,여,64세,상해없음,보행자,여,20세,경상
2014110600100411,2014년 11월 6일 17시,목요일,전라남도 함평군 나산면,중상사고,0,1,0,0,차대차 - 기타,중앙선침범,건조,맑음,단일로 - 기타,자전거,여,50세,중상,화물,남,58세,상해없음
2014110600100412,2014년 11월 6일 17시,목요일,전라남도 광양시 중동,중상사고,0,1,1,0,차대차 - 측면직각충돌,신호위반,건조,맑음,교차로 - 교차로안,승용,여,57세,상해없음,승용,남,40세,중상
2014110600100470,2014년 11월 6일 18시,목요일,전라남도 목포시 용당동,경상사고,0,0,1,0,차대차 - 기타,신호위반,건조,맑음,단일로 - 기타,화물,남,24세,상해없음,자전거,남,66세,경상
2014110600100471,2014년 11월 6일 18시,목요일,전라남도 순천시 황전면,경상사고,0,0,3,0,차대차 - 측면직각충돌,중앙선침범,건조,맑음,교차로 - 교차로부근,승용,남,69세,상해없음,승용,여,34세,경상
2014110600100472,2014년 11월 6일 18시,목요일,전라남도 화순군 한천면,중상사고,0,1,4,0,차대차 - 추돌 - 진행중,안전운전불이행,건조,흐림,단일로 - 기타,승용,여,53세,경상,승용,남,49세,상해없음
2014110600100473,2014년 11월 6일 18시,목요일,전라남도 담양군 대전면,경상사고,0,0,1,0,차대사람 - 길가장자리구역통행중,안전운전불이행,건조,맑음,단일로 - 기타,승용,남,38세,상해없음,보행자,여,71세,경상
2014110600100474,2014년 11월 6일 18시,목요일,전라남도 담양군 무정면,경상사고,0,0,1,0,차대차 - 기타,안전운전불이행,건조,맑음,교차로 - 교차로부근,승합,남,43세,상해없음,승용,남,44세,경상
2014110600100555,2014년 11월 6일 20시,목요일,전라남도 장성군 장성읍,경상사고,0,0,3,0,차대차 - 측면직각충돌,안전운전불이행,건조,맑음,교차로 - 교차로안,승용,남,67세,상해없음,승용,남,49세,경상
2014110600100556,2014년 11월 6일 20시,목요일,전라남도 완도군 완도읍,경상사고,0,0,3,0,차대차 - 기타,안전운전불이행,건조,맑음,단일로 - 기타,승용,남,52세,상해없음,승용,여,30세,경상
2014110600100588,2014년 11월 6일 21시,목요일,전라남도 목포시 달동,경상사고,0,0,2,0,차대차 - 측면직각충돌,직진우회전진행방해,건조,맑음,교차로 - 교차로안,승합,남,60세,상해없음,승용,남,35세,경상
2014110700100178,2014년 11월 7일 08시,금요일,전라남도 목포시 옥암동,경상사고,0,0,1,0,차대차 - 측면직각충돌,안전운전불이행,건조,맑음,교차로 - 교차로부근,승용,남,55세,상해없음,자전거,남,14세,경상
2014110700100179,2014년 11월 7일 08시,금요일,전라남도 여수시 수정동,경상사고,0,0,1,0,차대차 - 추돌 - 주정차중,안전운전불이행,건조,맑음,교차로 - 교차로안,승용,남,23세,상해없음,승용,여,44세,경상
2014110700100180,2014년 11월 7일 08시,금요일,전라남도 여수시 국동,경상사고,0,0,2,0,차대차 - 측면직각충돌,안전운전불이행,건조,맑음,교차로 - 교차로안,승용,남,37세,경상,승용,남,24세,경상
2014110700100181,2014년 11월 7일 08시,금요일,전라남도 해남군 해남읍,경상사고,0,0,2,0,차대차 - 측면직각충돌,교차로운행방법위반,건조,맑음,교차로 - 교차로안,승용,여,76세,상해없음,승용,남,41세,경상
2014110700100182,2014년 11월 7일 08시,금요일,전라남도 영암군 삼호읍,중상사고,0,1,0,0,차대사람 - 기타,신호위반,건조,맑음,단일로 - 횡단보도상,승용,남,48세,상해없음,보행자,남,8세,중상
2014110700100210,2014년 11월 7일 09시,금요일,전라남도 순천시 조곡동,경상사고,0,0,2,0,차대차 - 기타,신호위반,건조,맑음,교차로 - 교차로안,승용,여,51세,상해없음,승합,남,49세,경상
2014110700100211,2014년 11월 7일 09시,금요일,전라남도 담양군 금성면,부상신고사고,0,0,0,1,차대차 - 기타,직진우회전진행방해,건조,맑음,교차로 - 교차로안,승용,여,52세,부상신고,화물,남,59세,상해없음
2014110700100212,2014년 11월 7일 09시,금요일,전라남도 무안군 삼향읍,중상사고,0,1,1,0,차대차 - 측면직각충돌,신호위반,건조,맑음,교차로 - 교차로안,승용,남,38세,상해없음,승용,남,72세,경상
2014110700100320,2014년 11월 7일 13시,금요일,전라남도 함평군 엄다면,경상사고,0,0,2,0,차대차 - 측면직각충돌,안전운전불이행,건조,맑음,단일로 - 기타,화물,남,51세,상해없음,승용,여,41세,경상
2014110700100321,2014년 11월 7일 13시,금요일,전라남도 목포시 죽교동,경상사고,0,0,3,0,차대차 - 기타,안전운전불이행,건조,맑음,교차로 - 교차로부근,승용,남,67세,경상,화물,남,44세,경상
2014110700100322,2014년 11월 7일 13시,금요일,전라남도 나주시 문평면,경상사고,0,0,1,0,차량단독 - 전도전복,안전운전불이행,건조,맑음,단일로 - 기타,원동기,남,79세,경상,,,,
2014110700100323,2014년 11월 7일 13시,금요일,전라남도 영암군 영암읍,중상사고,0,1,0,0,차대차 - 기타,안전운전불이행,건조,맑음,단일로 - 기타,승용,남,68세,상해없음,승용,남,60세,상해없음
2014110700100324,2014년 11월 7일 13시,금요일,전라남도 광양시 광양읍,부상신고사고,0,0,0,1,차대차 - 측면직각충돌,안전운전불이행,건조,맑음,교차로 - 교차로부근,자전거,여,53세,부상신고,이륜,남,38세,상해없음
2014110700100325,2014년 11월 7일 13시,금요일,전라남도 광양시 광영동,중상사고,0,1,0,0,차대차 - 추돌 - 진행중,안전운전불이행,건조,맑음,교차로 - 교차로안,자전거,남,18세,중상,승용,여,42세,상해없음
2014110700100422,2014년 11월 7일 16시,금요일,전라남도 여수시 돌산읍,경상사고,0,0,1,0,차량단독 - 공작물충돌,안전운전불이행,건조,맑음,단일로 - 기타,화물,남,26세,경상,,,,
2014110700100423,2014년 11월 7일 16시,금요일,전라남도 무안군 삼향읍,경상사고,0,0,1,0,차대차 - 측면직각충돌,안전운전불이행,건조,맑음,교차로 - 교차로부근,승합,남,61세,상해없음,승용,남,37세,경상
2014110700100462,2014년 11월 7일 17시,금요일,전라남도 나주시 금천면,경상사고,0,0,2,0,차대차 - 추돌 - 진행중,안전운전불이행,건조,맑음,단일로 - 기타,승용,남,39세,상해없음,승용,남,49세,경상
2014110700100463,2014년 11월 7일 17시,금요일,전라남도 보성군 득량면,중상사고,0,2,0,0,차대차 - 기타,안전운전불이행,건조,맑음,교차로 - 교차로안,승용,남,41세,상해없음,승용,여,28세,중상
2014110700100464,2014년 11월 7일 17시,금요일,전라남도 무안군 운남면,부상신고사고,0,0,0,1,차대차 - 측면직각충돌,안전운전불이행,건조,맑음,단일로 - 기타,원동기,남,65세,부상신고,승용,여,67세,상해없음
2014110700100527,2014년 11월 7일 18시,금요일,전라남도 여수시 문수동,경상사고,0,0,1,0,차대사람 - 횡단중,안전운전불이행,건조,맑음,단일로 - 기타,승용,남,33세,상해없음,보행자,여,42세,경상
2014110700100528,2014년 11월 7일 18시,금요일,전라남도 순천시 조례동,경상사고,0,0,1,0,차대차 - 측면직각충돌,안전운전불이행,건조,맑음,교차로 - 교차로안,승용,여,42세,상해없음,승용,남,25세,경상
2014110700100529,2014년 11월 7일 18시,금요일,전라남도 나주시 동강면,경상사고,0,0,1,0,차대사람 - 기타,안전운전불이행,건조,맑음,단일로 - 기타,화물,남,53세,상해없음,보행자,남,19세,경상
2014110700100530,2014년 11월 7일 18시,금요일,전라남도 해남군 삼산면,경상사고,0,0,1,0,차대차 - 측면직각충돌,안전운전불이행,건조,맑음,단일로 - 기타,화물,남,48세,상해없음,승용,남,45세,경상
2014110700100531,2014년 11월 7일 18시,금요일,전라남도 화순군 화순읍,중상사고,0,1,0,0,차대사람 - 기타,안전운전불이행,건조,맑음,단일로 - 기타,승용,남,81세,상해없음,보행자,남,57세,중상
2014110700100532,2014년 11월 7일 18시,금요일,전라남도 영암군 삼호읍,사망사고,1,0,0,0,차대사람 - 횡단중,안전운전불이행,건조,맑음,단일로 - 기타,승용,남,47세,상해없음,보행자,여,72세,사망
2014110700100592,2014년 11월 7일 19시,금요일,전라남도 여수시 문수동,경상사고,0,0,1,0,차대차 - 측면직각충돌,안전운전불이행,건조,맑음,교차로 - 교차로안,승용,남,33세,상해없음,이륜,남,53세,경상
2014110700100593,2014년 11월 7일 19시,금요일,전라남도 영암군 영암읍,경상사고,0,0,3,0,차대차 - 기타,안전거리미확보,건조,맑음,단일로 - 기타,화물,남,48세,상해없음,승용,여,27세,경상
2014110700100594,2014년 11월 7일 19시,금요일,전라남도 곡성군 입면,경상사고,0,0,1,0,차대차 - 기타,중앙선침범,건조,맑음,단일로 - 기타,승용,남,44세,상해없음,농기계,남,59세,경상
2014110700100595,2014년 11월 7일 19시,금요일,전라남도 구례군 구례읍,경상사고,0,0,1,0,차대사람 - 기타,안전운전불이행,건조,맑음,단일로 - 기타,화물,남,45세,기타불명,보행자,남,69세,경상
2014110800100037,2014년 11월 8일 01시,토요일,전라남도 광양시 광영동,경상사고,0,0,2,0,차대차 - 측면직각충돌,교차로운행방법위반,건조,맑음,교차로 - 교차로안,승합,남,60세,경상,승용,남,59세,경상
2014110800100086,2014년 11월 8일 04시,토요일,전라남도 여수시 학동,경상사고,0,0,1,0,차대사람 - 기타,안전운전불이행,건조,맑음,기타 - 기타,승용,여,48세,상해없음,보행자,남,40세,경상
2014110800100118,2014년 11월 8일 06시,토요일,전라남도 목포시 옥암동,경상사고,0,0,1,0,차대차 - 기타,안전운전불이행,건조,기타,단일로 - 기타,승용,남,61세,상해없음,승용,남,70세,경상
2014110800100175,2014년 11월 8일 09시,토요일,전라남도 목포시 호남동,중상사고,0,1,0,0,차대사람 - 횡단중,보행자보호의무위반,건조,맑음,단일로 - 횡단보도상,승용,여,25세,상해없음,보행자,여,58세,중상
2014110800100176,2014년 11월 8일 09시,토요일,전라남도 순천시 남정동,경상사고,0,0,1,0,차대사람 - 횡단중,안전운전불이행,건조,맑음,단일로 - 횡단보도상,승합,남,59세,상해없음,보행자,남,73세,경상
2014110800100177,2014년 11월 8일 09시,토요일,전라남도 광양시 광양읍,중상사고,0,1,4,0,차대차 - 추돌 - 진행중,안전운전불이행,건조,맑음,단일로 - 기타,승합,남,37세,상해없음,승용,여,41세,경상
2014110800100273,2014년 11월 8일 13시,토요일,전라남도 완도군 신지면,중상사고,0,1,0,0,차대차 - 정면충돌,안전운전불이행,건조,맑음,단일로 - 기타,자전거,남,11세,중상,승용,남,43세,상해없음
2014110800100343,2014년 11월 8일 15시,토요일,전라남도 화순군 화순읍,경상사고,0,0,1,0,차대사람 - 길가장자리구역통행중,안전운전불이행,건조,맑음,단일로 - 기타,원동기,남,65세,상해없음,보행자,여,64세,경상
2014110800100372,2014년 11월 8일 16시,토요일,전라남도 여수시 웅천동,중상사고,0,1,0,0,차대사람 - 횡단중,보행자보호의무위반,습기,비,단일로 - 기타,화물,남,55세,상해없음,보행자,남,65세,중상
2014110800100373,2014년 11월 8일 16시,토요일,전라남도 순천시 석현동,경상사고,0,0,1,0,차대차 - 측면직각충돌,직진우회전진행방해,습기,비,교차로 - 교차로안,승용,남,22세,상해없음,승합,남,61세,경상
2014110800100408,2014년 11월 8일 17시,토요일,전라남도 나주시 다시면,경상사고,0,0,3,0,차대차 - 추돌 - 진행중,안전운전불이행,건조,맑음,단일로 - 기타,화물,남,35세,상해없음,농기계,남,66세,경상
2014110800100409,2014년 11월 8일 17시,토요일,전라남도 화순군 남면,경상사고,0,0,2,0,차대차 - 측면직각충돌,중앙선침범,건조,흐림,교차로 - 교차로부근,승용,남,72세,상해없음,화물,남,40세,경상
2014110800100410,2014년 11월 8일 17시,토요일,전라남도 함평군 학교면,경상사고,0,0,1,0,차대차 - 추돌 - 진행중,안전운전불이행,건조,흐림,단일로 - 기타,화물,남,56세,경상,건설기계,남,41세,상해없음
2014110800100470,2014년 11월 8일 18시,토요일,전라남도 해남군 산이면,경상사고,0,0,3,0,차대차 - 측면직각충돌,안전운전불이행,건조,맑음,교차로 - 교차로안,화물,남,58세,상해없음,승합,남,40세,경상
2014110800100471,2014년 11월 8일 18시,토요일,전라남도 영암군 삼호읍,경상사고,0,0,4,0,차대차 - 추돌 - 진행중,안전운전불이행,건조,맑음,교차로 - 교차로안,승용,남,41세,상해없음,승용,남,32세,경상
2014110800100472,2014년 11월 8일 18시,토요일,전라남도 영암군 덕진면,경상사고,0,0,2,0,차대차 - 측면직각충돌,교차로운행방법위반,건조,맑음,교차로 - 교차로안,승용,남,51세,경상,승용,남,57세,경상
2014110800100473,2014년 11월 8일 18시,토요일,전라남도 담양군 담양읍,경상사고,0,0,1,0,차대차 - 기타,안전운전불이행,건조,맑음,단일로 - 기타,승합,남,57세,상해없음,승용,남,62세,경상
2014110800100474,2014년 11월 8일 18시,토요일,전라남도 무안군 청계면,경상사고,0,0,1,0,차대차 - 추돌 - 진행중,안전거리미확보,건조,맑음,교차로 - 교차로부근,승용,남,65세,상해없음,승용,남,79세,경상
2014110800100475,2014년 11월 8일 18시,토요일,전라남도 광양시 광양읍,경상사고,0,0,1,0,차대차 - 기타,안전운전불이행,습기,흐림,교차로 - 교차로부근,화물,남,66세,상해없음,승용,남,32세,경상
2014110800100514,2014년 11월 8일 19시,토요일,전라남도 목포시 죽교동,중상사고,0,1,0,0,차대사람 - 차도통행중,안전운전불이행,건조,맑음,단일로 - 기타,승용,남,72세,상해없음,보행자,남,42세,중상
2014110800100515,2014년 11월 8일 19시,토요일,전라남도 장성군 장성읍,경상사고,0,0,1,0,차대차 - 추돌 - 진행중,안전운전불이행,건조,맑음,교차로 - 교차로부근,승용,남,37세,상해없음,승용,여,31세,경상
2014110800100549,2014년 11월 8일 20시,토요일,전라남도 여수시 신월동,경상사고,0,0,1,0,차대차 - 추돌 - 진행중,안전운전불이행,건조,맑음,단일로 - 기타,승용,여,41세,상해없음,승용,남,55세,기타불명
2014110800100587,2014년 11월 8일 21시,토요일,전라남도 목포시 상동,경상사고,0,0,1,0,차대차 - 추돌 - 주정차중,안전운전불이행,건조,맑음,단일로 - 기타,승용,남,24세,기타불명,승용,남,34세,경상
2014110800100588,2014년 11월 8일 21시,토요일,전라남도 순천시 연향동,중상사고,0,1,0,0,차대차 - 측면직각충돌,안전운전불이행,건조,맑음,기타 - 기타,화물,남,56세,상해없음,원동기,남,16세,중상
2014110800100614,2014년 11월 8일 22시,토요일,전라남도 목포시 산정동,경상사고,0,0,1,0,차대사람 - 기타,안전운전불이행,건조,맑음,교차로 - 교차로안,승용,남,40세,상해없음,보행자,남,49세,경상
2014110800100615,2014년 11월 8일 22시,토요일,전라남도 순천시 가곡동,경상사고,0,0,1,0,차대차 - 기타,신호위반,습기,흐림,교차로 - 교차로안,원동기,남,18세,경상,승용,여,34세,상해없음
2014110800100616,2014년 11월 8일 22시,토요일,전라남도 순천시 서면,경상사고,0,0,2,0,차대차 - 정면충돌,중앙선침범,건조,맑음,단일로 - 기타,승용,남,31세,상해없음,승용,여,44세,경상
2014110800100642,2014년 11월 8일 23시,토요일,전라남도 순천시 용당동,경상사고,0,0,1,0,차대차 - 측면직각충돌,안전운전불이행,습기,비,단일로 - 기타,승용,남,55세,상해없음,원동기,남,44세,경상
2014110900100062,2014년 11월 9일 02시,일요일,전라남도 목포시 상동,경상사고,0,0,2,0,차대차 - 기타,안전운전불이행,건조,맑음,단일로 - 기타,승용,남,29세,경상,승용,남,26세,상해없음
2014110900100092,2014년 11월 9일 06시,일요일,전라남도 목포시 상동,중상사고,0,1,0,0,차대차 - 추돌 - 주정차중,안전거리미확보,건조,맑음,교차로 - 교차로부근,화물,남,52세,상해없음,승용,여,50세,중상
2014110900100093,2014년 11월 9일 06시,일요일,전라남도 완도군 완도읍,경상사고,0,0,1,0,차대차 - 추돌 - 주정차중,안전운전불이행,건조,맑음,단일로 - 기타,승용,남,64세,상해없음,승용,여,73세,경상
2014110900100094,2014년 11월 9일 06시,일요일,전라남도 무안군 해제면,중상사고,0,1,1,1,차량단독 - 기타,안전운전불이행,건조,맑음,교차로 - 교차로부근,승용,남,70세,부상신고,,,,
2014110900100116,2014년 11월 9일 08시,일요일,전라남도 광양시 광양읍,경상사고,0,0,1,0,차대차 - 측면직각충돌,안전운전불이행,건조,맑음,기타 - 기타,승용,여,54세,상해없음,승용,남,51세,경상
2014110900100134,2014년 11월 9일 09시,일요일,전라남도 목포시 상동,경상사고,0,0,1,0,차대차 - 기타,중앙선침범,건조,맑음,단일로 - 기타,기타불명,기타불명,기타불명,기타불명,승합,남,56세,상해없음
2014110900100171,2014년 11월 9일 11시,일요일,전라남도 목포시 상동,경상사고,0,0,1,0,차대차 - 측면직각충돌,안전운전불이행,건조,맑음,교차로 - 교차로안,승용,남,55세,상해없음,승용,여,58세,경상
2014110900100172,2014년 11월 9일 11시,일요일,전라남도 화순군 화순읍,경상사고,0,0,5,0,차대차 - 추돌 - 주정차중,안전거리미확보,건조,맑음,단일로 - 기타,승합,남,43세,상해없음,승용,남,50세,경상
2014110900100173,2014년 11월 9일 11시,일요일,전라남도 영암군 금정면,사망사고,3,4,2,0,차대차 - 정면충돌,안전운전불이행,건조,맑음,교차로 - 교차로안,승용,남,69세,사망,승용,여,53세,경상
2014110900100196,2014년 11월 9일 12시,일요일,전라남도 고흥군 두원면,중상사고,0,1,1,0,차대차 - 측면직각충돌,안전운전불이행,건조,맑음,단일로 - 기타,승용,남,38세,경상,승용,남,64세,중상
2014110900100226,2014년 11월 9일 13시,일요일,전라남도 목포시 호남동,경상사고,0,0,1,0,차대차 - 측면직각충돌,안전거리미확보,건조,맑음,단일로 - 기타,이륜,남,64세,경상,승용,여,34세,상해없음
2014110900100227,2014년 11월 9일 13시,일요일,전라남도 담양군 담양읍,중상사고,0,1,0,0,차대차 - 기타,안전운전불이행,건조,맑음,단일로 - 기타,화물,남,35세,상해없음,이륜,남,31세,중상
2014110900100264,2014년 11월 9일 14시,일요일,전라남도 담양군 남면,경상사고,0,0,1,0,차대사람 - 길가장자리구역통행중,안전운전불이행,건조,맑음,단일로 - 기타,농기계,남,51세,상해없음,보행자,여,27세,경상
2014110900100298,2014년 11월 9일 15시,일요일,전라남도 목포시 산정동,경상사고,0,0,1,0,차대차 - 측면직각충돌,안전운전불이행,건조,맑음,교차로 - 교차로부근,승용,여,40세,상해없음,화물,남,54세,경상
2014110900100329,2014년 11월 9일 16시,일요일,전라남도 해남군 해남읍,경상사고,0,0,5,0,차대차 - 측면직각충돌,교차로운행방법위반,건조,맑음,교차로 - 교차로안,승용,여,39세,경상,승용,남,32세,경상
2014110900100330,2014년 11월 9일 16시,일요일,전라남도 곡성군 오산면,중상사고,0,1,0,0,차대차 - 기타,중앙선침범,건조,맑음,단일로 - 기타,승합,남,66세,상해없음,원동기,남,39세,중상
2014110900100331,2014년 11월 9일 16시,일요일,전라남도 곡성군 죽곡면,중상사고,0,1,6,0,차대차 - 기타,중앙선침범,건조,맑음,단일로 - 교량,승용,남,53세,중상,승용,남,38세,경상
2014110900100359,2014년 11월 9일 17시,일요일,전라남도 고흥군 고흥읍,중상사고,0,1,0,0,차대차 - 측면직각충돌,안전운전불이행,건조,맑음,교차로 - 교차로안,원동기,남,67세,중상,승용,여,56세,상해없음
2014110900100450,2014년 11월 9일 19시,일요일,전라남도 여수시 선원동,경상사고,0,0,1,0,차대사람 - 횡단중,안전운전불이행,건조,맑음,교차로 - 교차로안,화물,남,37세,상해없음,보행자,남,32세,경상
2014110900100507,2014년 11월 9일 21시,일요일,전라남도 광양시 광양읍,경상사고,0,0,3,0,차대차 - 기타,교차로운행방법위반,건조,맑음,교차로 - 교차로안,승용,남,38세,상해없음,승용,남,58세,경상
2014110900100529,2014년 11월 9일 22시,일요일,전라남도 목포시 상동,경상사고,0,0,1,0,차대차 - 측면직각충돌,교차로운행방법위반,건조,맑음,교차로 - 교차로안,승용,남,37세,상해없음,이륜,남,20세,경상
2014110900100530,2014년 11월 9일 22시,일요일,전라남도 여수시 미평동,중상사고,0,1,0,0,차대차 - 측면직각충돌,차로위반,건조,맑음,단일로 - 기타,승용,남,38세,상해없음,이륜,남,18세,중상
2014110900100551,2014년 11월 9일 23시,일요일,전라남도 여수시 여서동,경상사고,0,0,2,0,차대차 - 추돌 - 주정차중,안전운전불이행,건조,맑음,단일로 - 기타,승용,남,35세,상해없음,승용,남,60세,경상
2014111000100009,2014년 11월 10일 00시,월요일,전라남도 순천시 조례동,경상사고,0,0,1,0,차대사람 - 횡단중,보행자보호의무위반,건조,맑음,교차로 - 교차로부근,승용,남,32세,상해없음,보행자,남,31세,경상
2014111000100017,2014년 11월 10일 01시,월요일,전라남도 여수시 문수동,경상사고,0,0,1,0,차대차 - 측면직각충돌,중앙선침범,건조,맑음,단일로 - 기타,승용,남,23세,기타불명,승용,남,49세,경상
2014111000100053,2014년 11월 10일 06시,월요일,전라남도 광양시 금호동,경상사고,0,0,2,0,차대차 - 추돌 - 주정차중,안전운전불이행,건조,맑음,단일로 - 교량,승용,남,40세,경상,화물,남,51세,상해없음
2014111000100075,2014년 11월 10일 07시,월요일,전라남도 목포시 석현동,경상사고,0,0,1,0,차대사람 - 횡단중,보행자보호의무위반,건조,맑음,교차로 - 교차로부근,화물,남,67세,상해없음,보행자,여,45세,경상
2014111000100076,2014년 11월 10일 07시,월요일,전라남도 목포시 죽교동,경상사고,0,0,1,0,차대차 - 추돌 - 주정차중,안전운전불이행,건조,맑음,교차로 - 교차로부근,자전거,남,13세,경상,승용,여,49세,상해없음
2014111000100077,2014년 11월 10일 07시,월요일,전라남도 순천시 풍덕동,경상사고,0,0,3,0,차대차 - 기타,직진우회전진행방해,건조,맑음,교차로 - 교차로안,승합,남,58세,경상,화물,남,41세,경상
2014111000100078,2014년 11월 10일 07시,월요일,전라남도 나주시 대호동,경상사고,0,0,2,0,차대차 - 추돌 - 주정차중,안전운전불이행,건조,맑음,교차로 - 교차로부근,화물,남,55세,경상,승용,남,42세,경상
2014111000100120,2014년 11월 10일 08시,월요일,전라남도 순천시 가곡동,경상사고,0,0,1,0,차대차 - 기타,교차로운행방법위반,건조,맑음,교차로 - 교차로안,승용,남,60세,상해없음,승합,남,60세,상해없음
2014111000100121,2014년 11월 10일 08시,월요일,전라남도 강진군 강진읍,경상사고,0,0,1,0,차대차 - 측면직각충돌,교차로운행방법위반,건조,맑음,교차로 - 교차로안,승용,여,43세,상해없음,원동기,남,55세,경상
2014111000100122,2014년 11월 10일 08시,월요일,전라남도 강진군 강진읍,경상사고,0,0,2,0,차대차 - 측면직각충돌,안전운전불이행,건조,맑음,단일로 - 기타,원동기,남,81세,경상,원동기,남,65세,경상
2014111000100154,2014년 11월 10일 09시,월요일,전라남도 영광군 영광읍,사망사고,1,0,0,0,차대사람 - 횡단중,안전운전불이행,건조,맑음,단일로 - 기타,화물,남,68세,상해없음,보행자,여,76세,사망