사고번호,사고일시,요일,시군구,사고내용,사망자수,중상자수,경상자수,부상신고자수,사고유형,법규위반,노면상태,기상상태,도로형태,가해운전자 차종,가해운전자 성별,가해운전자 연령,가해운전자 상해정도,피해운전자 차종,피해운전자 성별,피해운전자 연령,피해운전자 상해정도
2014111000100155,2014년 11월 10일 09시,월요일,전라남도 장성군 진원면,경상사고,0,0,2,0,차대차 - 측면직각충돌,중앙선침범,건조,맑음,교차로 - 교차로안,승용,남,33세,상해없음,승합,남,54세,경상
2014111000100215,2014년 11월 10일 11시,월요일,전라남도 목포시 옥암동,중상사고,0,1,0,0,차대사람 - 기타,안전운전불이행,건조,맑음,교차로 - 교차로안,승용,여,41세,상해없음,보행자,여,71세,중상
2014111000100216,2014년 11월 10일 11시,월요일,전라남도 강진군 성전면,경상사고,0,0,3,1,차대차 - 기타,안전거리미확보,건조,맑음,단일로 - 기타,화물,남,51세,상해없음,승용,남,31세,경상
2014111000100251,2014년 11월 10일 12시,월요일,전라남도 해남군 해남읍,경상사고,0,0,1,0,차대차 - 기타,안전운전불이행,건조,맑음,단일로 - 기타,승용,여,36세,상해없음,원동기,남,80세,경상
2014111000100282,2014년 11월 10일 13시,월요일,전라남도 목포시 산정동,중상사고,0,1,0,0,차대사람 - 기타,안전운전불이행,건조,맑음,기타 - 기타,승용,여,58세,상해없음,보행자,남,28세,중상
2014111000100283,2014년 11월 10일 13시,월요일,전라남도 보성군 득량면,중상사고,0,1,0,0,차대차 - 추돌 - 진행중,안전운전불이행,건조,맑음,단일로 - 기타,화물,남,81세,상해없음,농기계,남,80세,상해없음
2014111000100310,2014년 11월 10일 14시,월요일,전라남도 순천시 왕지동,경상사고,0,0,1,0,차대차 - 기타,신호위반,건조,맑음,교차로 - 교차로안,승용,여,56세,상해없음,이륜,남,27세,경상
2014111000100311,2014년 11월 10일 14시,월요일,전라남도 보성군 보성읍,중상사고,0,1,0,0,차대사람 - 기타,안전운전불이행,건조,맑음,단일로 - 기타,농기계,남,80세,상해없음,보행자,여,69세,중상
2014111000100312,2014년 11월 10일 14시,월요일,전라남도 담양군 대덕면,경상사고,0,0,1,0,차량단독 - 전도전복,안전운전불이행,습기,맑음,단일로 - 기타,승합,남,45세,경상,,,,
2014111000100313,2014년 11월 10일 14시,월요일,전라남도 담양군 대덕면,경상사고,0,0,1,0,차량단독 - 전도전복,안전운전불이행,습기,맑음,단일로 - 기타,승용,남,31세,경상,,,,
2014111000100314,2014년 11월 10일 14시,월요일,전라남도 담양군 대덕면,경상사고,0,0,1,0,차량단독 - 전도전복,안전운전불이행,습기,맑음,단일로 - 기타,승합,남,49세,경상,,,,
2014111000100351,2014년 11월 10일 15시,월요일,전라남도 순천시 조례동,경상사고,0,0,1,0,차대사람 - 기타,안전운전불이행,건조,맑음,기타 - 기타,승합,남,42세,상해없음,보행자,남,52세,경상
2014111000100352,2014년 11월 10일 15시,월요일,전라남도 영암군 삼호읍,중상사고,0,2,1,0,차대차 - 추돌 - 주정차중,안전운전불이행,건조,맑음,교차로 - 교차로부근,승용,남,34세,상해없음,승용,남,49세,중상
2014111000100353,2014년 11월 10일 15시,월요일,전라남도 영암군 금정면,사망사고,1,0,0,0,차대차 - 측면직각충돌,중앙선침범,건조,맑음,교차로 - 교차로부근,이륜,남,77세,사망,화물,남,59세,상해없음
2014111000100354,2014년 11월 10일 15시,월요일,전라남도 장성군 진원면,경상사고,0,0,1,0,차대차 - 측면직각충돌,안전운전불이행,건조,맑음,교차로 - 교차로안,화물,남,61세,상해없음,화물,남,51세,경상
2014111000100394,2014년 11월 10일 16시,월요일,전라남도 신안군 지도읍,경상사고,0,0,3,0,차대차 - 기타,직진우회전진행방해,건조,맑음,교차로 - 교차로부근,승용,남,56세,경상,승용,여,29세,상해없음
2014111000100439,2014년 11월 10일 17시,월요일,전라남도 담양군 담양읍,경상사고,0,0,1,0,차대차 - 기타,안전운전불이행,건조,맑음,단일로 - 기타,승용,남,38세,상해없음,자전거,남,57세,경상
2014111000100500,2014년 11월 10일 18시,월요일,전라남도 목포시 상동,경상사고,0,0,1,0,차대차 - 측면직각충돌,신호위반,건조,맑음,교차로 - 교차로안,이륜,남,19세,경상,승용,남,57세,상해없음
2014111000100501,2014년 11월 10일 18시,월요일,전라남도 순천시 서면,중상사고,0,1,4,0,차대차 - 기타,중앙선침범,건조,맑음,단일로 - 기타,승합,남,54세,상해없음,화물,남,64세,중상
2014111000100502,2014년 11월 10일 18시,월요일,전라남도 순천시 가곡동,중상사고,0,1,8,1,차대차 - 기타,안전거리미확보,건조,맑음,교차로 - 교차로부근,승용,남,68세,상해없음,승합,남,54세,상해없음
2014111000100503,2014년 11월 10일 18시,월요일,전라남도 나주시 다시면,경상사고,0,0,5,0,차대차 - 기타,직진우회전진행방해,건조,맑음,교차로 - 교차로안,화물,남,55세,경상,승합,남,60세,경상
2014111000100615,2014년 11월 10일 21시,월요일,전라남도 여수시 선원동,경상사고,0,0,2,0,차대차 - 추돌 - 진행중,안전운전불이행,건조,맑음,단일로 - 기타,승용,남,39세,상해없음,승용,여,42세,경상
2014111000100616,2014년 11월 10일 21시,월요일,전라남도 광양시 황금동,경상사고,0,0,1,0,차대차 - 추돌 - 주정차중,안전운전불이행,건조,맑음,교차로 - 교차로부근,승용,남,31세,상해없음,승용,여,46세,경상
2014111100100051,2014년 11월 11일 04시,화요일,전라남도 여수시 웅천동,경상사고,0,0,1,0,차대차 - 기타,중앙선침범,건조,맑음,단일로 - 기타,승용,남,26세,상해없음,승용,여,62세,경상
2014111100100061,2014년 11월 11일 05시,화요일,전라남도 여수시 관문동,사망사고,1,0,0,0,차대차 - 기타,신호위반,건조,맑음,교차로 - 교차로안,이륜,남,63세,사망,화물,여,44세,상해없음
2014111100100062,2014년 11월 11일 05시,화요일,전라남도 해남군 옥천면,중상사고,0,1,0,1,차대차 - 기타,안전운전불이행,기타,안개,단일로 - 기타,화물,남,60세,부상신고,화물,남,65세,중상
2014111100100076,2014년 11월 11일 06시,화요일,전라남도 나주시 금천면,경상사고,0,0,3,0,차대차 - 측면직각충돌,신호위반,건조,맑음,교차로 - 교차로안,승용,남,33세,경상,승합,남,68세,경상
2014111100100096,2014년 11월 11일 07시,화요일,전라남도 여수시 충무동,경상사고,0,0,1,0,차대차 - 추돌 - 주정차중,안전운전불이행,건조,맑음,단일로 - 기타,승용,여,42세,상해없음,승용,남,58세,경상
2014111100100097,2014년 11월 11일 07시,화요일,전라남도 영암군 삼호읍,경상사고,0,0,1,0,차대차 - 추돌 - 진행중,안전거리미확보,건조,맑음,단일로 - 기타,승용,남,43세,상해없음,원동기,남,19세,경상
2014111100100098,2014년 11월 11일 07시,화요일,전라남도 영암군 영암읍,경상사고,0,0,1,0,차대차 - 측면직각충돌,신호위반,건조,맑음,교차로 - 교차로안,승용,남,28세,경상,건설기계,남,43세,상해없음
2014111100100139,2014년 11월 11일 08시,화요일,전라남도 순천시 동외동,중상사고,0,1,1,0,차대차 - 기타,신호위반,건조,맑음,교차로 - 교차로안,화물,남,58세,상해없음,승용,남,58세,경상
2014111100100185,2014년 11월 11일 09시,화요일,전라남도 나주시 남평읍,경상사고,0,0,1,0,차대차 - 정면충돌,중앙선침범,건조,맑음,단일로 - 기타,승용,남,68세,경상,건설기계,남,50세,상해없음
2014111100100236,2014년 11월 11일 11시,화요일,전라남도 나주시 금천면,경상사고,0,0,2,0,차대차 - 추돌 - 진행중,안전거리미확보,건조,맑음,교차로 - 교차로부근,화물,남,44세,경상,화물,남,67세,경상
2014111100100261,2014년 11월 11일 12시,화요일,전라남도 순천시 주암면,경상사고,0,0,1,0,차대차 - 정면충돌,중앙선침범,건조,맑음,단일로 - 기타,승용,여,45세,상해없음,승용,남,49세,경상
2014111100100287,2014년 11월 11일 13시,화요일,전라남도 여수시 신기동,경상사고,0,0,1,0,차대사람 - 차도통행중,안전운전불이행,건조,맑음,기타 - 기타,승용,여,65세,상해없음,보행자,남,67세,경상
2014111100100288,2014년 11월 11일 13시,화요일,전라남도 여수시 학동,경상사고,0,0,1,0,차대사람 - 기타,안전운전불이행,건조,맑음,교차로 - 교차로부근,승용,남,57세,상해없음,보행자,여,43세,경상
2014111100100289,2014년 11월 11일 13시,화요일,전라남도 영암군 시종면,중상사고,0,1,0,0,차대차 - 측면직각충돌,안전운전불이행,건조,맑음,단일로 - 기타,승용,남,52세,상해없음,원동기,남,77세,중상
2014111100100339,2014년 11월 11일 15시,화요일,전라남도 고흥군 동강면,사망사고,1,0,0,0,차량단독 - 기타,안전운전불이행,건조,맑음,단일로 - 기타,이륜,남,72세,사망,,,,
2014111100100412,2014년 11월 11일 17시,화요일,전라남도 나주시 이창동,경상사고,0,0,1,0,차대사람 - 길가장자리구역통행중,안전운전불이행,건조,맑음,단일로 - 기타,화물,남,64세,상해없음,보행자,여,15세,경상
2014111100100413,2014년 11월 11일 17시,화요일,전라남도 해남군 해남읍,중상사고,0,1,0,0,차대사람 - 기타,안전운전불이행,기타,기타,단일로 - 기타,이륜,남,41세,상해없음,보행자,여,88세,중상
2014111100100464,2014년 11월 11일 18시,화요일,전라남도 목포시 용당동,경상사고,0,0,1,0,차대사람 - 기타,안전운전불이행,건조,맑음,단일로 - 기타,승용,남,34세,상해없음,보행자,남,7세,경상
2014111100100465,2014년 11월 11일 18시,화요일,전라남도 보성군 벌교읍,경상사고,0,0,1,0,차대사람 - 기타,안전운전불이행,건조,맑음,단일로 - 기타,승용,남,48세,상해없음,보행자,여,69세,경상
2014111100100467,2014년 11월 11일 18시,화요일,전라남도 나주시 노안면,경상사고,0,0,3,0,차대차 - 추돌 - 진행중,안전운전불이행,건조,맑음,단일로 - 기타,승합,남,41세,상해없음,승용,남,33세,경상
2014111100100514,2014년 11월 11일 19시,화요일,전라남도 화순군 화순읍,중상사고,0,1,0,0,차대차 - 측면직각충돌,중앙선침범,건조,맑음,단일로 - 기타,승용,남,27세,상해없음,원동기,남,17세,중상
2014111100100515,2014년 11월 11일 19시,화요일,전라남도 나주시 노안면,사망사고,1,0,4,0,차대차 - 추돌 - 주정차중,안전운전불이행,건조,맑음,단일로 - 기타,화물,남,36세,사망,화물,남,37세,경상
2014111100100555,2014년 11월 11일 20시,화요일,전라남도 목포시 용해동,경상사고,0,0,1,0,차대차 - 추돌 - 주정차중,안전운전불이행,건조,맑음,단일로 - 기타,승용,남,63세,상해없음,승용,남,33세,경상
2014111100100556,2014년 11월 11일 20시,화요일,전라남도 여수시 화장동,경상사고,0,0,3,0,차대차 - 측면직각충돌,안전운전불이행,건조,맑음,교차로 - 교차로안,승용,남,52세,경상,승합,남,40세,경상
2014111100100557,2014년 11월 11일 20시,화요일,전라남도 여수시 연등동,경상사고,0,0,1,0,차대차 - 측면직각충돌,안전운전불이행,건조,맑음,단일로 - 기타,승용,남,55세,상해없음,화물,남,24세,경상
2014111200100020,2014년 11월 12일 00시,수요일,전라남도 목포시 산정동,경상사고,0,0,1,0,차대차 - 기타,안전운전불이행,건조,맑음,단일로 - 기타,승용,남,53세,상해없음,승용,남,25세,경상
2014111200100021,2014년 11월 12일 00시,수요일,전라남도 목포시 석현동,경상사고,0,0,1,0,차대차 - 기타,안전운전불이행,건조,맑음,단일로 - 기타,승용,여,55세,상해없음,승용,남,33세,경상
2014111200100074,2014년 11월 12일 03시,수요일,전라남도 순천시 덕암동,중상사고,0,1,0,0,차대사람 - 기타,안전운전불이행,건조,맑음,단일로 - 기타,승용,남,46세,상해없음,보행자,여,37세,중상
2014111200100075,2014년 11월 12일 03시,수요일,전라남도 영암군 미암면,부상신고사고,0,0,0,1,차대사람 - 기타,안전운전불이행,습기,흐림,단일로 - 기타,승용,남,29세,상해없음,보행자,남,29세,부상신고
2014111200100107,2014년 11월 12일 06시,수요일,전라남도 목포시 상동,경상사고,0,0,1,0,차대차 - 추돌 - 진행중,안전운전불이행,건조,맑음,교차로 - 교차로안,승용,남,43세,경상,승합,남,55세,상해없음
2014111200100132,2014년 11월 12일 07시,수요일,전라남도 순천시 매곡동,사망사고,1,0,0,0,차대사람 - 횡단중,보행자보호의무위반,건조,맑음,단일로 - 횡단보도상,승용,남,45세,상해없음,보행자,여,92세,사망
2014111200100133,2014년 11월 12일 07시,수요일,전라남도 나주시 동수동,경상사고,0,0,1,0,차량단독 - 공작물충돌,안전운전불이행,습기,비,단일로 - 기타,승용,남,40세,경상,,,,
2014111200100277,2014년 11월 12일 11시,수요일,전라남도 목포시 산정동,경상사고,0,0,2,0,차대차 - 기타,안전운전불이행,건조,맑음,교차로 - 교차로부근,화물,남,53세,기타불명,승용,남,56세,경상
2014111200100311,2014년 11월 12일 12시,수요일,전라남도 순천시 해룡면,중상사고,0,1,1,0,차대차 - 측면직각충돌,교차로운행방법위반,건조,맑음,교차로 - 교차로안,화물,남,54세,중상,특수,남,28세,경상
2014111200100367,2014년 11월 12일 14시,수요일,전라남도 무안군 일로읍,중상사고,0,1,0,0,차대차 - 측면직각충돌,직진우회전진행방해,건조,맑음,교차로 - 교차로안,이륜,남,76세,중상,화물,남,58세,상해없음
2014111200100404,2014년 11월 12일 15시,수요일,전라남도 순천시 남정동,중상사고,0,1,0,0,차대사람 - 기타,안전운전불이행,건조,맑음,단일로 - 기타,승용,여,58세,상해없음,보행자,여,8세,중상
2014111200100443,2014년 11월 12일 16시,수요일,전라남도 목포시 산정동,경상사고,0,0,1,0,차대사람 - 기타,기타,건조,맑음,단일로 - 기타,화물,남,34세,상해없음,보행자,여,65세,경상
2014111200100444,2014년 11월 12일 16시,수요일,전라남도 해남군 산이면,중상사고,0,1,0,0,차대차 - 추돌 - 진행중,안전운전불이행,건조,맑음,단일로 - 기타,승용,여,42세,상해없음,원동기,남,54세,중상
2014111200100483,2014년 11월 12일 17시,수요일,전라남도 목포시 산정동,경상사고,0,0,1,0,차대차 - 측면직각충돌,신호위반,건조,맑음,교차로 - 교차로안,화물,여,45세,상해없음,승용,남,51세,경상
2014111200100484,2014년 11월 12일 17시,수요일,전라남도 고흥군 대서면,경상사고,0,0,1,0,차량단독 - 전도전복,안전운전불이행,건조,맑음,단일로 - 기타,이륜,여,69세,경상,,,,
2014111200100485,2014년 11월 12일 17시,수요일,전라남도 해남군 해남읍,중상사고,0,1,0,0,차대차 - 측면직각충돌,교차로운행방법위반,건조,맑음,교차로 - 교차로안,승용,여,44세,상해없음,이륜,남,47세,중상
2014111200100535,2014년 11월 12일 18시,수요일,전라남도 목포시 석현동,경상사고,0,0,2,0,차대차 - 추돌 - 주정차중,안전운전불이행,건조,맑음,교차로 - 교차로부근,승용,여,43세,상해없음,승용,여,51세,경상
2014111200100536,2014년 11월 12일 18시,수요일,전라남도 여수시 웅천동,중상사고,0,1,2,0,차대차 - 측면직각충돌,안전운전불이행,건조,맑음,교차로 - 교차로안,승용,여,27세,상해없음,승용,남,54세,중상
2014111200100537,2014년 11월 12일 18시,수요일,전라남도 순천시 조곡동,중상사고,0,1,0,0,차대사람 - 기타,신호위반,건조,맑음,단일로 - 횡단보도상,승용,남,75세,상해없음,보행자,여,25세,중상
2014111200100538,2014년 11월 12일 18시,수요일,전라남도 고흥군 도양읍,경상사고,0,0,2,0,차대차 - 측면직각충돌,신호위반,건조,맑음,교차로 - 교차로안,화물,남,54세,상해없음,화물,남,54세,경상
2014111200100539,2014년 11월 12일 18시,수요일,전라남도 고흥군 포두면,중상사고,0,1,0,0,차대차 - 추돌 - 진행중,안전거리미확보,건조,맑음,단일로 - 기타,화물,남,56세,상해없음,화물,남,67세,중상
2014111200100540,2014년 11월 12일 18시,수요일,전라남도 영광군 홍농읍,중상사고,0,1,0,0,차대사람 - 횡단중,안전운전불이행,습기,맑음,단일로 - 기타,승용,여,50세,상해없음,보행자,여,66세,중상
2014111200100541,2014년 11월 12일 18시,수요일,전라남도 담양군 창평면,중상사고,0,1,1,0,차대차 - 기타,중앙선침범,습기,비,단일로 - 기타,승용,남,61세,상해없음,화물,남,63세,중상
2014111200100607,2014년 11월 12일 19시,수요일,전라남도 목포시 산정동,경상사고,0,0,3,0,차대차 - 기타,안전운전불이행,습기,흐림,단일로 - 기타,승용,남,58세,상해없음,승용,남,35세,경상
2014111200100608,2014년 11월 12일 19시,수요일,전라남도 여수시 학동,중상사고,0,1,0,0,차대차 - 측면직각충돌,안전운전불이행,건조,맑음,단일로 - 기타,승용,남,31세,상해없음,이륜,남,34세,중상
2014111200100654,2014년 11월 12일 20시,수요일,전라남도 무안군 무안읍,경상사고,0,0,2,0,차대차 - 기타,안전운전불이행,습기,비,교차로 - 교차로부근,화물,남,37세,상해없음,화물,남,19세,경상
2014111200100655,2014년 11월 12일 20시,수요일,전라남도 진도군 지산면,중상사고,0,1,0,0,차대사람 - 차도통행중,안전운전불이행,습기,비,단일로 - 기타,승용,남,49세,상해없음,보행자,남,71세,중상
2014111200100726,2014년 11월 12일 22시,수요일,전라남도 광양시 광양읍,경상사고,0,0,1,0,차대차 - 추돌 - 진행중,안전거리미확보,건조,맑음,단일로 - 기타,승용,여,57세,경상,승용,남,48세,상해없음
2014111300100021,2014년 11월 13일 01시,목요일,전라남도 여수시 문수동,경상사고,0,0,1,0,차대사람 - 횡단중,안전운전불이행,건조,맑음,단일로 - 기타,승용,남,63세,상해없음,보행자,남,40세,경상
2014111300100059,2014년 11월 13일 05시,목요일,전라남도 여수시 교동,경상사고,0,0,1,0,차량단독 - 공작물충돌,안전운전불이행,건조,맑음,교차로 - 교차로안,이륜,남,16세,상해없음,,,,
2014111300100087,2014년 11월 13일 07시,목요일,전라남도 목포시 상동,경상사고,0,0,1,0,차대사람 - 기타,안전운전불이행,건조,맑음,단일로 - 기타,화물,남,41세,상해없음,보행자,여,30세,경상
2014111300100088,2014년 11월 13일 07시,목요일,전라남도 순천시 조곡동,경상사고,0,0,1,0,차대차 - 추돌 - 주정차중,안전운전불이행,건조,맑음,교차로 - 교차로안,승용,여,56세,상해없음,승용,남,37세,경상
2014111300100089,2014년 11월 13일 07시,목요일,전라남도 담양군 대전면,경상사고,0,0,1,1,차대차 - 기타,안전운전불이행,건조,흐림,교차로 - 교차로부근,승용,여,41세,부상신고,승용,남,60세,경상
2014111300100090,2014년 11월 13일 07시,목요일,전라남도 광양시 광양읍,경상사고,0,0,2,0,차대차 - 측면직각충돌,신호위반,건조,맑음,교차로 - 교차로안,승용,남,26세,상해없음,승용,남,35세,경상
2014111300100125,2014년 11월 13일 08시,목요일,전라남도 여수시 오림동,중상사고,0,1,0,0,차대차 - 추돌 - 진행중,안전운전불이행,건조,맑음,단일로 - 기타,화물,남,49세,상해없음,원동기,남,41세,중상
2014111300100126,2014년 11월 13일 08시,목요일,전라남도 순천시 연향동,중상사고,0,1,0,0,차대차 - 기타,안전운전불이행,건조,맑음,단일로 - 기타,자전거,남,52세,중상,승용,남,55세,상해없음
2014111300100127,2014년 11월 13일 08시,목요일,전라남도 나주시 왕곡면,경상사고,0,0,2,0,차대차 - 측면직각충돌,안전거리미확보,건조,맑음,단일로 - 기타,화물,남,69세,상해없음,화물,남,34세,경상
2014111300100128,2014년 11월 13일 08시,목요일,전라남도 함평군 해보면,중상사고,0,3,2,0,차대차 - 측면직각충돌,직진우회전진행방해,건조,흐림,교차로 - 교차로안,화물,남,56세,상해없음,승용,남,62세,경상
2014111300100165,2014년 11월 13일 09시,목요일,전라남도 영암군 금정면,중상사고,0,1,0,0,차대차 - 기타,직진우회전진행방해,건조,맑음,교차로 - 교차로안,승용,남,23세,기타불명,이륜,남,77세,중상
2014111300100201,2014년 11월 13일 10시,목요일,전라남도 순천시 조례동,경상사고,0,0,1,0,차대사람 - 기타,보행자보호의무위반,건조,맑음,교차로 - 교차로부근,승용,여,43세,상해없음,보행자,여,19세,경상
2014111300100237,2014년 11월 13일 11시,목요일,전라남도 나주시 다도면,경상사고,0,0,2,0,차대차 - 정면충돌,중앙선침범,건조,맑음,단일로 - 기타,승용,여,40세,상해없음,승용,여,57세,경상
2014111300100238,2014년 11월 13일 11시,목요일,전라남도 함평군 손불면,경상사고,0,0,1,0,차대차 - 추돌 - 주정차중,안전운전불이행,건조,맑음,단일로 - 기타,이륜,남,55세,상해없음,화물,남,73세,상해없음
2014111300100273,2014년 11월 13일 12시,목요일,전라남도 영암군 신북면,중상사고,0,2,2,0,차대차 - 기타,안전운전불이행,건조,맑음,교차로 - 교차로안,승용,남,66세,경상,승용,남,27세,경상
2014111300100274,2014년 11월 13일 12시,목요일,전라남도 무안군 무안읍,중상사고,0,1,0,0,차대사람 - 길가장자리구역통행중,안전운전불이행,건조,맑음,단일로 - 기타,화물,남,46세,상해없음,보행자,여,55세,중상
2014111300100339,2014년 11월 13일 14시,목요일,전라남도 완도군 완도읍,경상사고,0,0,1,0,차대차 - 측면직각충돌,안전운전불이행,건조,맑음,교차로 - 교차로안,승용,남,51세,기타불명,승용,여,40세,경상
2014111300100366,2014년 11월 13일 15시,목요일,전라남도 여수시 신기동,경상사고,0,0,1,0,차대차 - 추돌 - 진행중,안전운전불이행,건조,맑음,단일로 - 기타,승용,남,54세,경상,승합,남,58세,상해없음
2014111300100367,2014년 11월 13일 15시,목요일,전라남도 해남군 해남읍,중상사고,0,1,0,0,차대차 - 기타,안전운전불이행,건조,맑음,교차로 - 교차로안,승용,남,38세,상해없음,원동기,남,47세,중상
2014111300100368,2014년 11월 13일 15시,목요일,전라남도 장성군 장성읍,중상사고,0,1,0,0,차대차 - 측면직각충돌,안전운전불이행,건조,맑음,단일로 - 기타,화물,남,50세,상해없음,승용,남,28세,중상
2014111300100369,2014년 11월 13일 15시,목요일,전라남도 무안군 삼향읍,경상사고,0,0,1,0,차량단독 - 도로외이탈 - 추락,안전운전불이행,건조,맑음,단일로 - 기타,이륜,남,54세,경상,,,,
2014111300100407,2014년 11월 13일 16시,목요일,전라남도 함평군 손불면,경상사고,0,0,2,0,차대차 - 추돌 - 주정차중,안전거리미확보,건조,맑음,단일로 - 기타,승용,남,66세,상해없음,승합,남,46세,경상
2014111300100454,2014년 11월 13일 17시,목요일,전라남도 목포시 상동,경상사고,0,0,1,0,차대차 - 추돌 - 주정차중,안전운전불이행,건조,맑음,교차로 - 교차로부근,승용,여,36세,상해없음,승용,남,47세,경상
2014111300100455,2014년 11월 13일 17시,목요일,전라남도 순천시 조례동,경상사고,0,0,1,0,차대사람 - 길가장자리구역통행중,안전운전불이행,건조,맑음,단일로 - 기타,승용,여,40세,상해없음,보행자,남,16세,경상
2014111300100456,2014년 11월 13일 17시,목요일,전라남도 담양군 무정면,경상사고,0,0,1,0,차대차 - 기타,중앙선침범,습기,흐림,단일로 - 교량,승용,남,61세,상해없음,승용,남,66세,경상
2014111300100516,2014년 11월 13일 18시,목요일,전라남도 순천시 해룡면,경상사고,0,0,2,0,차대차 - 기타,신호위반,건조,맑음,교차로 - 교차로안,승용,여,44세,상해없음,승용,남,25세,경상
2014111300100517,2014년 11월 13일 18시,목요일,전라남도 영암군 영암읍,중상사고,0,1,0,0,차대차 - 기타,안전운전불이행,건조,맑음,단일로 - 기타,승용,남,24세,상해없음,자전거,남,12세,중상
2014111300100518,2014년 11월 13일 18시,목요일,전라남도 광양시 광양읍,경상사고,0,0,1,0,차대사람 - 기타,안전운전불이행,건조,맑음,단일로 - 기타,승합,남,41세,상해없음,보행자,여,62세,경상
2014111300100575,2014년 11월 13일 19시,목요일,전라남도 목포시 옥암동,경상사고,0,0,1,0,차대차 - 측면직각충돌,안전운전불이행,건조,맑음,교차로 - 교차로안,기타불명,기타불명,기타불명,기타불명,이륜,남,16세,경상
2014111300100576,2014년 11월 13일 19시,목요일,전라남도 여수시 소라면,중상사고,0,1,0,0,차대사람 - 기타,안전운전불이행,건조,맑음,단일로 - 기타,승용,남,59세,상해없음,보행자,여,1세,중상
2014111300100638,2014년 11월 13일 21시,목요일,전라남도 여수시 학동,경상사고,0,0,1,0,차대차 - 추돌 - 주정차중,안전운전불이행,건조,맑음,교차로 - 교차로부근,승용,남,37세,상해없음,승용,여,28세,경상
2014111300100692,2014년 11월 13일 23시,목요일,전라남도 목포시 연산동,경상사고,0,0,3,0,차대차 - 측면직각충돌,안전운전불이행,건조,맑음,교차로 - 교차로안,승용,여,53세,상해없음,승용,여,55세,경상
2014111400100051,2014년 11월 14일 02시,금요일,전라남도 함평군 함평읍,경상사고,0,0,1,0,차대차 - 추돌 - 주정차중,안전운전불이행,건조,맑음,교차로 - 교차로안,화물,남,18세,경상,화물,남,50세,기타불명
2014111400100115,2014년 11월 14일 06시,금요일,전라남도 해남군 북평면,중상사고,0,1,1,0,차량단독 - 도로외이탈 - 기타,안전운전불이행,습기,맑음,단일로 - 기타,승용,남,67세,경상,,,,
2014111400100138,2014년 11월 14일 07시,금요일,전라남도 순천시 승주읍,중상사고,0,1,1,0,차대차 - 기타,중앙선침범,건조,맑음,단일로 - 기타,승합,남,65세,상해없음,화물,남,43세,경상
2014111400100139,2014년 11월 14일 07시,금요일,전라남도 영암군 삼호읍,경상사고,0,0,2,0,차대차 - 기타,안전운전불이행,습기,비,교차로 - 교차로안,승용,여,50세,상해없음,원동기,남,27세,경상
2014111400100174,2014년 11월 14일 08시,금요일,전라남도 광양시 중동,중상사고,0,1,1,0,차대차 - 기타,직진우회전진행방해,건조,맑음,교차로 - 교차로부근,승용,남,60세,상해없음,이륜,남,68세,중상
2014111400100245,2014년 11월 14일 10시,금요일,전라남도 여수시 돌산읍,경상사고,0,0,1,0,차대차 - 정면충돌,중앙선침범,건조,맑음,단일로 - 기타,승용,남,62세,상해없음,승용,여,42세,경상
2014111400100246,2014년 11월 14일 10시,금요일,전라남도 나주시 중앙동,사망사고,1,0,0,0,차대차 - 측면직각충돌,직진우회전진행방해,건조,맑음,교차로 - 교차로안,이륜,남,84세,사망,화물,남,70세,상해없음
2014111400100247,2014년 11월 14일 10시,금요일,전라남도 영광군 군남면,경상사고,0,0,2,0,차대차 - 기타,중앙선침범,습기,비,단일로 - 기타,승용,남,73세,상해없음,승용,남,51세,경상
2014111400100272,2014년 11월 14일 11시,금요일,전라남도 보성군 벌교읍,중상사고,0,1,0,0,차대차 - 추돌 - 주정차중,안전운전불이행,건조,맑음,단일로 - 횡단보도부근,화물,남,73세,상해없음,화물,남,54세,중상
2014111400100295,2014년 11월 14일 12시,금요일,전라남도 영광군 불갑면,경상사고,0,0,2,0,차대차 - 측면직각충돌,안전운전불이행,건조,맑음,단일로 - 기타,승용,여,53세,상해없음,승용,남,41세,경상
2014111400100327,2014년 11월 14일 13시,금요일,전라남도 해남군 황산면,중상사고,0,1,0,0,차대사람 - 기타,안전운전불이행,건조,맑음,단일로 - 기타,화물,남,39세,상해없음,보행자,남,92세,중상
2014111400100370,2014년 11월 14일 14시,금요일,전라남도 순천시 풍덕동,중상사고,0,1,0,0,차대사람 - 횡단중,과속,건조,맑음,단일로 - 교량,승용,여,53세,상해없음,보행자,여,62세,중상
2014111400100371,2014년 11월 14일 14시,금요일,전라남도 완도군 완도읍,중상사고,0,1,0,0,차대차 - 측면직각충돌,안전운전불이행,건조,맑음,단일로 - 기타,이륜,남,27세,중상,승용,여,35세,상해없음
2014111400100372,2014년 11월 14일 14시,금요일,전라남도 광양시 광영동,경상사고,0,0,1,0,차대차 - 측면직각충돌,교차로운행방법위반,건조,맑음,교차로 - 교차로안,승용,여,48세,경상,승용,여,61세,상해없음