사고번호,사고일시,요일,시군구,사고내용,사망자수,중상자수,경상자수,부상신고자수,사고유형,법규위반,노면상태,기상상태,도로형태,가해운전자 차종,가해운전자 성별,가해운전자 연령,가해운전자 상해정도,피해운전자 차종,피해운전자 성별,피해운전자 연령,피해운전자 상해정도
2014113000100015,2014년 11월 30일 00시,일요일,전라남도 영암군 삼호읍,경상사고,0,0,2,0,차대차 - 추돌 - 주정차중,안전운전불이행,습기,비,교차로 - 교차로부근,화물,남,54세,상해없음,승용,남,40세,경상
2014113000100034,2014년 11월 30일 01시,일요일,전라남도 여수시 둔덕동,중상사고,0,2,0,0,차량단독 - 공작물충돌,안전운전불이행,습기,흐림,기타 - 기타,원동기,남,21세,중상,,,,
2014113000100066,2014년 11월 30일 03시,일요일,전라남도 순천시 연향동,경상사고,0,0,1,0,차대사람 - 기타,안전운전불이행,습기,흐림,단일로 - 횡단보도부근,승용,남,27세,상해없음,보행자,남,38세,경상
2014113000100072,2014년 11월 30일 04시,일요일,전라남도 여수시 신기동,중상사고,0,1,0,0,차대차 - 측면직각충돌,신호위반,건조,맑음,교차로 - 교차로안,승용,여,43세,상해없음,승용,남,44세,상해없음
2014113000100073,2014년 11월 30일 04시,일요일,전라남도 순천시 조곡동,경상사고,0,0,1,0,차대차 - 측면직각충돌,안전운전불이행,습기,비,단일로 - 기타,승용,남,22세,상해없음,승용,남,40세,상해없음
2014113000100132,2014년 11월 30일 08시,일요일,전라남도 화순군 화순읍,경상사고,0,0,1,0,차대차 - 기타,기타,건조,맑음,단일로 - 기타,승용,여,58세,상해없음,승용,남,65세,경상
2014113000100153,2014년 11월 30일 09시,일요일,전라남도 여수시 오림동,중상사고,0,1,0,0,차대차 - 측면직각충돌,안전운전불이행,습기,흐림,교차로 - 교차로부근,승용,남,28세,상해없음,원동기,남,58세,중상
2014113000100154,2014년 11월 30일 09시,일요일,전라남도 완도군 고금면,중상사고,0,1,0,0,차대차 - 기타,기타,습기,비,교차로 - 교차로안,화물,남,57세,상해없음,원동기,남,64세,중상
2014113000100174,2014년 11월 30일 10시,일요일,전라남도 순천시 조곡동,중상사고,0,1,0,0,차대차 - 기타,안전거리미확보,습기,비,교차로 - 교차로안,자전거,남,84세,중상,승용,여,41세,상해없음
2014113000100175,2014년 11월 30일 10시,일요일,전라남도 영암군 삼호읍,경상사고,0,0,2,0,차대차 - 추돌 - 주정차중,안전운전불이행,습기,비,교차로 - 교차로부근,승합,여,47세,상해없음,승용,여,30세,경상
2014113000100223,2014년 11월 30일 12시,일요일,전라남도 목포시 산정동,경상사고,0,0,7,0,차대차 - 측면직각충돌,신호위반,습기,비,교차로 - 교차로안,화물,남,56세,경상,승용,남,43세,경상
2014113000100224,2014년 11월 30일 12시,일요일,전라남도 목포시 상동,경상사고,0,0,1,0,차대차 - 측면직각충돌,직진우회전진행방해,건조,흐림,교차로 - 교차로안,화물,남,35세,상해없음,승용,남,43세,경상
2014113000100225,2014년 11월 30일 12시,일요일,전라남도 여수시 돌산읍,경상사고,0,0,2,0,차대차 - 측면직각충돌,중앙선침범,건조,맑음,단일로 - 기타,화물,남,40세,상해없음,승합,남,42세,경상
2014113000100246,2014년 11월 30일 13시,일요일,전라남도 나주시 다시면,경상사고,0,0,1,0,차대차 - 추돌 - 진행중,안전운전불이행,습기,흐림,단일로 - 기타,승용,여,33세,경상,화물,남,63세,상해없음
2014113000100269,2014년 11월 30일 14시,일요일,전라남도 여수시 광무동,중상사고,0,1,0,0,차대차 - 추돌 - 진행중,안전운전불이행,습기,비,단일로 - 기타,승용,남,54세,상해없음,이륜,남,57세,중상
2014113000100270,2014년 11월 30일 14시,일요일,전라남도 해남군 북일면,중상사고,0,2,0,0,차대차 - 추돌 - 진행중,안전운전불이행,기타,비,단일로 - 기타,승합,남,51세,상해없음,화물,남,55세,중상
2014113000100271,2014년 11월 30일 14시,일요일,전라남도 강진군 성전면,경상사고,0,0,3,0,차량단독 - 전도전복,안전운전불이행,습기,흐림,단일로 - 기타,승용,여,45세,상해없음,,,,
2014113000100272,2014년 11월 30일 14시,일요일,전라남도 무안군 현경면,중상사고,0,2,0,0,차대차 - 측면직각충돌,안전운전불이행,습기,비,단일로 - 기타,화물,남,57세,상해없음,승용,남,46세,중상
2014113000100317,2014년 11월 30일 16시,일요일,전라남도 진도군 진도읍,경상사고,0,0,2,0,차대차 - 기타,차로위반,습기,눈,교차로 - 교차로안,화물,여,43세,상해없음,승용,남,23세,경상
2014113000100395,2014년 11월 30일 18시,일요일,전라남도 목포시 북교동,경상사고,0,0,1,0,차대차 - 정면충돌,중앙선침범,습기,비,교차로 - 교차로부근,승용,남,63세,상해없음,승용,남,50세,경상
2014113000100396,2014년 11월 30일 18시,일요일,전라남도 여수시 미평동,경상사고,0,0,1,0,차대차 - 추돌 - 진행중,안전운전불이행,습기,비,단일로 - 기타,승용,남,26세,상해없음,이륜,남,39세,경상
2014113000100449,2014년 11월 30일 19시,일요일,전라남도 무안군 청계면,중상사고,0,1,1,0,차량단독 - 공작물충돌,안전운전불이행,습기,비,교차로 - 교차로부근,승용,남,69세,상해없음,,,,
2014113000100560,2014년 11월 30일 23시,일요일,전라남도 목포시 옥암동,경상사고,0,0,2,0,차대차 - 측면직각충돌,안전운전불이행,습기,비,교차로 - 교차로부근,승용,남,20세,경상,승용,남,44세,경상
2014113000100561,2014년 11월 30일 23시,일요일,전라남도 순천시 해룡면,경상사고,0,0,3,0,차대차 - 추돌 - 주정차중,안전운전불이행,습기,비,단일로 - 기타,화물,남,45세,상해없음,승용,여,42세,경상
2014120100100016,2014년 12월 1일 01시,월요일,전라남도 담양군 고서면,사망사고,1,0,0,0,차대사람 - 기타,안전운전불이행,습기,비,단일로 - 교량,기타불명,기타불명,기타불명,기타불명,보행자,남,33세,사망
2014120100100042,2014년 12월 1일 04시,월요일,전라남도 영광군 영광읍,부상신고사고,0,0,0,1,차량단독 - 전도전복,안전운전불이행,건조,맑음,단일로 - 기타,승용,남,33세,부상신고,,,,
2014120100100106,2014년 12월 1일 08시,월요일,전라남도 순천시 가곡동,중상사고,0,1,0,0,차대차 - 기타,안전운전불이행,건조,맑음,교차로 - 교차로부근,승용,여,24세,상해없음,자전거,남,15세,중상
2014120100100107,2014년 12월 1일 08시,월요일,전라남도 순천시 덕암동,경상사고,0,0,1,0,차대차 - 기타,신호위반,건조,맑음,교차로 - 교차로안,승용,남,23세,상해없음,승용,남,59세,경상
2014120100100108,2014년 12월 1일 08시,월요일,전라남도 장성군 황룡면,경상사고,0,0,1,0,차대차 - 측면직각충돌,안전운전불이행,습기,비,교차로 - 교차로부근,승용,남,68세,상해없음,승용,남,42세,경상
2014120100100138,2014년 12월 1일 09시,월요일,전라남도 목포시 산정동,경상사고,0,0,1,0,차대차 - 측면직각충돌,직진우회전진행방해,건조,맑음,교차로 - 교차로안,자전거,남,68세,경상,화물,남,44세,상해없음
2014120100100139,2014년 12월 1일 09시,월요일,전라남도 순천시 조곡동,중상사고,0,1,0,0,차대사람 - 기타,안전운전불이행,건조,맑음,단일로 - 기타,승합,남,52세,상해없음,보행자,여,30세,중상
2014120100100174,2014년 12월 1일 10시,월요일,전라남도 해남군 삼산면,경상사고,0,0,4,0,차대차 - 추돌 - 진행중,안전운전불이행,건조,맑음,단일로 - 기타,화물,남,67세,상해없음,화물,남,64세,경상
2014120100100201,2014년 12월 1일 11시,월요일,전라남도 목포시 상동,중상사고,0,2,2,0,차대차 - 추돌 - 진행중,차로위반,건조,맑음,단일로 - 기타,화물,남,33세,경상,화물,남,58세,중상
2014120100100202,2014년 12월 1일 11시,월요일,전라남도 목포시 상동,경상사고,0,0,1,0,차대차 - 측면직각충돌,직진우회전진행방해,건조,맑음,교차로 - 교차로안,승용,남,52세,상해없음,승용,여,30세,경상
2014120100100203,2014년 12월 1일 11시,월요일,전라남도 순천시 덕월동,중상사고,0,1,0,0,차대차 - 추돌 - 주정차중,안전거리미확보,건조,맑음,교차로 - 교차로안,화물,남,75세,상해없음,승용,남,57세,상해없음
2014120100100204,2014년 12월 1일 11시,월요일,전라남도 영광군 염산면,경상사고,0,0,4,0,차대차 - 측면직각충돌,직진우회전진행방해,건조,맑음,교차로 - 교차로안,승용,여,37세,상해없음,승용,남,32세,경상
2014120100100234,2014년 12월 1일 12시,월요일,전라남도 장흥군 장흥읍,중상사고,0,1,0,0,차대사람 - 보도통행중,안전운전불이행,건조,맑음,교차로 - 교차로부근,화물,남,49세,상해없음,보행자,여,34세,중상
2014120100100235,2014년 12월 1일 12시,월요일,전라남도 함평군 학교면,경상사고,0,0,2,0,차대차 - 측면직각충돌,직진우회전진행방해,건조,흐림,교차로 - 교차로안,승용,남,69세,경상,승합,남,36세,상해없음
2014120100100270,2014년 12월 1일 13시,월요일,전라남도 나주시 남평읍,중상사고,0,1,1,0,차대차 - 측면직각충돌,직진우회전진행방해,습기,눈,교차로 - 교차로안,화물,남,45세,경상,승용,남,55세,중상
2014120100100271,2014년 12월 1일 13시,월요일,전라남도 장흥군 장흥읍,중상사고,0,1,0,0,차대사람 - 기타,안전운전불이행,습기,비,단일로 - 기타,화물,남,53세,상해없음,보행자,여,73세,중상
2014120100100272,2014년 12월 1일 13시,월요일,전라남도 영암군 삼호읍,중상사고,0,3,2,0,차대차 - 기타,직진우회전진행방해,건조,맑음,교차로 - 교차로안,화물,남,52세,경상,화물,남,34세,중상
2014120100100300,2014년 12월 1일 14시,월요일,전라남도 목포시 산정동,경상사고,0,0,1,0,차대차 - 추돌 - 진행중,교차로운행방법위반,건조,맑음,교차로 - 교차로부근,화물,남,52세,상해없음,화물,남,47세,경상
2014120100100336,2014년 12월 1일 15시,월요일,전라남도 순천시 석현동,중상사고,0,1,0,0,차대사람 - 횡단중,신호위반,건조,맑음,단일로 - 횡단보도상,승용,여,61세,상해없음,보행자,남,19세,중상
2014120100100337,2014년 12월 1일 15시,월요일,전라남도 해남군 화산면,경상사고,0,0,1,0,차대차 - 기타,안전운전불이행,건조,맑음,단일로 - 기타,건설기계,남,39세,상해없음,화물,남,56세,상해없음
2014120100100338,2014년 12월 1일 15시,월요일,전라남도 광양시 마동,경상사고,0,0,3,0,차대차 - 측면직각충돌,안전운전불이행,건조,맑음,교차로 - 교차로안,승용,여,34세,경상,승용,여,28세,경상
2014120100100417,2014년 12월 1일 17시,월요일,전라남도 목포시 상동,경상사고,0,0,1,0,차대차 - 측면직각충돌,직진우회전진행방해,건조,맑음,교차로 - 교차로안,승용,남,33세,상해없음,승용,여,33세,경상
2014120100100418,2014년 12월 1일 17시,월요일,전라남도 순천시 조례동,경상사고,0,0,3,0,차대차 - 기타,안전운전불이행,건조,맑음,교차로 - 교차로안,승용,여,60세,경상,승용,남,62세,경상
2014120100100419,2014년 12월 1일 17시,월요일,전라남도 보성군 조성면,사망사고,1,0,0,0,차대차 - 기타,안전운전불이행,습기,눈,단일로 - 기타,승용,남,36세,상해없음,승용,기타불명,기타불명,기타불명
2014120100100420,2014년 12월 1일 17시,월요일,전라남도 보성군 벌교읍,경상사고,0,0,1,0,차대사람 - 차도통행중,안전운전불이행,건조,맑음,단일로 - 기타,승용,여,42세,상해없음,보행자,남,15세,경상
2014120100100421,2014년 12월 1일 17시,월요일,전라남도 완도군 금일읍,경상사고,0,0,1,0,차대차 - 기타,안전운전불이행,건조,맑음,교차로 - 교차로부근,승용,남,41세,상해없음,자전거,여,34세,경상
2014120100100480,2014년 12월 1일 18시,월요일,전라남도 목포시 옥암동,경상사고,0,0,1,0,차대사람 - 차도통행중,안전운전불이행,건조,맑음,교차로 - 교차로부근,승용,여,31세,상해없음,보행자,여,31세,경상
2014120100100481,2014년 12월 1일 18시,월요일,전라남도 여수시 국동,경상사고,0,0,1,0,차대사람 - 기타,안전운전불이행,건조,맑음,교차로 - 교차로부근,승용,남,26세,상해없음,보행자,여,54세,경상
2014120100100482,2014년 12월 1일 18시,월요일,전라남도 순천시 해룡면,중상사고,0,1,0,0,차대차 - 측면직각충돌,교차로운행방법위반,건조,맑음,교차로 - 교차로안,승용,남,48세,상해없음,승용,남,37세,중상
2014120100100530,2014년 12월 1일 19시,월요일,전라남도 순천시 해룡면,경상사고,0,0,1,0,차대차 - 추돌 - 주정차중,기타,건조,맑음,교차로 - 교차로부근,승합,남,60세,상해없음,승용,여,26세,경상
2014120100100564,2014년 12월 1일 20시,월요일,전라남도 장성군 장성읍,경상사고,0,0,2,0,차대차 - 추돌 - 주정차중,안전운전불이행,습기,비,교차로 - 교차로부근,승용,여,36세,상해없음,승용,여,49세,경상
2014120100100623,2014년 12월 1일 22시,월요일,전라남도 순천시 중앙동,경상사고,0,0,1,0,차대사람 - 횡단중,보행자보호의무위반,건조,맑음,단일로 - 기타,승용,기타불명,기타불명,기타불명,보행자,여,23세,경상
2014120200100027,2014년 12월 2일 01시,화요일,전라남도 순천시 연향동,중상사고,0,1,1,0,차대차 - 기타,신호위반,건조,맑음,교차로 - 교차로안,승용,여,44세,중상,승합,남,62세,상해없음
2014120200100067,2014년 12월 2일 06시,화요일,전라남도 영광군 홍농읍,중상사고,0,5,1,0,차대차 - 기타,중앙선침범,결빙,눈,단일로 - 기타,승용,남,59세,상해없음,승용,남,24세,중상
2014120200100068,2014년 12월 2일 06시,화요일,전라남도 강진군 강진읍,경상사고,0,0,2,0,차대차 - 기타,안전운전불이행,결빙,눈,단일로 - 기타,화물,남,64세,경상,화물,남,27세,경상
2014120200100080,2014년 12월 2일 07시,화요일,전라남도 영암군 삼호읍,경상사고,0,0,3,0,차대차 - 기타,안전운전불이행,건조,맑음,단일로 - 기타,승용,남,28세,상해없음,승용,남,37세,경상
2014120200100120,2014년 12월 2일 08시,화요일,전라남도 나주시 빛가람동,경상사고,0,0,1,0,차대차 - 측면직각충돌,안전운전불이행,결빙,눈,단일로 - 기타,화물,남,52세,상해없음,승용,남,56세,상해없음
2014120200100121,2014년 12월 2일 08시,화요일,전라남도 영암군 신북면,경상사고,0,0,3,0,차대차 - 추돌 - 진행중,안전거리미확보,결빙,눈,단일로 - 기타,화물,남,29세,경상,화물,남,55세,경상
2014120200100122,2014년 12월 2일 08시,화요일,전라남도 광양시 성황동,경상사고,0,0,2,0,차대차 - 추돌 - 진행중,안전운전불이행,건조,맑음,단일로 - 기타,승용,남,48세,경상,건설기계,남,41세,경상
2014120200100144,2014년 12월 2일 09시,화요일,전라남도 목포시 죽교동,사망사고,1,0,0,0,차대사람 - 기타,안전운전불이행,습기,맑음,단일로 - 기타,화물,남,76세,상해없음,보행자,여,78세,사망
2014120200100145,2014년 12월 2일 09시,화요일,전라남도 담양군 담양읍,경상사고,0,0,1,0,차대차 - 기타,중앙선침범,건조,맑음,교차로 - 교차로부근,승합,남,63세,상해없음,승용,남,41세,경상
2014120200100173,2014년 12월 2일 10시,화요일,전라남도 목포시 산정동,경상사고,0,0,2,0,차대차 - 측면직각충돌,차로위반,건조,맑음,단일로 - 기타,이륜,남,66세,경상,승용,남,57세,경상
2014120200100219,2014년 12월 2일 12시,화요일,전라남도 화순군 춘양면,중상사고,0,1,0,0,차대사람 - 기타,안전운전불이행,건조,맑음,교차로 - 교차로부근,화물,남,43세,상해없음,보행자,여,84세,중상
2014120200100220,2014년 12월 2일 12시,화요일,전라남도 구례군 구례읍,중상사고,0,1,0,0,차대차 - 기타,안전운전불이행,건조,맑음,교차로 - 교차로안,승용,여,52세,상해없음,이륜,남,56세,중상
2014120200100246,2014년 12월 2일 13시,화요일,전라남도 여수시 학동,경상사고,0,0,1,0,차대사람 - 기타,안전운전불이행,건조,맑음,단일로 - 기타,승용,남,75세,상해없음,보행자,여,88세,경상
2014120200100247,2014년 12월 2일 13시,화요일,전라남도 여수시 월내동,경상사고,0,0,1,0,차대차 - 정면충돌,안전운전불이행,건조,맑음,교차로 - 교차로안,승합,남,42세,상해없음,승용,남,44세,경상
2014120200100248,2014년 12월 2일 13시,화요일,전라남도 담양군 담양읍,경상사고,0,0,2,0,차대차 - 기타,안전운전불이행,건조,맑음,단일로 - 교량,화물,남,72세,상해없음,화물,남,55세,경상
2014120200100279,2014년 12월 2일 14시,화요일,전라남도 무안군 해제면,경상사고,0,0,1,0,차대사람 - 기타,안전운전불이행,건조,맑음,교차로 - 교차로안,승용,남,57세,상해없음,보행자,여,72세,경상
2014120200100317,2014년 12월 2일 15시,화요일,전라남도 여수시 소라면,경상사고,0,0,1,0,차대사람 - 횡단중,신호위반,건조,맑음,교차로 - 교차로부근,화물,여,52세,상해없음,보행자,여,39세,경상
2014120200100355,2014년 12월 2일 16시,화요일,전라남도 광양시 광양읍,경상사고,0,0,2,0,차대차 - 측면직각충돌,신호위반,건조,맑음,교차로 - 교차로안,승용,남,34세,상해없음,승용,여,41세,경상
2014120200100384,2014년 12월 2일 17시,화요일,전라남도 보성군 보성읍,중상사고,0,1,0,0,차대사람 - 길가장자리구역통행중,안전운전불이행,건조,맑음,단일로 - 기타,화물,남,41세,상해없음,보행자,여,64세,중상
2014120200100385,2014년 12월 2일 17시,화요일,전라남도 무안군 삼향읍,경상사고,0,0,1,1,차대차 - 측면직각충돌,직진우회전진행방해,건조,맑음,교차로 - 교차로안,화물,남,29세,부상신고,승용,남,45세,경상
2014120200100428,2014년 12월 2일 18시,화요일,전라남도 순천시 연향동,경상사고,0,0,1,0,차대차 - 측면직각충돌,안전운전불이행,건조,맑음,기타 - 기타,승용,남,54세,상해없음,승용,남,44세,경상
2014120200100429,2014년 12월 2일 18시,화요일,전라남도 나주시 남외동,경상사고,0,0,3,0,차대차 - 추돌 - 진행중,안전운전불이행,결빙,맑음,교차로 - 교차로부근,승용,남,43세,상해없음,승용,남,46세,경상
2014120200100430,2014년 12월 2일 18시,화요일,전라남도 해남군 삼산면,중상사고,0,1,0,0,차량단독 - 기타,안전운전불이행,건조,흐림,단일로 - 기타,승용,남,52세,상해없음,,,,
2014120200100476,2014년 12월 2일 19시,화요일,전라남도 나주시 석현동,중상사고,0,1,0,0,차대차 - 기타,안전운전불이행,결빙,눈,단일로 - 교량,승용,남,55세,상해없음,화물,남,68세,중상
2014120200100477,2014년 12월 2일 19시,화요일,전라남도 해남군 해남읍,경상사고,0,0,1,0,차대사람 - 기타,안전운전불이행,건조,맑음,단일로 - 기타,승용,여,42세,상해없음,보행자,남,29세,경상
2014120200100478,2014년 12월 2일 19시,화요일,전라남도 나주시 노안면,중상사고,0,2,2,0,차대차 - 추돌 - 주정차중,안전운전불이행,결빙,흐림,단일로 - 기타,승합,남,40세,중상,승용,남,59세,경상
2014120200100479,2014년 12월 2일 19시,화요일,전라남도 나주시 노안면,경상사고,0,0,3,0,차대차 - 추돌 - 진행중,안전운전불이행,결빙,눈,단일로 - 교량,승용,남,27세,경상,승용,남,34세,경상
2014120200100480,2014년 12월 2일 19시,화요일,전라남도 나주시 노안면,중상사고,0,2,1,0,차대차 - 추돌 - 주정차중,안전운전불이행,결빙,눈,단일로 - 교량,기타불명,기타불명,기타불명,기타불명,승합,남,50세,중상
2014120200100481,2014년 12월 2일 19시,화요일,전라남도 나주시 노안면,경상사고,0,0,4,0,차대차 - 추돌 - 주정차중,안전운전불이행,결빙,눈,단일로 - 교량,승용,여,32세,경상,승용,남,34세,경상
2014120200100482,2014년 12월 2일 19시,화요일,전라남도 나주시 노안면,경상사고,0,0,3,0,차대차 - 추돌 - 진행중,안전운전불이행,결빙,눈,단일로 - 교량,기타불명,기타불명,기타불명,기타불명,승용,여,55세,경상
2014120200100483,2014년 12월 2일 19시,화요일,전라남도 나주시 노안면,중상사고,0,1,0,0,차대차 - 추돌 - 주정차중,안전운전불이행,결빙,눈,단일로 - 교량,기타불명,기타불명,기타불명,기타불명,승용,여,26세,중상
2014120200100484,2014년 12월 2일 19시,화요일,전라남도 나주시 노안면,경상사고,0,0,2,0,차대차 - 추돌 - 주정차중,안전운전불이행,결빙,눈,단일로 - 교량,기타불명,기타불명,기타불명,기타불명,화물,남,51세,경상
2014120200100485,2014년 12월 2일 19시,화요일,전라남도 나주시 노안면,중상사고,0,1,0,0,차대차 - 추돌 - 주정차중,안전운전불이행,결빙,눈,단일로 - 교량,기타불명,기타불명,기타불명,기타불명,승용,여,24세,중상
2014120200100517,2014년 12월 2일 20시,화요일,전라남도 광양시 중동,중상사고,0,1,0,0,차대차 - 추돌 - 진행중,안전운전불이행,건조,맑음,단일로 - 기타,승용,남,34세,중상,화물,남,45세,상해없음
2014120300100013,2014년 12월 3일 00시,수요일,전라남도 목포시 죽교동,경상사고,0,0,1,0,차량단독 - 전도전복,안전운전불이행,건조,맑음,단일로 - 기타,이륜,남,39세,경상,,,,
2014120300100067,2014년 12월 3일 02시,수요일,전라남도 순천시 연향동,경상사고,0,0,3,0,차대차 - 측면직각충돌,신호위반,건조,맑음,교차로 - 교차로안,승용,남,32세,상해없음,승용,남,27세,경상
2014120300100117,2014년 12월 3일 06시,수요일,전라남도 여수시 덕충동,중상사고,0,1,0,0,차대사람 - 횡단중,보행자보호의무위반,건조,맑음,교차로 - 교차로안,승합,남,55세,상해없음,보행자,남,48세,중상
2014120300100148,2014년 12월 3일 07시,수요일,전라남도 목포시 산정동,경상사고,0,0,1,0,차대차 - 측면직각충돌,안전운전불이행,건조,맑음,단일로 - 기타,승합,남,57세,상해없음,자전거,남,13세,경상
2014120300100149,2014년 12월 3일 07시,수요일,전라남도 목포시 북교동,경상사고,0,0,1,0,차대차 - 정면충돌,중앙선침범,습기,맑음,단일로 - 기타,승용,남,26세,상해없음,승용,남,48세,경상
2014120300100150,2014년 12월 3일 07시,수요일,전라남도 나주시 왕곡면,경상사고,0,0,2,0,차대차 - 추돌 - 주정차중,신호위반,결빙,맑음,교차로 - 교차로안,화물,남,50세,상해없음,승용,남,64세,경상
2014120300100185,2014년 12월 3일 08시,수요일,전라남도 순천시 풍덕동,경상사고,0,0,1,0,차대차 - 기타,차로위반,건조,맑음,교차로 - 교차로부근,승용,여,58세,경상,승용,남,32세,상해없음
2014120300100217,2014년 12월 3일 09시,수요일,전라남도 목포시 산정동,경상사고,0,0,4,0,차대차 - 기타,교차로운행방법위반,건조,맑음,교차로 - 교차로안,화물,남,49세,경상,승용,남,67세,경상
2014120300100274,2014년 12월 3일 12시,수요일,전라남도 목포시 옥암동,경상사고,0,0,1,0,차대차 - 기타,안전운전불이행,건조,맑음,단일로 - 기타,기타불명,기타불명,기타불명,기타불명,승용,여,30세,경상
2014120300100275,2014년 12월 3일 12시,수요일,전라남도 여수시 문수동,경상사고,0,0,1,0,차대사람 - 횡단중,안전운전불이행,건조,맑음,단일로 - 횡단보도상,승용,남,46세,상해없음,보행자,여,55세,경상
2014120300100276,2014년 12월 3일 12시,수요일,전라남도 무안군 현경면,사망사고,1,0,0,0,차량단독 - 전도전복,안전운전불이행,건조,맑음,단일로 - 기타,이륜,남,79세,사망,,,,
2014120300100277,2014년 12월 3일 12시,수요일,전라남도 광양시 중동,경상사고,0,0,1,0,차대차 - 기타,교차로운행방법위반,건조,맑음,교차로 - 교차로안,승용,남,45세,상해없음,승용,여,30세,경상
2014120300100327,2014년 12월 3일 14시,수요일,전라남도 목포시 옥암동,경상사고,0,0,1,0,차대차 - 기타,안전운전불이행,건조,맑음,단일로 - 기타,승용,남,70세,상해없음,승용,여,62세,경상
2014120300100328,2014년 12월 3일 14시,수요일,전라남도 목포시 상동,경상사고,0,0,3,0,차대차 - 기타,교차로운행방법위반,건조,맑음,교차로 - 교차로안,승용,남,39세,상해없음,승용,남,43세,경상
2014120300100353,2014년 12월 3일 15시,수요일,전라남도 여수시 서교동,중상사고,0,1,0,0,차대사람 - 횡단중,중앙선침범,건조,맑음,단일로 - 기타,승용,남,62세,상해없음,보행자,여,74세,중상
2014120300100406,2014년 12월 3일 17시,수요일,전라남도 순천시 덕월동,경상사고,0,0,1,0,차대차 - 기타,중앙선침범,건조,맑음,단일로 - 기타,승용,남,65세,상해없음,승용,여,43세,경상
2014120300100407,2014년 12월 3일 17시,수요일,전라남도 화순군 화순읍,중상사고,0,3,10,0,차대차 - 측면직각충돌,직진우회전진행방해,습기,비,교차로 - 교차로안,승합,남,51세,상해없음,승용,남,59세,중상
2014120300100464,2014년 12월 3일 18시,수요일,전라남도 여수시 학동,사망사고,1,0,0,0,차대사람 - 횡단중,안전운전불이행,건조,맑음,단일로 - 기타,승용,남,37세,상해없음,보행자,남,61세,사망
2014120300100465,2014년 12월 3일 18시,수요일,전라남도 강진군 강진읍,중상사고,0,1,0,0,차대차 - 기타,중앙선침범,건조,맑음,교차로 - 교차로안,원동기,남,78세,상해없음,원동기,남,57세,중상
2014120300100509,2014년 12월 3일 19시,수요일,전라남도 목포시 산정동,경상사고,0,0,5,0,차대차 - 기타,교차로운행방법위반,건조,맑음,교차로 - 교차로안,승용,여,47세,경상,승용,남,42세,경상
2014120300100510,2014년 12월 3일 19시,수요일,전라남도 목포시 죽교동,중상사고,0,1,0,0,차대차 - 기타,안전운전불이행,건조,맑음,기타 - 기타,화물,남,71세,중상,화물,남,63세,기타불명
2014120300100550,2014년 12월 3일 20시,수요일,전라남도 광양시 중동,경상사고,0,0,1,0,차대차 - 측면직각충돌,교차로운행방법위반,건조,맑음,단일로 - 기타,화물,남,58세,상해없음,승용,여,32세,경상
2014120300100587,2014년 12월 3일 21시,수요일,전라남도 순천시 주암면,경상사고,0,0,2,0,차대차 - 측면직각충돌,안전운전불이행,습기,비,교차로 - 교차로안,승용,여,58세,경상,승합,남,52세,상해없음
2014120300100620,2014년 12월 3일 22시,수요일,전라남도 목포시 상락동1가,부상신고사고,0,0,0,1,차대사람 - 기타,안전운전불이행,건조,맑음,단일로 - 기타,기타불명,기타불명,기타불명,기타불명,보행자,남,54세,부상신고
2014120300100621,2014년 12월 3일 22시,수요일,전라남도 광양시 중동,중상사고,0,1,1,0,차대사람 - 보도통행중,안전운전불이행,건조,맑음,기타 - 기타,원동기,남,30세,중상,보행자,남,49세,경상
2014120300100643,2014년 12월 3일 23시,수요일,전라남도 신안군 도초면,사망사고,1,2,0,0,차대차 - 기타,중앙선침범,건조,맑음,단일로 - 기타,승용,남,33세,상해없음,농기계,남,68세,사망
2014120400100020,2014년 12월 4일 00시,목요일,전라남도 여수시 미평동,중상사고,0,1,3,0,차대차 - 정면충돌,교차로운행방법위반,건조,맑음,교차로 - 교차로안,승용,남,55세,상해없음,승용,남,70세,경상
2014120400100052,2014년 12월 4일 02시,목요일,전라남도 나주시 다시면,경상사고,0,0,1,0,차량단독 - 전도전복,안전운전불이행,결빙,비,단일로 - 기타,승용,여,20세,경상,,,,
2014120400100053,2014년 12월 4일 02시,목요일,전라남도 광양시 중동,중상사고,0,1,0,0,차대차 - 기타,안전운전불이행,건조,맑음,단일로 - 기타,승용,남,49세,중상,화물,여,63세,기타불명
2014120400100098,2014년 12월 4일 06시,목요일,전라남도 여수시 웅천동,경상사고,0,0,1,0,차대차 - 측면직각충돌,안전운전불이행,건조,맑음,교차로 - 교차로안,승용,남,75세,상해없음,승합,남,60세,경상
2014120400100127,2014년 12월 4일 07시,목요일,전라남도 장성군 장성읍,경상사고,0,0,1,0,차대차 - 측면직각충돌,신호위반,습기,눈,교차로 - 교차로안,승용,남,35세,상해없음,승용,남,60세,경상
2014120400100128,2014년 12월 4일 07시,목요일,전라남도 광양시 광영동,중상사고,0,1,0,0,차대차 - 기타,교차로운행방법위반,건조,맑음,교차로 - 교차로안,화물,남,48세,상해없음,자전거,남,17세,중상
2014120400100170,2014년 12월 4일 08시,목요일,전라남도 영암군 삼호읍,경상사고,0,0,1,0,차대차 - 기타,안전운전불이행,건조,맑음,교차로 - 교차로안,승용,남,34세,상해없음,승용,여,33세,경상