사고번호,사고일시,요일,시군구,사고내용,사망자수,중상자수,경상자수,부상신고자수,사고유형,법규위반,노면상태,기상상태,도로형태,가해운전자 차종,가해운전자 성별,가해운전자 연령,가해운전자 상해정도,피해운전자 차종,피해운전자 성별,피해운전자 연령,피해운전자 상해정도
2014120400100230,2014년 12월 4일 10시,목요일,전라남도 무안군 삼향읍,경상사고,0,0,1,0,차대차 - 측면직각충돌,신호위반,건조,맑음,교차로 - 교차로안,승용,여,29세,상해없음,승용,남,61세,경상
2014120400100255,2014년 12월 4일 11시,목요일,전라남도 장성군 황룡면,경상사고,0,0,1,0,차대사람 - 기타,안전운전불이행,건조,맑음,단일로 - 기타,승용,남,73세,상해없음,보행자,남,58세,경상
2014120400100279,2014년 12월 4일 12시,목요일,전라남도 화순군 화순읍,중상사고,0,1,0,0,차대사람 - 기타,안전운전불이행,건조,맑음,교차로 - 교차로부근,승합,남,60세,상해없음,보행자,여,55세,중상
2014120400100306,2014년 12월 4일 13시,목요일,전라남도 해남군 북평면,경상사고,0,0,1,0,차대차 - 기타,신호위반,건조,흐림,교차로 - 교차로안,화물,남,51세,상해없음,승합,남,37세,경상
2014120400100307,2014년 12월 4일 13시,목요일,전라남도 강진군 칠량면,중상사고,0,1,0,0,차대사람 - 횡단중,안전운전불이행,건조,맑음,단일로 - 기타,승용,남,68세,상해없음,보행자,여,57세,중상
2014120400100308,2014년 12월 4일 13시,목요일,전라남도 무안군 무안읍,경상사고,0,0,1,0,차대사람 - 기타,안전운전불이행,습기,흐림,교차로 - 교차로부근,승합,남,50세,상해없음,보행자,남,57세,경상
2014120400100340,2014년 12월 4일 14시,목요일,전라남도 순천시 연향동,중상사고,0,1,0,0,차대차 - 측면직각충돌,신호위반,건조,흐림,교차로 - 교차로안,화물,남,54세,상해없음,승용,여,51세,중상
2014120400100365,2014년 12월 4일 15시,목요일,전라남도 여수시 중앙동,경상사고,0,0,1,0,차대사람 - 기타,안전운전불이행,건조,맑음,단일로 - 기타,승용,남,64세,상해없음,보행자,여,53세,경상
2014120400100366,2014년 12월 4일 15시,목요일,전라남도 영광군 영광읍,경상사고,0,0,1,0,차대사람 - 횡단중,보행자보호의무위반,건조,맑음,단일로 - 횡단보도상,승용,여,42세,상해없음,보행자,여,12세,경상
2014120400100400,2014년 12월 4일 16시,목요일,전라남도 영암군 학산면,중상사고,0,3,5,0,차대차 - 측면직각충돌,안전운전불이행,건조,맑음,교차로 - 교차로부근,승용,여,32세,경상,승용,남,50세,경상
2014120400100401,2014년 12월 4일 16시,목요일,전라남도 강진군 성전면,경상사고,0,0,1,0,차대차 - 기타,안전운전불이행,적설,눈,단일로 - 기타,이륜,여,57세,경상,승용,남,34세,상해없음
2014120400100402,2014년 12월 4일 16시,목요일,전라남도 강진군 강진읍,경상사고,0,0,1,0,차대사람 - 횡단중,안전운전불이행,건조,맑음,단일로 - 기타,승용,여,54세,상해없음,보행자,여,8세,경상
2014120400100458,2014년 12월 4일 17시,목요일,전라남도 여수시 서교동,경상사고,0,0,1,0,차대사람 - 기타,안전운전불이행,건조,맑음,기타 - 기타,승합,남,51세,상해없음,보행자,여,15세,경상
2014120400100529,2014년 12월 4일 18시,목요일,전라남도 목포시 상동,중상사고,0,1,0,0,차대차 - 기타,안전운전불이행,적설,맑음,교차로 - 교차로부근,승용,여,39세,상해없음,자전거,남,12세,중상
2014120400100530,2014년 12월 4일 18시,목요일,전라남도 영암군 덕진면,경상사고,0,0,1,0,차대차 - 정면충돌,중앙선침범,습기,눈,단일로 - 기타,화물,여,53세,상해없음,승용,남,55세,경상
2014120400100531,2014년 12월 4일 18시,목요일,전라남도 완도군 군외면,중상사고,0,3,0,0,차대차 - 정면충돌,중앙선침범,건조,맑음,단일로 - 기타,화물,남,60세,중상,화물,남,66세,중상
2014120400100617,2014년 12월 4일 20시,목요일,전라남도 무안군 삼향읍,경상사고,0,0,2,0,차대차 - 측면직각충돌,신호위반,건조,맑음,교차로 - 교차로안,승용,남,28세,상해없음,화물,남,30세,경상
2014120400100618,2014년 12월 4일 20시,목요일,전라남도 장성군 남면,경상사고,0,0,2,0,차대차 - 측면직각충돌,안전운전불이행,적설,눈,단일로 - 기타,승용,남,34세,상해없음,승합,남,40세,경상
2014120400100619,2014년 12월 4일 20시,목요일,전라남도 장성군 진원면,경상사고,0,0,2,0,차대차 - 측면직각충돌,안전운전불이행,적설,눈,단일로 - 기타,화물,남,51세,경상,화물,남,61세,경상
2014120400100645,2014년 12월 4일 21시,목요일,전라남도 목포시 상동,경상사고,0,0,1,0,차대사람 - 기타,안전운전불이행,습기,흐림,단일로 - 기타,승용,남,26세,상해없음,보행자,여,21세,경상
2014120400100646,2014년 12월 4일 21시,목요일,전라남도 나주시 반남면,사망사고,1,0,0,0,차량단독 - 공작물충돌,과속,결빙,눈,단일로 - 기타,승용,남,53세,사망,,,,
2014120400100683,2014년 12월 4일 22시,목요일,전라남도 여수시 율촌면,경상사고,0,0,3,0,차대차 - 기타,안전운전불이행,결빙,눈,단일로 - 기타,승용,남,37세,경상,승용,여,46세,경상
2014120400100684,2014년 12월 4일 22시,목요일,전라남도 무안군 무안읍,경상사고,0,0,4,0,차대차 - 추돌 - 진행중,기타,습기,눈,교차로 - 교차로부근,승용,남,49세,상해없음,승용,남,23세,경상
2014120400100685,2014년 12월 4일 22시,목요일,전라남도 무안군 삼향읍,경상사고,0,0,2,0,차대차 - 추돌 - 주정차중,안전운전불이행,건조,맑음,단일로 - 기타,승용,남,23세,상해없음,승용,여,44세,경상
2014120400100715,2014년 12월 4일 23시,목요일,전라남도 여수시 율촌면,경상사고,0,0,1,0,차대차 - 기타,안전운전불이행,습기,맑음,단일로 - 기타,승용,여,20세,상해없음,화물,남,33세,상해없음
2014120500100121,2014년 12월 5일 07시,금요일,전라남도 화순군 이양면,경상사고,0,0,4,0,차량단독 - 전도전복,안전운전불이행,결빙,눈,단일로 - 기타,화물,남,55세,경상,,,,
2014120500100157,2014년 12월 5일 08시,금요일,전라남도 순천시 풍덕동,부상신고사고,0,0,0,1,차대차 - 기타,안전운전불이행,결빙,맑음,단일로 - 기타,승용,남,58세,부상신고,승합,남,40세,상해없음
2014120500100158,2014년 12월 5일 08시,금요일,전라남도 순천시 생목동,중상사고,0,1,0,0,차대차 - 정면충돌,중앙선침범,결빙,맑음,단일로 - 기타,승용,여,45세,상해없음,승용,남,48세,중상
2014120500100159,2014년 12월 5일 08시,금요일,전라남도 나주시 용산동,경상사고,0,0,1,0,차대사람 - 횡단중,안전운전불이행,결빙,눈,단일로 - 횡단보도상,승용,남,67세,상해없음,보행자,남,7세,경상
2014120500100160,2014년 12월 5일 08시,금요일,전라남도 영암군 삼호읍,경상사고,0,0,1,0,차대사람 - 기타,안전운전불이행,적설,눈,기타 - 기타,건설기계,남,47세,상해없음,보행자,남,63세,경상
2014120500100161,2014년 12월 5일 08시,금요일,전라남도 무안군 현경면,부상신고사고,0,0,0,1,차대차 - 정면충돌,중앙선침범,결빙,맑음,단일로 - 기타,승합,남,34세,상해없음,승용,남,42세,상해없음
2014120500100190,2014년 12월 5일 09시,금요일,전라남도 장흥군 장동면,중상사고,0,2,0,0,차량단독 - 도로외이탈 - 추락,안전운전불이행,습기,눈,단일로 - 기타,화물,남,52세,중상,,,,
2014120500100258,2014년 12월 5일 11시,금요일,전라남도 무안군 무안읍,경상사고,0,0,3,0,차량단독 - 공작물충돌,안전운전불이행,결빙,눈,단일로 - 기타,승용,남,19세,상해없음,,,,
2014120500100335,2014년 12월 5일 13시,금요일,전라남도 목포시 산정동,경상사고,0,0,2,0,차대차 - 기타,신호위반,결빙,눈,교차로 - 교차로안,화물,남,63세,상해없음,승용,남,41세,경상
2014120500100336,2014년 12월 5일 13시,금요일,전라남도 해남군 해남읍,사망사고,2,0,7,0,차대차 - 기타,중앙선침범,습기,눈,단일로 - 기타,승용,남,31세,사망,승합,남,41세,경상
2014120500100337,2014년 12월 5일 13시,금요일,전라남도 진도군 의신면,사망사고,1,0,0,0,차량단독 - 도로외이탈 - 추락,안전운전불이행,적설,눈,단일로 - 기타,농기계,남,81세,사망,,,,
2014120500100367,2014년 12월 5일 14시,금요일,전라남도 목포시 용해동,경상사고,0,0,1,0,차대차 - 기타,신호위반,습기,눈,교차로 - 교차로안,화물,여,42세,상해없음,승용,남,72세,경상
2014120500100368,2014년 12월 5일 14시,금요일,전라남도 여수시 학동,경상사고,0,0,2,0,차대차 - 측면직각충돌,안전운전불이행,건조,맑음,교차로 - 교차로안,승용,여,31세,경상,승용,여,44세,경상
2014120500100409,2014년 12월 5일 15시,금요일,전라남도 장성군 장성읍,경상사고,0,0,1,0,차대차 - 추돌 - 주정차중,안전거리미확보,습기,흐림,단일로 - 기타,승용,여,55세,상해없음,특수,남,34세,기타불명
2014120500100410,2014년 12월 5일 15시,금요일,전라남도 담양군 창평면,중상사고,0,1,0,0,차대사람 - 횡단중,안전운전불이행,습기,맑음,단일로 - 기타,화물,남,60세,상해없음,보행자,남,84세,중상
2014120500100411,2014년 12월 5일 15시,금요일,전라남도 광양시 광양읍,경상사고,0,0,1,0,차대사람 - 기타,안전운전불이행,건조,맑음,교차로 - 교차로부근,승용,남,56세,상해없음,보행자,여,9세,경상
2014120500100441,2014년 12월 5일 16시,금요일,전라남도 영암군 삼호읍,경상사고,0,0,1,0,차대차 - 측면직각충돌,안전운전불이행,습기,눈,교차로 - 교차로부근,승용,여,60세,경상,화물,남,50세,상해없음
2014120500100442,2014년 12월 5일 16시,금요일,전라남도 영암군 영암읍,경상사고,0,0,1,0,차대차 - 측면직각충돌,직진우회전진행방해,건조,맑음,교차로 - 교차로안,승용,여,51세,상해없음,화물,남,43세,경상
2014120500100482,2014년 12월 5일 17시,금요일,전라남도 여수시 여서동,경상사고,0,0,1,0,차대사람 - 횡단중,안전운전불이행,건조,맑음,단일로 - 기타,승용,남,40세,상해없음,보행자,남,14세,경상
2014120500100483,2014년 12월 5일 17시,금요일,전라남도 여수시 봉산동,경상사고,0,0,1,0,차량단독 - 공작물충돌,안전운전불이행,건조,맑음,단일로 - 기타,승용,남,62세,상해없음,,,,
2014120500100484,2014년 12월 5일 17시,금요일,전라남도 고흥군 점암면,중상사고,0,1,0,0,차대사람 - 차도통행중,안전운전불이행,건조,맑음,단일로 - 기타,승용,남,67세,상해없음,보행자,여,80세,중상
2014120500100539,2014년 12월 5일 18시,금요일,전라남도 완도군 완도읍,경상사고,0,0,1,0,차대사람 - 기타,안전운전불이행,습기,눈,단일로 - 기타,승합,남,38세,상해없음,보행자,여,47세,경상
2014120500100674,2014년 12월 5일 21시,금요일,전라남도 여수시 학동,경상사고,0,0,1,0,차대차 - 측면직각충돌,교차로운행방법위반,건조,맑음,교차로 - 교차로안,승용,여,48세,상해없음,원동기,남,18세,경상
2014120500100675,2014년 12월 5일 21시,금요일,전라남도 순천시 조례동,경상사고,0,0,1,0,차대사람 - 횡단중,보행자보호의무위반,건조,맑음,교차로 - 교차로안,승용,남,48세,상해없음,보행자,여,31세,경상
2014120500100676,2014년 12월 5일 21시,금요일,전라남도 나주시 대호동,부상신고사고,0,0,0,1,차량단독 - 공작물충돌,안전운전불이행,결빙,눈,단일로 - 기타,승용,남,46세,부상신고,,,,
2014120500100677,2014년 12월 5일 21시,금요일,전라남도 영암군 영암읍,경상사고,0,0,1,0,차량단독 - 공작물충돌,안전운전불이행,결빙,흐림,단일로 - 기타,승용,여,35세,경상,,,,
2014120500100678,2014년 12월 5일 21시,금요일,전라남도 영암군 영암읍,경상사고,0,0,3,0,차량단독 - 기타,안전운전불이행,결빙,흐림,단일로 - 기타,승용,남,53세,경상,,,,
2014120500100730,2014년 12월 5일 22시,금요일,전라남도 순천시 덕암동,경상사고,0,0,4,0,차대차 - 기타,안전운전불이행,건조,맑음,단일로 - 기타,승용,남,34세,상해없음,승합,여,38세,경상
2014120500100731,2014년 12월 5일 22시,금요일,전라남도 영광군 영광읍,경상사고,0,0,1,0,차대차 - 추돌 - 진행중,안전거리미확보,결빙,눈,단일로 - 기타,승용,남,54세,상해없음,승용,여,47세,경상
2014120500100732,2014년 12월 5일 22시,금요일,전라남도 영광군 홍농읍,경상사고,0,0,2,0,차대사람 - 기타,안전운전불이행,적설,눈,단일로 - 기타,승용,남,53세,상해없음,보행자,여,19세,경상
2014120500100773,2014년 12월 5일 23시,금요일,전라남도 여수시 화장동,경상사고,0,0,2,1,차대차 - 추돌 - 주정차중,안전운전불이행,건조,맑음,교차로 - 교차로부근,승용,남,39세,부상신고,승합,남,53세,상해없음
2014120600100101,2014년 12월 6일 03시,토요일,전라남도 여수시 신월동,경상사고,0,0,1,0,차대차 - 측면직각충돌,신호위반,건조,맑음,교차로 - 교차로안,승용,남,65세,상해없음,승용,남,32세,경상
2014120600100151,2014년 12월 6일 07시,토요일,전라남도 나주시 왕곡면,경상사고,0,0,1,0,차대차 - 측면직각충돌,중앙선침범,결빙,흐림,단일로 - 기타,승용,남,50세,상해없음,화물,남,63세,경상
2014120600100152,2014년 12월 6일 07시,토요일,전라남도 광양시 광양읍,경상사고,0,0,1,0,차대차 - 기타,안전운전불이행,건조,맑음,교차로 - 교차로안,자전거,남,55세,경상,승합,남,49세,상해없음
2014120600100153,2014년 12월 6일 07시,토요일,전라남도 장성군 진원면,경상사고,0,0,1,0,차량단독 - 전도전복,안전운전불이행,결빙,맑음,단일로 - 기타,승용,남,33세,경상,,,,
2014120600100175,2014년 12월 6일 08시,토요일,전라남도 순천시 풍덕동,경상사고,0,0,1,0,차대차 - 기타,교차로운행방법위반,건조,맑음,교차로 - 교차로안,자전거,여,19세,경상,승용,남,58세,상해없음
2014120600100176,2014년 12월 6일 08시,토요일,전라남도 고흥군 도양읍,중상사고,0,1,0,0,차대차 - 기타,직진우회전진행방해,건조,맑음,교차로 - 교차로안,승용,남,59세,상해없음,이륜,남,78세,중상
2014120600100177,2014년 12월 6일 08시,토요일,전라남도 영암군 삼호읍,중상사고,0,1,1,0,차대차 - 기타,중앙선침범,결빙,눈,단일로 - 기타,승용,남,41세,중상,승용,남,54세,경상
2014120600100178,2014년 12월 6일 08시,토요일,전라남도 강진군 성전면,중상사고,0,1,0,0,차량단독 - 공작물충돌,안전운전불이행,결빙,눈,단일로 - 기타,화물,남,58세,기타불명,,,,
2014120600100232,2014년 12월 6일 10시,토요일,전라남도 여수시 신덕동,경상사고,0,0,1,0,차대사람 - 길가장자리구역통행중,안전운전불이행,건조,맑음,교차로 - 교차로부근,승용,남,34세,상해없음,보행자,여,78세,경상
2014120600100233,2014년 12월 6일 10시,토요일,전라남도 순천시 연향동,경상사고,0,0,1,0,차대사람 - 기타,보행자보호의무위반,건조,맑음,교차로 - 교차로부근,승합,남,47세,상해없음,보행자,남,9세,경상
2014120600100234,2014년 12월 6일 10시,토요일,전라남도 장흥군 장흥읍,경상사고,0,0,1,0,차대차 - 추돌 - 진행중,안전운전불이행,건조,맑음,교차로 - 교차로부근,원동기,남,50세,경상,승용,여,52세,상해없음
2014120600100259,2014년 12월 6일 11시,토요일,전라남도 곡성군 곡성읍,경상사고,0,0,2,0,차대차 - 기타,안전운전불이행,건조,맑음,단일로 - 기타,승합,남,24세,상해없음,승용,남,45세,경상
2014120600100291,2014년 12월 6일 12시,토요일,전라남도 여수시 미평동,경상사고,0,0,3,0,차대차 - 추돌 - 진행중,안전운전불이행,건조,맑음,단일로 - 기타,화물,남,22세,상해없음,승용,남,66세,경상
2014120600100292,2014년 12월 6일 12시,토요일,전라남도 순천시 조례동,경상사고,0,0,1,0,차대차 - 기타,안전운전불이행,건조,맑음,단일로 - 기타,승용,남,45세,상해없음,승용,남,43세,경상
2014120600100350,2014년 12월 6일 14시,토요일,전라남도 장흥군 관산읍,경상사고,0,0,1,0,차량단독 - 공작물충돌,안전운전불이행,건조,맑음,단일로 - 기타,승용,남,33세,경상,,,,
2014120600100383,2014년 12월 6일 15시,토요일,전라남도 목포시 용당동,경상사고,0,0,3,0,차대차 - 기타,차로위반,건조,맑음,교차로 - 교차로안,화물,남,42세,경상,승용,여,62세,경상
2014120600100384,2014년 12월 6일 15시,토요일,전라남도 보성군 복내면,경상사고,0,0,2,1,차대차 - 측면직각충돌,직진우회전진행방해,건조,맑음,교차로 - 교차로안,승용,남,24세,상해없음,승용,남,46세,경상
2014120600100385,2014년 12월 6일 15시,토요일,전라남도 광양시 금호동,경상사고,0,0,3,0,차대차 - 측면직각충돌,안전운전불이행,건조,맑음,단일로 - 기타,승용,남,46세,경상,승용,남,64세,기타불명
2014120600100386,2014년 12월 6일 15시,토요일,전라남도 광양시 태인동,경상사고,0,0,1,0,차대차 - 측면직각충돌,직진우회전진행방해,건조,맑음,교차로 - 교차로안,화물,남,60세,상해없음,화물,남,47세,경상
2014120600100428,2014년 12월 6일 16시,토요일,전라남도 순천시 조곡동,부상신고사고,0,0,0,1,차대사람 - 기타,안전운전불이행,건조,맑음,단일로 - 기타,자전거,기타불명,기타불명,기타불명,보행자,여,59세,부상신고
2014120600100476,2014년 12월 6일 17시,토요일,전라남도 나주시 남평읍,경상사고,0,0,2,0,차대사람 - 기타,안전운전불이행,건조,흐림,단일로 - 기타,승합,남,49세,상해없음,보행자,남,72세,상해없음
2014120600100477,2014년 12월 6일 17시,토요일,전라남도 화순군 화순읍,경상사고,0,0,2,0,차대차 - 측면직각충돌,안전운전불이행,건조,맑음,교차로 - 교차로안,승용,남,63세,상해없음,승용,남,36세,경상
2014120600100527,2014년 12월 6일 18시,토요일,전라남도 무안군 일로읍,경상사고,0,0,1,0,차대차 - 기타,안전운전불이행,건조,맑음,단일로 - 기타,기타불명,기타불명,기타불명,기타불명,승용,남,51세,경상
2014120600100528,2014년 12월 6일 18시,토요일,전라남도 광양시 중동,경상사고,0,0,1,0,차대사람 - 횡단중,안전운전불이행,건조,맑음,교차로 - 교차로부근,승용,남,37세,상해없음,보행자,여,24세,경상
2014120600100569,2014년 12월 6일 19시,토요일,전라남도 목포시 산정동,경상사고,0,0,2,0,차대차 - 기타,교차로운행방법위반,건조,맑음,교차로 - 교차로안,화물,남,52세,경상,승용,남,23세,경상
2014120600100570,2014년 12월 6일 19시,토요일,전라남도 목포시 산정동,중상사고,0,1,1,0,차대사람 - 기타,안전운전불이행,건조,맑음,단일로 - 기타,이륜,남,61세,경상,보행자,여,45세,중상
2014120600100571,2014년 12월 6일 19시,토요일,전라남도 여수시 미평동,경상사고,0,0,2,0,차대차 - 추돌 - 주정차중,안전운전불이행,건조,맑음,교차로 - 교차로부근,화물,남,48세,상해없음,승용,여,52세,경상
2014120600100613,2014년 12월 6일 20시,토요일,전라남도 순천시 조례동,경상사고,0,0,1,0,차대차 - 추돌 - 진행중,안전운전불이행,건조,맑음,교차로 - 교차로안,승용,여,41세,상해없음,승용,남,57세,경상
2014120600100614,2014년 12월 6일 20시,토요일,전라남도 나주시 성북동,경상사고,0,0,2,0,차대차 - 기타,안전운전불이행,건조,맑음,교차로 - 교차로부근,원동기,남,16세,기타불명,승용,남,30세,경상
2014120600100615,2014년 12월 6일 20시,토요일,전라남도 해남군 해남읍,중상사고,0,1,0,0,차대사람 - 기타,안전운전불이행,건조,맑음,교차로 - 교차로안,승용,여,55세,상해없음,보행자,여,48세,중상
2014120600100637,2014년 12월 6일 21시,토요일,전라남도 순천시 송광면,사망사고,1,0,0,0,차대사람 - 기타,안전운전불이행,건조,맑음,교차로 - 교차로부근,화물,남,44세,상해없음,보행자,남,51세,사망
2014120600100638,2014년 12월 6일 21시,토요일,전라남도 순천시 가곡동,경상사고,0,0,1,0,차대차 - 측면직각충돌,안전운전불이행,건조,맑음,단일로 - 기타,자전거,남,23세,경상,승용,남,44세,상해없음
2014120600100668,2014년 12월 6일 22시,토요일,전라남도 목포시 산정동,경상사고,0,0,1,0,차대차 - 추돌 - 주정차중,안전거리미확보,건조,맑음,교차로 - 교차로부근,승용,남,46세,상해없음,승용,남,54세,경상
2014120600100698,2014년 12월 6일 23시,토요일,전라남도 영암군 영암읍,경상사고,0,0,2,0,차대차 - 기타,안전거리미확보,건조,맑음,단일로 - 기타,승용,남,25세,상해없음,승용,남,56세,경상
2014120700100095,2014년 12월 7일 05시,일요일,전라남도 목포시 용해동,경상사고,0,0,1,0,차대차 - 기타,신호위반,건조,맑음,교차로 - 교차로안,이륜,남,16세,경상,승용,여,43세,상해없음
2014120700100108,2014년 12월 7일 06시,일요일,전라남도 광양시 금호동,경상사고,0,0,2,0,차량단독 - 전도전복,안전운전불이행,건조,맑음,교차로 - 교차로안,승용,여,45세,경상,,,,
2014120700100123,2014년 12월 7일 08시,일요일,전라남도 담양군 수북면,경상사고,0,0,2,0,차대차 - 기타,안전운전불이행,건조,맑음,기타 - 기타,승용,남,57세,상해없음,승용,남,57세,경상
2014120700100135,2014년 12월 7일 09시,일요일,전라남도 순천시 황전면,중상사고,0,1,3,0,차대차 - 기타,신호위반,건조,맑음,단일로 - 기타,화물,남,63세,상해없음,승용,남,44세,경상
2014120700100136,2014년 12월 7일 09시,일요일,전라남도 화순군 화순읍,경상사고,0,0,2,0,차대차 - 측면직각충돌,직진우회전진행방해,건조,맑음,교차로 - 교차로안,승용,여,47세,경상,화물,남,48세,경상
2014120700100156,2014년 12월 7일 10시,일요일,전라남도 여수시 남산동,중상사고,0,1,0,0,차대차 - 기타,안전운전불이행,건조,맑음,단일로 - 기타,자전거,남,84세,중상,승용,남,40세,상해없음
2014120700100166,2014년 12월 7일 11시,일요일,전라남도 순천시 풍덕동,경상사고,0,0,1,0,차대사람 - 기타,안전운전불이행,건조,맑음,교차로 - 교차로안,승용,남,53세,상해없음,보행자,여,67세,경상
2014120700100185,2014년 12월 7일 12시,일요일,전라남도 무안군 삼향읍,경상사고,0,0,1,0,차대사람 - 횡단중,안전운전불이행,건조,맑음,단일로 - 기타,승용,남,30세,상해없음,보행자,남,5세,경상
2014120700100211,2014년 12월 7일 13시,일요일,전라남도 순천시 풍덕동,중상사고,0,1,6,0,차대차 - 추돌 - 주정차중,안전운전불이행,건조,맑음,교차로 - 교차로부근,승용,남,50세,경상,승용,남,24세,경상
2014120700100229,2014년 12월 7일 14시,일요일,전라남도 고흥군 도양읍,중상사고,0,2,6,0,차대차 - 측면직각충돌,교차로운행방법위반,건조,맑음,교차로 - 교차로안,승용,남,56세,경상,승용,남,66세,중상
2014120700100262,2014년 12월 7일 15시,일요일,전라남도 나주시 다시면,경상사고,0,0,2,0,차대차 - 추돌 - 주정차중,안전운전불이행,습기,흐림,교차로 - 교차로부근,화물,남,51세,기타불명,승용,남,46세,경상
2014120700100263,2014년 12월 7일 15시,일요일,전라남도 곡성군 입면,중상사고,0,1,2,1,차대차 - 기타,안전운전불이행,건조,맑음,교차로 - 교차로안,승용,남,54세,부상신고,승용,여,53세,중상
2014120700100291,2014년 12월 7일 16시,일요일,전라남도 여수시 봉강동,경상사고,0,0,1,0,차대차 - 기타,안전운전불이행,건조,맑음,단일로 - 기타,화물,남,61세,상해없음,화물,남,32세,경상
2014120700100292,2014년 12월 7일 16시,일요일,전라남도 진도군 진도읍,경상사고,0,0,1,0,차대차 - 측면직각충돌,교차로운행방법위반,건조,맑음,교차로 - 교차로안,화물,남,62세,상해없음,승용,여,55세,경상
2014120700100324,2014년 12월 7일 17시,일요일,전라남도 고흥군 과역면,중상사고,0,2,0,0,차대차 - 추돌 - 주정차중,안전거리미확보,건조,맑음,단일로 - 기타,화물,남,56세,중상,화물,남,55세,중상
2014120700100325,2014년 12월 7일 17시,일요일,전라남도 광양시 태인동,경상사고,0,0,1,0,차대차 - 추돌 - 주정차중,안전운전불이행,건조,흐림,교차로 - 교차로부근,특수,남,47세,경상,화물,남,50세,기타불명
2014120700100370,2014년 12월 7일 18시,일요일,전라남도 목포시 대성동,중상사고,0,1,0,0,차대사람 - 횡단중,안전운전불이행,건조,맑음,단일로 - 횡단보도상,승용,여,60세,상해없음,보행자,여,83세,중상
2014120700100371,2014년 12월 7일 18시,일요일,전라남도 순천시 조례동,중상사고,0,1,2,0,차대차 - 측면직각충돌,안전운전불이행,건조,맑음,교차로 - 교차로안,승용,여,38세,상해없음,승용,남,27세,중상
2014120700100408,2014년 12월 7일 19시,일요일,전라남도 목포시 용해동,중상사고,0,1,0,0,차대사람 - 횡단중,안전운전불이행,건조,흐림,단일로 - 기타,승용,남,46세,상해없음,보행자,남,16세,중상
2014120700100437,2014년 12월 7일 20시,일요일,전라남도 나주시 남평읍,경상사고,0,0,1,0,차대차 - 기타,안전운전불이행,습기,흐림,단일로 - 기타,승용,남,43세,경상,건설기계,남,45세,상해없음
2014120700100438,2014년 12월 7일 20시,일요일,전라남도 화순군 한천면,중상사고,0,1,0,0,차대차 - 측면직각충돌,중앙선침범,건조,맑음,교차로 - 교차로부근,승용,남,57세,상해없음,이륜,남,53세,중상
2014120700100460,2014년 12월 7일 21시,일요일,전라남도 순천시 서면,중상사고,0,1,1,0,차대차 - 측면직각충돌,신호위반,건조,맑음,교차로 - 교차로안,승용,남,47세,상해없음,승용,남,45세,중상
2014120700100461,2014년 12월 7일 21시,일요일,전라남도 함평군 대동면,사망사고,1,0,0,0,차량단독 - 전도전복,안전운전불이행,결빙,맑음,단일로 - 기타,화물,남,48세,사망,,,,
2014120700100462,2014년 12월 7일 21시,일요일,전라남도 광양시 광양읍,경상사고,0,0,7,0,차대차 - 정면충돌,중앙선침범,건조,맑음,교차로 - 교차로부근,승용,남,48세,상해없음,승용,남,44세,경상
2014120700100501,2014년 12월 7일 23시,일요일,전라남도 순천시 매곡동,중상사고,0,1,0,0,차량단독 - 공작물충돌,안전운전불이행,건조,맑음,단일로 - 기타,승용,남,22세,중상,,,,
2014120800100014,2014년 12월 8일 00시,월요일,전라남도 보성군 조성면,경상사고,0,0,2,0,차대차 - 추돌 - 진행중,안전운전불이행,건조,맑음,단일로 - 터널,승용,남,57세,경상,화물,남,36세,경상
2014120800100081,2014년 12월 8일 06시,월요일,전라남도 장흥군 부산면,중상사고,0,1,0,0,차량단독 - 공작물충돌,안전운전불이행,결빙,흐림,단일로 - 교량,화물,남,67세,중상,,,,
2014120800100112,2014년 12월 8일 07시,월요일,전라남도 여수시 안산동,경상사고,0,0,1,0,차대차 - 기타,안전운전불이행,건조,맑음,교차로 - 교차로부근,승용,여,41세,상해없음,승용,남,49세,경상
2014120800100161,2014년 12월 8일 08시,월요일,전라남도 여수시 화장동,경상사고,0,0,1,0,차대사람 - 기타,안전운전불이행,건조,맑음,교차로 - 교차로부근,승용,여,43세,상해없음,보행자,남,10세,경상
2014120800100162,2014년 12월 8일 08시,월요일,전라남도 광양시 광양읍,경상사고,0,0,1,0,차대차 - 추돌 - 진행중,안전거리미확보,습기,맑음,교차로 - 교차로부근,승용,남,45세,상해없음,승용,남,41세,경상
2014120800100198,2014년 12월 8일 09시,월요일,전라남도 나주시 대호동,경상사고,0,0,9,8,차대차 - 기타,안전거리미확보,습기,흐림,단일로 - 기타,화물,남,67세,경상,승합,남,60세,경상
2014120800100199,2014년 12월 8일 09시,월요일,전라남도 보성군 복내면,중상사고,0,1,1,0,차대차 - 측면직각충돌,안전운전불이행,습기,맑음,단일로 - 기타,승용,남,59세,중상,화물,남,55세,경상
2014120800100200,2014년 12월 8일 09시,월요일,전라남도 장성군 삼계면,경상사고,0,0,2,0,차량단독 - 공작물충돌,안전운전불이행,결빙,맑음,단일로 - 기타,화물,남,46세,경상,,,,
2014120800100241,2014년 12월 8일 10시,월요일,전라남도 영암군 삼호읍,중상사고,0,2,0,0,차대차 - 측면직각충돌,안전거리미확보,건조,흐림,단일로 - 기타,승용,여,51세,상해없음,승용,남,20세,중상