사고번호,사고일시,요일,시군구,사고내용,사망자수,중상자수,경상자수,부상신고자수,사고유형,법규위반,노면상태,기상상태,도로형태,가해운전자 차종,가해운전자 성별,가해운전자 연령,가해운전자 상해정도,피해운전자 차종,피해운전자 성별,피해운전자 연령,피해운전자 상해정도
2014120800100284,2014년 12월 8일 12시,월요일,전라남도 나주시 빛가람동,중상사고,0,1,2,0,차대차 - 측면직각충돌,신호위반,건조,맑음,교차로 - 교차로안,승용,남,57세,경상,승용,남,45세,경상
2014120800100316,2014년 12월 8일 13시,월요일,전라남도 목포시 산정동,중상사고,0,1,1,0,차대차 - 기타,교차로운행방법위반,건조,맑음,교차로 - 교차로안,승용,남,33세,경상,이륜,남,56세,중상
2014120800100317,2014년 12월 8일 13시,월요일,전라남도 무안군 삼향읍,경상사고,0,0,3,1,차대차 - 추돌 - 진행중,안전거리미확보,건조,맑음,단일로 - 기타,화물,남,42세,부상신고,승합,여,44세,경상
2014120800100355,2014년 12월 8일 14시,월요일,전라남도 목포시 옥암동,중상사고,0,1,2,0,차대차 - 기타,교차로운행방법위반,건조,맑음,교차로 - 교차로안,화물,남,57세,경상,승용,남,50세,경상
2014120800100398,2014년 12월 8일 15시,월요일,전라남도 목포시 용당동,경상사고,0,0,2,0,차대차 - 추돌 - 주정차중,안전운전불이행,건조,맑음,교차로 - 교차로부근,승용,여,45세,상해없음,화물,남,35세,경상
2014120800100430,2014년 12월 8일 16시,월요일,전라남도 고흥군 고흥읍,경상사고,0,0,1,0,차대사람 - 기타,안전운전불이행,기타,기타,단일로 - 기타,기타불명,기타불명,기타불명,기타불명,보행자,여,51세,경상
2014120800100431,2014년 12월 8일 16시,월요일,전라남도 영암군 삼호읍,경상사고,0,0,1,0,차대차 - 측면직각충돌,직진우회전진행방해,건조,맑음,교차로 - 교차로안,승용,남,25세,상해없음,원동기,남,36세,경상
2014120800100471,2014년 12월 8일 17시,월요일,전라남도 목포시 상동,경상사고,0,0,2,0,차대차 - 기타,교차로운행방법위반,건조,맑음,교차로 - 교차로안,이륜,남,23세,경상,승용,남,57세,상해없음
2014120800100472,2014년 12월 8일 17시,월요일,전라남도 여수시 문수동,중상사고,0,1,0,0,차대차 - 측면직각충돌,중앙선침범,건조,맑음,단일로 - 기타,이륜,남,50세,상해없음,자전거,남,13세,중상
2014120800100473,2014년 12월 8일 17시,월요일,전라남도 순천시 인월동,중상사고,0,1,1,0,차대차 - 추돌 - 진행중,안전운전불이행,건조,맑음,단일로 - 기타,승용,남,48세,상해없음,화물,남,53세,상해없음
2014120800100474,2014년 12월 8일 17시,월요일,전라남도 나주시 세지면,경상사고,0,0,2,0,차대차 - 기타,안전거리미확보,건조,기타,교차로 - 교차로안,승용,여,35세,경상,승용,남,62세,경상
2014120800100538,2014년 12월 8일 18시,월요일,전라남도 목포시 석현동,경상사고,0,0,1,0,차대차 - 기타,안전운전불이행,건조,맑음,교차로 - 교차로부근,승용,남,76세,상해없음,승용,남,30세,경상
2014120800100539,2014년 12월 8일 18시,월요일,전라남도 해남군 송지면,중상사고,0,1,0,0,차대차 - 기타,중앙선침범,건조,맑음,단일로 - 기타,승용,여,34세,기타불명,화물,남,47세,중상
2014120800100540,2014년 12월 8일 18시,월요일,전라남도 광양시 성황동,중상사고,0,2,0,0,차대차 - 기타,직진우회전진행방해,건조,맑음,교차로 - 교차로안,승용,남,64세,중상,승용,여,39세,중상
2014120800100578,2014년 12월 8일 19시,월요일,전라남도 여수시 여서동,경상사고,0,0,1,0,차대차 - 기타,교차로운행방법위반,건조,맑음,교차로 - 교차로안,승용,남,57세,상해없음,승용,남,25세,경상
2014120800100579,2014년 12월 8일 19시,월요일,전라남도 순천시 덕암동,중상사고,0,2,2,0,차대차 - 측면직각충돌,교차로운행방법위반,건조,맑음,교차로 - 교차로안,승용,남,36세,중상,승합,남,59세,중상
2014120800100580,2014년 12월 8일 19시,월요일,전라남도 광양시 금호동,경상사고,0,0,1,0,차대사람 - 횡단중,안전운전불이행,건조,맑음,단일로 - 기타,승용,여,57세,상해없음,보행자,남,18세,경상
2014120800100635,2014년 12월 8일 21시,월요일,전라남도 화순군 춘양면,경상사고,0,0,2,0,차대차 - 추돌 - 주정차중,안전운전불이행,건조,맑음,단일로 - 기타,승용,남,52세,상해없음,승용,남,56세,경상
2014120800100636,2014년 12월 8일 21시,월요일,전라남도 광양시 중동,경상사고,0,0,1,0,차대사람 - 횡단중,안전운전불이행,건조,맑음,단일로 - 기타,승용,여,34세,상해없음,보행자,남,30세,경상
2014120800100667,2014년 12월 8일 22시,월요일,전라남도 광양시 광영동,부상신고사고,0,0,0,1,차대사람 - 기타,안전운전불이행,건조,맑음,기타 - 기타,기타불명,기타불명,기타불명,기타불명,보행자,여,85세,부상신고
2014120900100012,2014년 12월 9일 00시,화요일,전라남도 영암군 삼호읍,경상사고,0,0,1,0,차량단독 - 공작물충돌,안전운전불이행,건조,맑음,단일로 - 기타,승용,남,28세,경상,,,,
2014120900100060,2014년 12월 9일 05시,화요일,전라남도 여수시 여서동,사망사고,1,0,0,0,차대사람 - 횡단중,신호위반,건조,맑음,단일로 - 기타,승용,남,69세,상해없음,보행자,여,81세,사망
2014120900100082,2014년 12월 9일 06시,화요일,전라남도 목포시 달동,중상사고,0,3,23,0,차대차 - 기타,신호위반,건조,맑음,교차로 - 교차로안,승합,남,61세,경상,화물,남,61세,상해없음
2014120900100116,2014년 12월 9일 07시,화요일,전라남도 보성군 벌교읍,경상사고,0,0,4,0,차대차 - 측면직각충돌,직진우회전진행방해,건조,맑음,교차로 - 교차로안,화물,남,62세,경상,승용,남,52세,경상
2014120900100161,2014년 12월 9일 08시,화요일,전라남도 여수시 월내동,경상사고,0,0,2,0,차대차 - 기타,중앙선침범,건조,맑음,단일로 - 기타,승용,여,37세,상해없음,승합,여,49세,경상
2014120900100208,2014년 12월 9일 09시,화요일,전라남도 나주시 빛가람동,부상신고사고,0,0,0,1,차대차 - 측면직각충돌,안전운전불이행,건조,맑음,교차로 - 교차로부근,화물,기타불명,기타불명,기타불명,승용,여,31세,부상신고
2014120900100209,2014년 12월 9일 09시,화요일,전라남도 진도군 지산면,경상사고,0,0,2,0,차대차 - 정면충돌,중앙선침범,건조,맑음,교차로 - 교차로부근,화물,남,69세,기타불명,화물,남,44세,경상
2014120900100233,2014년 12월 9일 10시,화요일,전라남도 목포시 무안동,경상사고,0,0,2,0,차대차 - 측면직각충돌,교차로운행방법위반,건조,맑음,교차로 - 교차로안,승용,여,53세,경상,승용,남,64세,경상
2014120900100234,2014년 12월 9일 10시,화요일,전라남도 진도군 진도읍,경상사고,0,0,1,0,차대차 - 기타,안전운전불이행,건조,맑음,단일로 - 기타,승용,남,24세,상해없음,이륜,남,66세,경상
2014120900100293,2014년 12월 9일 12시,화요일,전라남도 광양시 마동,경상사고,0,0,2,0,차대차 - 측면직각충돌,교차로운행방법위반,건조,맑음,교차로 - 교차로안,승용,남,64세,경상,승용,남,79세,경상
2014120900100326,2014년 12월 9일 13시,화요일,전라남도 여수시 국동,중상사고,0,1,0,0,차대차 - 기타,교차로운행방법위반,건조,맑음,교차로 - 교차로안,승용,여,44세,상해없음,이륜,남,45세,중상
2014120900100327,2014년 12월 9일 13시,화요일,전라남도 순천시 남정동,중상사고,0,1,0,0,차대사람 - 기타,안전운전불이행,건조,맑음,교차로 - 교차로부근,승용,남,52세,상해없음,보행자,남,80세,중상
2014120900100364,2014년 12월 9일 14시,화요일,전라남도 나주시 금천면,중상사고,0,1,0,0,차대차 - 측면직각충돌,기타,건조,맑음,교차로 - 교차로안,승용,여,33세,상해없음,승용,남,76세,중상
2014120900100454,2014년 12월 9일 17시,화요일,전라남도 영암군 신북면,경상사고,0,0,1,0,차대차 - 정면충돌,중앙선침범,건조,맑음,단일로 - 기타,승합,남,26세,상해없음,화물,남,50세,경상
2014120900100455,2014년 12월 9일 17시,화요일,전라남도 광양시 금호동,경상사고,0,0,1,0,차대차 - 기타,직진우회전진행방해,건조,맑음,교차로 - 교차로부근,승용,남,29세,상해없음,승용,남,37세,상해없음
2014120900100502,2014년 12월 9일 18시,화요일,전라남도 여수시 신기동,경상사고,0,0,1,0,차대사람 - 기타,신호위반,건조,맑음,단일로 - 횡단보도상,승용,남,63세,상해없음,보행자,남,14세,경상
2014120900100503,2014년 12월 9일 18시,화요일,전라남도 여수시 소라면,중상사고,0,1,0,0,차대사람 - 기타,신호위반,건조,맑음,교차로 - 교차로안,승용,남,77세,상해없음,보행자,여,48세,중상
2014120900100504,2014년 12월 9일 18시,화요일,전라남도 장흥군 관산읍,경상사고,0,0,1,0,차대차 - 추돌 - 주정차중,안전운전불이행,건조,맑음,단일로 - 기타,승용,남,30세,경상,화물,남,26세,기타불명
2014120900100505,2014년 12월 9일 18시,화요일,전라남도 광양시 태인동,경상사고,0,0,1,0,차대사람 - 기타,안전운전불이행,습기,눈,교차로 - 교차로부근,화물,남,43세,상해없음,보행자,여,77세,경상
2014120900100548,2014년 12월 9일 19시,화요일,전라남도 여수시 여서동,경상사고,0,0,1,0,차대차 - 추돌 - 주정차중,안전거리미확보,건조,맑음,교차로 - 교차로부근,승용,남,24세,상해없음,승용,남,42세,경상
2014120900100591,2014년 12월 9일 20시,화요일,전라남도 목포시 용당동,경상사고,0,0,4,0,차대차 - 추돌 - 주정차중,안전운전불이행,건조,맑음,단일로 - 기타,화물,남,34세,상해없음,승용,남,59세,경상
2014120900100592,2014년 12월 9일 20시,화요일,전라남도 순천시 조례동,경상사고,0,0,4,0,차대차 - 측면직각충돌,신호위반,건조,맑음,교차로 - 교차로안,승용,남,24세,경상,승용,남,46세,경상
2014120900100593,2014년 12월 9일 20시,화요일,전라남도 영광군 영광읍,중상사고,0,1,0,0,차대차 - 기타,안전운전불이행,건조,맑음,단일로 - 기타,승용,남,54세,상해없음,이륜,남,51세,중상
2014120900100594,2014년 12월 9일 20시,화요일,전라남도 곡성군 옥과면,경상사고,0,0,3,0,차대차 - 기타,안전운전불이행,건조,맑음,교차로 - 교차로안,승용,남,59세,경상,화물,남,63세,경상
2014120900100661,2014년 12월 9일 22시,화요일,전라남도 영암군 삼호읍,경상사고,0,0,1,0,차대차 - 측면직각충돌,불법유턴,건조,맑음,교차로 - 교차로부근,자전거,남,37세,경상,승용,남,32세,상해없음
2014121000100107,2014년 12월 10일 07시,수요일,전라남도 광양시 중동,경상사고,0,0,2,0,차대차 - 기타,교차로운행방법위반,건조,맑음,교차로 - 교차로안,승용,남,68세,상해없음,승용,남,22세,경상
2014121000100151,2014년 12월 10일 08시,수요일,전라남도 나주시 영산동,경상사고,0,0,1,0,차대차 - 측면직각충돌,직진우회전진행방해,건조,맑음,교차로 - 교차로안,화물,남,42세,상해없음,화물,남,56세,경상
2014121000100152,2014년 12월 10일 08시,수요일,전라남도 보성군 보성읍,경상사고,0,0,2,0,차대차 - 정면충돌,중앙선침범,건조,맑음,단일로 - 기타,승용,남,36세,기타불명,승용,남,43세,경상
2014121000100176,2014년 12월 10일 09시,수요일,전라남도 신안군 도초면,중상사고,0,1,0,0,차대사람 - 기타,안전운전불이행,건조,맑음,기타 - 기타,화물,남,43세,상해없음,보행자,남,70세,중상
2014121000100177,2014년 12월 10일 09시,수요일,전라남도 보성군 벌교읍,사망사고,1,0,0,0,차대차 - 측면직각충돌,안전거리미확보,건조,맑음,교차로 - 교차로안,이륜,남,81세,사망,화물,남,53세,상해없음
2014121000100209,2014년 12월 10일 10시,수요일,전라남도 나주시 이창동,중상사고,0,1,0,0,차대차 - 기타,안전운전불이행,건조,맑음,단일로 - 기타,승용,남,73세,상해없음,이륜,남,74세,중상
2014121000100210,2014년 12월 10일 10시,수요일,전라남도 함평군 나산면,중상사고,0,1,2,0,차대차 - 추돌 - 진행중,직진우회전진행방해,습기,맑음,교차로 - 교차로안,승용,남,76세,경상,건설기계,남,37세,경상
2014121000100211,2014년 12월 10일 10시,수요일,전라남도 무안군 무안읍,경상사고,0,0,1,0,차대차 - 추돌 - 진행중,안전운전불이행,습기,비,단일로 - 기타,건설기계,남,58세,상해없음,승용,남,45세,경상
2014121000100266,2014년 12월 10일 12시,수요일,전라남도 장성군 진원면,경상사고,0,0,1,0,차량단독 - 도로외이탈 - 추락,안전운전불이행,습기,흐림,단일로 - 기타,승용,남,42세,경상,,,,
2014121000100267,2014년 12월 10일 12시,수요일,전라남도 광양시 중동,중상사고,0,1,1,0,차대차 - 측면직각충돌,직진우회전진행방해,건조,맑음,교차로 - 교차로안,승용,여,52세,경상,승용,남,51세,중상
2014121000100283,2014년 12월 10일 13시,수요일,전라남도 완도군 완도읍,중상사고,0,1,0,0,차대사람 - 기타,안전운전불이행,건조,맑음,단일로 - 기타,화물,남,32세,상해없음,보행자,여,70세,중상
2014121000100284,2014년 12월 10일 13시,수요일,전라남도 무안군 현경면,경상사고,0,0,3,1,차대차 - 추돌 - 주정차중,안전운전불이행,건조,맑음,단일로 - 기타,화물,남,25세,부상신고,승합,남,44세,경상
2014121000100352,2014년 12월 10일 15시,수요일,전라남도 순천시 남정동,경상사고,0,0,2,0,차대차 - 기타,신호위반,건조,맑음,교차로 - 교차로안,승용,여,47세,상해없음,승용,남,56세,경상
2014121000100353,2014년 12월 10일 15시,수요일,전라남도 순천시 해룡면,경상사고,0,0,1,0,차대차 - 기타,안전운전불이행,건조,맑음,교차로 - 교차로안,승용,여,51세,상해없음,승용,남,46세,경상
2014121000100385,2014년 12월 10일 16시,수요일,전라남도 여수시 상암동,중상사고,0,1,0,0,차량단독 - 전도전복,안전운전불이행,건조,맑음,단일로 - 기타,건설기계,남,34세,중상,,,,
2014121000100386,2014년 12월 10일 16시,수요일,전라남도 나주시 남평읍,중상사고,0,1,0,0,차대차 - 기타,안전운전불이행,습기,맑음,교차로 - 교차로안,이륜,남,43세,중상,승용,남,40세,상해없음
2014121000100387,2014년 12월 10일 16시,수요일,전라남도 장성군 장성읍,사망사고,1,0,2,0,차대차 - 추돌 - 진행중,안전운전불이행,건조,흐림,단일로 - 기타,승용,남,21세,경상,화물,남,59세,경상
2014121000100433,2014년 12월 10일 17시,수요일,전라남도 나주시 경현동,경상사고,0,0,6,0,차대차 - 기타,안전운전불이행,건조,맑음,단일로 - 기타,화물,남,58세,경상,승합,남,49세,경상
2014121000100434,2014년 12월 10일 17시,수요일,전라남도 보성군 벌교읍,중상사고,0,1,0,0,차대차 - 기타,안전운전불이행,건조,맑음,단일로 - 기타,승합,남,65세,상해없음,원동기,남,51세,중상
2014121000100435,2014년 12월 10일 17시,수요일,전라남도 영암군 삼호읍,경상사고,0,0,1,0,차대차 - 추돌 - 진행중,안전거리미확보,건조,맑음,단일로 - 기타,화물,남,60세,상해없음,승용,남,36세,경상
2014121000100436,2014년 12월 10일 17시,수요일,전라남도 광양시 중동,경상사고,0,0,1,0,차대차 - 추돌 - 주정차중,안전운전불이행,건조,맑음,교차로 - 교차로부근,승용,남,55세,상해없음,승용,여,44세,경상
2014121000100500,2014년 12월 10일 18시,수요일,전라남도 광양시 중동,경상사고,0,0,3,0,차대차 - 추돌 - 진행중,안전운전불이행,건조,맑음,단일로 - 기타,승용,남,49세,상해없음,승용,여,48세,경상
2014121000100556,2014년 12월 10일 19시,수요일,전라남도 목포시 옥암동,경상사고,0,0,3,0,차대차 - 추돌 - 진행중,안전운전불이행,습기,비,교차로 - 교차로안,승용,여,45세,경상,승용,남,24세,경상
2014121000100557,2014년 12월 10일 19시,수요일,전라남도 나주시 중앙동,경상사고,0,0,1,0,차대사람 - 기타,기타,습기,비,단일로 - 기타,승합,남,56세,상해없음,보행자,여,24세,경상
2014121000100558,2014년 12월 10일 19시,수요일,전라남도 장성군 삼계면,경상사고,0,0,1,0,차대사람 - 횡단중,안전운전불이행,습기,비,교차로 - 교차로부근,승용,여,32세,상해없음,보행자,여,41세,경상
2014121000100609,2014년 12월 10일 20시,수요일,전라남도 여수시 봉계동,경상사고,0,0,1,0,차대차 - 측면직각충돌,교차로운행방법위반,건조,맑음,교차로 - 교차로안,승용,남,48세,상해없음,승용,남,28세,경상
2014121000100610,2014년 12월 10일 20시,수요일,전라남도 나주시 금성동,경상사고,0,0,1,0,차대차 - 측면직각충돌,안전운전불이행,건조,맑음,단일로 - 기타,기타불명,기타불명,기타불명,기타불명,자전거,남,13세,경상
2014121000100660,2014년 12월 10일 21시,수요일,전라남도 목포시 용당동,경상사고,0,0,3,0,차대차 - 추돌 - 주정차중,안전운전불이행,건조,맑음,기타 - 기타,승용,남,55세,상해없음,승용,여,30세,경상
2014121000100661,2014년 12월 10일 21시,수요일,전라남도 광양시 광양읍,경상사고,0,0,1,0,차대사람 - 기타,안전운전불이행,건조,맑음,단일로 - 횡단보도상,승용,남,27세,상해없음,보행자,남,18세,경상
2014121000100703,2014년 12월 10일 22시,수요일,전라남도 광양시 광양읍,경상사고,0,0,1,0,차대사람 - 기타,안전운전불이행,건조,맑음,기타 - 기타,승용,남,52세,상해없음,보행자,남,27세,경상
2014121100100020,2014년 12월 11일 00시,목요일,전라남도 영암군 삼호읍,경상사고,0,0,1,0,차대차 - 추돌 - 주정차중,안전운전불이행,습기,비,단일로 - 기타,승용,여,23세,상해없음,승용,남,22세,경상
2014121100100129,2014년 12월 11일 07시,목요일,전라남도 영암군 영암읍,중상사고,0,1,1,0,차대차 - 측면직각충돌,신호위반,건조,맑음,교차로 - 교차로부근,승용,남,54세,중상,승합,남,46세,경상
2014121100100158,2014년 12월 11일 08시,목요일,전라남도 장흥군 장흥읍,경상사고,0,0,2,0,차대차 - 측면직각충돌,교차로운행방법위반,건조,맑음,교차로 - 교차로안,승용,여,41세,상해없음,화물,남,56세,경상
2014121100100206,2014년 12월 11일 10시,목요일,전라남도 영암군 시종면,경상사고,0,0,1,0,차대차 - 기타,안전거리미확보,건조,맑음,단일로 - 기타,원동기,남,50세,경상,승용,남,48세,상해없음
2014121100100207,2014년 12월 11일 10시,목요일,전라남도 진도군 고군면,중상사고,0,1,0,0,차대차 - 추돌 - 진행중,교차로운행방법위반,건조,맑음,교차로 - 교차로부근,화물,남,50세,상해없음,원동기,남,73세,중상
2014121100100208,2014년 12월 11일 10시,목요일,전라남도 광양시 태인동,경상사고,0,0,2,0,차대차 - 측면직각충돌,안전운전불이행,건조,맑음,단일로 - 기타,특수,남,54세,경상,승용,남,33세,경상
2014121100100231,2014년 12월 11일 11시,목요일,전라남도 목포시 상동,경상사고,0,0,1,0,차대차 - 측면직각충돌,중앙선침범,건조,맑음,단일로 - 기타,승용,남,49세,상해없음,승용,여,39세,경상
2014121100100232,2014년 12월 11일 11시,목요일,전라남도 나주시 남평읍,경상사고,0,0,1,0,차대차 - 측면직각충돌,신호위반,건조,맑음,교차로 - 교차로안,승용,남,50세,상해없음,승용,남,33세,경상
2014121100100233,2014년 12월 11일 11시,목요일,전라남도 해남군 산이면,경상사고,0,0,1,0,차대사람 - 기타,안전운전불이행,건조,맑음,단일로 - 기타,승합,남,53세,상해없음,보행자,여,74세,경상
2014121100100234,2014년 12월 11일 11시,목요일,전라남도 영광군 영광읍,경상사고,0,0,4,0,차대차 - 측면직각충돌,안전운전불이행,건조,맑음,단일로 - 기타,화물,남,25세,상해없음,승용,여,62세,경상
2014121100100255,2014년 12월 11일 12시,목요일,전라남도 순천시 덕암동,중상사고,0,1,0,0,차대차 - 측면직각충돌,안전거리미확보,건조,맑음,단일로 - 기타,승용,남,33세,상해없음,이륜,남,19세,중상
2014121100100256,2014년 12월 11일 12시,목요일,전라남도 진도군 군내면,경상사고,0,0,2,0,차대차 - 정면충돌,중앙선침범,건조,맑음,단일로 - 기타,승용,남,53세,상해없음,화물,남,24세,경상
2014121100100283,2014년 12월 11일 13시,목요일,전라남도 나주시 석현동,경상사고,0,0,1,0,차대차 - 추돌 - 진행중,안전거리미확보,건조,흐림,단일로 - 기타,화물,남,27세,상해없음,승용,남,45세,상해없음
2014121100100284,2014년 12월 11일 13시,목요일,전라남도 광양시 마동,경상사고,0,0,1,0,차대차 - 기타,안전운전불이행,건조,맑음,교차로 - 교차로부근,승용,남,55세,상해없음,승용,남,24세,경상
2014121100100285,2014년 12월 11일 13시,목요일,전라남도 구례군 구례읍,경상사고,0,0,1,0,차대차 - 기타,직진우회전진행방해,건조,맑음,교차로 - 교차로안,승용,남,81세,상해없음,화물,여,55세,상해없음
2014121100100304,2014년 12월 11일 14시,목요일,전라남도 목포시 산정동,경상사고,0,0,1,0,차대차 - 측면직각충돌,안전운전불이행,건조,맑음,단일로 - 기타,화물,남,52세,상해없음,원동기,남,32세,경상
2014121100100305,2014년 12월 11일 14시,목요일,전라남도 목포시 대안동,경상사고,0,0,1,0,차대차 - 측면직각충돌,중앙선침범,건조,맑음,단일로 - 기타,승용,남,54세,상해없음,승용,남,64세,상해없음
2014121100100336,2014년 12월 11일 15시,목요일,전라남도 목포시 상동,경상사고,0,0,1,0,차대차 - 기타,안전운전불이행,건조,맑음,단일로 - 기타,승합,여,32세,상해없음,승용,여,48세,경상
2014121100100337,2014년 12월 11일 15시,목요일,전라남도 여수시 묘도동,사망사고,1,0,0,0,차량단독 - 전도전복,안전운전불이행,건조,맑음,교차로 - 교차로부근,건설기계,남,56세,사망,,,,
2014121100100338,2014년 12월 11일 15시,목요일,전라남도 영암군 삼호읍,경상사고,0,0,2,0,차대차 - 추돌 - 주정차중,안전운전불이행,건조,맑음,교차로 - 교차로부근,승용,남,50세,상해없음,승용,남,30세,경상
2014121100100355,2014년 12월 11일 16시,목요일,전라남도 해남군 해남읍,경상사고,0,0,3,0,차대차 - 측면직각충돌,교차로운행방법위반,건조,맑음,단일로 - 기타,화물,남,49세,경상,승용,남,73세,경상
2014121100100356,2014년 12월 11일 16시,목요일,전라남도 광양시 마동,경상사고,0,0,1,0,차대사람 - 횡단중,안전운전불이행,건조,맑음,단일로 - 기타,승합,남,62세,상해없음,보행자,여,72세,경상
2014121100100422,2014년 12월 11일 18시,목요일,전라남도 목포시 동명동,경상사고,0,0,1,0,차대사람 - 횡단중,안전운전불이행,건조,맑음,단일로 - 기타,승용,여,43세,상해없음,보행자,여,69세,경상
2014121100100423,2014년 12월 11일 18시,목요일,전라남도 여수시 신기동,경상사고,0,0,1,0,차대차 - 기타,안전운전불이행,건조,맑음,단일로 - 기타,승용,남,43세,상해없음,승용,여,47세,경상
2014121100100424,2014년 12월 11일 18시,목요일,전라남도 나주시 산포면,경상사고,0,0,2,0,차대차 - 추돌 - 주정차중,안전거리미확보,습기,맑음,단일로 - 기타,승합,남,60세,경상,승합,남,57세,상해없음
2014121100100425,2014년 12월 11일 18시,목요일,전라남도 장성군 서삼면,경상사고,0,0,1,0,차대차 - 측면직각충돌,안전운전불이행,건조,맑음,교차로 - 교차로안,화물,남,56세,상해없음,화물,남,46세,경상
2014121100100465,2014년 12월 11일 19시,목요일,전라남도 영암군 신북면,부상신고사고,0,0,0,1,차대차 - 추돌 - 주정차중,안전운전불이행,건조,맑음,단일로 - 기타,원동기,남,61세,부상신고,화물,여,44세,기타불명
2014121100100466,2014년 12월 11일 19시,목요일,전라남도 광양시 진월면,사망사고,1,0,0,0,차대사람 - 기타,안전운전불이행,건조,흐림,단일로 - 기타,기타불명,기타불명,기타불명,기타불명,보행자,남,47세,사망
2014121100100498,2014년 12월 11일 20시,목요일,전라남도 순천시 해룡면,경상사고,0,0,1,0,차대차 - 기타,안전운전불이행,건조,맑음,단일로 - 기타,화물,남,40세,상해없음,승합,남,31세,경상
2014121100100553,2014년 12월 11일 22시,목요일,전라남도 목포시 석현동,경상사고,0,0,1,0,차대차 - 기타,안전거리미확보,건조,맑음,단일로 - 기타,화물,남,43세,상해없음,승용,여,24세,경상
2014121100100581,2014년 12월 11일 23시,목요일,전라남도 나주시 금천면,사망사고,1,0,0,0,차대사람 - 기타,안전운전불이행,건조,맑음,단일로 - 기타,승용,남,48세,상해없음,보행자,남,46세,사망
2014121200100061,2014년 12월 12일 04시,금요일,전라남도 장흥군 용산면,경상사고,0,0,1,0,차량단독 - 도로외이탈 - 기타,안전운전불이행,건조,맑음,단일로 - 기타,승용,남,62세,경상,,,,
2014121200100086,2014년 12월 12일 06시,금요일,전라남도 무안군 청계면,경상사고,0,0,1,1,차대차 - 기타,신호위반,건조,맑음,교차로 - 교차로안,승용,여,48세,부상신고,승용,남,42세,경상
2014121200100087,2014년 12월 12일 06시,금요일,전라남도 광양시 중동,경상사고,0,0,1,0,차대차 - 측면직각충돌,안전운전불이행,건조,맑음,교차로 - 교차로안,건설기계,남,59세,상해없음,승용,여,28세,경상
2014121200100115,2014년 12월 12일 07시,금요일,전라남도 순천시 해룡면,경상사고,0,0,1,0,차대차 - 추돌 - 주정차중,안전운전불이행,건조,맑음,단일로 - 기타,화물,남,37세,상해없음,승용,남,40세,경상
2014121200100116,2014년 12월 12일 07시,금요일,전라남도 구례군 구례읍,경상사고,0,0,1,0,차대차 - 기타,직진우회전진행방해,건조,맑음,교차로 - 교차로안,승용,남,57세,상해없음,자전거,남,13세,경상
2014121200100155,2014년 12월 12일 08시,금요일,전라남도 목포시 상동,부상신고사고,0,0,0,1,차대사람 - 횡단중,안전운전불이행,건조,맑음,교차로 - 교차로부근,기타불명,기타불명,기타불명,기타불명,보행자,여,14세,부상신고
2014121200100156,2014년 12월 12일 08시,금요일,전라남도 목포시 연산동,중상사고,0,1,0,0,차대사람 - 기타,안전운전불이행,건조,맑음,단일로 - 기타,승용,여,45세,상해없음,보행자,여,56세,중상
2014121200100157,2014년 12월 12일 08시,금요일,전라남도 여수시 봉산동,중상사고,0,1,5,0,차대차 - 기타,신호위반,건조,맑음,교차로 - 교차로안,승용,남,45세,경상,승용,남,51세,경상
2014121200100158,2014년 12월 12일 08시,금요일,전라남도 광양시 광양읍,경상사고,0,0,1,0,차대차 - 측면직각충돌,안전거리미확보,건조,맑음,단일로 - 기타,건설기계,남,53세,상해없음,승용,여,30세,경상
2014121200100184,2014년 12월 12일 09시,금요일,전라남도 화순군 화순읍,중상사고,0,1,1,0,차대차 - 측면직각충돌,신호위반,결빙,눈,교차로 - 교차로안,화물,남,59세,상해없음,승용,남,31세,경상
2014121200100185,2014년 12월 12일 09시,금요일,전라남도 함평군 함평읍,경상사고,0,0,2,0,차대차 - 측면직각충돌,안전운전불이행,적설,눈,교차로 - 교차로안,승용,남,55세,상해없음,승용,여,38세,경상
2014121200100186,2014년 12월 12일 09시,금요일,전라남도 무안군 무안읍,중상사고,0,2,0,0,차대차 - 기타,신호위반,습기,맑음,교차로 - 교차로안,화물,남,35세,상해없음,원동기,남,81세,중상
2014121200100207,2014년 12월 12일 10시,금요일,전라남도 담양군 담양읍,경상사고,0,0,2,0,차대차 - 기타,안전운전불이행,건조,맑음,교차로 - 교차로안,승용,남,43세,경상,화물,남,40세,경상
2014121200100265,2014년 12월 12일 12시,금요일,전라남도 목포시 대안동,경상사고,0,0,1,0,차대사람 - 기타,안전운전불이행,건조,맑음,단일로 - 기타,승용,남,52세,상해없음,보행자,여,59세,경상
2014121200100266,2014년 12월 12일 12시,금요일,전라남도 순천시 별량면,경상사고,0,0,3,0,차대차 - 기타,안전운전불이행,건조,맑음,교차로 - 교차로안,화물,여,52세,경상,화물,남,61세,경상
2014121200100290,2014년 12월 12일 13시,금요일,전라남도 보성군 회천면,경상사고,0,0,2,0,차대차 - 정면충돌,중앙선침범,건조,흐림,단일로 - 기타,승용,여,27세,경상,승용,남,62세,경상