사고번호,사고일시,요일,시군구,사고내용,사망자수,중상자수,경상자수,부상신고자수,사고유형,법규위반,노면상태,기상상태,도로형태,가해운전자 차종,가해운전자 성별,가해운전자 연령,가해운전자 상해정도,피해운전자 차종,피해운전자 성별,피해운전자 연령,피해운전자 상해정도
2014121200100330,2014년 12월 12일 14시,금요일,전라남도 목포시 상동,경상사고,0,0,2,0,차대차 - 측면직각충돌,신호위반,건조,맑음,교차로 - 교차로안,승합,남,24세,상해없음,화물,남,44세,경상
2014121200100358,2014년 12월 12일 15시,금요일,전라남도 순천시 낙안면,중상사고,0,1,0,0,차대사람 - 기타,안전운전불이행,습기,눈,단일로 - 기타,화물,남,55세,상해없음,보행자,여,52세,중상
2014121200100403,2014년 12월 12일 16시,금요일,전라남도 여수시 웅천동,경상사고,0,0,3,0,차대차 - 측면직각충돌,안전운전불이행,건조,맑음,단일로 - 기타,화물,남,59세,상해없음,승용,여,31세,경상
2014121200100457,2014년 12월 12일 17시,금요일,전라남도 순천시 승주읍,부상신고사고,0,0,0,1,차대차 - 측면직각충돌,기타,결빙,눈,교차로 - 교차로부근,승용,남,23세,부상신고,화물,남,51세,상해없음
2014121200100568,2014년 12월 12일 19시,금요일,전라남도 목포시 용해동,경상사고,0,0,1,0,차대사람 - 기타,보행자보호의무위반,건조,맑음,단일로 - 횡단보도상,승용,남,69세,상해없음,보행자,여,40세,경상
2014121200100609,2014년 12월 12일 20시,금요일,전라남도 목포시 산정동,경상사고,0,0,1,0,차대사람 - 보도통행중,안전운전불이행,건조,흐림,단일로 - 기타,화물,남,48세,상해없음,보행자,여,12세,경상
2014121200100611,2014년 12월 12일 20시,금요일,전라남도 여수시 돌산읍,경상사고,0,0,1,0,차대사람 - 횡단중,보행자보호의무위반,건조,맑음,교차로 - 교차로부근,승용,남,67세,상해없음,보행자,남,9세,경상
2014121200100652,2014년 12월 12일 21시,금요일,전라남도 여수시 신기동,경상사고,0,0,3,0,차대차 - 측면직각충돌,신호위반,건조,맑음,교차로 - 교차로안,승용,여,46세,경상,승용,남,54세,경상
2014121200100653,2014년 12월 12일 21시,금요일,전라남도 나주시 세지면,중상사고,0,2,1,0,차대차 - 추돌 - 주정차중,안전운전불이행,습기,눈,단일로 - 기타,승용,남,43세,경상,화물,남,56세,중상
2014121200100678,2014년 12월 12일 22시,금요일,전라남도 순천시 연향동,경상사고,0,0,1,0,차대차 - 추돌 - 진행중,차로위반,건조,맑음,단일로 - 기타,승용,남,58세,상해없음,이륜,남,34세,경상
2014121200100679,2014년 12월 12일 22시,금요일,전라남도 나주시 빛가람동,경상사고,0,0,1,0,차대차 - 기타,신호위반,습기,눈,교차로 - 교차로안,승용,남,26세,상해없음,승용,남,36세,경상
2014121300100028,2014년 12월 13일 00시,토요일,전라남도 영암군 서호면,경상사고,0,0,1,0,차량단독 - 공작물충돌,안전운전불이행,건조,맑음,단일로 - 기타,승용,남,24세,경상,,,,
2014121300100055,2014년 12월 13일 01시,토요일,전라남도 순천시 동외동,경상사고,0,0,1,0,차대사람 - 기타,안전운전불이행,건조,맑음,단일로 - 기타,승용,남,22세,상해없음,보행자,여,22세,경상
2014121300100104,2014년 12월 13일 03시,토요일,전라남도 순천시 덕암동,경상사고,0,0,1,0,차대차 - 추돌 - 진행중,안전운전불이행,건조,맑음,단일로 - 기타,기타불명,기타불명,기타불명,기타불명,화물,남,48세,경상
2014121300100130,2014년 12월 13일 05시,토요일,전라남도 순천시 해룡면,경상사고,0,0,1,0,차대차 - 추돌 - 주정차중,안전운전불이행,건조,맑음,단일로 - 기타,승용,남,33세,경상,승용,여,42세,기타불명
2014121300100197,2014년 12월 13일 09시,토요일,전라남도 나주시 산포면,중상사고,0,1,1,0,차대차 - 측면직각충돌,안전운전불이행,결빙,눈,교차로 - 교차로안,화물,남,56세,상해없음,승용,남,54세,중상
2014121300100198,2014년 12월 13일 09시,토요일,전라남도 나주시 남평읍,경상사고,0,0,2,0,차대차 - 측면직각충돌,안전운전불이행,결빙,흐림,단일로 - 기타,승용,남,73세,경상,승용,남,49세,상해없음
2014121300100223,2014년 12월 13일 10시,토요일,전라남도 나주시 동강면,사망사고,1,0,0,0,차량단독 - 전도전복,안전운전불이행,습기,흐림,단일로 - 기타,이륜,남,52세,사망,,,,
2014121300100224,2014년 12월 13일 10시,토요일,전라남도 담양군 담양읍,경상사고,0,0,1,0,차량단독 - 공작물충돌,안전운전불이행,적설,맑음,단일로 - 기타,승용,남,23세,경상,,,,
2014121300100257,2014년 12월 13일 11시,토요일,전라남도 순천시 조례동,중상사고,0,1,0,0,차대사람 - 기타,안전운전불이행,건조,맑음,단일로 - 기타,화물,남,35세,상해없음,보행자,여,78세,중상
2014121300100258,2014년 12월 13일 11시,토요일,전라남도 순천시 덕암동,경상사고,0,0,1,0,차대차 - 기타,안전운전불이행,건조,맑음,교차로 - 교차로부근,승용,여,26세,상해없음,승용,여,35세,경상
2014121300100259,2014년 12월 13일 11시,토요일,전라남도 순천시 조례동,경상사고,0,0,2,0,차대차 - 측면직각충돌,신호위반,건조,맑음,교차로 - 교차로안,승용,여,62세,상해없음,승용,여,34세,경상
2014121300100260,2014년 12월 13일 11시,토요일,전라남도 순천시 동외동,중상사고,0,1,0,0,차대사람 - 기타,안전운전불이행,건조,맑음,단일로 - 기타,승용,남,65세,상해없음,보행자,여,75세,중상
2014121300100261,2014년 12월 13일 11시,토요일,전라남도 나주시 대호동,경상사고,0,0,4,0,차대차 - 기타,안전운전불이행,적설,흐림,교차로 - 교차로부근,화물,남,60세,상해없음,승용,여,26세,경상
2014121300100262,2014년 12월 13일 11시,토요일,전라남도 영암군 삼호읍,경상사고,0,0,2,0,차대차 - 측면직각충돌,직진우회전진행방해,습기,흐림,교차로 - 교차로안,승용,남,26세,경상,승용,남,39세,상해없음
2014121300100263,2014년 12월 13일 11시,토요일,전라남도 영암군 삼호읍,사망사고,1,0,1,0,차대차 - 측면직각충돌,안전운전불이행,습기,흐림,단일로 - 기타,승용,남,24세,사망,화물,남,33세,경상
2014121300100303,2014년 12월 13일 12시,토요일,전라남도 영암군 삼호읍,중상사고,0,1,5,0,차대차 - 측면직각충돌,신호위반,건조,맑음,교차로 - 교차로안,승용,남,37세,경상,승용,여,46세,경상
2014121300100338,2014년 12월 13일 13시,토요일,전라남도 목포시 용해동,경상사고,0,0,2,0,차대차 - 추돌 - 진행중,안전거리미확보,건조,맑음,단일로 - 기타,승용,남,38세,경상,승용,여,42세,상해없음
2014121300100379,2014년 12월 13일 14시,토요일,전라남도 완도군 완도읍,경상사고,0,0,1,0,차대차 - 추돌 - 진행중,안전운전불이행,건조,흐림,단일로 - 기타,승용,여,37세,상해없음,승용,남,54세,경상
2014121300100413,2014년 12월 13일 15시,토요일,전라남도 장흥군 장흥읍,중상사고,0,1,3,0,차대차 - 측면직각충돌,교차로운행방법위반,건조,흐림,교차로 - 교차로안,승합,남,72세,경상,화물,남,53세,경상
2014121300100414,2014년 12월 13일 15시,토요일,전라남도 함평군 월야면,경상사고,0,0,2,0,차대차 - 측면직각충돌,안전거리미확보,건조,맑음,단일로 - 기타,승용,남,55세,경상,승용,남,62세,경상
2014121300100443,2014년 12월 13일 16시,토요일,전라남도 나주시 금천면,중상사고,0,3,0,0,차대차 - 추돌 - 진행중,안전운전불이행,습기,흐림,단일로 - 기타,승용,남,52세,상해없음,승용,여,45세,중상
2014121300100478,2014년 12월 13일 17시,토요일,전라남도 여수시 신기동,경상사고,0,0,1,0,차대차 - 측면직각충돌,안전운전불이행,건조,맑음,교차로 - 교차로안,승용,남,52세,상해없음,승용,여,48세,경상
2014121300100519,2014년 12월 13일 18시,토요일,전라남도 여수시 국동,경상사고,0,0,1,0,차대사람 - 횡단중,안전운전불이행,건조,맑음,단일로 - 기타,승용,남,22세,상해없음,보행자,남,45세,경상
2014121300100520,2014년 12월 13일 18시,토요일,전라남도 순천시 대룡동,중상사고,0,1,0,0,차대사람 - 기타,안전운전불이행,건조,맑음,교차로 - 교차로안,화물,남,56세,상해없음,보행자,여,79세,중상
2014121300100521,2014년 12월 13일 18시,토요일,전라남도 담양군 담양읍,중상사고,0,1,5,0,차대차 - 측면직각충돌,신호위반,습기,흐림,교차로 - 교차로안,승용,여,27세,경상,승용,남,59세,경상
2014121300100522,2014년 12월 13일 18시,토요일,전라남도 광양시 중동,경상사고,0,0,4,0,차대차 - 측면직각충돌,신호위반,건조,맑음,교차로 - 교차로안,승용,남,44세,상해없음,승용,여,50세,경상
2014121300100523,2014년 12월 13일 18시,토요일,전라남도 담양군 담양읍,사망사고,1,0,0,0,차대사람 - 기타,안전운전불이행,습기,눈,단일로 - 기타,화물,남,55세,상해없음,보행자,남,47세,사망
2014121300100563,2014년 12월 13일 19시,토요일,전라남도 순천시 조례동,경상사고,0,0,1,0,차대차 - 추돌 - 주정차중,안전운전불이행,건조,맑음,교차로 - 교차로부근,승용,남,48세,상해없음,승용,여,60세,경상
2014121300100595,2014년 12월 13일 20시,토요일,전라남도 순천시 연향동,경상사고,0,0,2,0,차대차 - 기타,안전운전불이행,건조,맑음,단일로 - 기타,승용,여,47세,상해없음,승용,여,37세,상해없음
2014121300100624,2014년 12월 13일 21시,토요일,전라남도 나주시 이창동,중상사고,0,1,0,0,차대사람 - 횡단중,보행자보호의무위반,습기,흐림,단일로 - 횡단보도상,승용,남,51세,상해없음,보행자,남,39세,중상
2014121300100653,2014년 12월 13일 22시,토요일,전라남도 여수시 돌산읍,중상사고,0,1,0,0,차대사람 - 횡단중,안전운전불이행,건조,맑음,기타 - 기타,승용,남,42세,상해없음,보행자,남,47세,중상
2014121300100654,2014년 12월 13일 22시,토요일,전라남도 장흥군 장흥읍,경상사고,0,0,3,0,차대차 - 측면직각충돌,교차로운행방법위반,건조,맑음,교차로 - 교차로안,승용,남,43세,경상,승용,여,45세,경상
2014121300100655,2014년 12월 13일 22시,토요일,전라남도 화순군 화순읍,경상사고,0,0,1,1,차대차 - 측면직각충돌,기타,건조,맑음,교차로 - 교차로안,이륜,남,16세,부상신고,승용,여,53세,경상
2014121300100656,2014년 12월 13일 22시,토요일,전라남도 함평군 함평읍,경상사고,0,0,1,0,차대사람 - 길가장자리구역통행중,안전운전불이행,적설,눈,단일로 - 교량,승용,여,22세,상해없음,보행자,남,52세,경상
2014121400100016,2014년 12월 14일 00시,일요일,전라남도 영암군 삼호읍,경상사고,0,0,1,0,차대차 - 추돌 - 주정차중,안전운전불이행,결빙,눈,교차로 - 교차로부근,승용,남,29세,상해없음,승용,남,35세,경상
2014121400100041,2014년 12월 14일 01시,일요일,전라남도 해남군 산이면,경상사고,0,0,1,0,차량단독 - 도로외이탈 - 기타,안전운전불이행,건조,맑음,단일로 - 기타,화물,남,34세,경상,,,,
2014121400100105,2014년 12월 14일 05시,일요일,전라남도 해남군 해남읍,사망사고,1,0,0,0,차량단독 - 도로외이탈 - 기타,안전운전불이행,습기,눈,단일로 - 기타,화물,남,19세,사망,,,,
2014121400100121,2014년 12월 14일 06시,일요일,전라남도 여수시 묘도동,중상사고,0,1,0,0,차대사람 - 기타,안전운전불이행,습기,안개,기타 - 기타,승용,남,50세,상해없음,보행자,남,42세,중상
2014121400100195,2014년 12월 14일 11시,일요일,전라남도 영암군 금정면,경상사고,0,0,1,0,차대차 - 기타,안전운전불이행,건조,맑음,단일로 - 기타,승용,남,61세,상해없음,자전거,여,13세,경상
2014121400100254,2014년 12월 14일 14시,일요일,전라남도 여수시 신기동,경상사고,0,0,2,0,차대차 - 추돌 - 진행중,신호위반,건조,맑음,교차로 - 교차로안,승용,여,43세,상해없음,승용,여,52세,경상
2014121400100255,2014년 12월 14일 14시,일요일,전라남도 영암군 영암읍,중상사고,0,1,0,0,차량단독 - 도로외이탈 - 기타,안전운전불이행,건조,맑음,단일로 - 기타,승용,여,54세,중상,,,,
2014121400100281,2014년 12월 14일 15시,일요일,전라남도 보성군 벌교읍,중상사고,0,1,0,0,차대차 - 기타,안전운전불이행,건조,맑음,단일로 - 기타,화물,남,53세,기타불명,자전거,여,65세,중상
2014121400100282,2014년 12월 14일 15시,일요일,전라남도 영암군 시종면,중상사고,0,3,1,0,차대차 - 정면충돌,중앙선침범,건조,맑음,단일로 - 기타,승용,여,58세,중상,승용,남,50세,중상
2014121400100283,2014년 12월 14일 15시,일요일,전라남도 강진군 성전면,중상사고,0,1,3,0,차대차 - 추돌 - 주정차중,안전운전불이행,습기,맑음,단일로 - 기타,승용,남,29세,상해없음,승용,남,27세,경상
2014121400100317,2014년 12월 14일 16시,일요일,전라남도 순천시 연향동,부상신고사고,0,0,0,1,차량단독 - 전도전복,안전운전불이행,건조,맑음,단일로 - 기타,원동기,남,19세,부상신고,,,,
2014121400100347,2014년 12월 14일 17시,일요일,전라남도 여수시 여서동,경상사고,0,0,1,0,차대사람 - 보도통행중,기타,건조,맑음,기타 - 기타,승용,여,33세,상해없음,보행자,남,5세,경상
2014121400100348,2014년 12월 14일 17시,일요일,전라남도 장성군 삼계면,경상사고,0,0,1,0,차대차 - 기타,안전운전불이행,습기,맑음,교차로 - 교차로안,승용,남,23세,상해없음,승용,남,45세,경상
2014121400100377,2014년 12월 14일 18시,일요일,전라남도 화순군 화순읍,경상사고,0,0,1,0,차대차 - 기타,기타,건조,흐림,교차로 - 교차로안,이륜,남,18세,경상,승용,여,44세,상해없음
2014121400100378,2014년 12월 14일 18시,일요일,전라남도 화순군 동면,사망사고,1,0,0,0,차량단독 - 전도전복,안전운전불이행,건조,맑음,단일로 - 기타,이륜,남,74세,사망,,,,
2014121400100379,2014년 12월 14일 18시,일요일,전라남도 함평군 나산면,중상사고,0,1,1,0,차량단독 - 공작물충돌,안전운전불이행,습기,맑음,단일로 - 기타,화물,남,75세,경상,,,,
2014121400100420,2014년 12월 14일 19시,일요일,전라남도 여수시 국동,경상사고,0,0,3,0,차대차 - 추돌 - 주정차중,안전운전불이행,건조,맑음,교차로 - 교차로부근,화물,남,35세,상해없음,승용,남,42세,경상
2014121400100421,2014년 12월 14일 19시,일요일,전라남도 해남군 송지면,경상사고,0,0,1,0,차대사람 - 기타,안전운전불이행,기타,기타,기타 - 기타,화물,남,60세,상해없음,보행자,남,49세,경상
2014121400100453,2014년 12월 14일 20시,일요일,전라남도 여수시 봉계동,경상사고,0,0,2,0,차대차 - 측면직각충돌,중앙선침범,건조,맑음,단일로 - 기타,승용,남,60세,상해없음,승용,여,43세,경상
2014121400100482,2014년 12월 14일 21시,일요일,전라남도 화순군 화순읍,중상사고,0,1,0,0,차대차 - 측면직각충돌,안전운전불이행,건조,맑음,교차로 - 교차로안,승용,남,59세,상해없음,승용,남,30세,중상
2014121400100519,2014년 12월 14일 23시,일요일,전라남도 해남군 산이면,중상사고,0,1,0,0,차량단독 - 전도전복,안전운전불이행,기타,흐림,단일로 - 기타,화물,남,23세,중상,,,,
2014121500100084,2014년 12월 15일 07시,월요일,전라남도 여수시 봉계동,경상사고,0,0,2,0,차대차 - 추돌 - 진행중,안전거리미확보,건조,맑음,단일로 - 기타,승용,남,55세,경상,승용,남,56세,경상
2014121500100085,2014년 12월 15일 07시,월요일,전라남도 순천시 해룡면,경상사고,0,0,1,0,차대사람 - 횡단중,안전운전불이행,건조,맑음,교차로 - 교차로부근,화물,남,55세,상해없음,보행자,여,55세,경상
2014121500100086,2014년 12월 15일 07시,월요일,전라남도 영암군 신북면,중상사고,0,2,0,0,차량단독 - 공작물충돌,안전운전불이행,건조,맑음,단일로 - 기타,화물,남,54세,중상,,,,
2014121500100120,2014년 12월 15일 08시,월요일,전라남도 여수시 학동,중상사고,0,1,0,0,차대차 - 정면충돌,안전운전불이행,건조,맑음,단일로 - 기타,승용,여,47세,상해없음,자전거,남,15세,중상
2014121500100121,2014년 12월 15일 08시,월요일,전라남도 장성군 황룡면,경상사고,0,0,1,0,차대차 - 추돌 - 진행중,안전운전불이행,건조,맑음,교차로 - 교차로부근,건설기계,남,55세,상해없음,승용,여,45세,경상
2014121500100122,2014년 12월 15일 08시,월요일,전라남도 강진군 병영면,중상사고,0,1,0,0,차대차 - 기타,중앙선침범,건조,맑음,단일로 - 기타,화물,남,59세,상해없음,화물,남,58세,중상
2014121500100123,2014년 12월 15일 08시,월요일,전라남도 광양시 중동,경상사고,0,0,1,0,차대차 - 기타,신호위반,건조,맑음,교차로 - 교차로안,승용,여,51세,경상,화물,남,65세,상해없음
2014121500100160,2014년 12월 15일 09시,월요일,전라남도 순천시 가곡동,부상신고사고,0,0,0,1,차대차 - 추돌 - 주정차중,안전운전불이행,건조,맑음,교차로 - 교차로부근,이륜,남,49세,부상신고,승용,여,47세,상해없음
2014121500100161,2014년 12월 15일 09시,월요일,전라남도 광양시 진월면,중상사고,0,1,1,0,차대차 - 추돌 - 진행중,안전운전불이행,건조,맑음,교차로 - 교차로부근,화물,남,30세,상해없음,화물,남,58세,중상
2014121500100189,2014년 12월 15일 10시,월요일,전라남도 해남군 해남읍,경상사고,0,0,1,0,차대차 - 기타,교차로운행방법위반,건조,맑음,교차로 - 교차로안,승용,남,57세,상해없음,화물,남,68세,경상
2014121500100272,2014년 12월 15일 13시,월요일,전라남도 나주시 금천면,경상사고,0,0,1,0,차대차 - 추돌 - 주정차중,안전운전불이행,건조,맑음,교차로 - 교차로부근,화물,남,35세,상해없음,승용,남,57세,경상
2014121500100273,2014년 12월 15일 13시,월요일,전라남도 광양시 진월면,중상사고,0,1,0,0,차대차 - 측면직각충돌,직진우회전진행방해,건조,맑음,교차로 - 교차로안,화물,남,48세,상해없음,원동기,남,80세,중상
2014121500100305,2014년 12월 15일 14시,월요일,전라남도 순천시 석현동,경상사고,0,0,1,0,차대차 - 기타,교차로운행방법위반,건조,맑음,교차로 - 교차로안,화물,여,51세,상해없음,승용,남,50세,경상
2014121500100333,2014년 12월 15일 15시,월요일,전라남도 목포시 용당동,경상사고,0,0,5,0,차대차 - 추돌 - 주정차중,안전거리미확보,건조,흐림,단일로 - 기타,승용,남,62세,경상,승용,남,36세,경상
2014121500100334,2014년 12월 15일 15시,월요일,전라남도 순천시 조례동,경상사고,0,0,1,0,차대차 - 기타,안전운전불이행,건조,맑음,단일로 - 기타,승용,여,40세,상해없음,승용,여,39세,경상
2014121500100335,2014년 12월 15일 15시,월요일,전라남도 고흥군 남양면,중상사고,0,1,0,0,차대사람 - 기타,안전운전불이행,건조,맑음,단일로 - 기타,기타불명,기타불명,기타불명,기타불명,보행자,여,73세,중상
2014121500100363,2014년 12월 15일 16시,월요일,전라남도 목포시 복만동,경상사고,0,0,2,0,차대차 - 측면직각충돌,안전운전불이행,건조,흐림,교차로 - 교차로안,승용,남,39세,경상,승용,남,53세,경상
2014121500100364,2014년 12월 15일 16시,월요일,전라남도 순천시 조례동,경상사고,0,0,1,0,차대사람 - 기타,기타,건조,맑음,단일로 - 기타,승용,남,27세,상해없음,보행자,남,19세,경상
2014121500100393,2014년 12월 15일 17시,월요일,전라남도 목포시 옥암동,경상사고,0,0,4,0,차대차 - 측면직각충돌,직진우회전진행방해,건조,흐림,교차로 - 교차로안,승용,여,44세,경상,승용,여,30세,경상
2014121500100437,2014년 12월 15일 18시,월요일,전라남도 여수시 여서동,경상사고,0,0,1,0,차대차 - 기타,중앙선침범,건조,맑음,단일로 - 기타,화물,남,19세,상해없음,화물,남,45세,경상
2014121500100438,2014년 12월 15일 18시,월요일,전라남도 여수시 광무동,부상신고사고,0,0,0,1,차량단독 - 기타,기타,건조,맑음,단일로 - 기타,승합,남,59세,상해없음,,,,
2014121500100439,2014년 12월 15일 18시,월요일,전라남도 영암군 삼호읍,부상신고사고,0,0,0,1,차대차 - 기타,신호위반,건조,맑음,교차로 - 교차로안,승용,기타불명,기타불명,기타불명,자전거,남,57세,부상신고
2014121500100506,2014년 12월 15일 19시,월요일,전라남도 순천시 연향동,중상사고,0,1,0,0,차대사람 - 기타,보행자보호의무위반,건조,흐림,교차로 - 교차로안,승용,여,46세,상해없음,보행자,여,52세,중상
2014121500100507,2014년 12월 15일 19시,월요일,전라남도 고흥군 남양면,경상사고,0,0,3,0,차대사람 - 차도통행중,안전운전불이행,건조,맑음,단일로 - 기타,승용,남,42세,상해없음,보행자,남,59세,경상
2014121500100508,2014년 12월 15일 19시,월요일,전라남도 무안군 삼향읍,경상사고,0,0,2,0,차대차 - 측면직각충돌,안전운전불이행,결빙,눈,단일로 - 기타,승용,남,25세,상해없음,승용,남,56세,경상
2014121500100599,2014년 12월 15일 21시,월요일,전라남도 여수시 문수동,경상사고,0,0,1,0,차대차 - 추돌 - 주정차중,안전운전불이행,건조,맑음,단일로 - 기타,승용,남,32세,상해없음,승용,여,63세,경상
2014121500100636,2014년 12월 15일 22시,월요일,전라남도 목포시 산정동,경상사고,0,0,1,0,차대사람 - 횡단중,안전운전불이행,습기,흐림,교차로 - 교차로부근,승합,남,63세,상해없음,보행자,남,52세,경상
2014121500100671,2014년 12월 15일 23시,월요일,전라남도 여수시 신기동,경상사고,0,0,1,0,차대사람 - 기타,안전운전불이행,건조,흐림,단일로 - 기타,승용,남,34세,상해없음,보행자,남,50세,경상
2014121600100016,2014년 12월 16일 00시,화요일,전라남도 광양시 태인동,중상사고,0,1,0,0,차대차 - 추돌 - 주정차중,안전운전불이행,습기,비,단일로 - 기타,승용,남,40세,중상,특수,남,50세,기타불명
2014121600100028,2014년 12월 16일 01시,화요일,전라남도 무안군 삼향읍,경상사고,0,0,1,0,차대차 - 정면충돌,안전운전불이행,습기,흐림,단일로 - 기타,승용,여,45세,상해없음,승용,남,43세,경상
2014121600100067,2014년 12월 16일 04시,화요일,전라남도 순천시 연향동,경상사고,0,0,3,0,차대차 - 기타,신호위반,습기,비,교차로 - 교차로안,승용,남,52세,상해없음,승용,남,64세,경상
2014121600100073,2014년 12월 16일 05시,화요일,전라남도 나주시 노안면,경상사고,0,0,1,0,차량단독 - 공작물충돌,안전운전불이행,결빙,기타,단일로 - 기타,승용,남,28세,경상,,,,
2014121600100087,2014년 12월 16일 06시,화요일,전라남도 여수시 돌산읍,경상사고,0,0,1,0,차대차 - 측면직각충돌,신호위반,건조,맑음,교차로 - 교차로안,승용,남,66세,상해없음,승용,남,55세,경상
2014121600100146,2014년 12월 16일 08시,화요일,전라남도 여수시 국동,경상사고,0,0,1,0,차대사람 - 횡단중,신호위반,건조,맑음,교차로 - 교차로부근,승용,여,35세,상해없음,보행자,남,18세,경상
2014121600100147,2014년 12월 16일 08시,화요일,전라남도 고흥군 고흥읍,중상사고,0,1,0,0,차대차 - 추돌 - 진행중,교차로운행방법위반,건조,맑음,교차로 - 교차로안,승용,남,25세,상해없음,화물,남,77세,중상
2014121600100168,2014년 12월 16일 09시,화요일,전라남도 완도군 고금면,경상사고,0,0,1,0,차대사람 - 기타,안전운전불이행,습기,흐림,단일로 - 기타,승용,여,65세,상해없음,보행자,남,54세,경상
2014121600100189,2014년 12월 16일 10시,화요일,전라남도 목포시 해안동1가,경상사고,0,0,2,0,차대차 - 기타,교차로운행방법위반,건조,맑음,교차로 - 교차로안,승용,여,60세,경상,승용,남,49세,경상
2014121600100224,2014년 12월 16일 12시,화요일,전라남도 해남군 해남읍,경상사고,0,0,1,0,차대사람 - 기타,안전운전불이행,건조,맑음,단일로 - 기타,화물,남,48세,상해없음,보행자,여,77세,경상
2014121600100225,2014년 12월 16일 12시,화요일,전라남도 무안군 현경면,경상사고,0,0,2,1,차대차 - 추돌 - 진행중,안전거리미확보,습기,눈,단일로 - 기타,화물,남,37세,부상신고,화물,남,50세,경상
2014121600100258,2014년 12월 16일 13시,화요일,전라남도 무안군 해제면,중상사고,0,1,0,0,차대사람 - 기타,보행자보호의무위반,습기,눈,교차로 - 교차로안,화물,남,48세,상해없음,보행자,여,66세,중상
2014121600100281,2014년 12월 16일 14시,화요일,전라남도 목포시 상동,경상사고,0,0,3,0,차대차 - 기타,차로위반,건조,맑음,교차로 - 교차로부근,화물,남,55세,상해없음,승용,여,41세,경상
2014121600100282,2014년 12월 16일 14시,화요일,전라남도 목포시 옥암동,중상사고,0,2,1,0,차대차 - 기타,안전운전불이행,습기,흐림,단일로 - 기타,승용,남,30세,상해없음,승용,남,64세,경상
2014121600100283,2014년 12월 16일 14시,화요일,전라남도 해남군 해남읍,경상사고,0,0,1,0,차대차 - 측면직각충돌,안전운전불이행,습기,눈,단일로 - 기타,화물,남,64세,상해없음,승용,여,35세,경상
2014121600100315,2014년 12월 16일 15시,화요일,전라남도 고흥군 금산면,중상사고,0,2,0,0,차대차 - 측면직각충돌,안전운전불이행,습기,눈,단일로 - 기타,승용,남,65세,중상,화물,남,44세,중상
2014121600100335,2014년 12월 16일 16시,화요일,전라남도 무안군 일로읍,경상사고,0,0,9,0,차대차 - 측면직각충돌,직진우회전진행방해,결빙,눈,교차로 - 교차로안,화물,남,36세,상해없음,승합,남,63세,상해없음
2014121600100374,2014년 12월 16일 17시,화요일,전라남도 순천시 연향동,경상사고,0,0,1,0,차대차 - 측면직각충돌,안전운전불이행,습기,눈,교차로 - 교차로안,화물,남,50세,상해없음,승용,남,51세,경상
2014121600100420,2014년 12월 16일 18시,화요일,전라남도 순천시 중앙동,중상사고,0,1,0,0,차대사람 - 기타,신호위반,습기,흐림,단일로 - 횡단보도상,화물,남,45세,상해없음,보행자,여,25세,중상
2014121600100421,2014년 12월 16일 18시,화요일,전라남도 나주시 삼도동,경상사고,0,0,4,0,차대차 - 기타,안전거리미확보,결빙,눈,단일로 - 교량,승용,여,33세,경상,화물,남,45세,경상
2014121600100422,2014년 12월 16일 18시,화요일,전라남도 함평군 엄다면,경상사고,0,0,2,0,차대차 - 측면직각충돌,안전운전불이행,결빙,눈,교차로 - 교차로안,화물,남,53세,상해없음,승용,남,54세,경상
2014121600100458,2014년 12월 16일 19시,화요일,전라남도 나주시 금천면,경상사고,0,0,3,0,차대차 - 기타,안전거리미확보,적설,눈,단일로 - 기타,화물,남,50세,경상,화물,남,34세,경상
2014121600100459,2014년 12월 16일 19시,화요일,전라남도 광양시 광양읍,경상사고,0,0,1,0,차대차 - 추돌 - 진행중,안전운전불이행,적설,눈,단일로 - 기타,승용,남,62세,상해없음,이륜,남,18세,경상
2014121600100460,2014년 12월 16일 19시,화요일,전라남도 구례군 산동면,중상사고,0,1,1,1,차량단독 - 전도전복,과속,적설,눈,단일로 - 기타,승합,남,58세,부상신고,,,,
2014121600100490,2014년 12월 16일 20시,화요일,전라남도 목포시 상동,경상사고,0,0,1,0,차대차 - 기타,안전운전불이행,적설,눈,단일로 - 기타,화물,남,58세,경상,승합,남,45세,상해없음
2014121600100491,2014년 12월 16일 20시,화요일,전라남도 목포시 석현동,중상사고,0,2,5,0,차량단독 - 공작물충돌,안전운전불이행,결빙,눈,교차로 - 교차로안,승합,남,52세,상해없음,,,,
2014121600100492,2014년 12월 16일 20시,화요일,전라남도 영암군 삼호읍,중상사고,0,1,1,0,차대차 - 측면직각충돌,직진우회전진행방해,적설,눈,교차로 - 교차로안,승용,남,45세,중상,승용,남,45세,경상
2014121600100526,2014년 12월 16일 21시,화요일,전라남도 목포시 산정동,경상사고,0,0,1,0,차대차 - 기타,안전운전불이행,결빙,눈,단일로 - 기타,승용,남,43세,상해없음,승용,남,28세,상해없음
2014121600100527,2014년 12월 16일 21시,화요일,전라남도 무안군 청계면,경상사고,0,0,1,0,차대사람 - 기타,안전운전불이행,건조,맑음,단일로 - 기타,기타불명,기타불명,기타불명,기타불명,보행자,여,19세,경상