사고번호,사고일시,요일,시군구,사고내용,사망자수,중상자수,경상자수,부상신고자수,사고유형,법규위반,노면상태,기상상태,도로형태,가해운전자 차종,가해운전자 성별,가해운전자 연령,가해운전자 상해정도,피해운전자 차종,피해운전자 성별,피해운전자 연령,피해운전자 상해정도
2014121600100583,2014년 12월 16일 23시,화요일,전라남도 광양시 마동,중상사고,0,2,4,0,차대차 - 정면충돌,중앙선침범,기타,눈,단일로 - 기타,승용,여,41세,중상,승합,남,47세,경상
2014121700100060,2014년 12월 17일 06시,수요일,전라남도 순천시 조례동,경상사고,0,0,1,0,차대차 - 기타,안전운전불이행,건조,맑음,교차로 - 교차로부근,승용,여,57세,상해없음,원동기,남,41세,경상
2014121700100117,2014년 12월 17일 08시,수요일,전라남도 목포시 죽교동,경상사고,0,0,3,0,차대차 - 기타,안전운전불이행,결빙,눈,단일로 - 기타,승용,남,48세,경상,승용,남,44세,경상
2014121700100118,2014년 12월 17일 08시,수요일,전라남도 나주시 금계동,경상사고,0,0,1,0,차대사람 - 차도통행중,안전운전불이행,적설,눈,단일로 - 기타,화물,남,49세,기타불명,보행자,남,15세,경상
2014121700100119,2014년 12월 17일 08시,수요일,전라남도 고흥군 남양면,중상사고,0,1,0,0,차대차 - 측면직각충돌,안전운전불이행,기타,기타,교차로 - 교차로안,승용,남,68세,상해없음,농기계,남,73세,중상
2014121700100120,2014년 12월 17일 08시,수요일,전라남도 함평군 함평읍,경상사고,0,0,1,0,차대차 - 측면직각충돌,안전운전불이행,적설,눈,교차로 - 교차로안,승용,남,67세,상해없음,승용,여,41세,경상
2014121700100121,2014년 12월 17일 08시,수요일,전라남도 담양군 봉산면,경상사고,0,0,1,0,차대차 - 기타,교차로운행방법위반,습기,눈,교차로 - 교차로안,승용,남,63세,경상,승용,남,45세,상해없음
2014121700100122,2014년 12월 17일 08시,수요일,전라남도 광양시 황길동,경상사고,0,0,1,0,차대차 - 측면직각충돌,안전거리미확보,건조,맑음,단일로 - 기타,승용,남,35세,상해없음,승용,남,40세,경상
2014121700100123,2014년 12월 17일 08시,수요일,전라남도 구례군 구례읍,경상사고,0,0,3,0,차대차 - 기타,안전거리미확보,적설,눈,단일로 - 기타,특수,남,31세,상해없음,승용,남,71세,상해없음
2014121700100155,2014년 12월 17일 09시,수요일,전라남도 목포시 석현동,경상사고,0,0,1,0,차대사람 - 기타,안전운전불이행,결빙,눈,단일로 - 기타,화물,남,48세,상해없음,보행자,남,42세,경상
2014121700100255,2014년 12월 17일 13시,수요일,전라남도 순천시 덕암동,중상사고,0,1,0,0,차대차 - 기타,안전운전불이행,건조,맑음,단일로 - 기타,승용,남,55세,상해없음,자전거,여,62세,중상
2014121700100300,2014년 12월 17일 15시,수요일,전라남도 장흥군 관산읍,경상사고,0,0,1,0,차량단독 - 공작물충돌,안전운전불이행,건조,맑음,단일로 - 기타,승용,남,70세,경상,,,,
2014121700100336,2014년 12월 17일 16시,수요일,전라남도 순천시 연향동,경상사고,0,0,1,0,차대차 - 측면직각충돌,안전운전불이행,습기,눈,교차로 - 교차로부근,승용,여,49세,상해없음,이륜,남,44세,경상
2014121700100337,2014년 12월 17일 16시,수요일,전라남도 장흥군 대덕읍,사망사고,1,0,0,0,차량단독 - 도로외이탈 - 추락,안전운전불이행,결빙,눈,단일로 - 기타,승용,남,55세,사망,,,,
2014121700100338,2014년 12월 17일 16시,수요일,전라남도 보성군 회천면,경상사고,0,0,4,0,차대차 - 추돌 - 주정차중,안전운전불이행,결빙,흐림,단일로 - 기타,화물,남,68세,경상,화물,남,74세,경상
2014121700100373,2014년 12월 17일 17시,수요일,전라남도 영암군 영암읍,중상사고,0,1,3,0,차대차 - 추돌 - 주정차중,안전운전불이행,결빙,눈,교차로 - 교차로부근,화물,남,54세,상해없음,승용,남,35세,경상
2014121700100374,2014년 12월 17일 17시,수요일,전라남도 광양시 중동,중상사고,0,1,0,0,차대차 - 기타,기타,건조,흐림,단일로 - 기타,승용,여,40세,상해없음,자전거,남,40세,중상
2014121700100499,2014년 12월 17일 20시,수요일,전라남도 완도군 완도읍,사망사고,1,0,0,0,차대차 - 추돌 - 주정차중,안전운전불이행,결빙,흐림,단일로 - 기타,승용,남,60세,사망,화물,남,47세,기타불명
2014121700100526,2014년 12월 17일 21시,수요일,전라남도 순천시 남정동,경상사고,0,0,2,0,차대차 - 측면직각충돌,안전운전불이행,건조,맑음,교차로 - 교차로안,승용,여,54세,상해없음,승용,여,28세,경상
2014121700100527,2014년 12월 17일 21시,수요일,전라남도 순천시 조곡동,경상사고,0,0,1,0,차대차 - 기타,안전운전불이행,건조,맑음,교차로 - 교차로부근,화물,여,56세,상해없음,승용,여,44세,경상
2014121700100558,2014년 12월 17일 22시,수요일,전라남도 광양시 광영동,경상사고,0,0,1,0,차대사람 - 차도통행중,안전운전불이행,건조,흐림,교차로 - 교차로부근,화물,남,52세,상해없음,보행자,남,14세,경상
2014121700100584,2014년 12월 17일 23시,수요일,전라남도 목포시 옥암동,경상사고,0,0,2,0,차량단독 - 기타,안전운전불이행,결빙,눈,단일로 - 기타,승용,남,59세,상해없음,,,,
2014121800100071,2014년 12월 18일 07시,목요일,전라남도 순천시 덕암동,경상사고,0,0,1,0,차량단독 - 기타,안전운전불이행,건조,맑음,단일로 - 기타,승합,남,45세,상해없음,,,,
2014121800100103,2014년 12월 18일 08시,목요일,전라남도 순천시 황전면,중상사고,0,1,0,0,차량단독 - 기타,안전운전불이행,적설,맑음,단일로 - 기타,승합,남,32세,상해없음,,,,
2014121800100104,2014년 12월 18일 08시,목요일,전라남도 나주시 송월동,경상사고,0,0,1,0,차대차 - 추돌 - 주정차중,안전운전불이행,결빙,맑음,교차로 - 교차로부근,승용,남,35세,상해없음,승용,여,43세,경상
2014121800100142,2014년 12월 18일 09시,목요일,전라남도 고흥군 고흥읍,경상사고,0,0,1,0,차대차 - 기타,직진우회전진행방해,건조,맑음,교차로 - 교차로안,승용,여,36세,상해없음,원동기,남,57세,경상
2014121800100167,2014년 12월 18일 10시,목요일,전라남도 여수시 여서동,경상사고,0,0,1,0,차대차 - 기타,안전운전불이행,건조,흐림,교차로 - 교차로안,승용,여,43세,상해없음,승합,남,53세,상해없음
2014121800100168,2014년 12월 18일 10시,목요일,전라남도 순천시 조례동,경상사고,0,0,1,0,차대차 - 기타,중앙선침범,건조,맑음,단일로 - 기타,승합,남,65세,상해없음,원동기,남,63세,경상
2014121800100224,2014년 12월 18일 12시,목요일,전라남도 여수시 봉산동,중상사고,0,1,0,0,차대사람 - 횡단중,안전운전불이행,건조,맑음,교차로 - 교차로부근,승용,남,68세,상해없음,보행자,여,83세,중상
2014121800100225,2014년 12월 18일 12시,목요일,전라남도 여수시 소라면,경상사고,0,0,1,0,차대차 - 측면직각충돌,신호위반,건조,맑음,교차로 - 교차로안,승용,남,28세,상해없음,승용,여,44세,경상
2014121800100244,2014년 12월 18일 13시,목요일,전라남도 광양시 중동,경상사고,0,0,4,0,차대차 - 측면직각충돌,교차로운행방법위반,건조,맑음,교차로 - 교차로안,승용,여,38세,상해없음,승용,여,26세,경상
2014121800100271,2014년 12월 18일 14시,목요일,전라남도 완도군 완도읍,중상사고,0,3,1,0,차량단독 - 기타,안전운전불이행,결빙,눈,단일로 - 터널,승합,남,58세,경상,,,,
2014121800100272,2014년 12월 18일 14시,목요일,전라남도 완도군 군외면,중상사고,0,7,3,0,차대차 - 추돌 - 진행중,안전운전불이행,결빙,맑음,단일로 - 기타,승용,여,49세,경상,화물,남,43세,중상
2014121800100314,2014년 12월 18일 15시,목요일,전라남도 여수시 돌산읍,경상사고,0,0,1,0,차대차 - 정면충돌,안전운전불이행,건조,맑음,단일로 - 기타,화물,남,58세,상해없음,승용,남,38세,경상
2014121800100338,2014년 12월 18일 16시,목요일,전라남도 화순군 화순읍,경상사고,0,0,1,0,차대차 - 측면직각충돌,중앙선침범,건조,맑음,단일로 - 기타,화물,남,65세,상해없음,승합,남,30세,경상
2014121800100339,2014년 12월 18일 16시,목요일,전라남도 영암군 군서면,중상사고,0,1,0,0,차대차 - 기타,안전운전불이행,결빙,눈,단일로 - 기타,승용,남,60세,중상,화물,남,54세,상해없음
2014121800100374,2014년 12월 18일 17시,목요일,전라남도 여수시 율촌면,경상사고,0,0,1,0,차대차 - 측면직각충돌,안전운전불이행,건조,맑음,단일로 - 기타,화물,남,60세,상해없음,승용,남,44세,경상
2014121800100375,2014년 12월 18일 17시,목요일,전라남도 장흥군 장흥읍,경상사고,0,0,1,0,차대사람 - 기타,안전운전불이행,건조,맑음,단일로 - 기타,승용,남,26세,상해없음,보행자,남,14세,경상
2014121800100376,2014년 12월 18일 17시,목요일,전라남도 영암군 삼호읍,경상사고,0,0,1,0,차대차 - 기타,안전운전불이행,결빙,눈,단일로 - 기타,화물,남,60세,상해없음,승합,남,57세,경상
2014121800100377,2014년 12월 18일 17시,목요일,전라남도 광양시 중동,중상사고,0,1,0,0,차대사람 - 횡단중,보행자보호의무위반,건조,맑음,교차로 - 교차로부근,승용,남,21세,상해없음,보행자,여,71세,중상
2014121800100420,2014년 12월 18일 18시,목요일,전라남도 강진군 칠량면,중상사고,0,2,0,0,차대차 - 추돌 - 진행중,안전운전불이행,건조,맑음,단일로 - 기타,화물,남,49세,상해없음,승용,남,47세,중상
2014121800100461,2014년 12월 18일 19시,목요일,전라남도 여수시 봉산동,중상사고,0,1,0,0,차대차 - 추돌 - 진행중,안전거리미확보,건조,맑음,교차로 - 교차로부근,승용,남,35세,상해없음,승용,남,51세,상해없음
2014121800100498,2014년 12월 18일 20시,목요일,전라남도 여수시 미평동,경상사고,0,0,1,0,차대차 - 측면직각충돌,안전거리미확보,건조,맑음,단일로 - 기타,승용,남,80세,상해없음,이륜,남,24세,경상
2014121800100499,2014년 12월 18일 20시,목요일,전라남도 광양시 광양읍,중상사고,0,1,0,0,차대차 - 기타,안전운전불이행,건조,기타,교차로 - 교차로안,승용,남,24세,상해없음,이륜,남,18세,중상
2014121800100536,2014년 12월 18일 21시,목요일,전라남도 순천시 가곡동,경상사고,0,0,1,0,차대사람 - 기타,안전운전불이행,건조,맑음,단일로 - 기타,승용,여,45세,상해없음,보행자,남,53세,경상
2014121900100054,2014년 12월 19일 03시,금요일,전라남도 영암군 삼호읍,경상사고,0,0,1,0,차대차 - 기타,안전운전불이행,결빙,맑음,단일로 - 기타,화물,남,54세,상해없음,승용,남,55세,경상
2014121900100072,2014년 12월 19일 05시,금요일,전라남도 영광군 법성면,사망사고,1,0,0,0,차대사람 - 차도통행중,안전운전불이행,건조,맑음,단일로 - 기타,승용,남,29세,상해없음,보행자,남,58세,사망
2014121900100104,2014년 12월 19일 07시,금요일,전라남도 여수시 중흥동,경상사고,0,0,1,0,차대차 - 측면직각충돌,교차로운행방법위반,건조,맑음,교차로 - 교차로안,승용,남,32세,기타불명,화물,남,55세,경상
2014121900100105,2014년 12월 19일 07시,금요일,전라남도 장성군 장성읍,경상사고,0,0,1,0,차량단독 - 전도전복,안전운전불이행,결빙,맑음,미분류 - 미분류,이륜,남,72세,경상,,,,
2014121900100138,2014년 12월 19일 08시,금요일,전라남도 순천시 연향동,중상사고,0,1,1,0,차대차 - 측면직각충돌,안전운전불이행,건조,맑음,교차로 - 교차로안,승용,여,49세,상해없음,승용,여,38세,중상
2014121900100139,2014년 12월 19일 08시,금요일,전라남도 순천시 매곡동,경상사고,0,0,2,0,차량단독 - 기타,안전운전불이행,건조,맑음,단일로 - 기타,원동기,남,15세,경상,,,,
2014121900100140,2014년 12월 19일 08시,금요일,전라남도 순천시 서면,경상사고,0,0,1,0,차대사람 - 기타,안전운전불이행,건조,맑음,단일로 - 기타,승용,여,39세,상해없음,보행자,여,9세,경상
2014121900100141,2014년 12월 19일 08시,금요일,전라남도 강진군 강진읍,중상사고,0,1,0,0,차대사람 - 기타,안전운전불이행,결빙,흐림,단일로 - 기타,승용,남,35세,상해없음,보행자,남,3세,중상
2014121900100171,2014년 12월 19일 09시,금요일,전라남도 목포시 산정동,경상사고,0,0,2,0,차대차 - 추돌 - 주정차중,안전거리미확보,결빙,흐림,교차로 - 교차로안,승용,남,38세,상해없음,승용,여,32세,경상
2014121900100172,2014년 12월 19일 09시,금요일,전라남도 순천시 덕암동,중상사고,0,1,0,0,차대사람 - 횡단중,보행자보호의무위반,건조,맑음,단일로 - 횡단보도상,승용,여,41세,상해없음,보행자,여,63세,중상
2014121900100173,2014년 12월 19일 09시,금요일,전라남도 나주시 중앙동,경상사고,0,0,2,0,차대사람 - 기타,안전운전불이행,결빙,눈,단일로 - 기타,화물,남,62세,상해없음,보행자,남,21세,경상
2014121900100193,2014년 12월 19일 10시,금요일,전라남도 목포시 상동,경상사고,0,0,2,0,차대차 - 추돌 - 주정차중,안전운전불이행,결빙,흐림,교차로 - 교차로안,승용,남,27세,상해없음,승용,남,68세,상해없음
2014121900100194,2014년 12월 19일 10시,금요일,전라남도 강진군 강진읍,중상사고,0,1,0,0,차량단독 - 기타,안전운전불이행,결빙,흐림,단일로 - 기타,이륜,남,67세,상해없음,,,,
2014121900100216,2014년 12월 19일 11시,금요일,전라남도 여수시 미평동,중상사고,0,1,1,0,차대사람 - 횡단중,안전운전불이행,건조,맑음,단일로 - 기타,승용,여,50세,경상,보행자,여,73세,중상
2014121900100217,2014년 12월 19일 11시,금요일,전라남도 해남군 마산면,경상사고,0,0,2,0,차대차 - 측면직각충돌,교차로운행방법위반,결빙,맑음,교차로 - 교차로안,화물,남,57세,상해없음,승합,남,36세,경상
2014121900100218,2014년 12월 19일 11시,금요일,전라남도 영암군 덕진면,중상사고,0,1,0,0,차대차 - 측면직각충돌,신호위반,건조,맑음,교차로 - 교차로안,농기계,남,76세,중상,화물,여,55세,상해없음
2014121900100280,2014년 12월 19일 14시,금요일,전라남도 여수시 화치동,경상사고,0,0,2,0,차대차 - 측면직각충돌,차로위반,건조,맑음,교차로 - 교차로부근,승용,남,38세,경상,화물,남,37세,경상
2014121900100281,2014년 12월 19일 14시,금요일,전라남도 순천시 조례동,경상사고,0,0,1,0,차대사람 - 차도통행중,중앙선침범,건조,맑음,단일로 - 기타,화물,남,60세,상해없음,보행자,남,68세,경상
2014121900100282,2014년 12월 19일 14시,금요일,전라남도 순천시 별량면,중상사고,0,1,2,0,차대차 - 측면직각충돌,차로위반,습기,맑음,단일로 - 터널,화물,남,49세,상해없음,승합,남,55세,경상
2014121900100367,2014년 12월 19일 17시,금요일,전라남도 목포시 대양동,중상사고,0,1,4,0,차량단독 - 공작물충돌,안전운전불이행,결빙,흐림,단일로 - 기타,승용,남,56세,경상,,,,
2014121900100368,2014년 12월 19일 17시,금요일,전라남도 순천시 풍덕동,부상신고사고,0,0,0,1,차대차 - 측면직각충돌,신호위반,건조,맑음,교차로 - 교차로안,이륜,남,53세,부상신고,승용,남,52세,상해없음
2014121900100369,2014년 12월 19일 17시,금요일,전라남도 화순군 화순읍,경상사고,0,0,1,0,차대사람 - 길가장자리구역통행중,안전운전불이행,건조,맑음,단일로 - 기타,승용,남,71세,상해없음,보행자,남,41세,경상
2014121900100420,2014년 12월 19일 18시,금요일,전라남도 나주시 금천면,경상사고,0,0,4,0,차대차 - 추돌 - 진행중,안전거리미확보,습기,흐림,교차로 - 교차로부근,승용,여,57세,경상,승용,여,42세,경상
2014121900100421,2014년 12월 19일 18시,금요일,전라남도 보성군 벌교읍,사망사고,1,0,0,0,차대사람 - 횡단중,안전운전불이행,습기,비,단일로 - 횡단보도부근,승용,여,39세,상해없음,보행자,여,63세,사망
2014121900100422,2014년 12월 19일 18시,금요일,전라남도 화순군 화순읍,중상사고,0,1,0,0,차대차 - 측면직각충돌,직진우회전진행방해,습기,흐림,교차로 - 교차로안,자전거,남,69세,중상,승용,남,28세,상해없음
2014121900100472,2014년 12월 19일 19시,금요일,전라남도 목포시 용당동,경상사고,0,0,1,0,차대사람 - 횡단중,안전운전불이행,습기,흐림,교차로 - 교차로부근,화물,남,47세,상해없음,보행자,남,51세,경상
2014121900100473,2014년 12월 19일 19시,금요일,전라남도 고흥군 고흥읍,중상사고,0,1,0,0,차대사람 - 길가장자리구역통행중,안전운전불이행,건조,맑음,단일로 - 기타,화물,남,58세,상해없음,보행자,남,45세,중상
2014121900100474,2014년 12월 19일 19시,금요일,전라남도 화순군 화순읍,경상사고,0,0,1,0,차대차 - 기타,안전운전불이행,건조,맑음,교차로 - 교차로부근,승용,여,40세,상해없음,이륜,남,51세,경상
2014121900100508,2014년 12월 19일 20시,금요일,전라남도 화순군 화순읍,경상사고,0,0,1,0,차대사람 - 기타,안전운전불이행,습기,비,단일로 - 기타,승용,남,51세,상해없음,보행자,여,49세,경상
2014121900100509,2014년 12월 19일 20시,금요일,전라남도 함평군 대동면,경상사고,0,0,1,0,차대사람 - 기타,안전운전불이행,습기,비,단일로 - 기타,화물,남,48세,상해없음,보행자,남,52세,경상
2014121900100510,2014년 12월 19일 20시,금요일,전라남도 광양시 광영동,경상사고,0,0,2,0,차대차 - 기타,중앙선침범,습기,비,교차로 - 교차로부근,승용,남,47세,상해없음,승용,남,62세,경상
2014121900100551,2014년 12월 19일 21시,금요일,전라남도 여수시 신월동,경상사고,0,0,1,0,차대차 - 기타,기타,습기,비,단일로 - 기타,승용,남,60세,상해없음,이륜,남,44세,경상
2014121900100552,2014년 12월 19일 21시,금요일,전라남도 순천시 연향동,경상사고,0,0,3,0,차대차 - 추돌 - 주정차중,안전운전불이행,습기,비,교차로 - 교차로부근,승용,남,54세,상해없음,승용,남,60세,경상
2014121900100553,2014년 12월 19일 21시,금요일,전라남도 나주시 중앙동,사망사고,1,0,2,0,차대차 - 측면직각충돌,안전운전불이행,습기,비,단일로 - 기타,승용,남,56세,상해없음,승합,남,45세,상해없음
2014121900100602,2014년 12월 19일 22시,금요일,전라남도 여수시 학동,경상사고,0,0,1,0,차대사람 - 기타,안전운전불이행,건조,맑음,교차로 - 교차로안,승용,남,25세,상해없음,보행자,남,33세,경상
2014121900100664,2014년 12월 19일 23시,금요일,전라남도 여수시 신기동,경상사고,0,0,1,0,차대사람 - 기타,안전운전불이행,습기,비,교차로 - 교차로안,승용,남,37세,상해없음,보행자,남,41세,경상
2014122000100046,2014년 12월 20일 00시,토요일,전라남도 나주시 성북동,중상사고,0,1,0,0,차대사람 - 기타,보행자보호의무위반,습기,비,교차로 - 교차로안,승용,남,34세,상해없음,보행자,여,44세,중상
2014122000100130,2014년 12월 20일 02시,토요일,전라남도 순천시 장천동,경상사고,0,0,1,0,차대차 - 측면직각충돌,중앙선침범,습기,비,단일로 - 기타,승용,남,32세,상해없음,승용,남,36세,경상
2014122000100131,2014년 12월 20일 02시,토요일,전라남도 순천시 조례동,경상사고,0,0,1,0,차대사람 - 횡단중,안전운전불이행,습기,비,교차로 - 교차로부근,승용,남,33세,상해없음,보행자,남,22세,경상
2014122000100132,2014년 12월 20일 02시,토요일,전라남도 광양시 광양읍,중상사고,0,1,0,0,차대차 - 기타,교차로운행방법위반,습기,눈,교차로 - 교차로안,승용,남,37세,상해없음,승용,남,59세,중상
2014122000100166,2014년 12월 20일 03시,토요일,전라남도 광양시 중동,부상신고사고,0,0,0,1,차대사람 - 기타,안전운전불이행,습기,비,기타 - 기타,승용,남,69세,상해없음,보행자,남,39세,부상신고
2014122000100213,2014년 12월 20일 05시,토요일,전라남도 목포시 상동,중상사고,0,1,0,0,차대사람 - 기타,안전운전불이행,결빙,눈,단일로 - 기타,승용,남,53세,상해없음,보행자,남,59세,중상
2014122000100214,2014년 12월 20일 05시,토요일,전라남도 광양시 광양읍,경상사고,0,0,2,0,차대차 - 기타,안전운전불이행,건조,맑음,교차로 - 교차로부근,승용,남,27세,상해없음,승용,남,37세,경상
2014122000100233,2014년 12월 20일 06시,토요일,전라남도 광양시 중동,경상사고,0,0,1,0,차대차 - 기타,교차로운행방법위반,습기,비,교차로 - 교차로안,승용,여,57세,경상,건설기계,남,52세,상해없음
2014122000100263,2014년 12월 20일 07시,토요일,전라남도 장흥군 장동면,중상사고,0,1,2,0,차대차 - 측면직각충돌,중앙선침범,습기,흐림,단일로 - 기타,승용,남,36세,경상,화물,남,57세,중상
2014122000100264,2014년 12월 20일 07시,토요일,전라남도 영암군 미암면,사망사고,1,1,2,0,차대사람 - 기타,과속,결빙,흐림,단일로 - 교량,승용,남,29세,경상,보행자,남,53세,중상
2014122000100301,2014년 12월 20일 08시,토요일,전라남도 해남군 황산면,중상사고,0,1,0,0,차량단독 - 공작물충돌,안전운전불이행,적설,흐림,단일로 - 기타,화물,남,64세,중상,,,,
2014122000100302,2014년 12월 20일 08시,토요일,전라남도 광양시 광양읍,경상사고,0,0,2,0,차대차 - 추돌 - 주정차중,안전운전불이행,건조,맑음,단일로 - 기타,승용,남,44세,상해없음,화물,남,43세,상해없음
2014122000100390,2014년 12월 20일 11시,토요일,전라남도 여수시 광무동,경상사고,0,0,1,0,차대차 - 기타,안전운전불이행,건조,맑음,단일로 - 기타,이륜,남,75세,경상,화물,남,45세,상해없음
2014122000100418,2014년 12월 20일 12시,토요일,전라남도 목포시 상동,경상사고,0,0,1,0,차대차 - 기타,안전운전불이행,적설,맑음,기타 - 기타,승용,여,46세,기타불명,승용,여,42세,경상
2014122000100483,2014년 12월 20일 14시,토요일,전라남도 순천시 연향동,경상사고,0,0,1,0,차대사람 - 기타,보행자보호의무위반,건조,흐림,단일로 - 횡단보도상,화물,남,56세,상해없음,보행자,여,11세,경상
2014122000100552,2014년 12월 20일 16시,토요일,전라남도 순천시 낙안면,부상신고사고,0,0,0,2,차대차 - 추돌 - 주정차중,안전운전불이행,건조,맑음,단일로 - 기타,화물,남,59세,상해없음,승용,남,62세,상해없음
2014122000100553,2014년 12월 20일 16시,토요일,전라남도 영암군 삼호읍,사망사고,1,1,0,0,차대차 - 기타,신호위반,건조,맑음,교차로 - 교차로안,화물,남,46세,사망,특수,남,37세,상해없음
2014122000100554,2014년 12월 20일 16시,토요일,전라남도 완도군 신지면,중상사고,0,1,0,0,차대사람 - 기타,안전운전불이행,건조,맑음,단일로 - 기타,승합,남,43세,상해없음,보행자,여,66세,중상
2014122000100594,2014년 12월 20일 17시,토요일,전라남도 순천시 조례동,경상사고,0,0,2,0,차대차 - 기타,안전운전불이행,건조,맑음,단일로 - 기타,승용,여,42세,상해없음,승용,여,40세,상해없음
2014122000100635,2014년 12월 20일 18시,토요일,전라남도 목포시 용해동,경상사고,0,0,1,0,차대차 - 기타,안전운전불이행,건조,맑음,교차로 - 교차로부근,승용,여,48세,상해없음,승용,남,50세,경상
2014122000100636,2014년 12월 20일 18시,토요일,전라남도 담양군 월산면,경상사고,0,0,1,0,차대차 - 추돌 - 주정차중,안전운전불이행,건조,맑음,교차로 - 교차로부근,승용,남,71세,상해없음,승용,여,40세,경상
2014122000100666,2014년 12월 20일 19시,토요일,전라남도 순천시 남정동,중상사고,0,1,0,0,차대사람 - 횡단중,안전운전불이행,건조,맑음,단일로 - 기타,승용,남,51세,상해없음,보행자,남,65세,중상
2014122000100667,2014년 12월 20일 19시,토요일,전라남도 순천시 연향동,경상사고,0,0,1,0,차대차 - 추돌 - 진행중,안전운전불이행,건조,맑음,교차로 - 교차로안,승용,여,72세,상해없음,승용,여,46세,경상
2014122000100701,2014년 12월 20일 20시,토요일,전라남도 순천시 연향동,중상사고,0,1,3,0,차대차 - 측면직각충돌,직진우회전진행방해,건조,맑음,교차로 - 교차로안,승합,남,52세,상해없음,승용,남,45세,중상
2014122000100714,2014년 12월 20일 21시,토요일,전라남도 담양군 담양읍,중상사고,0,1,1,0,차대차 - 정면충돌,안전운전불이행,건조,맑음,교차로 - 교차로부근,승용,남,33세,상해없음,승용,남,29세,상해없음
2014122000100746,2014년 12월 20일 22시,토요일,전라남도 무안군 삼향읍,중상사고,0,1,1,0,차대차 - 측면직각충돌,신호위반,습기,맑음,교차로 - 교차로안,승용,남,28세,경상,승합,남,47세,중상
2014122100100007,2014년 12월 21일 00시,일요일,전라남도 여수시 신기동,중상사고,0,1,0,0,차대차 - 추돌 - 주정차중,안전운전불이행,건조,맑음,단일로 - 기타,승용,남,30세,상해없음,승용,남,26세,중상
2014122100100038,2014년 12월 21일 02시,일요일,전라남도 순천시 옥천동,중상사고,0,1,0,0,차대사람 - 차도통행중,안전운전불이행,건조,맑음,교차로 - 교차로안,승용,남,46세,상해없음,보행자,남,49세,중상
2014122100100052,2014년 12월 21일 03시,일요일,전라남도 순천시 조례동,경상사고,0,0,2,0,차대차 - 기타,안전운전불이행,건조,맑음,단일로 - 기타,승용,여,41세,상해없음,승용,여,55세,경상
2014122100100091,2014년 12월 21일 07시,일요일,전라남도 영암군 삼호읍,경상사고,0,0,2,0,차대차 - 추돌 - 진행중,안전운전불이행,결빙,눈,단일로 - 기타,승용,남,31세,경상,승용,여,61세,경상
2014122100100104,2014년 12월 21일 08시,일요일,전라남도 목포시 산정동,경상사고,0,0,2,0,차대차 - 기타,신호위반,적설,눈,기타 - 기타,승용,남,68세,상해없음,승용,남,55세,경상
2014122100100154,2014년 12월 21일 11시,일요일,전라남도 목포시 항동,경상사고,0,0,1,0,차대차 - 추돌 - 진행중,안전운전불이행,습기,눈,단일로 - 기타,승용,남,37세,상해없음,승용,여,29세,상해없음
2014122100100156,2014년 12월 21일 11시,일요일,전라남도 순천시 풍덕동,중상사고,0,1,1,0,차대차 - 기타,안전운전불이행,건조,맑음,단일로 - 기타,승용,여,45세,경상,승용,여,64세,중상
2014122100100190,2014년 12월 21일 13시,일요일,전라남도 나주시 왕곡면,경상사고,0,0,1,0,차대차 - 기타,안전운전불이행,건조,맑음,교차로 - 교차로부근,화물,남,74세,상해없음,화물,남,41세,경상
2014122100100213,2014년 12월 21일 14시,일요일,전라남도 여수시 돌산읍,경상사고,0,0,1,0,차대차 - 측면직각충돌,불법유턴,건조,맑음,단일로 - 기타,승용,남,47세,상해없음,승용,남,48세,경상
2014122100100267,2014년 12월 21일 16시,일요일,전라남도 화순군 청풍면,부상신고사고,0,0,0,1,차대차 - 정면충돌,안전운전불이행,적설,눈,단일로 - 기타,이륜,남,63세,부상신고,승용,여,45세,상해없음
2014122100100286,2014년 12월 21일 17시,일요일,전라남도 순천시 오천동,경상사고,0,0,2,0,차대차 - 기타,안전거리미확보,건조,맑음,교차로 - 교차로안,승용,여,50세,상해없음,승용,여,39세,경상
2014122100100287,2014년 12월 21일 17시,일요일,전라남도 해남군 해남읍,경상사고,0,0,1,0,차대차 - 추돌 - 진행중,안전운전불이행,건조,맑음,기타 - 기타,승용,여,32세,상해없음,승용,남,52세,경상
2014122100100323,2014년 12월 21일 18시,일요일,전라남도 여수시 소라면,사망사고,1,0,0,0,차대사람 - 차도통행중,안전운전불이행,건조,맑음,단일로 - 기타,승용,남,25세,상해없음,보행자,남,73세,사망
2014122100100324,2014년 12월 21일 18시,일요일,전라남도 무안군 현경면,경상사고,0,0,1,0,차대차 - 기타,안전운전불이행,결빙,눈,단일로 - 기타,승용,남,69세,경상,농기계,남,38세,상해없음
2014122100100325,2014년 12월 21일 18시,일요일,전라남도 장성군 장성읍,경상사고,0,0,2,0,차대차 - 측면직각충돌,안전운전불이행,결빙,눈,단일로 - 기타,승용,여,42세,경상,승용,남,24세,경상