사고번호,사고일시,요일,시군구,사고내용,사망자수,중상자수,경상자수,부상신고자수,사고유형,법규위반,노면상태,기상상태,도로형태,가해운전자 차종,가해운전자 성별,가해운전자 연령,가해운전자 상해정도,피해운전자 차종,피해운전자 성별,피해운전자 연령,피해운전자 상해정도
2014122600100546,2014년 12월 26일 19시,금요일,전라남도 나주시 남평읍,경상사고,0,0,1,0,차량단독 - 기타,안전운전불이행,기타,흐림,단일로 - 기타,승용,남,53세,경상,,,,
2014122600100613,2014년 12월 26일 21시,금요일,전라남도 목포시 용해동,경상사고,0,0,1,0,차대차 - 측면직각충돌,교차로운행방법위반,건조,맑음,교차로 - 교차로안,승용,여,50세,상해없음,이륜,남,16세,경상
2014122600100614,2014년 12월 26일 21시,금요일,전라남도 영암군 영암읍,경상사고,0,0,1,0,차량단독 - 공작물충돌,안전운전불이행,적설,눈,단일로 - 기타,승용,남,65세,상해없음,,,,
2014122600100671,2014년 12월 26일 22시,금요일,전라남도 목포시 상동,경상사고,0,0,2,0,차대차 - 측면직각충돌,안전운전불이행,건조,맑음,교차로 - 교차로안,화물,남,49세,상해없음,승용,남,44세,경상
2014122600100672,2014년 12월 26일 22시,금요일,전라남도 장성군 장성읍,경상사고,0,0,4,0,차대차 - 측면직각충돌,안전운전불이행,건조,맑음,단일로 - 기타,승용,남,33세,상해없음,승용,남,34세,경상
2014122700100023,2014년 12월 27일 00시,토요일,전라남도 순천시 조례동,경상사고,0,0,1,0,차대차 - 추돌 - 주정차중,안전운전불이행,건조,맑음,단일로 - 기타,승용,남,40세,상해없음,승용,남,55세,경상
2014122700100093,2014년 12월 27일 03시,토요일,전라남도 순천시 조례동,경상사고,0,0,1,0,차대차 - 측면직각충돌,교차로운행방법위반,건조,맑음,교차로 - 교차로안,화물,남,38세,상해없음,승용,남,62세,경상
2014122700100153,2014년 12월 27일 07시,토요일,전라남도 무안군 청계면,중상사고,0,1,0,0,차대차 - 측면직각충돌,안전운전불이행,건조,맑음,단일로 - 기타,건설기계,남,51세,상해없음,승용,여,37세,중상
2014122700100173,2014년 12월 27일 08시,토요일,전라남도 여수시 신월동,경상사고,0,0,1,0,차대차 - 추돌 - 주정차중,교차로운행방법위반,건조,맑음,교차로 - 교차로안,승용,남,59세,경상,승용,남,53세,상해없음
2014122700100242,2014년 12월 27일 11시,토요일,전라남도 나주시 남평읍,경상사고,0,0,2,0,차대차 - 기타,직진우회전진행방해,건조,맑음,교차로 - 교차로안,건설기계,남,60세,경상,건설기계,남,44세,경상
2014122700100243,2014년 12월 27일 11시,토요일,전라남도 무안군 삼향읍,경상사고,0,0,1,0,차대사람 - 횡단중,보행자보호의무위반,건조,맑음,단일로 - 횡단보도상,승용,여,39세,상해없음,보행자,남,55세,경상
2014122700100269,2014년 12월 27일 12시,토요일,전라남도 나주시 왕곡면,중상사고,0,1,2,0,차대차 - 기타,교차로운행방법위반,건조,맑음,교차로 - 교차로안,승용,남,37세,상해없음,승용,남,53세,중상
2014122700100270,2014년 12월 27일 12시,토요일,전라남도 나주시 남평읍,경상사고,0,0,1,0,차대차 - 기타,안전운전불이행,건조,맑음,단일로 - 기타,승용,여,38세,경상,건설기계,남,56세,상해없음
2014122700100316,2014년 12월 27일 14시,토요일,전라남도 무안군 현경면,경상사고,0,0,1,0,차대차 - 추돌 - 진행중,안전운전불이행,건조,맑음,단일로 - 기타,원동기,남,65세,경상,승용,남,68세,상해없음
2014122700100348,2014년 12월 27일 15시,토요일,전라남도 나주시 남평읍,경상사고,0,0,3,0,차대차 - 기타,안전거리미확보,건조,맑음,교차로 - 교차로부근,건설기계,남,43세,상해없음,승용,남,57세,경상
2014122700100349,2014년 12월 27일 15시,토요일,전라남도 광양시 광양읍,경상사고,0,0,2,0,차대차 - 측면직각충돌,안전거리미확보,건조,맑음,교차로 - 교차로안,승용,여,45세,상해없음,이륜,남,20세,경상
2014122700100381,2014년 12월 27일 16시,토요일,전라남도 순천시 매곡동,중상사고,0,1,0,0,차대차 - 측면직각충돌,안전운전불이행,건조,맑음,기타 - 기타,화물,남,66세,상해없음,이륜,남,76세,중상
2014122700100382,2014년 12월 27일 16시,토요일,전라남도 고흥군 영남면,사망사고,1,0,0,0,차량단독 - 기타,안전운전불이행,건조,맑음,단일로 - 기타,원동기,남,77세,사망,,,,
2014122700100383,2014년 12월 27일 16시,토요일,전라남도 화순군 청풍면,경상사고,0,0,3,0,차대차 - 정면충돌,중앙선침범,건조,맑음,교차로 - 교차로안,화물,남,57세,기타불명,승용,남,65세,경상
2014122700100384,2014년 12월 27일 16시,토요일,전라남도 광양시 중동,경상사고,0,0,1,0,차대차 - 측면직각충돌,안전운전불이행,건조,맑음,기타 - 기타,자전거,남,6세,경상,승용,남,39세,상해없음
2014122700100407,2014년 12월 27일 17시,토요일,전라남도 무안군 일로읍,중상사고,0,1,0,0,차량단독 - 공작물충돌,안전운전불이행,건조,맑음,단일로 - 기타,화물,남,65세,중상,,,,
2014122700100456,2014년 12월 27일 18시,토요일,전라남도 여수시 소라면,경상사고,0,0,2,0,차대차 - 측면직각충돌,교차로운행방법위반,건조,맑음,교차로 - 교차로안,승용,여,28세,경상,화물,남,55세,경상
2014122700100490,2014년 12월 27일 19시,토요일,전라남도 순천시 조례동,경상사고,0,0,3,1,차대차 - 추돌 - 주정차중,안전운전불이행,건조,맑음,기타 - 기타,화물,남,56세,상해없음,승용,남,35세,경상
2014122700100520,2014년 12월 27일 20시,토요일,전라남도 목포시 상동,경상사고,0,0,1,0,차대차 - 기타,안전운전불이행,건조,맑음,교차로 - 교차로안,이륜,남,17세,경상,승용,남,33세,상해없음
2014122700100521,2014년 12월 27일 20시,토요일,전라남도 목포시 상동,경상사고,0,0,1,0,차대차 - 기타,안전운전불이행,건조,맑음,교차로 - 교차로부근,승용,여,28세,상해없음,이륜,남,19세,경상
2014122700100522,2014년 12월 27일 20시,토요일,전라남도 순천시 조례동,경상사고,0,0,1,0,차대사람 - 기타,안전운전불이행,건조,맑음,단일로 - 기타,기타불명,기타불명,기타불명,기타불명,보행자,남,59세,경상
2014122700100551,2014년 12월 27일 21시,토요일,전라남도 순천시 덕월동,사망사고,1,0,0,0,차대사람 - 횡단중,안전운전불이행,건조,맑음,교차로 - 교차로부근,승용,남,39세,상해없음,보행자,남,58세,사망
2014122700100552,2014년 12월 27일 21시,토요일,전라남도 순천시 연향동,경상사고,0,0,1,0,차대차 - 추돌 - 주정차중,안전거리미확보,건조,맑음,교차로 - 교차로부근,승용,남,43세,상해없음,승용,여,45세,경상
2014122800100015,2014년 12월 28일 00시,일요일,전라남도 여수시 학동,중상사고,0,1,0,0,차대사람 - 차도통행중,안전운전불이행,건조,맑음,단일로 - 기타,승용,여,44세,상해없음,보행자,남,48세,중상
2014122800100052,2014년 12월 28일 01시,일요일,전라남도 곡성군 오곡면,부상신고사고,0,0,0,1,차량단독 - 전도전복,안전운전불이행,건조,맑음,단일로 - 기타,승용,남,32세,부상신고,,,,
2014122800100086,2014년 12월 28일 03시,일요일,전라남도 목포시 양동,중상사고,0,1,0,0,차대차 - 기타,신호위반,건조,맑음,교차로 - 교차로안,원동기,남,36세,중상,승용,남,24세,상해없음
2014122800100097,2014년 12월 28일 04시,일요일,전라남도 목포시 산정동,경상사고,0,0,1,0,차대차 - 기타,안전운전불이행,건조,맑음,단일로 - 기타,승용,남,36세,상해없음,승용,남,46세,경상
2014122800100122,2014년 12월 28일 06시,일요일,전라남도 순천시 오천동,경상사고,0,0,3,1,차대차 - 측면직각충돌,안전운전불이행,건조,맑음,기타 - 기타,승용,남,50세,부상신고,화물,남,51세,경상
2014122800100171,2014년 12월 28일 10시,일요일,전라남도 완도군 노화읍,경상사고,0,0,2,0,차대차 - 측면직각충돌,안전운전불이행,건조,맑음,단일로 - 기타,화물,여,53세,상해없음,승용,여,41세,경상
2014122800100192,2014년 12월 28일 11시,일요일,전라남도 여수시 둔덕동,중상사고,0,1,1,0,차대차 - 추돌 - 주정차중,안전운전불이행,건조,맑음,단일로 - 기타,승용,여,33세,상해없음,승용,남,62세,중상
2014122800100220,2014년 12월 28일 13시,일요일,전라남도 순천시 장천동,중상사고,0,1,0,0,차대사람 - 기타,안전운전불이행,건조,맑음,단일로 - 기타,승용,남,58세,상해없음,보행자,여,62세,중상
2014122800100248,2014년 12월 28일 14시,일요일,전라남도 순천시 연향동,중상사고,0,1,0,0,차대차 - 기타,안전운전불이행,건조,맑음,교차로 - 교차로안,원동기,남,24세,중상,승합,남,54세,상해없음
2014122800100264,2014년 12월 28일 15시,일요일,전라남도 순천시 장천동,경상사고,0,0,1,0,차대차 - 기타,신호위반,건조,맑음,교차로 - 교차로안,승용,여,60세,상해없음,승용,남,36세,경상
2014122800100290,2014년 12월 28일 16시,일요일,전라남도 순천시 가곡동,중상사고,0,1,0,0,차대사람 - 횡단중,보행자보호의무위반,건조,맑음,단일로 - 횡단보도상,승용,여,53세,상해없음,보행자,남,5세,중상
2014122800100317,2014년 12월 28일 17시,일요일,전라남도 해남군 해남읍,경상사고,0,0,2,0,차대차 - 기타,안전거리미확보,건조,맑음,단일로 - 기타,승용,남,56세,상해없음,승용,여,57세,상해없음
2014122800100351,2014년 12월 28일 18시,일요일,전라남도 순천시 황전면,경상사고,0,0,1,0,차량단독 - 공작물충돌,안전운전불이행,건조,맑음,단일로 - 기타,승용,남,33세,경상,,,,
2014122800100352,2014년 12월 28일 18시,일요일,전라남도 화순군 이양면,중상사고,0,3,4,0,차대차 - 정면충돌,중앙선침범,건조,맑음,단일로 - 기타,승용,남,60세,상해없음,승용,남,24세,경상
2014122800100390,2014년 12월 28일 19시,일요일,전라남도 영암군 삼호읍,경상사고,0,0,2,0,차대차 - 추돌 - 주정차중,안전운전불이행,건조,맑음,교차로 - 교차로부근,화물,남,72세,상해없음,승용,남,41세,경상
2014122800100391,2014년 12월 28일 19시,일요일,전라남도 광양시 중동,경상사고,0,0,2,0,차대차 - 측면직각충돌,교차로운행방법위반,건조,맑음,교차로 - 교차로안,승용,남,32세,상해없음,승용,여,48세,경상
2014122800100466,2014년 12월 28일 22시,일요일,전라남도 나주시 서내동,중상사고,0,1,0,0,차대차 - 추돌 - 진행중,안전운전불이행,건조,맑음,교차로 - 교차로안,승용,남,27세,상해없음,자전거,여,60세,중상
2014122900100066,2014년 12월 29일 06시,월요일,전라남도 영암군 덕진면,중상사고,0,1,1,0,차대차 - 측면직각충돌,직진우회전진행방해,건조,맑음,교차로 - 교차로안,승용,남,64세,중상,승용,남,43세,경상
2014122900100090,2014년 12월 29일 07시,월요일,전라남도 순천시 해룡면,중상사고,0,1,2,0,차대차 - 기타,안전거리미확보,건조,맑음,단일로 - 기타,승용,남,46세,중상,승용,남,31세,경상
2014122900100126,2014년 12월 29일 08시,월요일,전라남도 장흥군 용산면,경상사고,0,0,5,0,차대차 - 기타,기타,건조,맑음,교차로 - 교차로안,건설기계,남,50세,상해없음,승용,여,68세,경상
2014122900100155,2014년 12월 29일 09시,월요일,전라남도 여수시 선원동,경상사고,0,0,1,0,차대차 - 기타,안전운전불이행,건조,맑음,교차로 - 교차로안,승용,남,65세,기타불명,승합,남,33세,상해없음
2014122900100156,2014년 12월 29일 09시,월요일,전라남도 나주시 안창동,경상사고,0,0,1,0,차량단독 - 공작물충돌,안전운전불이행,건조,맑음,단일로 - 기타,승용,남,70세,경상,,,,
2014122900100157,2014년 12월 29일 09시,월요일,전라남도 강진군 강진읍,중상사고,0,3,2,0,차대차 - 기타,안전거리미확보,건조,맑음,단일로 - 기타,화물,남,29세,중상,승용,남,47세,경상
2014122900100290,2014년 12월 29일 14시,월요일,전라남도 무안군 무안읍,경상사고,0,0,1,0,차대차 - 측면직각충돌,신호위반,건조,맑음,교차로 - 교차로안,승용,남,51세,상해없음,화물,남,56세,경상
2014122900100323,2014년 12월 29일 15시,월요일,전라남도 순천시 해룡면,경상사고,0,0,1,0,차대차 - 추돌 - 진행중,안전운전불이행,건조,맑음,단일로 - 기타,승용,남,63세,상해없음,화물,남,48세,상해없음
2014122900100324,2014년 12월 29일 15시,월요일,전라남도 순천시 인제동,경상사고,0,0,2,1,차대차 - 측면직각충돌,신호위반,건조,맑음,교차로 - 교차로안,승용,여,56세,부상신고,승용,여,48세,경상
2014122900100354,2014년 12월 29일 16시,월요일,전라남도 목포시 대안동,중상사고,0,1,1,0,차대차 - 측면직각충돌,안전운전불이행,건조,맑음,단일로 - 기타,승용,여,70세,중상,승용,여,54세,경상
2014122900100355,2014년 12월 29일 16시,월요일,전라남도 여수시 문수동,경상사고,0,0,1,0,차대사람 - 횡단중,안전운전불이행,건조,맑음,단일로 - 기타,승용,남,32세,상해없음,보행자,남,4세,경상
2014122900100391,2014년 12월 29일 17시,월요일,전라남도 화순군 화순읍,경상사고,0,0,1,0,차대사람 - 기타,안전운전불이행,건조,흐림,단일로 - 기타,승용,남,29세,상해없음,보행자,여,52세,경상
2014122900100392,2014년 12월 29일 17시,월요일,전라남도 광양시 광양읍,중상사고,0,1,3,0,차대차 - 기타,직진우회전진행방해,건조,맑음,교차로 - 교차로안,화물,남,25세,경상,승용,남,31세,경상
2014122900100450,2014년 12월 29일 18시,월요일,전라남도 순천시 조곡동,경상사고,0,0,2,0,차대차 - 측면직각충돌,안전운전불이행,건조,맑음,교차로 - 교차로안,기타불명,남,14세,상해없음,화물,남,63세,경상
2014122900100585,2014년 12월 29일 21시,월요일,전라남도 영암군 신북면,중상사고,0,1,1,0,차대차 - 추돌 - 주정차중,안전운전불이행,건조,맑음,교차로 - 교차로부근,승용,남,37세,중상,승용,남,61세,경상
2014122900100615,2014년 12월 29일 22시,월요일,전라남도 목포시 경동2가,경상사고,0,0,1,0,차대차 - 측면직각충돌,안전운전불이행,건조,맑음,단일로 - 기타,승용,남,59세,상해없음,승용,남,37세,경상
2014122900100659,2014년 12월 29일 23시,월요일,전라남도 여수시 중앙동,중상사고,0,2,2,0,차대차 - 추돌 - 주정차중,안전운전불이행,건조,맑음,단일로 - 교량,승용,여,38세,상해없음,승용,남,59세,경상
2014123000100014,2014년 12월 30일 00시,화요일,전라남도 순천시 해룡면,경상사고,0,0,3,0,차대차 - 측면직각충돌,직진우회전진행방해,건조,맑음,교차로 - 교차로안,승용,남,28세,경상,승용,남,57세,경상
2014123000100136,2014년 12월 30일 07시,화요일,전라남도 무안군 일로읍,경상사고,0,0,3,0,차대차 - 측면직각충돌,안전운전불이행,건조,맑음,교차로 - 교차로안,승용,남,52세,상해없음,화물,남,47세,경상
2014123000100171,2014년 12월 30일 08시,화요일,전라남도 여수시 선원동,중상사고,0,1,2,0,차대차 - 측면직각충돌,신호위반,건조,맑음,교차로 - 교차로안,승용,남,47세,상해없음,승용,여,49세,경상
2014123000100172,2014년 12월 30일 08시,화요일,전라남도 해남군 해남읍,중상사고,0,1,0,0,차대사람 - 기타,보행자보호의무위반,기타,맑음,교차로 - 교차로안,승용,남,42세,상해없음,보행자,여,56세,중상
2014123000100173,2014년 12월 30일 08시,화요일,전라남도 함평군 학교면,경상사고,0,0,1,0,차대차 - 측면직각충돌,안전거리미확보,건조,맑음,단일로 - 기타,이륜,여,62세,경상,승용,여,57세,상해없음
2014123000100239,2014년 12월 30일 10시,화요일,전라남도 여수시 오림동,중상사고,0,1,0,0,차대차 - 기타,안전거리미확보,건조,맑음,단일로 - 기타,승용,여,31세,상해없음,승합,남,57세,상해없음
2014123000100272,2014년 12월 30일 11시,화요일,전라남도 목포시 무안동,경상사고,0,0,1,0,차대사람 - 기타,안전운전불이행,건조,맑음,교차로 - 교차로안,화물,남,68세,상해없음,보행자,여,49세,경상
2014123000100306,2014년 12월 30일 12시,화요일,전라남도 영광군 영광읍,중상사고,0,1,0,1,차대차 - 측면직각충돌,안전운전불이행,건조,맑음,교차로 - 교차로안,승용,여,55세,부상신고,승용,여,41세,중상
2014123000100307,2014년 12월 30일 12시,화요일,전라남도 담양군 대전면,경상사고,0,0,2,0,차대차 - 추돌 - 진행중,안전운전불이행,건조,맑음,교차로 - 교차로부근,화물,남,62세,상해없음,승용,여,37세,경상
2014123000100308,2014년 12월 30일 12시,화요일,전라남도 무안군 청계면,경상사고,0,0,2,0,차대차 - 추돌 - 진행중,안전거리미확보,건조,맑음,단일로 - 기타,화물,남,47세,상해없음,화물,남,69세,경상
2014123000100342,2014년 12월 30일 13시,화요일,전라남도 순천시 서면,중상사고,0,1,0,0,차대차 - 기타,신호위반,건조,맑음,교차로 - 교차로안,승용,남,71세,상해없음,이륜,여,23세,중상
2014123000100343,2014년 12월 30일 13시,화요일,전라남도 장흥군 장동면,경상사고,0,0,2,0,차대차 - 측면직각충돌,교차로운행방법위반,건조,맑음,교차로 - 교차로안,화물,여,46세,상해없음,승용,여,57세,경상
2014123000100344,2014년 12월 30일 13시,화요일,전라남도 무안군 무안읍,중상사고,0,1,0,0,차대차 - 정면충돌,신호위반,건조,맑음,단일로 - 기타,승용,남,60세,상해없음,승용,남,24세,중상
2014123000100379,2014년 12월 30일 14시,화요일,전라남도 영암군 신북면,사망사고,1,0,0,0,차량단독 - 도로외이탈 - 추락,안전운전불이행,건조,맑음,단일로 - 기타,농기계,남,76세,사망,,,,
2014123000100414,2014년 12월 30일 15시,화요일,전라남도 여수시 수정동,경상사고,0,0,1,0,차대차 - 추돌 - 주정차중,안전거리미확보,건조,맑음,단일로 - 기타,화물,남,35세,상해없음,승용,여,31세,경상
2014123000100415,2014년 12월 30일 15시,화요일,전라남도 순천시 주암면,중상사고,0,2,1,0,차대차 - 정면충돌,중앙선침범,건조,맑음,단일로 - 터널,화물,남,39세,경상,화물,남,61세,중상
2014123000100447,2014년 12월 30일 16시,화요일,전라남도 순천시 별량면,사망사고,1,0,0,0,차량단독 - 도로외이탈 - 기타,안전운전불이행,건조,맑음,단일로 - 기타,이륜,남,65세,사망,,,,
2014123000100479,2014년 12월 30일 17시,화요일,전라남도 순천시 인제동,중상사고,0,1,0,0,차대사람 - 횡단중,신호위반,건조,맑음,교차로 - 교차로안,승용,남,62세,상해없음,보행자,남,47세,중상
2014123000100480,2014년 12월 30일 17시,화요일,전라남도 순천시 연향동,경상사고,0,0,1,0,차대사람 - 횡단중,신호위반,건조,맑음,단일로 - 횡단보도상,이륜,여,67세,상해없음,보행자,여,22세,경상
2014123000100481,2014년 12월 30일 17시,화요일,전라남도 장흥군 장흥읍,중상사고,0,1,0,0,차대사람 - 길가장자리구역통행중,안전운전불이행,건조,맑음,단일로 - 기타,승용,남,30세,상해없음,보행자,남,83세,중상
2014123000100482,2014년 12월 30일 17시,화요일,전라남도 고흥군 도화면,경상사고,0,0,2,0,차대차 - 측면직각충돌,안전운전불이행,건조,맑음,교차로 - 교차로안,이륜,남,78세,경상,승용,여,55세,상해없음
2014123000100483,2014년 12월 30일 17시,화요일,전라남도 무안군 해제면,중상사고,0,1,0,0,차대사람 - 길가장자리구역통행중,안전운전불이행,적설,눈,교차로 - 교차로안,화물,남,50세,상해없음,보행자,여,59세,중상
2014123000100484,2014년 12월 30일 17시,화요일,전라남도 광양시 광영동,경상사고,0,0,1,1,차대차 - 기타,교차로운행방법위반,건조,맑음,교차로 - 교차로안,원동기,남,22세,부상신고,승용,여,54세,상해없음
2014123000100531,2014년 12월 30일 18시,화요일,전라남도 나주시 남평읍,경상사고,0,0,1,0,차대차 - 추돌 - 주정차중,안전운전불이행,건조,맑음,교차로 - 교차로부근,승용,남,55세,상해없음,승용,남,52세,경상
2014123000100532,2014년 12월 30일 18시,화요일,전라남도 무안군 현경면,경상사고,0,0,4,0,차대차 - 측면직각충돌,기타,건조,맑음,교차로 - 교차로안,화물,남,73세,경상,승용,남,66세,경상
2014123000100533,2014년 12월 30일 18시,화요일,전라남도 광양시 광양읍,중상사고,0,1,0,0,차대사람 - 횡단중,보행자보호의무위반,건조,맑음,단일로 - 기타,승용,여,25세,상해없음,보행자,여,69세,중상
2014123000100650,2014년 12월 30일 21시,화요일,전라남도 진도군 진도읍,경상사고,0,0,1,0,차대사람 - 기타,안전운전불이행,건조,맑음,단일로 - 기타,승용,남,30세,상해없음,보행자,남,17세,경상
2014123000100687,2014년 12월 30일 22시,화요일,전라남도 목포시 옥암동,경상사고,0,0,2,0,차대차 - 측면직각충돌,교차로운행방법위반,건조,맑음,교차로 - 교차로안,승용,여,32세,경상,승용,여,47세,경상
2014123000100688,2014년 12월 30일 22시,화요일,전라남도 여수시 화장동,중상사고,0,1,0,0,차대차 - 측면직각충돌,신호위반,건조,맑음,교차로 - 교차로안,승용,남,46세,상해없음,이륜,남,25세,중상
2014123100100017,2014년 12월 31일 00시,수요일,전라남도 목포시 옥암동,중상사고,0,1,1,0,차대차 - 측면직각충돌,직진우회전진행방해,건조,맑음,교차로 - 교차로안,승용,남,46세,경상,이륜,남,25세,중상
2014123100100115,2014년 12월 31일 07시,수요일,전라남도 화순군 청풍면,중상사고,0,1,1,0,차대차 - 추돌 - 진행중,중앙선침범,습기,맑음,단일로 - 기타,승용,여,55세,중상,승용,남,34세,경상
2014123100100116,2014년 12월 31일 07시,수요일,전라남도 담양군 담양읍,경상사고,0,0,1,0,차대차 - 측면직각충돌,직진우회전진행방해,습기,맑음,교차로 - 교차로안,승용,남,55세,상해없음,승용,남,51세,경상
2014123100100140,2014년 12월 31일 08시,수요일,전라남도 여수시 신기동,중상사고,0,1,0,0,차대사람 - 횡단중,안전운전불이행,건조,맑음,단일로 - 기타,승용,남,36세,상해없음,보행자,여,18세,중상
2014123100100173,2014년 12월 31일 09시,수요일,전라남도 목포시 상동,경상사고,0,0,1,0,차대사람 - 기타,안전운전불이행,건조,맑음,교차로 - 교차로부근,승용,여,34세,상해없음,보행자,남,58세,경상
2014123100100174,2014년 12월 31일 09시,수요일,전라남도 장흥군 유치면,중상사고,0,1,0,0,차량단독 - 공작물충돌,안전운전불이행,습기,흐림,단일로 - 기타,승용,여,35세,중상,,,,
2014123100100175,2014년 12월 31일 09시,수요일,전라남도 보성군 겸백면,경상사고,0,0,1,0,차대차 - 추돌 - 진행중,안전운전불이행,결빙,흐림,단일로 - 기타,화물,남,44세,상해없음,건설기계,남,49세,경상
2014123100100176,2014년 12월 31일 09시,수요일,전라남도 강진군 대구면,중상사고,0,1,0,0,차량단독 - 기타,안전운전불이행,건조,맑음,단일로 - 기타,이륜,남,72세,중상,,,,
2014123100100209,2014년 12월 31일 10시,수요일,전라남도 여수시 봉산동,경상사고,0,0,2,0,차대차 - 정면충돌,신호위반,건조,맑음,교차로 - 교차로안,화물,남,69세,상해없음,승용,여,53세,경상
2014123100100231,2014년 12월 31일 11시,수요일,전라남도 여수시 봉계동,중상사고,0,1,2,0,차량단독 - 전도전복,안전운전불이행,건조,맑음,단일로 - 기타,화물,여,46세,중상,,,,
2014123100100232,2014년 12월 31일 11시,수요일,전라남도 여수시 문수동,경상사고,0,0,1,0,차대사람 - 기타,안전운전불이행,건조,맑음,단일로 - 기타,승용,여,45세,상해없음,보행자,남,51세,경상
2014123100100233,2014년 12월 31일 11시,수요일,전라남도 나주시 봉황면,경상사고,0,0,1,0,차대차 - 정면충돌,안전운전불이행,건조,맑음,단일로 - 기타,화물,남,74세,상해없음,화물,남,55세,경상
2014123100100257,2014년 12월 31일 12시,수요일,전라남도 곡성군 곡성읍,중상사고,0,1,0,0,차대차 - 기타,안전운전불이행,건조,맑음,교차로 - 교차로안,승용,남,64세,상해없음,원동기,남,73세,중상
2014123100100308,2014년 12월 31일 14시,수요일,전라남도 무안군 무안읍,경상사고,0,0,1,0,차대차 - 측면직각충돌,중앙선침범,건조,맑음,단일로 - 기타,화물,남,69세,상해없음,이륜,남,27세,경상
2014123100100350,2014년 12월 31일 15시,수요일,전라남도 여수시 신월동,경상사고,0,0,1,0,차대차 - 기타,안전운전불이행,건조,맑음,단일로 - 기타,승용,여,32세,상해없음,승용,여,48세,상해없음
2014123100100377,2014년 12월 31일 16시,수요일,전라남도 광양시 중동,경상사고,0,0,1,0,차대차 - 기타,기타,건조,맑음,교차로 - 교차로부근,승용,남,30세,상해없음,승용,여,48세,상해없음
2014123100100421,2014년 12월 31일 17시,수요일,전라남도 여수시 웅천동,경상사고,0,0,2,0,차대차 - 정면충돌,신호위반,건조,맑음,교차로 - 교차로안,승용,남,61세,경상,승용,남,41세,경상
2014123100100423,2014년 12월 31일 17시,수요일,전라남도 나주시 성북동,경상사고,0,0,1,0,차대차 - 측면직각충돌,직진우회전진행방해,습기,눈,교차로 - 교차로안,승용,여,26세,상해없음,원동기,남,18세,경상
2014123100100475,2014년 12월 31일 18시,수요일,전라남도 목포시 상동,경상사고,0,0,1,0,차대차 - 기타,안전운전불이행,건조,맑음,교차로 - 교차로안,승합,남,50세,상해없음,승용,남,29세,경상
2014123100100476,2014년 12월 31일 18시,수요일,전라남도 여수시 학동,경상사고,0,0,1,0,차대차 - 추돌 - 진행중,안전운전불이행,건조,맑음,교차로 - 교차로안,승합,남,56세,기타불명,승용,남,35세,경상
2014123100100477,2014년 12월 31일 18시,수요일,전라남도 여수시 국동,경상사고,0,0,3,0,차대차 - 추돌 - 주정차중,안전운전불이행,건조,맑음,교차로 - 교차로부근,승용,남,48세,상해없음,승용,남,49세,경상
2014123100100478,2014년 12월 31일 18시,수요일,전라남도 순천시 낙안면,경상사고,0,0,2,0,차대차 - 기타,직진우회전진행방해,습기,눈,교차로 - 교차로안,승용,남,32세,상해없음,승용,남,44세,경상
2014123100100523,2014년 12월 31일 19시,수요일,전라남도 영암군 덕진면,경상사고,0,0,1,0,차대차 - 측면직각충돌,안전운전불이행,건조,맑음,단일로 - 기타,화물,남,59세,상해없음,승용,남,26세,경상
2014123100100524,2014년 12월 31일 19시,수요일,전라남도 강진군 강진읍,경상사고,0,0,4,0,차대차 - 측면직각충돌,교차로운행방법위반,건조,맑음,교차로 - 교차로안,승용,여,25세,경상,승용,여,46세,경상
2014123100100575,2014년 12월 31일 20시,수요일,전라남도 여수시 둔덕동,중상사고,0,1,0,0,차대차 - 기타,중앙선침범,건조,맑음,단일로 - 기타,승용,남,33세,중상,이륜,남,29세,상해없음
2014123100100576,2014년 12월 31일 20시,수요일,전라남도 고흥군 금산면,사망사고,1,0,0,0,차량단독 - 공작물충돌,안전운전불이행,건조,맑음,단일로 - 기타,승용,남,45세,사망,,,,
2014123100100610,2014년 12월 31일 21시,수요일,전라남도 나주시 노안면,중상사고,0,1,0,0,차대사람 - 기타,안전운전불이행,적설,눈,단일로 - 기타,승용,남,33세,상해없음,보행자,여,76세,중상
2014123100100637,2014년 12월 31일 22시,수요일,전라남도 여수시 오림동,경상사고,0,0,4,0,차대차 - 추돌 - 주정차중,안전운전불이행,습기,눈,교차로 - 교차로부근,승용,남,28세,상해없음,승용,남,24세,상해없음
2014123100100638,2014년 12월 31일 22시,수요일,전라남도 해남군 해남읍,경상사고,0,0,1,0,차대차 - 추돌 - 주정차중,안전운전불이행,건조,맑음,단일로 - 기타,화물,남,44세,경상,화물,남,44세,기타불명
2014123100100639,2014년 12월 31일 22시,수요일,전라남도 영암군 삼호읍,경상사고,0,0,2,0,차대차 - 측면직각충돌,중앙선침범,결빙,눈,교차로 - 교차로부근,승용,남,55세,상해없음,승용,남,47세,경상
2014123100100675,2014년 12월 31일 23시,수요일,전라남도 고흥군 봉래면,중상사고,0,1,0,0,차대사람 - 기타,안전운전불이행,건조,맑음,단일로 - 기타,승용,여,54세,상해없음,보행자,남,40세,중상